  0
SECTION
  2
HEADER
  9
$ACADVER
  1
AC1021
  9
$ACADMAINTVER
 70
    50
  9
$DWGCODEPAGE
  3
ANSI_936
  9
$LASTSAVEDBY
  1
win10
  9
$INSBASE
 10
0.0
 20
0.0
 30
0.0
  9
$EXTMIN
 10
-3.083330976318947
 20
-68.55251785135624
 30
0.0
  9
$EXTMAX
 10
243.0101934157901
 20
119.8244141966261
 30
0.0
  9
$LIMMIN
 10
0.0
 20
0.0
  9
$LIMMAX
 10
420.0
 20
297.0
  9
$ORTHOMODE
 70
     0
  9
$REGENMODE
 70
     1
  9
$FILLMODE
 70
     1
  9
$QTEXTMODE
 70
     0
  9
$MIRRTEXT
 70
     0
  9
$LTSCALE
 40
1.0
  9
$ATTMODE
 70
     1
  9
$TEXTSIZE
 40
2.5
  9
$TRACEWID
 40
1.0
  9
$TEXTSTYLE
  7
Standard
  9
$CLAYER
  8
0
  9
$CELTYPE
  6
ByLayer
  9
$CECOLOR
 62
   256
  9
$CELTSCALE
 40
1.0
  9
$DISPSILH
 70
     0
  9
$DIMSCALE
 40
1.0
  9
$DIMASZ
 40
2.5
  9
$DIMEXO
 40
0.625
  9
$DIMDLI
 40
3.75
  9
$DIMRND
 40
0.0
  9
$DIMDLE
 40
0.0
  9
$DIMEXE
 40
1.25
  9
$DIMTP
 40
0.0
  9
$DIMTM
 40
0.0
  9
$DIMTXT
 40
2.5
  9
$DIMCEN
 40
2.5
  9
$DIMTSZ
 40
0.0
  9
$DIMTOL
 70
     0
  9
$DIMLIM
 70
     0
  9
$DIMTIH
 70
     0
  9
$DIMTOH
 70
     0
  9
$DIMSE1
 70
     0
  9
$DIMSE2
 70
     0
  9
$DIMTAD
 70
     1
  9
$DIMZIN
 70
     8
  9
$DIMBLK
  1

  9
$DIMASO
 70
     1
  9
$DIMSHO
 70
     1
  9
$DIMPOST
  1

  9
$DIMAPOST
  1

  9
$DIMALT
 70
     0
  9
$DIMALTD
 70
     3
  9
$DIMALTF
 40
0.03937007874016
  9
$DIMLFAC
 40
1.0
  9
$DIMTOFL
 70
     1
  9
$DIMTVP
 40
0.0
  9
$DIMTIX
 70
     0
  9
$DIMSOXD
 70
     0
  9
$DIMSAH
 70
     0
  9
$DIMBLK1
  1

  9
$DIMBLK2
  1

  9
$DIMSTYLE
  2
ISO-25
  9
$DIMCLRD
 70
     0
  9
$DIMCLRE
 70
     0
  9
$DIMCLRT
 70
     0
  9
$DIMTFAC
 40
1.0
  9
$DIMGAP
 40
0.625
  9
$DIMJUST
 70
     0
  9
$DIMSD1
 70
     0
  9
$DIMSD2
 70
     0
  9
$DIMTOLJ
 70
     0
  9
$DIMTZIN
 70
     8
  9
$DIMALTZ
 70
     0
  9
$DIMALTTZ
 70
     0
  9
$DIMUPT
 70
     0
  9
$DIMDEC
 70
     2
  9
$DIMTDEC
 70
     2
  9
$DIMALTU
 70
     2
  9
$DIMALTTD
 70
     3
  9
$DIMTXSTY
  7
Standard
  9
$DIMAUNIT
 70
     0
  9
$DIMADEC
 70
     0
  9
$DIMALTRND
 40
0.0
  9
$DIMAZIN
 70
     0
  9
$DIMDSEP
 70
    44
  9
$DIMATFIT
 70
     3
  9
$DIMFRAC
 70
     0
  9
$DIMLDRBLK
  1

  9
$DIMLUNIT
 70
     2
  9
$DIMLWD
 70
    -2
  9
$DIMLWE
 70
    -2
  9
$DIMTMOVE
 70
     0
  9
$DIMFXL
 40
1.0
  9
$DIMFXLON
 70
     0
  9
$DIMJOGANG
 40
0.7853981633974483
  9
$DIMTFILL
 70
     0
  9
$DIMTFILLCLR
 70
     0
  9
$DIMARCSYM
 70
     0
  9
$DIMLTYPE
  6

  9
$DIMLTEX1
  6

  9
$DIMLTEX2
  6

  9
$LUNITS
 70
     2
  9
$LUPREC
 70
     4
  9
$SKETCHINC
 40
1.0
  9
$FILLETRAD
 40
0.0
  9
$AUNITS
 70
     0
  9
$AUPREC
 70
     0
  9
$MENU
  1
.
  9
$ELEVATION
 40
0.0
  9
$PELEVATION
 40
0.0
  9
$THICKNESS
 40
0.0
  9
$LIMCHECK
 70
     0
  9
$CHAMFERA
 40
0.0
  9
$CHAMFERB
 40
0.0
  9
$CHAMFERC
 40
0.0
  9
$CHAMFERD
 40
0.0
  9
$SKPOLY
 70
     0
  9
$TDCREATE
 40
2458590.383113426
  9
$TDUCREATE
 40
2458590.049780092
  9
$TDUPDATE
 40
2458590.384224537
  9
$TDUUPDATE
 40
2458590.050891204
  9
$TDINDWG
 40
0.0011111111
  9
$TDUSRTIMER
 40
0.0011111111
  9
$USRTIMER
 70
     1
  9
$ANGBASE
 50
0.0
  9
$ANGDIR
 70
     0
  9
$PDMODE
 70
     0
  9
$PDSIZE
 40
0.0
  9
$PLINEWID
 40
0.0
  9
$SPLFRAME
 70
     0
  9
$SPLINETYPE
 70
     6
  9
$SPLINESEGS
 70
     8
  9
$HANDSEED
  5
2B8
  9
$SURFTAB1
 70
     6
  9
$SURFTAB2
 70
     6
  9
$SURFTYPE
 70
     6
  9
$SURFU
 70
     6
  9
$SURFV
 70
     6
  9
$UCSBASE
  2

  9
$UCSNAME
  2

  9
$UCSORG
 10
0.0
 20
0.0
 30
0.0
  9
$UCSXDIR
 10
1.0
 20
0.0
 30
0.0
  9
$UCSYDIR
 10
0.0
 20
1.0
 30
0.0
  9
$UCSORTHOREF
  2

  9
$UCSORTHOVIEW
 70
     0
  9
$UCSORGTOP
 10
0.0
 20
0.0
 30
0.0
  9
$UCSORGBOTTOM
 10
0.0
 20
0.0
 30
0.0
  9
$UCSORGLEFT
 10
0.0
 20
0.0
 30
0.0
  9
$UCSORGRIGHT
 10
0.0
 20
0.0
 30
0.0
  9
$UCSORGFRONT
 10
0.0
 20
0.0
 30
0.0
  9
$UCSORGBACK
 10
0.0
 20
0.0
 30
0.0
  9
$PUCSBASE
  2

  9
$PUCSNAME
  2

  9
$PUCSORG
 10
0.0
 20
0.0
 30
0.0
  9
$PUCSXDIR
 10
1.0
 20
0.0
 30
0.0
  9
$PUCSYDIR
 10
0.0
 20
1.0
 30
0.0
  9
$PUCSORTHOREF
  2

  9
$PUCSORTHOVIEW
 70
     0
  9
$PUCSORGTOP
 10
0.0
 20
0.0
 30
0.0
  9
$PUCSORGBOTTOM
 10
0.0
 20
0.0
 30
0.0
  9
$PUCSORGLEFT
 10
0.0
 20
0.0
 30
0.0
  9
$PUCSORGRIGHT
 10
0.0
 20
0.0
 30
0.0
  9
$PUCSORGFRONT
 10
0.0
 20
0.0
 30
0.0
  9
$PUCSORGBACK
 10
0.0
 20
0.0
 30
0.0
  9
$USERI1
 70
     0
  9
$USERI2
 70
     0
  9
$USERI3
 70
     0
  9
$USERI4
 70
     0
  9
$USERI5
 70
     0
  9
$USERR1
 40
0.0
  9
$USERR2
 40
0.0
  9
$USERR3
 40
0.0
  9
$USERR4
 40
0.0
  9
$USERR5
 40
0.0
  9
$WORLDVIEW
 70
     1
  9
$SHADEDGE
 70
     3
  9
$SHADEDIF
 70
    70
  9
$TILEMODE
 70
     1
  9
$MAXACTVP
 70
    64
  9
$PINSBASE
 10
0.0
 20
0.0
 30
0.0
  9
$PLIMCHECK
 70
     0
  9
$PEXTMIN
 10
0.0
 20
0.0
 30
0.0
  9
$PEXTMAX
 10
0.0
 20
0.0
 30
0.0
  9
$PLIMMIN
 10
0.0
 20
0.0
  9
$PLIMMAX
 10
12.0
 20
9.0
  9
$UNITMODE
 70
     0
  9
$VISRETAIN
 70
     1
  9
$PLINEGEN
 70
     0
  9
$PSLTSCALE
 70
     1
  9
$TREEDEPTH
 70
  3020
  9
$CMLSTYLE
  2
Standard
  9
$CMLJUST
 70
     0
  9
$CMLSCALE
 40
20.0
  9
$PROXYGRAPHICS
 70
     1
  9
$MEASUREMENT
 70
     1
  9
$CELWEIGHT
370
    -1
  9
$ENDCAPS
280
     0
  9
$JOINSTYLE
280
     0
  9
$LWDISPLAY
290
     0
  9
$INSUNITS
 70
     4
  9
$HYPERLINKBASE
  1

  9
$STYLESHEET
  1

  9
$XEDIT
290
     1
  9
$CEPSNTYPE
380
     0
  9
$PSTYLEMODE
290
     1
  9
$FINGERPRINTGUID
  2
{96A53CC7-ACDD-234C-B0F9-88300B14E85D}
  9
$VERSIONGUID
  2
{FDA5A254-6150-FA48-A4B8-168CBCE559AD}
  9
$EXTNAMES
290
     1
  9
$PSVPSCALE
 40
0.0
  9
$OLESTARTUP
290
     0
  9
$SORTENTS
280
   127
  9
$INDEXCTL
280
     0
  9
$HIDETEXT
280
     1
  9
$XCLIPFRAME
290
     0
  9
$HALOGAP
280
     0
  9
$OBSCOLOR
 70
   257
  9
$OBSLTYPE
280
     0
  9
$INTERSECTIONDISPLAY
280
     0
  9
$INTERSECTIONCOLOR
 70
   257
  9
$DIMASSOC
280
     2
  9
$PROJECTNAME
  1

  9
$CAMERADISPLAY
290
     0
  9
$LENSLENGTH
 40
50.0
  9
$CAMERAHEIGHT
 40
0.0
  9
$STEPSPERSEC
 40
2.0
  9
$STEPSIZE
 40
6.0
  9
$3DDWFPREC
 40
2.0
  9
$PSOLWIDTH
 40
5.0
  9
$PSOLHEIGHT
 40
80.0
  9
$LOFTANG1
 40
1.570796326794896
  9
$LOFTANG2
 40
1.570796326794896
  9
$LOFTMAG1
 40
0.0
  9
$LOFTMAG2
 40
0.0
  9
$LOFTPARAM
 70
     7
  9
$LOFTNORMALS
280
     1
  9
$LATITUDE
 40
37.795
  9
$LONGITUDE
 40
-122.394
  9
$NORTHDIRECTION
 40
0.0
  9
$TIMEZONE
 70
 -8000
  9
$LIGHTGLYPHDISPLAY
280
     1
  9
$TILEMODELIGHTSYNCH
280
     1
  9
$CMATERIAL
347
EC
  9
$SOLIDHIST
280
     0
  9
$SHOWHIST
280
     1
  9
$DWFFRAME
280
     2
  9
$DGNFRAME
280
     0
  9
$REALWORLDSCALE
290
     1
  9
$INTERFERECOLOR
 62
     1
  9
$INTERFEREOBJVS
345
F9
  9
$INTERFEREVPVS
346
F6
  9
$CSHADOW
280
     0
  9
$SHADOWPLANELOCATION
 40
0.0
  0
ENDSEC
  0
SECTION
  2
CLASSES
  0
CLASS
  1
ACDBDICTIONARYWDFLT
  2
AcDbDictionaryWithDefault
  3
ObjectDBX Classes
 90
        0
 91
        1
280
     0
281
     0
  0
CLASS
  1
DICTIONARYVAR
  2
AcDbDictionaryVar
  3
ObjectDBX Classes
 90
        0
 91
       12
280
     0
281
     0
  0
CLASS
  1
TABLESTYLE
  2
AcDbTableStyle
  3
ObjectDBX Classes
 90
     4095
 91
        1
280
     0
281
     0
  0
CLASS
  1
MATERIAL
  2
AcDbMaterial
  3
ObjectDBX Classes
 90
     1153
 91
        3
280
     0
281
     0
  0
CLASS
  1
VISUALSTYLE
  2
AcDbVisualStyle
  3
ObjectDBX Classes
 90
     4095
 91
       24
280
     0
281
     0
  0
CLASS
  1
SCALE
  2
AcDbScale
  3
ObjectDBX Classes
 90
     1153
 91
       17
280
     0
281
     0
  0
CLASS
  1
MLEADERSTYLE
  2
AcDbMLeaderStyle
  3
ACDB_MLEADERSTYLE_CLASS
 90
     4095
 91
        2
280
     0
281
     0
  0
CLASS
  1
CELLSTYLEMAP
  2
AcDbCellStyleMap
  3
ObjectDBX Classes
 90
     1152
 91
        1
280
     0
281
     0
  0
CLASS
  1
EXACXREFPANELOBJECT
  2
ExAcXREFPanelObject
  3
EXAC_ESW
 90
     1025
 91
        0
280
     0
281
     0
  0
CLASS
  1
NPOCOLLECTION
  2
AcDbImpNonPersistentObjectsCollection
  3
ObjectDBX Classes
 90
     1153
 91
        0
280
     0
281
     0
  0
CLASS
  1
LAYER_INDEX
  2
AcDbLayerIndex
  3
ObjectDBX Classes
 90
        0
 91
        0
280
     0
281
     0
  0
CLASS
  1
SPATIAL_INDEX
  2
AcDbSpatialIndex
  3
ObjectDBX Classes
 90
        0
 91
        0
280
     0
281
     0
  0
CLASS
  1
IDBUFFER
  2
AcDbIdBuffer
  3
ObjectDBX Classes
 90
        0
 91
        0
280
     0
281
     0
  0
CLASS
  1
ACDBSECTIONVIEWSTYLE
  2
AcDbSectionViewStyle
  3
ObjectDBX Classes
 90
     1025
 91
        1
280
     0
281
     0
  0
CLASS
  1
ACDBDETAILVIEWSTYLE
  2
AcDbDetailViewStyle
  3
ObjectDBX Classes
 90
     1025
 91
        1
280
     0
281
     0
  0
ENDSEC
  0
SECTION
  2
TABLES
  0
TABLE
  2
VPORT
  5
8
330
0
100
AcDbSymbolTable
 70
     1
  0
VPORT
  5
EA
330
8
100
AcDbSymbolTableRecord
100
AcDbViewportTableRecord
  2
*Active
 70
     0
 10
0.0
 20
0.0
 11
1.0
 21
1.0
 12
26.13531116233776
 22
8.376287332784158
 13
0.0
 23
0.0
 14
10.0
 24
10.0
 15
10.0
 25
10.0
 16
0.0
 26
0.0
 36
1.0
 17
0.0
 27
0.0
 37
0.0
 40
393.0272442228397
 41
2.104271356783919
 42
50.0
 43
0.0
 44
0.0
 50
0.0
 51
0.0
 71
     0
 72
  1000
 73
     1
 74
     3
 75
     0
 76
     1
 77
     0
 78
     0
281
     0
 65
     1
110
0.0
120
0.0
130
0.0
111
1.0
121
0.0
131
0.0
112
0.0
122
1.0
132
0.0
 79
     0
146
0.0
348
F5
 60
     3
 61
     5
292
     1
282
     1
141
0.0
142
0.0
 63
   250
421
  3355443
1001
ACAD_NAV_VCDISPLAY
1070
     3
  0
ENDTAB
  0
TABLE
  2
LTYPE
  5
5
330
0
100
AcDbSymbolTable
 70
     2
  0
LTYPE
  5
14
330
5
100
AcDbSymbolTableRecord
100
AcDbLinetypeTableRecord
  2
ByBlock
 70
     0
  3

 72
    65
 73
     0
 40
0.0
  0
LTYPE
  5
15
330
5
100
AcDbSymbolTableRecord
100
AcDbLinetypeTableRecord
  2
ByLayer
 70
     0
  3

 72
    65
 73
     0
 40
0.0
  0
LTYPE
  5
16
330
5
100
AcDbSymbolTableRecord
100
AcDbLinetypeTableRecord
  2
Continuous
 70
     0
  3
Solid line
 72
    65
 73
     0
 40
0.0
  0
ENDTAB
  0
TABLE
  2
LAYER
  5
2
102
{ACAD_XDICTIONARY
360
1FF
102
}
330
0
100
AcDbSymbolTable
 70
     1
0
LAYER
5
aae
100
AcDbSymbolTableRecord
100
AcDbLayerTableRecord
2
TopLayer
70
0
420
16711680
6
Continuous
370
-3
390
F
347
21
0
LAYER
5
aaf
100
AcDbSymbolTableRecord
100
AcDbLayerTableRecord
2
BottomLayer
70
0
420
255
6
Continuous
370
-3
390
F
347
21
0
LAYER
5
ab0
100
AcDbSymbolTableRecord
100
AcDbLayerTableRecord
2
TopSilkLayer
70
0
420
16763904
6
Continuous
370
-3
390
F
347
21
0
LAYER
5
ab1
100
AcDbSymbolTableRecord
100
AcDbLayerTableRecord
2
TopSolderMaskLayer
70
0
420
8388736
6
Continuous
370
-3
390
F
347
21
0
LAYER
5
ab2
100
AcDbSymbolTableRecord
100
AcDbLayerTableRecord
2
BottomSolderMaskLayer
70
0
420
11141375
6
Continuous
370
-3
390
F
347
21
0
LAYER
5
ab3
100
AcDbSymbolTableRecord
100
AcDbLayerTableRecord
2
BoardOutLine
70
0
420
16711935
6
Continuous
370
-3
390
F
347
21
0
LAYER
5
ab4
100
AcDbSymbolTableRecord
100
AcDbLayerTableRecord
2
Multi-Layer
70
0
420
12632256
6
Continuous
370
-3
390
F
347
21
0
LAYER
5
ab5
100
AcDbSymbolTableRecord
100
AcDbLayerTableRecord
2
Document
70
0
420
16777215
6
Continuous
370
-3
390
F
347
21
0
LAYER
5
ab6
100
AcDbSymbolTableRecord
100
AcDbLayerTableRecord
2
Hole
70
0
420
2236962
6
Continuous
370
-3
390
F
347
21
  0
LAYER
  5
10
102
{ACAD_XDICTIONARY
360
13C
102
}
330
2
100
AcDbSymbolTableRecord
100
AcDbLayerTableRecord
  2
0
 70
     0
 62
     7
  6
Continuous
370
    -3
390
F
347
EE
  0
ENDTAB
  0
TABLE
  2
STYLE
  5
3
330
0
100
AcDbSymbolTable
 70
     2
  0
STYLE
  5
11
330
3
100
AcDbSymbolTableRecord
100
AcDbTextStyleTableRecord
  2
Standard
 70
     0
 40
0.0
 41
1.0
 50
0.0
 71
     0
 42
2.5
  3
arial.ttf
  4

1001
ACAD
1000
Arial
1071
       34
  0
STYLE
  5
132
330
3
100
AcDbSymbolTableRecord
100
AcDbTextStyleTableRecord
  2
Annotative
 70
     0
 40
0.0
 41
1.0
 50
0.0
 71
     0
 42
2.5
  3
arial.ttf
  4

1001
AcadAnnotative
1000
AnnotativeData
1002
{
1070
     1
1070
     1
1002
}
1001
ACAD
1000
Arial
1071
       34
  0
ENDTAB
  0
TABLE
  2
VIEW
  5
6
330
0
100
AcDbSymbolTable
 70
     0
  0
ENDTAB
  0
TABLE
  2
UCS
  5
7
330
0
100
AcDbSymbolTable
 70
     0
  0
ENDTAB
  0
TABLE
  2
APPID
  5
9
330
0
100
AcDbSymbolTable
 70
     9
  0
APPID
  5
12
330
9
100
AcDbSymbolTableRecord
100
AcDbRegAppTableRecord
  2
ACAD
 70
     0
  0
APPID
  5
9E
330
9
100
AcDbSymbolTableRecord
100
AcDbRegAppTableRecord
  2
ACAD_PSEXT
 70
     0
  0
APPID
  5
133
330
9
100
AcDbSymbolTableRecord
100
AcDbRegAppTableRecord
  2
AcadAnnoPO
 70
     0
  0
APPID
  5
134
330
9
100
AcDbSymbolTableRecord
100
AcDbRegAppTableRecord
  2
AcadAnnotative
 70
     0
  0
APPID
  5
135
330
9
100
AcDbSymbolTableRecord
100
AcDbRegAppTableRecord
  2
ACAD_DSTYLE_DIMJAG
 70
     0
  0
APPID
  5
136
330
9
100
AcDbSymbolTableRecord
100
AcDbRegAppTableRecord
  2
ACAD_DSTYLE_DIMTALN
 70
     0
  0
APPID
  5
165
330
9
100
AcDbSymbolTableRecord
100
AcDbRegAppTableRecord
  2
ACAD_MLEADERVER
 70
     0
  0
APPID
  5
217
330
9
100
AcDbSymbolTableRecord
100
AcDbRegAppTableRecord
  2
ACAD_NAV_VCDISPLAY
 70
     0
  0
APPID
  5
26E
330
9
100
AcDbSymbolTableRecord
100
AcDbRegAppTableRecord
  2
ACAD_EXEMPT_FROM_CAD_STANDARDS
 70
     0
  0
ENDTAB
  0
TABLE
  2
DIMSTYLE
  5
A
330
0
100
AcDbSymbolTable
 70
     4
100
AcDbDimStyleTable
 71
     2
340
27
340
137
  0
DIMSTYLE
105
1B0
330
A
100
AcDbSymbolTableRecord
100
AcDbDimStyleTableRecord
  2
Standard
 70
     0
340
11
  0
DIMSTYLE
105
137
330
A
100
AcDbSymbolTableRecord
100
AcDbDimStyleTableRecord
  2
Annotative
 70
     0
 40
0.0
 41
2.5
 42
0.625
 43
3.75
 44
1.25
 73
     0
 74
     0
 77
     1
 78
     8
140
2.5
141
2.5
143
0.03937007874016
147
0.625
171
     3
172
     1
271
     2
272
     2
274
     3
278
    44
283
     0
284
     8
340
11
1001
AcadAnnotative
1000
AnnotativeData
1002
{
1070
     1
1070
     1
1002
}
1001
ACAD_DSTYLE_DIMJAG
1070
   388
1040
1.5
1001
ACAD_DSTYLE_DIMTALN
1070
   392
1070
     0
  0
DIMSTYLE
105
27
330
A
100
AcDbSymbolTableRecord
100
AcDbDimStyleTableRecord
  2
ISO-25
 70
     0
 41
2.5
 42
0.625
 43
3.75
 44
1.25
 73
     0
 74
     0
 77
     1
 78
     8
140
2.5
141
2.5
143
0.03937007874016
147
0.625
171
     3
172
     1
271
     2
272
     2
274
     3
278
    44
283
     0
284
     8
340
11
  0
ENDTAB
  0
TABLE
  2
BLOCK_RECORD
  5
1
330
0
100
AcDbSymbolTable
 70
     2
  0
BLOCK_RECORD
  5
1F
102
{ACAD_XDICTIONARY
360
1CE
102
}
330
1
100
AcDbSymbolTableRecord
100
AcDbBlockTableRecord
  2
*Model_Space
340
22
 70
     0
280
     1
281
     0
  0
BLOCK_RECORD
  5
D2
330
1
100
AcDbSymbolTableRecord
100
AcDbBlockTableRecord
  2
*Paper_Space
340
D3
 70
     0
280
     1
281
     0
  0
BLOCK_RECORD
  5
D6
330
1
100
AcDbSymbolTableRecord
100
AcDbBlockTableRecord
  2
*Paper_Space0
340
D7
 70
     0
280
     1
281
     0
  0
ENDTAB
  0
ENDSEC
  0
SECTION
  2
BLOCKS
  0
BLOCK
  5
20
330
1F
100
AcDbEntity
  8
0
100
AcDbBlockBegin
  2
*Model_Space
 70
     0
 10
0.0
 20
0.0
 30
0.0
  3
*Model_Space
  1

  0
ENDBLK
  5
21
330
1F
100
AcDbEntity
  8
0
100
AcDbBlockEnd
  0
BLOCK
  5
D4
330
D2
100
AcDbEntity
 67
     1
  8
0
100
AcDbBlockBegin
  2
*Paper_Space
 70
     0
 10
0.0
 20
0.0
 30
0.0
  3
*Paper_Space
  1

  0
ENDBLK
  5
D5
330
D2
100
AcDbEntity
 67
     1
  8
0
100
AcDbBlockEnd
  0
BLOCK
  5
D8
330
D6
100
AcDbEntity
 67
     1
  8
0
100
AcDbBlockBegin
  2
*Paper_Space0
 70
     0
 10
0.0
 20
0.0
 30
0.0
  3
*Paper_Space0
  1

  0
ENDBLK
  5
D9
330
D6
100
AcDbEntity
 67
     1
  8
0
100
AcDbBlockEnd
  0
ENDSEC
  0
SECTION
  2
ENTITIES
  0
LWPOLYLINE
  5
3e8
330
1F
100
AcDbEntity
  8
BottomLayer
100
AcDbPolyline
 90
2
 70
 0
 43
0.6000000000000001 
 10
68.6894081788164
 20
46.885420370840734
 10
68.6894081788164
 20
40.956286512573
 10
69.18877317754641
 20
40.456921513842985
  0
LWPOLYLINE
  5
3e9
330
1F
100
AcDbEntity
  8
BottomLayer
100
AcDbPolyline
 90
5
 70
 0
 43
0.6000000000000001 
 10
83.14102108204224
 20
11.068300736601373
 10
78.88829057658108
 20
11.068300736601373
 10
70.25303530607061
 20
2.4330454660909027
 10
68.76306832613659
 20
2.4330454660909027
 10
67.14914909829827
 20
4.04696469392934
 10
67.14914909829827
 20
23.424663449326886
  0
LWPOLYLINE
  5
3ea
330
1F
100
AcDbEntity
  8
BottomLayer
100
AcDbPolyline
 90
8
 70
 0
 43
0.6000000000000001 
 10
55.86238252476505
 20
69.99057658115316
 10
55.86238252476505
 20
56.58163576327149
 10
62.91902463804922
 20
49.52499364998721
 10
73.19690119380243
 20
49.52499364998721
 10
73.578155956312
 20
49.90624841249678
 10
74.94747269494542
 20
49.90624841249678
 10
75.29011938023882
 20
49.56360172720338
 10
81.25125730251466
 20
49.56360172720338
 10
83.92943865887719
 20
46.885420370840734
  0
LWPOLYLINE
  5
3eb
330
1F
100
AcDbEntity
  8
BottomLayer
100
AcDbPolyline
 90
3
 70
 0
 43
0.6000000000000001 
 10
136.1443230886464
 20
54.516103632207205
 10
134.614732029464
 20
56.04569469138926
 10
134.614732029464
 20
82.98651257302515
 10
136.1443230886464
 20
84.5161036322072
  0
LWPOLYLINE
  5
3ec
330
1F
100
AcDbEntity
  8
BottomLayer
100
AcDbPolyline
 90
3
 70
 0
 43
0.6000000000000001 
 10
48.24236728473443
 20
78.39037338074672
 10
49.496367792735555
 20
77.13637287274571
 10
49.496367792735555
 20
33.54328168656343
 10
48.623368046736005
 20
32.67028194056377
  0
LWPOLYLINE
  5
3ed
330
1F
100
AcDbEntity
  8
BottomLayer
100
AcDbPolyline
 90
6
 70
 0
 43
0.6000000000000001 
 10
99.50220980441964
 20
93.85316230632452
 10
98.46664973329939
 20
93.85316230632452
 10
67.41940563881121
 20
62.805918211836456
 10
67.41940563881121
 20
61.519405638811236
 10
69.0551689103379
 20
59.883642367284665
 10
74.06761493522981
 20
59.883642367284665
 10
76.30942341884679
 20
62.12545085090164
  0
LWPOLYLINE
  5
3ee
330
1F
100
AcDbEntity
  8
BottomLayer
100
AcDbPolyline
 90
6
 70
 0
 43
0.6000000000000001 
 10
109.50220980441964
 20
93.85316230632452
 10
107.86390652781324
 20
95.49146558293114
 10
103.83037846075695
 20
95.49146558293114
 10
100.68813817627642
 20
92.3492252984505
 10
98.02849885699766
 20
92.3492252984505
 10
70.11892303784612
 20
64.43964947929885
 10
70.11892303784612
 20
64.31620523241043
  0
LWPOLYLINE
  5
3ef
330
1F
100
AcDbEntity
  8
BottomLayer
100
AcDbPolyline
 90
2
 70
 0
 43
0.6000000000000001 
 10
73.15295910591817
 20
52.1599949199898
 10
63.6093980187959
 20
61.703556007111956
 10
63.6093980187959
 20
62.12545085090164
  0
LWPOLYLINE
  5
3f0
330
1F
100
AcDbEntity
  8
BottomLayer
100
AcDbPolyline
 90
3
 70
 0
 43
0.6000000000000001 
 10
70.02926085852187
 20
66.96035052070101
 10
99.43667767335546
 20
96.36776733553461
 10
111.98760477520955
 20
96.36776733553461
 10
114.50220980441964
 20
93.85316230632452
  0
LWPOLYLINE
  5
3f1
330
1F
100
AcDbEntity
  8
BottomLayer
100
AcDbPolyline
 90
3
 70
 0
 43
0.6000000000000001 
 10
83.63632207264413
 20
32.00403860807717
 10
87.7394462788925
 20
36.107162814325534
 10
87.7394462788925
 20
60.85544831089658
 10
89.00944881889768
 20
62.12545085090164
  0
LWPOLYLINE
  5
3f2
330
1F
100
AcDbEntity
  8
BottomLayer
100
AcDbPolyline
 90
4
 70
 0
 43
0.6000000000000001 
 10
54.59237998475987
 20
32.67028194056377
 10
54.59237998475987
 20
73.45869951739905
 10
54.72496824993641
 20
73.59128778257559
 10
54.72496824993641
 20
76.98778257556512
 10
53.32237744475492
 20
78.39037338074672
  0
LWPOLYLINE
  5
3f3
330
1F
100
AcDbEntity
  8
BottomLayer
100
AcDbPolyline
 90
7
 70
 0
 43
0.6000000000000001 
 10
101.70947421894834
 20
62.12545085090164
 10
101.70947421894834
 20
56.24813309626609
 10
95.3594615189229
 20
49.898120396240756
 10
95.3594615189229
 20
41.95247650495298
 10
84.2253492506984
 20
30.818364236728485
 10
56.22204724409448
 20
30.818364236728485
 10
54.59237998475987
 20
32.44803149606287
 10
54.59237998475987
 20
32.67028194056377
  0
LWPOLYLINE
  5
3f4
330
1F
100
AcDbEntity
  8
BottomLayer
100
AcDbPolyline
 90
1
 70
 0
 43
0.6000000000000001 
 10
54.59237998475987
 20
32.67028194056377
 10
53.70337820675627
 20
32.67028194056377
  0
LWPOLYLINE
  5
3f5
330
1F
100
AcDbEntity
  8
BottomLayer
100
AcDbPolyline
 90
5
 70
 0
 43
0.6000000000000001 
 10
69.62717805435614
 20
52.200381000762036
 10
62.33939547879095
 20
59.48816357632711
 10
62.33939547879095
 20
66.69390398780786
 10
62.2123952247905
 20
66.82090424180842
 10
62.2123952247905
 20
77.12037084074166
 10
63.48239776479545
 20
78.39037338074672
  0
LWPOLYLINE
  5
3f6
330
1F
100
AcDbEntity
  8
BottomLayer
100
AcDbPolyline
 90
3
 70
 0
 43
0.6000000000000001 
 10
81.38943357886706
 20
46.885420370840734
 10
79.5872999746
 20
48.6875539751079
 10
75.09301498603008
 20
48.6875539751079
 10
74.63302006604022
 20
49.14754889509777
  0
LWPOLYLINE
  5
3f7
330
1F
100
AcDbEntity
  8
BottomLayer
100
AcDbPolyline
 90
6
 70
 0
 43
0.6000000000000001 
 10
78.84942849885692
 20
62.12545085090164
 10
75.84892049784094
 20
59.124942849885656
 10
67.27386334772677
 20
59.124942849885656
 10
64.87940055880108
 20
61.519405638811236
 10
64.87940055880108
 20
63.84249428498856
 10
94.50220980441964
 20
93.46530353060712
 10
94.50220980441964
 20
93.85316230632452
  0
LWPOLYLINE
  5
3f8
330
1F
100
AcDbEntity
  8
BottomLayer
100
AcDbPolyline
 90
9
 70
 0
 43
0.6000000000000001 
 10
104.50220980441964
 20
93.85316230632452
 10
101.35869951739915
 20
90.70965201930403
 10
97.45471170942324
 20
90.70965201930403
 10
70.87762255524513
 20
64.13256286512569
 10
70.87762255524513
 20
64.00175260350522
 10
69.97465074930165
 20
63.09878079756152
 10
69.97465074930165
 20
61.579095758191556
 10
70.837490474981
 20
60.71625603251209
 10
72.36022352044711
 20
60.71625603251209
 10
73.76941833883666
 20
62.12545085090164
  0
LWPOLYLINE
  5
3f9
330
1F
100
AcDbEntity
  8
BottomLayer
100
AcDbPolyline
 90
1
 70
 0
 43
0.6000000000000001 
 10
48.24236728473443
 20
69.99032258064506
 10
48.24236728473443
 20
71.3913893827787
  0
LWPOLYLINE
  5
3fa
330
1F
100
AcDbEntity
  8
BottomLayer
100
AcDbPolyline
 90
2
 70
 0
 43
0.6000000000000001 
 10
101.20579121158244
 20
75.79804419608843
 10
101.20579121158244
 20
74.45463550927093
 10
136.1443230886464
 20
39.516103632207205
  0
LWPOLYLINE
  5
3fb
330
1F
100
AcDbEntity
  8
BottomLayer
100
AcDbPolyline
 90
2
 70
 0
 43
0.6000000000000001 
 10
48.24236728473443
 20
71.3913893827787
 10
48.416103632207296
 20
71.56512573025145
 10
48.416103632207296
 20
73.87602235204474
  0
LWPOLYLINE
  5
3fc
330
1F
100
AcDbEntity
  8
BottomLayer
100
AcDbPolyline
 90
3
 70
 0
 43
0.6000000000000001 
 10
60.555295910591894
 20
49.726416052832064
 10
59.799390398780815
 20
48.970510541020985
 10
59.799390398780815
 20
36.734290068580094
 10
63.86339852679703
 20
32.67028194056377
  0
LWPOLYLINE
  5
3fd
330
1F
100
AcDbEntity
  8
BottomLayer
100
AcDbPolyline
 90
3
 70
 0
 43
0.6000000000000001 
 10
61.06939293878577
 20
46.885420370840734
 10
61.06939293878577
 20
46.115798831597544
 10
74.49179578359144
 20
32.693395986791984
 10
80.35920751841513
 20
32.693395986791984
  0
LWPOLYLINE
  5
3fe
330
1F
100
AcDbEntity
  8
BottomLayer
100
AcDbPolyline
 90
2
 70
 0
 43
0.6000000000000001 
 10
71.96068072136131
 20
72.0124206248413
 10
64.50220980441964
 20
79.47089154178309
 10
64.50220980441964
 20
93.85316230632452
  0
LWPOLYLINE
  5
3ff
330
1F
100
AcDbEntity
  8
BottomLayer
100
AcDbPolyline
 90
2
 70
 0
 43
0.6000000000000001 
 10
89.50220980441964
 20
93.85316230632452
 10
72.56799593599203
 20
76.91894843789692
 10
72.56799593599203
 20
72.74978409956816
  0
LWPOLYLINE
  5
400
330
1F
100
AcDbEntity
  8
BottomLayer
100
AcDbPolyline
 90
2
 70
 0
 43
0.6000000000000001 
 10
98.09174498349012
 20
39.04493268986539
 10
98.09174498349012
 20
22.526517653035285
 10
79.50220980441964
 20
3.936982473964804
  0
LWPOLYLINE
  5
401
330
1F
100
AcDbEntity
  8
BottomLayer
100
AcDbPolyline
 90
2
 70
 0
 43
0.6000000000000001 
 10
98.04373888747773
 20
89.95095250190491
 10
98.04373888747773
 20
66.07973075946154
 10
94.08945897891795
 20
62.12545085090164
  0
LWPOLYLINE
  5
402
330
1F
100
AcDbEntity
  8
BottomLayer
100
AcDbPolyline
 90
3
 70
 0
 43
0.6000000000000001 
 10
100.36250952501905
 20
42.25702311404609
 10
100.23119126238248
 20
42.25702311404609
 10
69.50220980441964
 20
11.52804165608336
 10
69.50220980441964
 20
3.936982473964804
  0
LWPOLYLINE
  5
403
330
1F
100
AcDbEntity
  8
BottomLayer
100
AcDbPolyline
 90
4
 70
 0
 43
0.6000000000000001 
 10
103.6853441706885
 20
42.875006350012654
 10
103.6853441706885
 20
20.89761239522477
 10
84.34472948945904
 20
1.5569977139953153
 10
76.5085598171197
 20
1.5569977139953153
 10
76.15524511049011
 20
1.9103124206247912
  0
LWPOLYLINE
  5
404
330
1F
100
AcDbEntity
  8
BottomLayer
100
AcDbPolyline
 90
4
 70
 0
 43
0.6000000000000001 
 10
100.43921767843517
 20
89.95095250190491
 10
100.43921767843517
 20
61.593573787147534
 10
99.56139192278397
 20
60.71574803149599
 10
98.03916687833384
 20
60.71574803149599
 10
96.62946405892808
 20
62.12545085090164
  0
LWPOLYLINE
  5
405
330
1F
100
AcDbEntity
  8
BottomLayer
100
AcDbPolyline
 90
2
 70
 0
 43
0.6000000000000001 
 10
76.36911353822711
 20
50.322301244602386
 10
77.66502413004832
 20
51.6182118364236
 10
77.66502413004832
 20
52.23949707899419
  0
LWPOLYLINE
  5
406
330
1F
100
AcDbEntity
  8
BottomLayer
100
AcDbPolyline
 90
9
 70
 0
 43
0.6000000000000001 
 10
53.70337820675627
 20
24.270485140970322
 10
55.05085090170178
 20
22.923012446024813
 10
59.3927355854712
 20
22.923012446024813
 10
60.053390906781715
 20
23.58366776733544
 10
60.053390906781715
 20
24.94231648463301
 10
65.105461010922
 20
29.99438658877318
 10
84.51313182626359
 20
29.99438658877318
 10
100.45242570485152
 20
45.93368046736089
 10
100.45242570485152
 20
51.55394970789939
 10
104.97922275844553
 20
56.080746761493515
  0
LWPOLYLINE
  5
407
330
1F
100
AcDbEntity
  8
BottomLayer
100
AcDbPolyline
 90
5
 70
 0
 43
0.6000000000000001 
 10
74.50220980441964
 20
3.936982473964804
 10
75.20172720345431
 20
3.936982473964804
 10
76.82606045212106
 20
2.312649225298401
 10
80.00741681483373
 20
2.312649225298401
 10
102.0269748539497
 20
24.33220726441448
 10
102.0269748539497
 20
40.84224028448057
  0
LWPOLYLINE
  5
408
330
1F
100
AcDbEntity
  8
BottomLayer
100
AcDbPolyline
 90
2
 70
 0
 43
0.6000000000000001 
 10
83.89032258064526
 20
36.449047498094956
 10
85.19969519939036
 20
37.75842011684017
 10
85.19969519939036
 20
58.33449326898642
  0
LWPOLYLINE
  5
409
330
1F
100
AcDbEntity
  8
BottomLayer
100
AcDbPolyline
 90
2
 70
 0
 43
0.6000000000000001 
 10
91.93223266446535
 20
83.99870459740919
 10
91.93223266446535
 20
67.58823977647955
 10
86.46944373888755
 20
62.12545085090164
  0
LWPOLYLINE
  5
40a
330
1F
100
AcDbEntity
  8
BottomLayer
100
AcDbPolyline
 90
6
 70
 0
 43
0.6000000000000001 
 10
72.882448564897
 20
50.28369316738622
 10
76.82631445262882
 20
54.227559055118036
 10
77.97490474980941
 20
54.227559055118036
 10
85.19944119888237
 20
61.45209550419099
 10
85.19944119888237
 20
62.86408432816859
 10
85.94975869951759
 20
63.61440182880369
 10
86.46563373126764
 20
63.61440182880369
  0
LWPOLYLINE
  5
40b
330
1F
100
AcDbEntity
  8
BottomLayer
100
AcDbPolyline
 90
2
 70
 0
 43
0.6000000000000001 
 10
102.91953263906521
 20
30.999974599949155
 10
102.91953263906521
 20
22.354305308610492
 10
84.50220980441964
 20
3.936982473964804
  0
LWPOLYLINE
  5
40c
330
1F
100
AcDbEntity
  8
BottomLayer
100
AcDbPolyline
 90
1
 70
 0
 43
0.6000000000000001 
 10
94.86873253746512
 20
87.05077470154936
 10
94.86873253746512
 20
68.07947675895343
  0
LWPOLYLINE
  5
40d
330
1F
100
AcDbEntity
  8
BottomLayer
100
AcDbPolyline
 90
4
 70
 0
 43
0.6000000000000001 
 10
86.46944373888755
 20
46.885420370840734
 10
86.46944373888755
 20
37.350241300482594
 10
83.65511811023612
 20
34.535915671831276
 10
79.97185674371349
 20
34.535915671831276
 10
71.75189230378442
 20
42.755880111760234
  0
LWPOLYLINE
  5
40e
330
1F
100
AcDbEntity
  8
BottomLayer
100
AcDbPolyline
 90
3
 70
 0
 43
0.6000000000000001 
 10
104.24947929895848
 20
46.885420370840734
 10
103.79380238760473
 20
46.885420370840734
 10
84.61676403352817
 20
27.70838201676395
 10
83.87254254508503
 20
27.70838201676395
  0
LWPOLYLINE
  5
40f
330
1F
100
AcDbEntity
  8
BottomLayer
100
AcDbPolyline
 90
3
 70
 0
 43
0.6000000000000001 
 10
49.502209804419635
 20
3.936982473964804
 10
49.86720853441693
 20
3.936982473964804
 10
63.86339852679703
 20
17.9331724663449
 10
63.86339852679703
 20
24.270485140970322
  0
LWPOLYLINE
  5
410
330
1F
100
AcDbEntity
  8
BottomLayer
100
AcDbPolyline
 90
3
 70
 0
 43
0.6000000000000001 
 10
136.27132334264684
 20
33.44803149606298
 10
137.76408432816856
 20
34.940792481584936
 10
137.76408432816856
 20
87.8963423926848
 10
136.1443230886464
 20
89.5161036322072
  0
LWPOLYLINE
  5
411
330
1F
100
AcDbEntity
  8
BottomLayer
100
AcDbPolyline
 90
3
 70
 0
 43
0.6000000000000001 
 10
136.3983235966473
 20
16.469875539751
 10
137.95255270510552
 20
18.02410464820923
 10
137.95255270510552
 20
31.766802133604187
 10
136.27132334264684
 20
33.44803149606298
  0
LWPOLYLINE
  5
412
330
1F
100
AcDbEntity
  8
BottomLayer
100
AcDbPolyline
 90
2
 70
 0
 43
0.6000000000000001 
 10
27.940106680213376
 20
63.326111252222404
 10
44.502209804419635
 20
46.764008128016144
 10
44.502209804419635
 20
3.936982473964804
  0
LWPOLYLINE
  5
413
330
1F
100
AcDbEntity
  8
BottomLayer
100
AcDbPolyline
 90
1
 70
 0
 43
0.6000000000000001 
 10
27.940106680213376
 20
63.326111252222404
 10
27.940106680213376
 20
68.3261112522224
  0
LWPOLYLINE
  5
414
330
1F
100
AcDbEntity
  8
BottomLayer
100
AcDbPolyline
 90
1
 70
 0
 43
0.6000000000000001 
 10
27.940106680213376
 20
68.3261112522224
 10
27.940106680213376
 20
73.32611125222252
  0
LWPOLYLINE
  5
415
330
1F
100
AcDbEntity
  8
BottomLayer
100
AcDbPolyline
 90
2
 70
 0
 43
0.6000000000000001 
 10
44.502209804419635
 20
93.85316230632452
 10
44.502209804419635
 20
89.88821437642878
 10
27.940106680213376
 20
73.32611125222252
  0
LWPOLYLINE
  5
416
330
1F
100
AcDbEntity
  8
BottomLayer
100
AcDbPolyline
 90
2
 70
 0
 43
0.6000000000000001 
 10
63.86339852679703
 20
24.270485140970322
 10
80.43464566929129
 20
24.270485140970322
 10
83.87254254508503
 20
27.70838201676395
  0
LWPOLYLINE
  5
417
330
1F
100
AcDbEntity
  8
BottomLayer
100
AcDbPolyline
 90
2
 70
 0
 43
0.6000000000000001 
 10
121.18572517145026
 20
82.53159766319527
 10
121.18572517145026
 20
64.474701549403
 10
136.1443230886464
 20
49.516103632207205
  0
LWPOLYLINE
  5
418
330
1F
100
AcDbEntity
  8
BottomLayer
100
AcDbPolyline
 90
2
 70
 0
 43
0.6000000000000001 
 10
109.17759715519423
 20
67.96339852679705
 10
132.62489204978397
 20
44.516103632207205
 10
136.1443230886464
 20
44.516103632207205
  0
LWPOLYLINE
  5
419
330
1F
100
AcDbEntity
  8
BottomLayer
100
AcDbPolyline
 90
2
 70
 0
 43
0.6000000000000001 
 10
53.32237744475492
 20
69.99057658115316
 10
53.32237744475492
 20
73.2618491236982
 10
53.9662687325374
 20
73.90574041148079
  0
LWPOLYLINE
  5
41a
330
1F
100
AcDbEntity
  8
BottomLayer
100
AcDbPolyline
 90
3
 70
 0
 43
0.6000000000000001 
 10
58.78338836677676
 20
24.270485140970322
 10
52.43362966725931
 20
30.62024384048766
 10
52.43362966725931
 20
54.89253238506467
 10
53.65105410210822
 20
56.10995681991358
  0
LWPOLYLINE
  5
41b
330
1F
100
AcDbEntity
  8
BottomLayer
100
AcDbPolyline
 90
2
 70
 0
 43
0.6000000000000001 
 10
56.24338328676663
 20
32.67028194056377
 10
56.24338328676663
 20
47.77721615443227
 10
57.72801625603256
 20
49.26184912369831
  0
LWPOLYLINE
  5
41c
330
1F
100
AcDbEntity
  8
BottomLayer
100
AcDbPolyline
 90
5
 70
 0
 43
0.6000000000000001 
 10
63.6093980187959
 20
46.885420370840734
 10
65.0320548641098
 20
48.3080772161544
 10
69.23627127254258
 20
48.3080772161544
 10
69.95941071882135
 20
47.58493776987552
 10
69.95941071882135
 20
46.24203708407413
 10
80.85628651257298
 20
35.345161290322494
  0
LWPOLYLINE
  5
41d
330
1F
100
AcDbEntity
  8
BottomLayer
100
AcDbPolyline
 90
2
 70
 0
 43
0.6000000000000001 
 10
104.50220980441964
 20
3.936982473964804
 10
105.06202692405395
 20
4.496799593599121
 10
105.06202692405395
 20
30.241021082042153
  0
LWPOLYLINE
  5
41e
330
1F
100
AcDbEntity
  8
BottomLayer
100
AcDbPolyline
 90
3
 70
 0
 43
0.6000000000000001 
 10
80.39679959359933
 20
33.61465582931169
 10
79.59542799085602
 20
33.61465582931169
 10
76.76103632207264
 20
36.449047498094956
 10
73.59009398018793
 20
36.449047498094956
  0
LWPOLYLINE
  5
41f
330
1F
100
AcDbEntity
  8
BottomLayer
100
AcDbPolyline
 90
2
 70
 0
 43
0.6000000000000001 
 10
80.2395732791465
 20
31.73759207518401
 10
73.60254000507985
 20
31.73759207518401
 10
73.3360934721868
 20
32.00403860807717
  0
LWPOLYLINE
  5
420
330
1F
100
AcDbEntity
  8
BottomLayer
100
AcDbPolyline
 90
3
 70
 0
 43
0.6000000000000001 
 10
66.14940309880626
 20
46.885420370840734
 10
66.14940309880626
 20
42.272771145542265
 10
74.83520447040883
 20
33.586969773939586
 10
75.8138684277369
 20
33.586969773939586
  0
LWPOLYLINE
  5
421
330
1F
100
AcDbEntity
  8
BottomLayer
100
AcDbPolyline
 90
6
 70
 0
 43
0.6000000000000001 
 10
101.70947421894834
 20
46.885420370840734
 10
101.70947421894834
 20
46.12367284734569
 10
84.78364236728476
 20
29.197840995681986
 10
66.94671069342144
 20
29.197840995681986
 10
62.577393954787794
 20
24.828524257048457
 10
62.577393954787794
 20
17.720320040640104
 10
54.04018288036582
 20
9.183108966217787
  0
LWPOLYLINE
  5
422
330
1F
100
AcDbEntity
  8
BottomLayer
100
AcDbPolyline
 90
2
 70
 0
 43
0.6000000000000001 
 10
59.502209804419635
 20
93.85316230632452
 10
57.134671069342176
 20
91.48562357124706
 10
57.134671069342176
 20
56.517881635763274
  0
LWPOLYLINE
  5
423
330
1F
100
AcDbEntity
  8
BoardOutLine
100
AcDbPolyline
 90
5
 70
 1
 43
0.25400050800101603 
 10
23.873533147066382
 20
92.92809245618491
 10
23.873533147066382
 20
97.93952247904497
 10
140.4445008890018
 20
97.93952247904497
 10
140.4445008890018
 20
-0.10467360934728731
 10
23.873533147066382
 20
-0.10467360934728731
 10
23.873533147066382
 20
92.92809245618491
  0
LWPOLYLINE
  5
424
330
1F
100
AcDbEntity
  8
TopLayer
100
AcDbPolyline
 90
2
 70
 0
 43
0.6000000000000001 
 10
67.14914909829827
 20
23.424663449326886
 10
67.14914909829827
 20
38.41729743459484
 10
69.18877317754641
 20
40.456921513842985
  0
LWPOLYLINE
  5
425
330
1F
100
AcDbEntity
  8
TopLayer
100
AcDbPolyline
 90
2
 70
 0
 43
0.6000000000000001 
 10
83.14102108204224
 20
11.068300736601373
 10
87.37089154178307
 20
11.068300736601373
 10
94.50220980441964
 20
3.936982473964804
  0
LWPOLYLINE
  5
426
330
1F
100
AcDbEntity
  8
TopLayer
100
AcDbPolyline
 90
1
 70
 0
 43
0.6000000000000001 
 10
27.940106680213376
 20
37.211049022097995
 10
27.940106680213376
 20
42.21104902209811
  0
LWPOLYLINE
  5
427
330
1F
100
AcDbEntity
  8
TopLayer
100
AcDbPolyline
 90
2
 70
 0
 43
0.6000000000000001 
 10
28.399339598679262
 20
32.67028194056377
 10
28.399339598679262
 20
36.75181610363211
 10
27.940106680213376
 20
37.211049022097995
  0
LWPOLYLINE
  5
428
330
1F
100
AcDbEntity
  8
TopLayer
100
AcDbPolyline
 90
1
 70
 0
 43
0.6000000000000001 
 10
28.399339598679262
 20
32.67028194056377
 10
27.940106680213376
 20
32.211049022097995
  0
LWPOLYLINE
  5
429
330
1F
100
AcDbEntity
  8
TopLayer
100
AcDbPolyline
 90
1
 70
 0
 43
0.6000000000000001 
 10
48.623368046736005
 20
32.67028194056377
 10
28.399339598679262
 20
32.67028194056377
  0
LWPOLYLINE
  5
42a
330
1F
100
AcDbEntity
  8
TopLayer
100
AcDbPolyline
 90
3
 70
 0
 43
0.6000000000000001 
 10
136.1443230886464
 20
84.5161036322072
 10
133.2403352806707
 20
81.61211582423164
 10
61.62413004826021
 20
81.61211582423164
 10
58.402387604775186
 20
78.39037338074672
  0
LWPOLYLINE
  5
42b
330
1F
100
AcDbEntity
  8
TopLayer
100
AcDbPolyline
 90
3
 70
 0
 43
0.6000000000000001 
 10
48.24236728473443
 20
78.39037338074672
 10
49.51744983489971
 20
77.11529083058156
 10
57.12730505461013
 20
77.11529083058156
 10
58.402387604775186
 20
78.39037338074672
  0
LWPOLYLINE
  5
42c
330
1F
100
AcDbEntity
  8
TopLayer
100
AcDbPolyline
 90
1
 70
 0
 43
0.6000000000000001 
 10
58.402387604775186
 20
78.39037338074672
 10
60.94239268478532
 20
78.39037338074672
  0
LWPOLYLINE
  5
42d
330
1F
100
AcDbEntity
  8
TopLayer
100
AcDbPolyline
 90
2
 70
 0
 43
0.6000000000000001 
 10
106.78948437896884
 20
46.885420370840734
 10
128.5136398272798
 20
46.885420370840734
 10
136.1443230886464
 20
54.516103632207205
  0
LWPOLYLINE
  5
42e
330
1F
100
AcDbEntity
  8
TopLayer
100
AcDbPolyline
 90
2
 70
 0
 43
0.6000000000000001 
 10
70.11892303784612
 20
64.31620523241043
 10
71.22941325882653
 20
63.205715011430016
 10
71.22941325882653
 20
62.12545085090164
  0
LWPOLYLINE
  5
42f
330
1F
100
AcDbEntity
  8
TopLayer
100
AcDbPolyline
 90
4
 70
 0
 43
0.6000000000000001 
 10
59.502209804419635
 20
3.936982473964804
 10
72.21798323596636
 20
16.652755905511754
 10
72.21798323596636
 20
42.14881889763774
 10
73.76941833883666
 20
43.700254000507925
 10
73.76941833883666
 20
46.885420370840734
  0
LWPOLYLINE
  5
430
330
1F
100
AcDbEntity
  8
TopLayer
100
AcDbPolyline
 90
8
 70
 0
 43
0.6000000000000001 
 10
73.15295910591817
 20
52.1599949199898
 10
75.60482600965224
 20
52.1599949199898
 10
80.1194310388621
 20
47.645389890779825
 10
80.1194310388621
 20
46.35481330962659
 10
88.45191770383553
 20
38.022326644653276
 10
129.00792481584972
 20
38.022326644653276
 10
138.09403098806206
 20
28.936220472440823
 10
138.09403098806206
 20
13.165582931165773
 10
136.3983235966473
 20
11.469875539751001
  0
LWPOLYLINE
  5
431
330
1F
100
AcDbEntity
  8
TopLayer
100
AcDbPolyline
 90
2
 70
 0
 43
0.6000000000000001 
 10
68.6894081788164
 20
62.12545085090164
 10
68.6894081788164
 20
65.62049784099565
 10
70.02926085852187
 20
66.96035052070101
  0
LWPOLYLINE
  5
432
330
1F
100
AcDbEntity
  8
TopLayer
100
AcDbPolyline
 90
1
 70
 0
 43
0.6000000000000001 
 10
50.78237236474479
 20
78.39037338074672
 10
53.32237744475492
 20
78.39037338074672
  0
LWPOLYLINE
  5
433
330
1F
100
AcDbEntity
  8
TopLayer
100
AcDbPolyline
 90
1
 70
 0
 43
0.6000000000000001 
 10
51.16337312674614
 20
32.67028194056377
 10
53.70337820675627
 20
32.67028194056377
  0
LWPOLYLINE
  5
434
330
1F
100
AcDbEntity
  8
TopLayer
100
AcDbPolyline
 90
3
 70
 0
 43
0.6000000000000001 
 10
74.63302006604022
 20
49.14754889509777
 10
74.63302006604022
 20
49.606273812547556
 10
72.03891287782562
 20
52.200381000762036
 10
69.62717805435614
 20
52.200381000762036
  0
LWPOLYLINE
  5
435
330
1F
100
AcDbEntity
  8
TopLayer
100
AcDbPolyline
 90
2
 70
 0
 43
0.6000000000000001 
 10
48.416103632207296
 20
73.87602235204474
 10
50.33812547625098
 20
75.79804419608843
 10
101.20579121158244
 20
75.79804419608843
  0
LWPOLYLINE
  5
436
330
1F
100
AcDbEntity
  8
TopLayer
100
AcDbPolyline
 90
5
 70
 0
 43
0.6000000000000001 
 10
89.00944881889768
 20
46.885420370840734
 10
87.69829819659662
 20
48.196570993141904
 10
80.63479806959617
 20
48.196570993141904
 10
75.7765303530607
 20
53.05483870967748
 10
63.8837185674372
 20
53.05483870967748
 10
60.555295910591894
 20
49.726416052832064
  0
LWPOLYLINE
  5
437
330
1F
100
AcDbEntity
  8
TopLayer
100
AcDbPolyline
 90
2
 70
 0
 43
0.6000000000000001 
 10
80.35920751841513
 20
32.693395986791984
 10
80.74579629159257
 20
32.693395986791984
 10
109.50220980441964
 20
3.936982473964804
  0
LWPOLYLINE
  5
438
330
1F
100
AcDbEntity
  8
TopLayer
100
AcDbPolyline
 90
9
 70
 0
 43
0.6000000000000001 
 10
99.16946913893821
 20
62.12545085090164
 10
97.86720853441716
 20
63.42771145542281
 10
88.36708153416316
 20
63.42771145542281
 10
87.7394462788925
 20
62.800076200152375
 10
87.7394462788925
 20
61.44422148844296
 10
87.13822707645409
 20
60.84300228600455
 10
80.71455422910844
 20
60.84300228600455
 10
80.1194310388621
 20
61.43812547625089
 10
80.1194310388621
 20
63.85367030734062
 10
71.96068072136131
 20
72.0124206248413
  0
LWPOLYLINE
  5
439
330
1F
100
AcDbEntity
  8
TopLayer
100
AcDbPolyline
 90
2
 70
 0
 43
0.6000000000000001 
 10
72.56799593599203
 20
72.74978409956816
 10
81.38943357886706
 20
63.92834645669291
 10
81.38943357886706
 20
62.12545085090164
  0
LWPOLYLINE
  5
43a
330
1F
100
AcDbEntity
  8
TopLayer
100
AcDbPolyline
 90
2
 70
 0
 43
0.6000000000000001 
 10
91.54945389890781
 20
46.885420370840734
 10
98.09174498349012
 20
40.343129286258545
 10
98.09174498349012
 20
39.04493268986539
  0
LWPOLYLINE
  5
43b
330
1F
100
AcDbEntity
  8
TopLayer
100
AcDbPolyline
 90
4
 70
 0
 43
0.6000000000000001 
 10
98.04373888747773
 20
89.95095250190491
 10
96.09428498857005
 20
89.95095250190491
 10
90.68813817627642
 20
95.35709931419865
 10
76.00614681229376
 20
95.35709931419865
 10
74.50220980441964
 20
93.85316230632452
  0
LWPOLYLINE
  5
43c
330
1F
100
AcDbEntity
  8
TopLayer
100
AcDbPolyline
 90
2
 70
 0
 43
0.6000000000000001 
 10
96.62946405892808
 20
46.885420370840734
 10
96.62946405892808
 20
45.99006858013706
 10
100.36250952501905
 20
42.25702311404609
  0
LWPOLYLINE
  5
43d
330
1F
100
AcDbEntity
  8
TopLayer
100
AcDbPolyline
 90
2
 70
 0
 43
0.6000000000000001 
 10
99.16946913893821
 20
46.885420370840734
 10
103.17988315976618
 20
42.875006350012654
 10
103.6853441706885
 20
42.875006350012654
  0
LWPOLYLINE
  5
43e
330
1F
100
AcDbEntity
  8
TopLayer
100
AcDbPolyline
 90
2
 70
 0
 43
0.6000000000000001 
 10
76.15524511049011
 20
1.9103124206247912
 10
66.52887985775988
 20
1.9103124206247912
 10
64.50220980441964
 20
3.936982473964804
  0
LWPOLYLINE
  5
43f
330
1F
100
AcDbEntity
  8
TopLayer
100
AcDbPolyline
 90
4
 70
 0
 43
0.6000000000000001 
 10
69.50220980441964
 20
93.85316230632452
 10
71.79837439674861
 20
96.14932689865384
 10
94.3940055880114
 20
96.14932689865384
 10
100.43921767843517
 20
90.10411480822961
 10
100.43921767843517
 20
89.95095250190491
  0
LWPOLYLINE
  5
440
330
1F
100
AcDbEntity
  8
TopLayer
100
AcDbPolyline
 90
2
 70
 0
 43
0.6000000000000001 
 10
74.75671831343675
 20
48.19809499618998
 10
76.36911353822711
 20
49.810490220980455
 10
76.36911353822711
 20
50.322301244602386
  0
LWPOLYLINE
  5
441
330
1F
100
AcDbEntity
  8
TopLayer
100
AcDbPolyline
 90
2
 70
 0
 43
0.6000000000000001 
 10
71.22941325882653
 20
46.885420370840734
 10
72.542087884176
 20
48.19809499618998
 10
74.75671831343675
 20
48.19809499618998
  0
LWPOLYLINE
  5
442
330
1F
100
AcDbEntity
  8
TopLayer
100
AcDbPolyline
 90
3
 70
 0
 43
0.6000000000000001 
 10
74.75671831343675
 20
48.19809499618998
 10
75.03916687833362
 20
47.915646431292885
 10
75.03916687833362
 20
29.17523495046987
 10
73.57231394462792
 20
27.70838201676395
  0
LWPOLYLINE
  5
443
330
1F
100
AcDbEntity
  8
TopLayer
100
AcDbPolyline
 90
4
 70
 0
 43
0.6000000000000001 
 10
136.1443230886464
 20
79.5161036322072
 10
137.67391414782833
 20
77.98651257302515
 10
137.67391414782833
 20
58.91869443738881
 10
130.9947167894336
 20
52.23949707899419
 10
77.66502413004832
 20
52.23949707899419
  0
LWPOLYLINE
  5
444
330
1F
100
AcDbEntity
  8
TopLayer
100
AcDbPolyline
 90
2
 70
 0
 43
0.6000000000000001 
 10
104.97922275844553
 20
56.080746761493515
 10
127.70896621793258
 20
56.080746761493515
 10
136.1443230886464
 20
64.5161036322072
  0
LWPOLYLINE
  5
445
330
1F
100
AcDbEntity
  8
TopLayer
100
AcDbPolyline
 90
1
 70
 0
 43
0.6000000000000001 
 10
53.70337820675627
 20
24.270485140970322
 10
51.16337312674614
 20
24.270485140970322
  0
LWPOLYLINE
  5
446
330
1F
100
AcDbEntity
  8
TopLayer
100
AcDbPolyline
 90
5
 70
 0
 43
0.6000000000000001 
 10
136.1443230886464
 20
59.516103632207205
 10
131.24947929895848
 20
54.621259842519635
 10
64.37724155448313
 20
54.621259842519635
 10
49.893370586741185
 20
40.137388874777685
 10
49.893370586741185
 20
26.941300482600923
 10
48.623368046736005
 20
25.671297942595857
  0
LWPOLYLINE
  5
447
330
1F
100
AcDbEntity
  8
TopLayer
100
AcDbPolyline
 90
1
 70
 0
 43
0.6000000000000001 
 10
48.623368046736005
 20
24.270231140462215
 10
48.623368046736005
 20
25.671297942595857
  0
LWPOLYLINE
  5
448
330
1F
100
AcDbEntity
  8
TopLayer
100
AcDbPolyline
 90
2
 70
 0
 43
0.6000000000000001 
 10
102.0269748539497
 20
40.84224028448057
 10
100.13263906527823
 20
40.84224028448057
 10
94.08945897891795
 20
46.885420370840734
  0
LWPOLYLINE
  5
449
330
1F
100
AcDbEntity
  8
TopLayer
100
AcDbPolyline
 90
2
 70
 0
 43
0.6000000000000001 
 10
91.54945389890781
 20
62.12545085090164
 10
87.75849631699248
 20
58.33449326898642
 10
85.19969519939036
 20
58.33449326898642
  0
LWPOLYLINE
  5
44a
330
1F
100
AcDbEntity
  8
TopLayer
100
AcDbPolyline
 90
2
 70
 0
 43
0.6000000000000001 
 10
79.50220980441964
 20
93.85316230632452
 10
89.35666751333497
 20
83.99870459740919
 10
91.93223266446535
 20
83.99870459740919
  0
LWPOLYLINE
  5
44b
330
1F
100
AcDbEntity
  8
TopLayer
100
AcDbPolyline
 90
4
 70
 0
 43
0.6000000000000001 
 10
86.46563373126764
 20
63.61440182880369
 10
90.05593091186188
 20
67.20469900939793
 10
110.74274828549665
 20
67.20469900939793
 10
118.05415290830592
 20
74.51610363220732
 10
136.1443230886464
 20
74.51610363220732
  0
LWPOLYLINE
  5
44c
330
1F
100
AcDbEntity
  8
TopLayer
100
AcDbPolyline
 90
5
 70
 0
 43
0.6000000000000001 
 10
61.323393446786895
 20
32.67028194056377
 10
61.323393446786895
 20
35.89278638557278
 10
69.95941071882135
 20
44.52880365760734
 10
69.95941071882135
 20
47.55979171958347
 10
72.68331216662432
 20
50.28369316738622
 10
72.882448564897
 20
50.28369316738622
  0
LWPOLYLINE
  5
44d
330
1F
100
AcDbEntity
  8
TopLayer
100
AcDbPolyline
 90
1
 70
 0
 43
0.6000000000000001 
 10
58.78338836677676
 20
32.67028194056377
 10
61.323393446786895
 20
32.67028194056377
  0
LWPOLYLINE
  5
44e
330
1F
100
AcDbEntity
  8
TopLayer
100
AcDbPolyline
 90
4
 70
 0
 43
0.6000000000000001 
 10
76.30942341884679
 20
46.885420370840734
 10
79.48087376174749
 20
43.713970027940036
 10
79.48087376174749
 20
13.655549911099797
 10
89.1994411988826
 20
3.936982473964804
 10
89.50220980441964
 20
3.936982473964804
  0
LWPOLYLINE
  5
44f
330
1F
100
AcDbEntity
  8
TopLayer
100
AcDbPolyline
 90
3
 70
 0
 43
0.6000000000000001 
 10
78.84942849885692
 20
46.885420370840734
 10
78.84942849885692
 20
46.494513589027065
 10
94.34396748793506
 20
30.999974599949155
 10
102.91953263906521
 20
30.999974599949155
  0
LWPOLYLINE
  5
450
330
1F
100
AcDbEntity
  8
TopLayer
100
AcDbPolyline
 90
3
 70
 0
 43
0.6000000000000001 
 10
94.86873253746512
 20
68.07947675895343
 10
89.85781051562094
 20
68.07947675895343
 10
83.92943865887719
 20
62.151104902209795
 10
83.92943865887719
 20
62.12545085090164
  0
LWPOLYLINE
  5
451
330
1F
100
AcDbEntity
  8
TopLayer
100
AcDbPolyline
 90
2
 70
 0
 43
0.6000000000000001 
 10
84.50220980441964
 20
93.85316230632452
 10
91.30459740919491
 20
87.05077470154936
 10
94.86873253746512
 20
87.05077470154936
  0
LWPOLYLINE
  5
452
330
1F
100
AcDbEntity
  8
TopLayer
100
AcDbPolyline
 90
4
 70
 0
 43
0.6000000000000001 
 10
71.75189230378442
 20
42.755880111760234
 10
70.41381762763513
 20
42.755880111760234
 10
62.59339598679185
 20
34.93545847091684
 10
62.59339598679185
 20
30.620497840995654
 10
56.24338328676663
 20
24.270485140970322
  0
LWPOLYLINE
  5
453
330
1F
100
AcDbEntity
  8
TopLayer
100
AcDbPolyline
 90
3
 70
 0
 43
0.6000000000000001 
 10
27.940106680213376
 20
73.32611125222252
 10
28.148895097790046
 20
73.11732283464562
 10
60.35565151130322
 20
73.11732283464562
 10
63.48239776479545
 20
69.99057658115316
  0
LWPOLYLINE
  5
454
330
1F
100
AcDbEntity
  8
TopLayer
100
AcDbPolyline
 90
1
 70
 0
 43
0.6000000000000001 
 10
49.502209804419635
 20
93.85316230632452
 10
54.502209804419635
 20
93.85316230632452
  0
LWPOLYLINE
  5
455
330
1F
100
AcDbEntity
  8
TopLayer
100
AcDbPolyline
 90
1
 70
 0
 43
0.6000000000000001 
 10
44.502209804419635
 20
93.85316230632452
 10
49.502209804419635
 20
93.85316230632452
  0
LWPOLYLINE
  5
456
330
1F
100
AcDbEntity
  8
TopLayer
100
AcDbPolyline
 90
1
 70
 0
 43
0.6000000000000001 
 10
49.502209804419635
 20
3.936982473964804
 10
44.502209804419635
 20
3.936982473964804
  0
LWPOLYLINE
  5
457
330
1F
100
AcDbEntity
  8
TopLayer
100
AcDbPolyline
 90
3
 70
 0
 43
0.6000000000000001 
 10
104.24947929895848
 20
46.885420370840734
 10
105.50322580645184
 20
45.6316738633476
 10
124.08768097536199
 20
45.6316738633476
 10
136.27132334264684
 20
33.44803149606298
  0
LWPOLYLINE
  5
458
330
1F
100
AcDbEntity
  8
TopLayer
100
AcDbPolyline
 90
5
 70
 0
 43
0.6000000000000001 
 10
58.529387858775635
 20
46.885420370840734
 10
54.97338074676145
 20
43.329413258826435
 10
54.97338074676145
 20
6.336017272034496
 10
60.15778511557028
 20
1.1516129032257822
 10
111.71684023368061
 20
1.1516129032257822
 10
114.50220980441964
 20
3.936982473964804
  0
LWPOLYLINE
  5
459
330
1F
100
AcDbEntity
  8
TopLayer
100
AcDbPolyline
 90
2
 70
 0
 43
0.6000000000000001 
 10
55.86238252476505
 20
78.39037338074672
 10
60.0036068072136
 20
82.53159766319527
 10
121.18572517145026
 20
82.53159766319527
  0
LWPOLYLINE
  5
45a
330
1F
100
AcDbEntity
  8
TopLayer
100
AcDbPolyline
 90
2
 70
 0
 43
0.6000000000000001 
 10
53.9662687325374
 20
73.90574041148079
 10
103.2352552705106
 20
73.90574041148079
 10
109.17759715519423
 20
67.96339852679705
  0
LWPOLYLINE
  5
45b
330
1F
100
AcDbEntity
  8
TopLayer
100
AcDbPolyline
 90
1
 70
 0
 43
0.6000000000000001 
 10
50.78237236474479
 20
69.99057658115316
 10
53.32237744475492
 20
69.99057658115316
  0
LWPOLYLINE
  5
45c
330
1F
100
AcDbEntity
  8
TopLayer
100
AcDbPolyline
 90
3
 70
 0
 43
0.6000000000000001 
 10
104.24947929895848
 20
62.12545085090164
 10
99.54767589535186
 20
57.42364744729491
 10
69.88092456184904
 20
57.42364744729491
 10
67.4209296418594
 20
59.883642367284665
  0
LWPOLYLINE
  5
45d
330
1F
100
AcDbEntity
  8
TopLayer
100
AcDbPolyline
 90
1
 70
 0
 43
0.6000000000000001 
 10
60.94239268478532
 20
69.99057658115316
 10
58.402387604775186
 20
69.99057658115316
  0
LWPOLYLINE
  5
45e
330
1F
100
AcDbEntity
  8
TopLayer
100
AcDbPolyline
 90
2
 70
 0
 43
0.6000000000000001 
 10
67.4209296418594
 20
59.883642367284665
 10
67.4209296418594
 20
63.51203962407919
 10
60.94239268478532
 20
69.99057658115316
  0
LWPOLYLINE
  5
45f
330
1F
100
AcDbEntity
  8
TopLayer
100
AcDbPolyline
 90
2
 70
 0
 43
0.6000000000000001 
 10
67.4209296418594
 20
59.883642367284665
 10
57.42473964947931
 20
59.883642367284665
 10
53.65105410210822
 20
56.10995681991358
  0
LWPOLYLINE
  5
460
330
1F
100
AcDbEntity
  8
TopLayer
100
AcDbPolyline
 90
1
 70
 0
 43
0.6000000000000001 
 10
61.323393446786895
 20
24.270485140970322
 10
58.78338836677676
 20
24.270485140970322
  0
LWPOLYLINE
  5
461
330
1F
100
AcDbEntity
  8
TopLayer
100
AcDbPolyline
 90
4
 70
 0
 43
0.6000000000000001 
 10
57.72801625603256
 20
49.26184912369831
 10
63.84130048260113
 20
55.37513335026665
 10
101.81844043688079
 20
55.37513335026665
 10
115.95941071882135
 20
69.51610363220732
 10
136.1443230886464
 20
69.51610363220732
  0
LWPOLYLINE
  5
462
330
1F
100
AcDbEntity
  8
TopLayer
100
AcDbPolyline
 90
3
 70
 0
 43
0.6000000000000001 
 10
105.06202692405395
 20
30.241021082042153
 10
91.13441706883418
 20
30.241021082042153
 10
86.03027686055384
 20
35.345161290322494
 10
80.85628651257298
 20
35.345161290322494
  0
LWPOLYLINE
  5
463
330
1F
100
AcDbEntity
  8
TopLayer
100
AcDbPolyline
 90
3
 70
 0
 43
0.6000000000000001 
 10
136.27132334264684
 20
28.448031496062868
 10
90.8697485394971
 20
28.448031496062868
 10
85.7031242062485
 20
33.61465582931169
 10
80.39679959359933
 20
33.61465582931169
  0
LWPOLYLINE
  5
464
330
1F
100
AcDbEntity
  8
TopLayer
100
AcDbPolyline
 90
7
 70
 0
 43
0.6000000000000001 
 10
136.27132334264684
 20
23.448031496062868
 10
131.57078994157996
 20
23.448031496062868
 10
110.51338582677158
 20
2.390627381254717
 10
108.60863601727215
 20
2.390627381254717
 10
84.61320802641603
 20
26.386055372110718
 10
83.49357378714762
 20
26.386055372110718
 10
80.2395732791465
 20
29.64005588011173
 10
80.2395732791465
 20
31.73759207518401
  0
LWPOLYLINE
  5
465
330
1F
100
AcDbEntity
  8
TopLayer
100
AcDbPolyline
 90
4
 70
 0
 43
0.6000000000000001 
 10
99.50220980441964
 20
3.936982473964804
 10
97.92766065532123
 20
2.362433324866629
 10
83.95001270002535
 20
2.362433324866629
 10
75.8138684277369
 20
10.498577597155077
 10
75.8138684277369
 20
33.586969773939586
  0
LWPOLYLINE
  5
466
330
1F
100
AcDbEntity
  8
TopLayer
100
AcDbPolyline
 90
2
 70
 0
 43
0.6000000000000001 
 10
106.78948437896884
 20
62.12545085090164
 10
101.18191516383035
 20
56.517881635763274
 10
57.134671069342176
 20
56.517881635763274
  0
LWPOLYLINE
  5
467
330
1F
100
AcDbEntity
  8
TopLayer
100
AcDbPolyline
 90
2
 70
 0
 43
0.6000000000000001 
 10
54.04018288036582
 20
9.183108966217787
 10
54.04018288036582
 20
4.399009398018848
 10
54.502209804419635
 20
3.936982473964804
  0
LWPOLYLINE
  5
468
330
1F
100
AcDbEntity
  8
TopSilkLayer
100
AcDbPolyline
 90
1
 70
 0
 43
0.25400050800101603 
 10
75.3361442722885
 20
33.20406400812794
 10
81.63616967233952
 20
33.20406400812794
  0
LWPOLYLINE
  5
469
330
1F
100
AcDbEntity
  8
TopSilkLayer
100
AcDbPolyline
 90
1
 70
 0
 43
0.25400050800101603 
 10
81.63616967233952
 20
33.20406400812794
 10
81.63616967233952
 20
30.804064008127966
  0
LWPOLYLINE
  5
46a
330
1F
100
AcDbEntity
  8
TopSilkLayer
100
AcDbPolyline
 90
1
 70
 0
 43
0.25400050800101603 
 10
81.63616967233952
 20
30.804064008127966
 10
75.3361442722885
 20
30.804064008127966
  0
LWPOLYLINE
  5
46b
330
1F
100
AcDbEntity
  8
TopSilkLayer
100
AcDbPolyline
 90
1
 70
 0
 43
0.25400050800101603 
 10
75.3361442722885
 20
30.804064008127966
 10
75.3361442722885
 20
33.20406400812794
  0
LWPOLYLINE
  5
46c
330
1F
100
AcDbEntity
  8
TopSilkLayer
100
AcDbPolyline
 90
1
 70
 0
 43
0.25400050800101603 
 10
75.59014478028962
 20
37.64907289814573
 10
81.89017018034042
 20
37.64907289814573
  0
LWPOLYLINE
  5
46d
330
1F
100
AcDbEntity
  8
TopSilkLayer
100
AcDbPolyline
 90
1
 70
 0
 43
0.25400050800101603 
 10
81.89017018034042
 20
37.64907289814573
 10
81.89017018034042
 20
35.249072898145755
  0
LWPOLYLINE
  5
46e
330
1F
100
AcDbEntity
  8
TopSilkLayer
100
AcDbPolyline
 90
1
 70
 0
 43
0.25400050800101603 
 10
81.89017018034042
 20
35.249072898145755
 10
75.59014478028962
 20
35.249072898145755
  0
LWPOLYLINE
  5
46f
330
1F
100
AcDbEntity
  8
TopSilkLayer
100
AcDbPolyline
 90
1
 70
 0
 43
0.25400050800101603 
 10
75.59014478028962
 20
35.249072898145755
 10
75.59014478028962
 20
37.64907289814573
  0
LWPOLYLINE
  5
470
330
1F
100
AcDbEntity
  8
TopSilkLayer
100
AcDbPolyline
 90
5
 70
 0
 43
0.15199390398780802 
 10
133.73126746253502
 20
92.07518415036827
 10
133.6638557277115
 20
92.07518415036827
 10
133.32131064262148
 20
92.42517145034287
 10
133.31125222250466
 20
92.4351028702057
 10
134.5460248920499
 20
92.42890525781047
 10
134.192252984506
 20
92.07518415036827
  0
LWPOLYLINE
  5
471
330
1F
100
AcDbEntity
  8
TopSilkLayer
100
AcDbPolyline
 90
1
 70
 0
 43
0.15199390398780802 
 10
133.63426466852934
 20
92.01617983235963
 10
133.63426466852934
 20
36.94373888747782
  0
LWPOLYLINE
  5
472
330
1F
100
AcDbEntity
  8
TopSilkLayer
100
AcDbPolyline
 90
4
 70
 1
 43
0.15240030480060962 
 10
132.06756413512835
 20
36.94056388112767
 10
132.06756413512835
 20
92.07391414782819
 10
139.84505969011934
 20
92.07391414782819
 10
139.84505969011934
 20
36.94056388112767
 10
132.06756413512835
 20
36.94056388112767
  0
LWPOLYLINE
  5
473
330
1F
100
AcDbEntity
  8
TopSilkLayer
100
AcDbPolyline
 90
3
 70
 0
 43
0.15199390398780802 
 10
138.51534163068322
 20
88.65615951231894
 10
138.29207518415046
 20
88.87942595885181
 10
138.29207518415046
 20
90.14942849885688
 10
138.54607569215136
 20
90.40342900685789
  0
LWPOLYLINE
  5
474
330
1F
100
AcDbEntity
  8
TopSilkLayer
100
AcDbPolyline
 90
3
 70
 0
 43
0.15199390398780802 
 10
138.51534163068322
 20
83.6561341122682
 10
138.29207518415046
 20
83.87940055880108
 10
138.29207518415046
 20
85.14940309880615
 10
138.54607569215136
 20
85.40340360680716
  0
LWPOLYLINE
  5
475
330
1F
100
AcDbEntity
  8
TopSilkLayer
100
AcDbPolyline
 90
3
 70
 0
 43
0.15199390398780802 
 10
138.51536703073407
 20
78.65615951231905
 10
138.29207518415046
 20
78.87942595885181
 10
138.29207518415046
 20
80.14942849885699
 10
138.54607569215136
 20
80.403429006858
  0
LWPOLYLINE
  5
476
330
1F
100
AcDbEntity
  8
TopSilkLayer
100
AcDbPolyline
 90
3
 70
 0
 43
0.15199390398780802 
 10
138.51536703073407
 20
73.6561341122682
 10
138.29207518415046
 20
73.87940055880108
 10
138.29207518415046
 20
75.14940309880615
 10
138.54607569215136
 20
75.40340360680716
  0
LWPOLYLINE
  5
477
330
1F
100
AcDbEntity
  8
TopSilkLayer
100
AcDbPolyline
 90
3
 70
 0
 43
0.15199390398780802 
 10
138.51536703073407
 20
68.6561341122682
 10
138.2921005842013
 20
68.87940055880108
 10
138.2921005842013
 20
70.14940309880615
 10
138.5461010922022
 20
70.40340360680716
  0
LWPOLYLINE
  5
478
330
1F
100
AcDbEntity
  8
TopSilkLayer
100
AcDbPolyline
 90
3
 70
 0
 43
0.15199390398780802 
 10
138.51534163068322
 20
63.656134112268205
 10
138.29207518415046
 20
63.87940055880108
 10
138.29207518415046
 20
65.14940309880615
 10
138.54607569215136
 20
65.40340360680716
  0
LWPOLYLINE
  5
479
330
1F
100
AcDbEntity
  8
TopSilkLayer
100
AcDbPolyline
 90
3
 70
 0
 43
0.15199390398780802 
 10
138.51536703073407
 20
58.656159512318936
 10
138.29207518415046
 20
58.879425958851925
 10
138.29207518415046
 20
60.14942849885699
 10
138.54607569215136
 20
60.403429006858005
  0
LWPOLYLINE
  5
47a
330
1F
100
AcDbEntity
  8
TopSilkLayer
100
AcDbPolyline
 90
3
 70
 0
 43
0.15199390398780802 
 10
138.51534163068322
 20
53.656159512318936
 10
138.29207518415046
 20
53.879425958851925
 10
138.29207518415046
 20
55.14942849885699
 10
138.54607569215136
 20
55.403429006858005
  0
LWPOLYLINE
  5
47b
330
1F
100
AcDbEntity
  8
TopSilkLayer
100
AcDbPolyline
 90
3
 70
 0
 43
0.15199390398780802 
 10
138.5153924307849
 20
48.656134112268205
 10
138.29212598425215
 20
48.87942595885181
 10
138.29212598425215
 20
50.14942849885688
 10
138.54612649225305
 20
50.40342900685789
  0
LWPOLYLINE
  5
47c
330
1F
100
AcDbEntity
  8
TopSilkLayer
100
AcDbPolyline
 90
3
 70
 0
 43
0.15199390398780802 
 10
138.51536703073407
 20
43.656134112268205
 10
138.29207518415046
 20
43.87940055880108
 10
138.29207518415046
 20
45.14940309880615
 10
138.54607569215136
 20
45.40340360680716
  0
LWPOLYLINE
  5
47d
330
1F
100
AcDbEntity
  8
TopSilkLayer
100
AcDbPolyline
 90
3
 70
 0
 43
0.15199390398780802 
 10
138.51534163068322
 20
38.65613411226809
 10
138.29207518415046
 20
38.87940055880108
 10
138.29207518415046
 20
40.14940309880615
 10
138.54607569215136
 20
40.40340360680716
  0
LWPOLYLINE
  5
47e
330
1F
100
AcDbEntity
  8
TopSilkLayer
100
AcDbPolyline
 90
1
 70
 0
 43
0.15199390398780802 
 10
138.54607569215136
 20
90.40342900685789
 10
139.84427228854452
 20
90.40342900685789
  0
LWPOLYLINE
  5
47f
330
1F
100
AcDbEntity
  8
TopSilkLayer
100
AcDbPolyline
 90
1
 70
 0
 43
0.15199390398780802 
 10
139.84427228854452
 20
88.65615951231894
 10
138.51534163068322
 20
88.65615951231894
  0
LWPOLYLINE
  5
480
330
1F
100
AcDbEntity
  8
TopSilkLayer
100
AcDbPolyline
 90
1
 70
 0
 43
0.15199390398780802 
 10
138.54607569215136
 20
85.40340360680716
 10
139.84427228854452
 20
85.40340360680716
  0
LWPOLYLINE
  5
481
330
1F
100
AcDbEntity
  8
TopSilkLayer
100
AcDbPolyline
 90
1
 70
 0
 43
0.15199390398780802 
 10
139.84427228854452
 20
83.6561341122682
 10
138.51534163068322
 20
83.6561341122682
  0
LWPOLYLINE
  5
482
330
1F
100
AcDbEntity
  8
TopSilkLayer
100
AcDbPolyline
 90
1
 70
 0
 43
0.15199390398780802 
 10
138.54607569215136
 20
80.403429006858
 10
139.84427228854452
 20
80.403429006858
  0
LWPOLYLINE
  5
483
330
1F
100
AcDbEntity
  8
TopSilkLayer
100
AcDbPolyline
 90
1
 70
 0
 43
0.15199390398780802 
 10
139.84427228854452
 20
78.65615951231905
 10
138.51536703073407
 20
78.65615951231905
  0
LWPOLYLINE
  5
484
330
1F
100
AcDbEntity
  8
TopSilkLayer
100
AcDbPolyline
 90
1
 70
 0
 43
0.15199390398780802 
 10
138.54607569215136
 20
75.40340360680716
 10
139.84427228854452
 20
75.40340360680716
  0
LWPOLYLINE
  5
485
330
1F
100
AcDbEntity
  8
TopSilkLayer
100
AcDbPolyline
 90
1
 70
 0
 43
0.15199390398780802 
 10
139.84427228854452
 20
73.6561341122682
 10
138.51536703073407
 20
73.6561341122682
  0
LWPOLYLINE
  5
486
330
1F
100
AcDbEntity
  8
TopSilkLayer
100
AcDbPolyline
 90
1
 70
 0
 43
0.15199390398780802 
 10
138.5461010922022
 20
70.40340360680716
 10
139.84427228854452
 20
70.40340360680716
  0
LWPOLYLINE
  5
487
330
1F
100
AcDbEntity
  8
TopSilkLayer
100
AcDbPolyline
 90
1
 70
 0
 43
0.15199390398780802 
 10
139.84427228854452
 20
68.6561341122682
 10
138.51536703073407
 20
68.6561341122682
  0
LWPOLYLINE
  5
488
330
1F
100
AcDbEntity
  8
TopSilkLayer
100
AcDbPolyline
 90
1
 70
 0
 43
0.15199390398780802 
 10
138.54607569215136
 20
65.40340360680716
 10
139.84427228854452
 20
65.40340360680716
  0
LWPOLYLINE
  5
489
330
1F
100
AcDbEntity
  8
TopSilkLayer
100
AcDbPolyline
 90
1
 70
 0
 43
0.15199390398780802 
 10
139.84427228854452
 20
63.656134112268205
 10
138.51534163068322
 20
63.656134112268205
  0
LWPOLYLINE
  5
48a
330
1F
100
AcDbEntity
  8
TopSilkLayer
100
AcDbPolyline
 90
1
 70
 0
 43
0.15199390398780802 
 10
138.54607569215136
 20
60.403429006858005
 10
139.84427228854452
 20
60.403429006858005
  0
LWPOLYLINE
  5
48b
330
1F
100
AcDbEntity
  8
TopSilkLayer
100
AcDbPolyline
 90
1
 70
 0
 43
0.15199390398780802 
 10
139.84427228854452
 20
58.656159512318936
 10
138.51536703073407
 20
58.656159512318936
  0
LWPOLYLINE
  5
48c
330
1F
100
AcDbEntity
  8
TopSilkLayer
100
AcDbPolyline
 90
1
 70
 0
 43
0.15199390398780802 
 10
138.54607569215136
 20
55.403429006858005
 10
139.84427228854452
 20
55.403429006858005
  0
LWPOLYLINE
  5
48d
330
1F
100
AcDbEntity
  8
TopSilkLayer
100
AcDbPolyline
 90
1
 70
 0
 43
0.15199390398780802 
 10
139.84427228854452
 20
53.656159512318936
 10
138.51534163068322
 20
53.656159512318936
  0
LWPOLYLINE
  5
48e
330
1F
100
AcDbEntity
  8
TopSilkLayer
100
AcDbPolyline
 90
1
 70
 0
 43
0.15199390398780802 
 10
138.54612649225305
 20
50.40342900685789
 10
139.84429768859536
 20
50.40342900685789
  0
LWPOLYLINE
  5
48f
330
1F
100
AcDbEntity
  8
TopSilkLayer
100
AcDbPolyline
 90
1
 70
 0
 43
0.15199390398780802 
 10
139.84429768859536
 20
48.656134112268205
 10
138.5153924307849
 20
48.656134112268205
  0
LWPOLYLINE
  5
490
330
1F
100
AcDbEntity
  8
TopSilkLayer
100
AcDbPolyline
 90
1
 70
 0
 43
0.15199390398780802 
 10
138.54607569215136
 20
45.40340360680716
 10
139.84427228854452
 20
45.40340360680716
  0
LWPOLYLINE
  5
491
330
1F
100
AcDbEntity
  8
TopSilkLayer
100
AcDbPolyline
 90
1
 70
 0
 43
0.15199390398780802 
 10
139.84427228854452
 20
43.656134112268205
 10
138.51536703073407
 20
43.656134112268205
  0
LWPOLYLINE
  5
492
330
1F
100
AcDbEntity
  8
TopSilkLayer
100
AcDbPolyline
 90
1
 70
 0
 43
0.15199390398780802 
 10
138.54607569215136
 20
40.40340360680716
 10
139.84427228854452
 20
40.40340360680716
  0
LWPOLYLINE
  5
493
330
1F
100
AcDbEntity
  8
TopSilkLayer
100
AcDbPolyline
 90
1
 70
 0
 43
0.15199390398780802 
 10
139.84427228854452
 20
38.65613411226809
 10
138.51534163068322
 20
38.65613411226809
  0
LWPOLYLINE
  5
494
330
1F
100
AcDbEntity
  8
TopSilkLayer
100
AcDbPolyline
 90
1
 70
 0
 43
0.25400050800101603 
 10
132.27127254254515
 20
20.94803149606298
 10
132.27127254254515
 20
35.94808229616456
  0
LWPOLYLINE
  5
495
330
1F
100
AcDbEntity
  8
TopSilkLayer
100
AcDbPolyline
 90
1
 70
 0
 43
0.25400050800101603 
 10
132.27127254254515
 20
35.94808229616456
 10
139.97127254254497
 20
35.94808229616456
  0
LWPOLYLINE
  5
496
330
1F
100
AcDbEntity
  8
TopSilkLayer
100
AcDbPolyline
 90
1
 70
 0
 43
0.25400050800101603 
 10
132.27127254254515
 20
20.94803149606298
 10
139.97127254254497
 20
20.94803149606298
  0
LWPOLYLINE
  5
497
330
1F
100
AcDbEntity
  8
TopSilkLayer
100
AcDbPolyline
 90
1
 70
 0
 43
0.25400050800101603 
 10
139.97127254254497
 20
20.94803149606298
 10
139.97127254254497
 20
35.94808229616456
  0
LWPOLYLINE
  5
498
330
1F
100
AcDbEntity
  8
TopSilkLayer
100
AcDbPolyline
 90
1
 70
 0
 43
0.25400050800101603 
 10
134.07071374142765
 20
20.94803149606298
 10
134.07071374142765
 20
35.94808229616456
  0
LWPOLYLINE
  5
499
330
1F
100
AcDbEntity
  8
TopSilkLayer
100
AcDbPolyline
 90
1
 70
 0
 43
0.25400050800101603 
 10
138.11590043180104
 20
20.94803149606298
 10
138.11590043180104
 20
35.94808229616456
  0
LWPOLYLINE
  5
49a
330
1F
100
AcDbEntity
  8
TopSilkLayer
100
AcDbPolyline
 90
3
 70
 0
 43
0.25400050800101603 
 10
133.57965455930935
 20
35.94808229616456
 10
133.57965455930935
 20
36.57607315214625
 10
134.62026924053862
 20
36.57607315214625
 10
134.62026924053862
 20
35.94808229616456
  0
LWPOLYLINE
  5
49b
330
1F
100
AcDbEntity
  8
TopSilkLayer
100
AcDbPolyline
 90
1
 70
 0
 43
0.25400050800101603 
 10
31.940055880111686
 20
75.8261620523241
 10
31.940055880111686
 20
60.82611125222252
  0
LWPOLYLINE
  5
49c
330
1F
100
AcDbEntity
  8
TopSilkLayer
100
AcDbPolyline
 90
1
 70
 0
 43
0.25400050800101603 
 10
31.940055880111686
 20
60.82611125222252
 10
24.240055880111868
 20
60.82611125222252
  0
LWPOLYLINE
  5
49d
330
1F
100
AcDbEntity
  8
TopSilkLayer
100
AcDbPolyline
 90
1
 70
 0
 43
0.25400050800101603 
 10
31.940055880111686
 20
75.8261620523241
 10
24.240055880111868
 20
75.8261620523241
  0
LWPOLYLINE
  5
49e
330
1F
100
AcDbEntity
  8
TopSilkLayer
100
AcDbPolyline
 90
1
 70
 0
 43
0.25400050800101603 
 10
24.240055880111868
 20
75.8261620523241
 10
24.240055880111868
 20
60.82611125222252
  0
LWPOLYLINE
  5
49f
330
1F
100
AcDbEntity
  8
TopSilkLayer
100
AcDbPolyline
 90
1
 70
 0
 43
0.25400050800101603 
 10
30.14061468122941
 20
75.8261620523241
 10
30.14061468122941
 20
60.82611125222252
  0
LWPOLYLINE
  5
4a0
330
1F
100
AcDbEntity
  8
TopSilkLayer
100
AcDbPolyline
 90
1
 70
 0
 43
0.25400050800101603 
 10
26.095427990856024
 20
75.8261620523241
 10
26.095427990856024
 20
60.82611125222252
  0
LWPOLYLINE
  5
4a1
330
1F
100
AcDbEntity
  8
TopSilkLayer
100
AcDbPolyline
 90
3
 70
 0
 43
0.25400050800101603 
 10
30.631673863347714
 20
60.82611125222252
 10
30.631673863347714
 20
60.19812039624071
 10
29.591059182118443
 20
60.19812039624071
 10
29.591059182118443
 20
60.82611125222252
  0
LWPOLYLINE
  5
4a2
330
1F
100
AcDbEntity
  8
TopSilkLayer
100
AcDbPolyline
 90
1
 70
 0
 43
0.25400050800101603 
 10
31.940055880111686
 20
44.71109982219957
 10
31.940055880111686
 20
29.711049022097995
  0
LWPOLYLINE
  5
4a3
330
1F
100
AcDbEntity
  8
TopSilkLayer
100
AcDbPolyline
 90
1
 70
 0
 43
0.25400050800101603 
 10
31.940055880111686
 20
29.711049022097995
 10
24.240055880111868
 20
29.711049022097995
  0
LWPOLYLINE
  5
4a4
330
1F
100
AcDbEntity
  8
TopSilkLayer
100
AcDbPolyline
 90
1
 70
 0
 43
0.25400050800101603 
 10
31.940055880111686
 20
44.71109982219957
 10
24.240055880111868
 20
44.71109982219957
  0
LWPOLYLINE
  5
4a5
330
1F
100
AcDbEntity
  8
TopSilkLayer
100
AcDbPolyline
 90
1
 70
 0
 43
0.25400050800101603 
 10
24.240055880111868
 20
44.71109982219957
 10
24.240055880111868
 20
29.711049022097995
  0
LWPOLYLINE
  5
4a6
330
1F
100
AcDbEntity
  8
TopSilkLayer
100
AcDbPolyline
 90
1
 70
 0
 43
0.25400050800101603 
 10
30.14061468122941
 20
44.71109982219957
 10
30.14061468122941
 20
29.711049022097995
  0
LWPOLYLINE
  5
4a7
330
1F
100
AcDbEntity
  8
TopSilkLayer
100
AcDbPolyline
 90
1
 70
 0
 43
0.25400050800101603 
 10
26.095427990856024
 20
44.71109982219957
 10
26.095427990856024
 20
29.711049022097995
  0
LWPOLYLINE
  5
4a8
330
1F
100
AcDbEntity
  8
TopSilkLayer
100
AcDbPolyline
 90
3
 70
 0
 43
0.25400050800101603 
 10
30.631673863347714
 20
29.711049022097995
 10
30.631673863347714
 20
29.083058166116302
 10
29.591059182118443
 20
29.083058166116302
 10
29.591059182118443
 20
29.711049022097995
  0
LWPOLYLINE
  5
4a9
330
1F
100
AcDbEntity
  8
TopSilkLayer
100
AcDbPolyline
 90
1
 70
 0
 43
0.25400050800101603 
 10
132.39827279654583
 20
8.970002540004998
 10
132.39827279654583
 20
18.970027940055843
  0
LWPOLYLINE
  5
4aa
330
1F
100
AcDbEntity
  8
TopSilkLayer
100
AcDbPolyline
 90
1
 70
 0
 43
0.25400050800101603 
 10
132.39827279654583
 20
18.970027940055843
 10
140.09827279654564
 20
18.970027940055843
  0
LWPOLYLINE
  5
4ab
330
1F
100
AcDbEntity
  8
TopSilkLayer
100
AcDbPolyline
 90
1
 70
 0
 43
0.25400050800101603 
 10
132.39827279654583
 20
8.970002540004998
 10
140.09827279654564
 20
8.970002540004998
  0
LWPOLYLINE
  5
4ac
330
1F
100
AcDbEntity
  8
TopSilkLayer
100
AcDbPolyline
 90
1
 70
 0
 43
0.25400050800101603 
 10
140.09827279654564
 20
8.970002540004998
 10
140.09827279654564
 20
18.970027940055843
  0
LWPOLYLINE
  5
4ad
330
1F
100
AcDbEntity
  8
TopSilkLayer
100
AcDbPolyline
 90
1
 70
 0
 43
0.25400050800101603 
 10
134.1977139954281
 20
8.970002540004998
 10
134.1977139954281
 20
18.970027940055843
  0
LWPOLYLINE
  5
4ae
330
1F
100
AcDbEntity
  8
TopSilkLayer
100
AcDbPolyline
 90
1
 70
 0
 43
0.25400050800101603 
 10
138.24287528575064
 20
8.970002540004998
 10
138.24287528575064
 20
18.970027940055843
  0
LWPOLYLINE
  5
4af
330
1F
100
AcDbEntity
  8
TopSilkLayer
100
AcDbPolyline
 90
3
 70
 0
 43
0.25400050800101603 
 10
133.73126746253502
 20
19.050038100076108
 10
133.73126746253502
 20
19.678028956057915
 10
134.7718821437643
 20
19.678028956057915
 10
134.7718821437643
 20
19.050038100076108
  0
LWPOLYLINE
  5
4b0
330
1F
100
AcDbEntity
  8
TopSilkLayer
100
AcDbPolyline
 90
3
 70
 0
 43
0.15199390398780802 
 10
45.362153924307904
 20
96.224257048514
 10
45.138887477774915
 20
96.00099060198113
 10
43.86888493776996
 20
96.00099060198113
 10
43.614884429768836
 20
96.25499110998214
  0
LWPOLYLINE
  5
4b1
330
1F
100
AcDbEntity
  8
TopSilkLayer
100
AcDbPolyline
 90
3
 70
 0
 43
0.15199390398780802 
 10
50.362153924307904
 20
96.224257048514
 10
50.13888747777514
 20
96.00099060198113
 10
48.86888493776996
 20
96.00099060198113
 10
48.61488442976906
 20
96.25499110998214
  0
LWPOLYLINE
  5
4b2
330
1F
100
AcDbEntity
  8
TopSilkLayer
100
AcDbPolyline
 90
3
 70
 0
 43
0.15199390398780802 
 10
55.362153924307904
 20
96.22428244856485
 10
55.138887477774915
 20
96.00099060198113
 10
53.86888493776996
 20
96.00099060198113
 10
53.614884429768836
 20
96.25499110998214
  0
LWPOLYLINE
  5
4b3
330
1F
100
AcDbEntity
  8
TopSilkLayer
100
AcDbPolyline
 90
3
 70
 0
 43
0.15199390398780802 
 10
60.362153924307904
 20
96.22428244856485
 10
60.13888747777514
 20
96.00099060198113
 10
58.86888493776996
 20
96.00099060198113
 10
58.61488442976906
 20
96.25499110998214
  0
LWPOLYLINE
  5
4b4
330
1F
100
AcDbEntity
  8
TopSilkLayer
100
AcDbPolyline
 90
3
 70
 0
 43
0.15199390398780802 
 10
65.36212852425729
 20
96.224257048514
 10
65.13886207772407
 20
96.00099060198113
 10
63.86885953771889
 20
96.00099060198113
 10
63.61485902971799
 20
96.25499110998214
  0
LWPOLYLINE
  5
4b5
330
1F
100
AcDbEntity
  8
TopSilkLayer
100
AcDbPolyline
 90
3
 70
 0
 43
0.15199390398780802 
 10
70.3621539243079
 20
96.224257048514
 10
70.13888747777514
 20
96.00099060198113
 10
68.86888493776996
 20
96.00099060198113
 10
68.61488442976884
 20
96.25499110998214
  0
LWPOLYLINE
  5
4b6
330
1F
100
AcDbEntity
  8
TopSilkLayer
100
AcDbPolyline
 90
3
 70
 0
 43
0.15199390398780802 
 10
75.36212852425706
 20
96.22428244856485
 10
75.1388620777243
 20
96.00099060198113
 10
73.86885953771912
 20
96.00099060198113
 10
73.61485902971822
 20
96.25499110998214
  0
LWPOLYLINE
  5
4b7
330
1F
100
AcDbEntity
  8
TopSilkLayer
100
AcDbPolyline
 90
3
 70
 0
 43
0.15199390398780802 
 10
80.3621539243079
 20
96.22428244856485
 10
80.13888747777492
 20
96.00099060198113
 10
78.86888493776996
 20
96.00099060198113
 10
78.61488442976884
 20
96.25499110998214
  0
LWPOLYLINE
  5
4b8
330
1F
100
AcDbEntity
  8
TopSilkLayer
100
AcDbPolyline
 90
3
 70
 0
 43
0.15199390398780802 
 10
85.3621539243079
 20
96.22428244856485
 10
85.13888747777492
 20
96.00101600203197
 10
83.86888493776974
 20
96.00101600203197
 10
83.61488442976884
 20
96.25501651003299
  0
LWPOLYLINE
  5
4b9
330
1F
100
AcDbEntity
  8
TopSilkLayer
100
AcDbPolyline
 90
3
 70
 0
 43
0.15199390398780802 
 10
90.3621539243079
 20
96.224257048514
 10
90.13888747777492
 20
96.00099060198113
 10
88.86888493776996
 20
96.00099060198113
 10
88.61488442976884
 20
96.25499110998214
  0
LWPOLYLINE
  5
4ba
330
1F
100
AcDbEntity
  8
TopSilkLayer
100
AcDbPolyline
 90
3
 70
 0
 43
0.15199390398780802 
 10
95.36212852425706
 20
96.22428244856485
 10
95.1388620777243
 20
96.00099060198113
 10
93.86885953771912
 20
96.00099060198113
 10
93.61485902971822
 20
96.25499110998214
  0
LWPOLYLINE
  5
4bb
330
1F
100
AcDbEntity
  8
TopSilkLayer
100
AcDbPolyline
 90
3
 70
 0
 43
0.15199390398780802 
 10
100.36212852425706
 20
96.224257048514
 10
100.13886207772407
 20
96.00099060198113
 10
98.86885953771912
 20
96.00099060198113
 10
98.61485902971799
 20
96.25499110998214
  0
LWPOLYLINE
  5
4bc
330
1F
100
AcDbEntity
  8
TopSilkLayer
100
AcDbPolyline
 90
3
 70
 0
 43
0.15199390398780802 
 10
105.3621539243079
 20
96.22430784861558
 10
105.1388620777243
 20
96.0010414020827
 10
103.86885953771912
 20
96.0010414020827
 10
103.61485902971822
 20
96.25504191008372
  0
LWPOLYLINE
  5
4bd
330
1F
100
AcDbEntity
  8
TopSilkLayer
100
AcDbPolyline
 90
3
 70
 0
 43
0.15199390398780802 
 10
110.3621539243079
 20
96.22428244856485
 10
110.13888747777492
 20
96.00099060198113
 10
108.86888493776996
 20
96.00099060198113
 10
108.61488442976884
 20
96.25499110998214
  0
LWPOLYLINE
  5
4be
330
1F
100
AcDbEntity
  8
TopSilkLayer
100
AcDbPolyline
 90
3
 70
 0
 43
0.15199390398780802 
 10
115.3621539243079
 20
96.224257048514
 10
115.13888747777514
 20
96.00099060198113
 10
113.86888493776996
 20
96.00099060198113
 10
113.61488442976884
 20
96.25499110998214
  0
LWPOLYLINE
  5
4bf
330
1F
100
AcDbEntity
  8
TopSilkLayer
100
AcDbPolyline
 90
1
 70
 0
 43
0.15199390398780802 
 10
43.614884429768836
 20
96.25499110998214
 10
43.614884429768836
 20
97.5531877063753
  0
LWPOLYLINE
  5
4c0
330
1F
100
AcDbEntity
  8
TopSilkLayer
100
AcDbPolyline
 90
1
 70
 0
 43
0.15199390398780802 
 10
45.362153924307904
 20
97.5531877063753
 10
45.362153924307904
 20
96.224257048514
  0
LWPOLYLINE
  5
4c1
330
1F
100
AcDbEntity
  8
TopSilkLayer
100
AcDbPolyline
 90
1
 70
 0
 43
0.15199390398780802 
 10
48.61488442976906
 20
96.25499110998214
 10
48.61488442976906
 20
97.5531877063753
  0
LWPOLYLINE
  5
4c2
330
1F
100
AcDbEntity
  8
TopSilkLayer
100
AcDbPolyline
 90
1
 70
 0
 43
0.15199390398780802 
 10
50.362153924307904
 20
97.5531877063753
 10
50.362153924307904
 20
96.224257048514
  0
LWPOLYLINE
  5
4c3
330
1F
100
AcDbEntity
  8
TopSilkLayer
100
AcDbPolyline
 90
1
 70
 0
 43
0.15199390398780802 
 10
53.614884429768836
 20
96.25499110998214
 10
53.614884429768836
 20
97.5531877063753
  0
LWPOLYLINE
  5
4c4
330
1F
100
AcDbEntity
  8
TopSilkLayer
100
AcDbPolyline
 90
1
 70
 0
 43
0.15199390398780802 
 10
55.362153924307904
 20
97.5531877063753
 10
55.362153924307904
 20
96.22428244856485
  0
LWPOLYLINE
  5
4c5
330
1F
100
AcDbEntity
  8
TopSilkLayer
100
AcDbPolyline
 90
1
 70
 0
 43
0.15199390398780802 
 10
58.61488442976906
 20
96.25499110998214
 10
58.61488442976906
 20
97.5531877063753
  0
LWPOLYLINE
  5
4c6
330
1F
100
AcDbEntity
  8
TopSilkLayer
100
AcDbPolyline
 90
1
 70
 0
 43
0.15199390398780802 
 10
60.362153924307904
 20
97.5531877063753
 10
60.362153924307904
 20
96.22428244856485
  0
LWPOLYLINE
  5
4c7
330
1F
100
AcDbEntity
  8
TopSilkLayer
100
AcDbPolyline
 90
1
 70
 0
 43
0.15199390398780802 
 10
63.61485902971799
 20
96.25499110998214
 10
63.61485902971799
 20
97.5531877063753
  0
LWPOLYLINE
  5
4c8
330
1F
100
AcDbEntity
  8
TopSilkLayer
100
AcDbPolyline
 90
1
 70
 0
 43
0.15199390398780802 
 10
65.36212852425729
 20
97.5531877063753
 10
65.36212852425729
 20
96.224257048514
  0
LWPOLYLINE
  5
4c9
330
1F
100
AcDbEntity
  8
TopSilkLayer
100
AcDbPolyline
 90
1
 70
 0
 43
0.15199390398780802 
 10
68.61488442976884
 20
96.25499110998214
 10
68.61488442976884
 20
97.5531877063753
  0
LWPOLYLINE
  5
4ca
330
1F
100
AcDbEntity
  8
TopSilkLayer
100
AcDbPolyline
 90
1
 70
 0
 43
0.15199390398780802 
 10
70.3621539243079
 20
97.5531877063753
 10
70.3621539243079
 20
96.224257048514
  0
LWPOLYLINE
  5
4cb
330
1F
100
AcDbEntity
  8
TopSilkLayer
100
AcDbPolyline
 90
1
 70
 0
 43
0.15199390398780802 
 10
73.61485902971822
 20
96.25499110998214
 10
73.61485902971822
 20
97.5531877063753
  0
LWPOLYLINE
  5
4cc
330
1F
100
AcDbEntity
  8
TopSilkLayer
100
AcDbPolyline
 90
1
 70
 0
 43
0.15199390398780802 
 10
75.36212852425706
 20
97.5531877063753
 10
75.36212852425706
 20
96.22428244856485
  0
LWPOLYLINE
  5
4cd
330
1F
100
AcDbEntity
  8
TopSilkLayer
100
AcDbPolyline
 90
1
 70
 0
 43
0.15199390398780802 
 10
78.61488442976884
 20
96.25499110998214
 10
78.61488442976884
 20
97.5531877063753
  0
LWPOLYLINE
  5
4ce
330
1F
100
AcDbEntity
  8
TopSilkLayer
100
AcDbPolyline
 90
1
 70
 0
 43
0.15199390398780802 
 10
80.3621539243079
 20
97.5531877063753
 10
80.3621539243079
 20
96.22428244856485
  0
LWPOLYLINE
  5
4cf
330
1F
100
AcDbEntity
  8
TopSilkLayer
100
AcDbPolyline
 90
1
 70
 0
 43
0.15199390398780802 
 10
83.61488442976884
 20
96.25501651003299
 10
83.61488442976884
 20
97.5531877063753
  0
LWPOLYLINE
  5
4d0
330
1F
100
AcDbEntity
  8
TopSilkLayer
100
AcDbPolyline
 90
1
 70
 0
 43
0.15199390398780802 
 10
85.3621539243079
 20
97.5531877063753
 10
85.3621539243079
 20
96.22428244856485
  0
LWPOLYLINE
  5
4d1
330
1F
100
AcDbEntity
  8
TopSilkLayer
100
AcDbPolyline
 90
1
 70
 0
 43
0.15199390398780802 
 10
88.61488442976884
 20
96.25499110998214
 10
88.61488442976884
 20
97.5531877063753
  0
LWPOLYLINE
  5
4d2
330
1F
100
AcDbEntity
  8
TopSilkLayer
100
AcDbPolyline
 90
1
 70
 0
 43
0.15199390398780802 
 10
90.3621539243079
 20
97.5531877063753
 10
90.3621539243079
 20
96.224257048514
  0
LWPOLYLINE
  5
4d3
330
1F
100
AcDbEntity
  8
TopSilkLayer
100
AcDbPolyline
 90
1
 70
 0
 43
0.15199390398780802 
 10
93.61485902971822
 20
96.25499110998214
 10
93.61485902971822
 20
97.5531877063753
  0
LWPOLYLINE
  5
4d4
330
1F
100
AcDbEntity
  8
TopSilkLayer
100
AcDbPolyline
 90
1
 70
 0
 43
0.15199390398780802 
 10
95.36212852425706
 20
97.5531877063753
 10
95.36212852425706
 20
96.22428244856485
  0
LWPOLYLINE
  5
4d5
330
1F
100
AcDbEntity
  8
TopSilkLayer
100
AcDbPolyline
 90
1
 70
 0
 43
0.15199390398780802 
 10
98.61485902971799
 20
96.25499110998214
 10
98.61485902971799
 20
97.5531877063753
  0
LWPOLYLINE
  5
4d6
330
1F
100
AcDbEntity
  8
TopSilkLayer
100
AcDbPolyline
 90
1
 70
 0
 43
0.15199390398780802 
 10
100.36212852425706
 20
97.5531877063753
 10
100.36212852425706
 20
96.224257048514
  0
LWPOLYLINE
  5
4d7
330
1F
100
AcDbEntity
  8
TopSilkLayer
100
AcDbPolyline
 90
1
 70
 0
 43
0.15199390398780802 
 10
103.61485902971822
 20
96.25504191008372
 10
103.61485902971822
 20
97.55321310642614
  0
LWPOLYLINE
  5
4d8
330
1F
100
AcDbEntity
  8
TopSilkLayer
100
AcDbPolyline
 90
1
 70
 0
 43
0.15199390398780802 
 10
105.3621539243079
 20
97.55321310642614
 10
105.3621539243079
 20
96.22430784861558
  0
LWPOLYLINE
  5
4d9
330
1F
100
AcDbEntity
  8
TopSilkLayer
100
AcDbPolyline
 90
1
 70
 0
 43
0.15199390398780802 
 10
108.61488442976884
 20
96.25499110998214
 10
108.61488442976884
 20
97.5531877063753
  0
LWPOLYLINE
  5
4da
330
1F
100
AcDbEntity
  8
TopSilkLayer
100
AcDbPolyline
 90
1
 70
 0
 43
0.15199390398780802 
 10
110.3621539243079
 20
97.5531877063753
 10
110.3621539243079
 20
96.22428244856485
  0
LWPOLYLINE
  5
4db
330
1F
100
AcDbEntity
  8
TopSilkLayer
100
AcDbPolyline
 90
1
 70
 0
 43
0.15199390398780802 
 10
113.61488442976884
 20
96.25499110998214
 10
113.61488442976884
 20
97.5531877063753
  0
LWPOLYLINE
  5
4dc
330
1F
100
AcDbEntity
  8
TopSilkLayer
100
AcDbPolyline
 90
1
 70
 0
 43
0.15199390398780802 
 10
115.3621539243079
 20
97.5531877063753
 10
115.3621539243079
 20
96.224257048514
  0
LWPOLYLINE
  5
4dd
330
1F
100
AcDbEntity
  8
TopSilkLayer
100
AcDbPolyline
 90
4
 70
 1
 43
0.15240030480060962 
 10
117.07823215646431
 20
89.77698755397512
 10
41.92608585217181
 20
89.77698755397512
 10
41.92608585217181
 20
97.55321310642614
 10
117.07823215646431
 20
97.55321310642614
 10
117.07823215646431
 20
89.77698755397512
  0
LWPOLYLINE
  5
4de
330
1F
100
AcDbEntity
  8
TopSilkLayer
100
AcDbPolyline
 90
1
 70
 0
 43
0.15199390398780802 
 10
41.92214884429768
 20
91.34318008636012
 10
117.07454914909817
 20
91.34318008636012
  0
LWPOLYLINE
  5
4df
330
1F
100
AcDbEntity
  8
TopSilkLayer
100
AcDbPolyline
 90
5
 70
 0
 43
0.15199390398780802 
 10
41.92214884429768
 20
91.47320294640588
 10
41.92214884429768
 20
91.40574041148079
 10
41.57216154432308
 20
91.06319532639066
 10
41.56215392430772
 20
91.05318770637541
 10
41.56835153670295
 20
92.28796037592076
 10
41.92214884429768
 20
91.93416306832614
  0
LWPOLYLINE
  5
4e0
330
1F
100
AcDbEntity
  8
TopSilkLayer
100
AcDbPolyline
 90
3
 70
 0
 43
0.15199390398780802 
 10
113.64216408432821
 20
1.5659385318770092
 10
113.86543053086098
 20
1.7892049784098845
 10
115.13543307086616
 20
1.7892049784098845
 10
115.38943357886728
 20
1.5352044704088712
  0
LWPOLYLINE
  5
4e1
330
1F
100
AcDbEntity
  8
TopSilkLayer
100
AcDbPolyline
 90
3
 70
 0
 43
0.15199390398780802 
 10
108.64216408432821
 20
1.5659385318770092
 10
108.86543053086098
 20
1.7892049784098845
 10
110.13543307086616
 20
1.7892049784098845
 10
110.38943357886706
 20
1.5352044704088712
  0
LWPOLYLINE
  5
4e2
330
1F
100
AcDbEntity
  8
TopSilkLayer
100
AcDbPolyline
 90
3
 70
 0
 43
0.15199390398780802 
 10
103.64216408432821
 20
1.5659131318261643
 10
103.8654305308612
 20
1.7892049784098845
 10
105.13543307086616
 20
1.7892049784098845
 10
105.38943357886728
 20
1.5352044704088712
  0
LWPOLYLINE
  5
4e3
330
1F
100
AcDbEntity
  8
TopSilkLayer
100
AcDbPolyline
 90
3
 70
 0
 43
0.15199390398780802 
 10
98.64216408432821
 20
1.5659131318261643
 10
98.86543053086098
 20
1.7892049784098845
 10
100.13543307086616
 20
1.7892049784098845
 10
100.38943357886706
 20
1.5352044704088712
  0
LWPOLYLINE
  5
4e4
330
1F
100
AcDbEntity
  8
TopSilkLayer
100
AcDbPolyline
 90
3
 70
 0
 43
0.15199390398780802 
 10
93.64218948437883
 20
1.5659385318770092
 10
93.86545593091205
 20
1.7892049784098845
 10
95.135458470917
 20
1.7892049784098845
 10
95.38945897891813
 20
1.5352044704088712
  0
LWPOLYLINE
  5
4e5
330
1F
100
AcDbEntity
  8
TopSilkLayer
100
AcDbPolyline
 90
3
 70
 0
 43
0.15199390398780802 
 10
88.64216408432821
 20
1.5659385318770092
 10
88.86543053086098
 20
1.7892049784098845
 10
90.13543307086616
 20
1.7892049784098845
 10
90.38943357886706
 20
1.5352044704088712
  0
LWPOLYLINE
  5
4e6
330
1F
100
AcDbEntity
  8
TopSilkLayer
100
AcDbPolyline
 90
3
 70
 0
 43
0.15199390398780802 
 10
83.64218948437883
 20
1.5659131318261643
 10
83.86545593091182
 20
1.7892049784098845
 10
85.13545847091677
 20
1.7892049784098845
 10
85.3894589789179
 20
1.5352044704088712
  0
LWPOLYLINE
  5
4e7
330
1F
100
AcDbEntity
  8
TopSilkLayer
100
AcDbPolyline
 90
3
 70
 0
 43
0.15199390398780802 
 10
78.64216408432821
 20
1.5659131318261643
 10
78.86543053086098
 20
1.7892049784098845
 10
80.13543307086616
 20
1.7892049784098845
 10
80.38943357886706
 20
1.5352044704088712
  0
LWPOLYLINE
  5
4e8
330
1F
100
AcDbEntity
  8
TopSilkLayer
100
AcDbPolyline
 90
3
 70
 0
 43
0.15199390398780802 
 10
73.64216408432799
 20
1.5659131318261643
 10
73.8654305308612
 20
1.7891795783590396
 10
75.13543307086616
 20
1.7891795783590396
 10
75.38943357886728
 20
1.5351790703580264
  0
LWPOLYLINE
  5
4e9
330
1F
100
AcDbEntity
  8
TopSilkLayer
100
AcDbPolyline
 90
3
 70
 0
 43
0.15199390398780802 
 10
68.64216408432821
 20
1.5659385318770092
 10
68.86543053086098
 20
1.7892049784098845
 10
70.13543307086616
 20
1.7892049784098845
 10
70.38943357886728
 20
1.5352044704088712
  0
LWPOLYLINE
  5
4ea
330
1F
100
AcDbEntity
  8
TopSilkLayer
100
AcDbPolyline
 90
3
 70
 0
 43
0.15199390398780802 
 10
63.64218948437906
 20
1.5659131318261643
 10
63.86545593091182
 20
1.7892049784098845
 10
65.135458470917
 20
1.7892049784098845
 10
65.3894589789179
 20
1.5352044704088712
  0
LWPOLYLINE
  5
4eb
330
1F
100
AcDbEntity
  8
TopSilkLayer
100
AcDbPolyline
 90
3
 70
 0
 43
0.15199390398780802 
 10
58.64218948437906
 20
1.5659385318770092
 10
58.86545593091205
 20
1.7892049784098845
 10
60.135458470917
 20
1.7892049784098845
 10
60.38945897891813
 20
1.5352044704088712
  0
LWPOLYLINE
  5
4ec
330
1F
100
AcDbEntity
  8
TopSilkLayer
100
AcDbPolyline
 90
3
 70
 0
 43
0.15199390398780802 
 10
53.642164084328215
 20
1.5658877317754332
 10
53.86545593091182
 20
1.7891541783083085
 10
55.135458470917
 20
1.7891541783083085
 10
55.3894589789179
 20
1.5351536703072952
  0
LWPOLYLINE
  5
4ed
330
1F
100
AcDbEntity
  8
TopSilkLayer
100
AcDbPolyline
 90
3
 70
 0
 43
0.15199390398780802 
 10
48.642164084328215
 20
1.5659131318261643
 10
48.865430530861204
 20
1.7892049784098845
 10
50.135433070866156
 20
1.7892049784098845
 10
50.38943357886728
 20
1.5352044704088712
  0
LWPOLYLINE
  5
4ee
330
1F
100
AcDbEntity
  8
TopSilkLayer
100
AcDbPolyline
 90
3
 70
 0
 43
0.15199390398780802 
 10
43.642164084328215
 20
1.5659385318770092
 10
43.865430530860976
 20
1.7892049784098845
 10
45.135433070866156
 20
1.7892049784098845
 10
45.389433578867056
 20
1.5352044704088712
  0
LWPOLYLINE
  5
4ef
330
1F
100
AcDbEntity
  8
TopSilkLayer
100
AcDbPolyline
 90
1
 70
 0
 43
0.15199390398780802 
 10
115.38943357886728
 20
1.5352044704088712
 10
115.38943357886728
 20
0.23700787401571688
  0
LWPOLYLINE
  5
4f0
330
1F
100
AcDbEntity
  8
TopSilkLayer
100
AcDbPolyline
 90
1
 70
 0
 43
0.15199390398780802 
 10
113.64216408432821
 20
0.23700787401571688
 10
113.64216408432821
 20
1.5659385318770092
  0
LWPOLYLINE
  5
4f1
330
1F
100
AcDbEntity
  8
TopSilkLayer
100
AcDbPolyline
 90
1
 70
 0
 43
0.15199390398780802 
 10
110.38943357886706
 20
1.5352044704088712
 10
110.38943357886706
 20
0.23700787401571688
  0
LWPOLYLINE
  5
4f2
330
1F
100
AcDbEntity
  8
TopSilkLayer
100
AcDbPolyline
 90
1
 70
 0
 43
0.15199390398780802 
 10
108.64216408432821
 20
0.23700787401571688
 10
108.64216408432821
 20
1.5659385318770092
  0
LWPOLYLINE
  5
4f3
330
1F
100
AcDbEntity
  8
TopSilkLayer
100
AcDbPolyline
 90
1
 70
 0
 43
0.15199390398780802 
 10
105.38943357886728
 20
1.5352044704088712
 10
105.38943357886728
 20
0.23700787401571688
  0
LWPOLYLINE
  5
4f4
330
1F
100
AcDbEntity
  8
TopSilkLayer
100
AcDbPolyline
 90
1
 70
 0
 43
0.15199390398780802 
 10
103.64216408432821
 20
0.23700787401571688
 10
103.64216408432821
 20
1.5659131318261643
  0
LWPOLYLINE
  5
4f5
330
1F
100
AcDbEntity
  8
TopSilkLayer
100
AcDbPolyline
 90
1
 70
 0
 43
0.15199390398780802 
 10
100.38943357886706
 20
1.5352044704088712
 10
100.38943357886706
 20
0.23700787401571688
  0
LWPOLYLINE
  5
4f6
330
1F
100
AcDbEntity
  8
TopSilkLayer
100
AcDbPolyline
 90
1
 70
 0
 43
0.15199390398780802 
 10
98.64216408432821
 20
0.23700787401571688
 10
98.64216408432821
 20
1.5659131318261643
  0
LWPOLYLINE
  5
4f7
330
1F
100
AcDbEntity
  8
TopSilkLayer
100
AcDbPolyline
 90
1
 70
 0
 43
0.15199390398780802 
 10
95.38945897891813
 20
1.5352044704088712
 10
95.38945897891813
 20
0.23700787401571688
  0
LWPOLYLINE
  5
4f8
330
1F
100
AcDbEntity
  8
TopSilkLayer
100
AcDbPolyline
 90
1
 70
 0
 43
0.15199390398780802 
 10
93.64218948437883
 20
0.23700787401571688
 10
93.64218948437883
 20
1.5659385318770092
  0
LWPOLYLINE
  5
4f9
330
1F
100
AcDbEntity
  8
TopSilkLayer
100
AcDbPolyline
 90
1
 70
 0
 43
0.15199390398780802 
 10
90.38943357886706
 20
1.5352044704088712
 10
90.38943357886706
 20
0.23700787401571688
  0
LWPOLYLINE
  5
4fa
330
1F
100
AcDbEntity
  8
TopSilkLayer
100
AcDbPolyline
 90
1
 70
 0
 43
0.15199390398780802 
 10
88.64216408432821
 20
0.23700787401571688
 10
88.64216408432821
 20
1.5659385318770092
  0
LWPOLYLINE
  5
4fb
330
1F
100
AcDbEntity
  8
TopSilkLayer
100
AcDbPolyline
 90
1
 70
 0
 43
0.15199390398780802 
 10
85.3894589789179
 20
1.5352044704088712
 10
85.3894589789179
 20
0.23700787401571688
  0
LWPOLYLINE
  5
4fc
330
1F
100
AcDbEntity
  8
TopSilkLayer
100
AcDbPolyline
 90
1
 70
 0
 43
0.15199390398780802 
 10
83.64218948437883
 20
0.23700787401571688
 10
83.64218948437883
 20
1.5659131318261643
  0
LWPOLYLINE
  5
4fd
330
1F
100
AcDbEntity
  8
TopSilkLayer
100
AcDbPolyline
 90
1
 70
 0
 43
0.15199390398780802 
 10
80.38943357886706
 20
1.5352044704088712
 10
80.38943357886706
 20
0.23700787401571688
  0
LWPOLYLINE
  5
4fe
330
1F
100
AcDbEntity
  8
TopSilkLayer
100
AcDbPolyline
 90
1
 70
 0
 43
0.15199390398780802 
 10
78.64216408432821
 20
0.23700787401571688
 10
78.64216408432821
 20
1.5659131318261643
  0
LWPOLYLINE
  5
4ff
330
1F
100
AcDbEntity
  8
TopSilkLayer
100
AcDbPolyline
 90
1
 70
 0
 43
0.15199390398780802 
 10
75.38943357886728
 20
1.5351790703580264
 10
75.38943357886728
 20
0.23700787401571688
  0
LWPOLYLINE
  5
500
330
1F
100
AcDbEntity
  8
TopSilkLayer
100
AcDbPolyline
 90
1
 70
 0
 43
0.15199390398780802 
 10
73.64216408432799
 20
0.23700787401571688
 10
73.64216408432799
 20
1.5659131318261643
  0
LWPOLYLINE
  5
501
330
1F
100
AcDbEntity
  8
TopSilkLayer
100
AcDbPolyline
 90
1
 70
 0
 43
0.15199390398780802 
 10
70.38943357886728
 20
1.5352044704088712
 10
70.38943357886728
 20
0.23700787401571688
  0
LWPOLYLINE
  5
502
330
1F
100
AcDbEntity
  8
TopSilkLayer
100
AcDbPolyline
 90
1
 70
 0
 43
0.15199390398780802 
 10
68.64216408432821
 20
0.23700787401571688
 10
68.64216408432821
 20
1.5659385318770092
  0
LWPOLYLINE
  5
503
330
1F
100
AcDbEntity
  8
TopSilkLayer
100
AcDbPolyline
 90
1
 70
 0
 43
0.15199390398780802 
 10
65.3894589789179
 20
1.5352044704088712
 10
65.3894589789179
 20
0.23700787401571688
  0
LWPOLYLINE
  5
504
330
1F
100
AcDbEntity
  8
TopSilkLayer
100
AcDbPolyline
 90
1
 70
 0
 43
0.15199390398780802 
 10
63.64218948437906
 20
0.23700787401571688
 10
63.64218948437906
 20
1.5659131318261643
  0
LWPOLYLINE
  5
505
330
1F
100
AcDbEntity
  8
TopSilkLayer
100
AcDbPolyline
 90
1
 70
 0
 43
0.15199390398780802 
 10
60.38945897891813
 20
1.5352044704088712
 10
60.38945897891813
 20
0.23700787401571688
  0
LWPOLYLINE
  5
506
330
1F
100
AcDbEntity
  8
TopSilkLayer
100
AcDbPolyline
 90
1
 70
 0
 43
0.15199390398780802 
 10
58.64218948437906
 20
0.23700787401571688
 10
58.64218948437906
 20
1.5659385318770092
  0
LWPOLYLINE
  5
507
330
1F
100
AcDbEntity
  8
TopSilkLayer
100
AcDbPolyline
 90
1
 70
 0
 43
0.15199390398780802 
 10
55.3894589789179
 20
1.5351536703072952
 10
55.3894589789179
 20
0.23698247396487204
  0
LWPOLYLINE
  5
508
330
1F
100
AcDbEntity
  8
TopSilkLayer
100
AcDbPolyline
 90
1
 70
 0
 43
0.15199390398780802 
 10
53.642164084328215
 20
0.23698247396487204
 10
53.642164084328215
 20
1.5658877317754332
  0
LWPOLYLINE
  5
509
330
1F
100
AcDbEntity
  8
TopSilkLayer
100
AcDbPolyline
 90
1
 70
 0
 43
0.15199390398780802 
 10
50.38943357886728
 20
1.5352044704088712
 10
50.38943357886728
 20
0.23700787401571688
  0
LWPOLYLINE
  5
50a
330
1F
100
AcDbEntity
  8
TopSilkLayer
100
AcDbPolyline
 90
1
 70
 0
 43
0.15199390398780802 
 10
48.642164084328215
 20
0.23700787401571688
 10
48.642164084328215
 20
1.5659131318261643
  0
LWPOLYLINE
  5
50b
330
1F
100
AcDbEntity
  8
TopSilkLayer
100
AcDbPolyline
 90
1
 70
 0
 43
0.15199390398780802 
 10
45.389433578867056
 20
1.5352044704088712
 10
45.389433578867056
 20
0.23700787401571688
  0
LWPOLYLINE
  5
50c
330
1F
100
AcDbEntity
  8
TopSilkLayer
100
AcDbPolyline
 90
1
 70
 0
 43
0.15199390398780802 
 10
43.642164084328215
 20
0.23700787401571688
 10
43.642164084328215
 20
1.5659385318770092
  0
LWPOLYLINE
  5
50d
330
1F
100
AcDbEntity
  8
TopSilkLayer
100
AcDbPolyline
 90
4
 70
 1
 43
0.15240030480060962 
 10
41.92608585217181
 20
8.013208026415896
 10
117.07823215646431
 20
8.013208026415896
 10
117.07823215646431
 20
0.23698247396487204
 10
41.92608585217181
 20
0.23698247396487204
 10
41.92608585217181
 20
8.013208026415896
  0
LWPOLYLINE
  5
50e
330
1F
100
AcDbEntity
  8
TopSilkLayer
100
AcDbPolyline
 90
1
 70
 0
 43
0.15199390398780802 
 10
117.08216916433844
 20
6.447015494030893
 10
41.92976885953772
 20
6.447015494030893
  0
LWPOLYLINE
  5
50f
330
1F
100
AcDbEntity
  8
TopSilkLayer
100
AcDbPolyline
 90
5
 70
 0
 43
0.15199390398780802 
 10
117.08216916433844
 20
6.316992633985251
 10
117.08216916433844
 20
6.3844551689103355
 10
117.43215646431281
 20
6.7270002540004725
 10
117.4421640843284
 20
6.737007874015717
 10
117.43596647193294
 20
5.502235204470367
 10
117.08216916433844
 20
5.856032512064871
  0
LWPOLYLINE
  5
510
330
1F
100
AcDbEntity
  8
TopSilkLayer
100
AcDbPolyline
 90
1
 70
 0
 43
0.25400050800101603 
 10
75.57236474472961
 20
28.908382016763994
 10
81.87239014478041
 20
28.908382016763994
  0
LWPOLYLINE
  5
511
330
1F
100
AcDbEntity
  8
TopSilkLayer
100
AcDbPolyline
 90
1
 70
 0
 43
0.25400050800101603 
 10
81.87239014478041
 20
28.908382016763994
 10
81.87239014478041
 20
26.508382016764017
  0
LWPOLYLINE
  5
512
330
1F
100
AcDbEntity
  8
TopSilkLayer
100
AcDbPolyline
 90
1
 70
 0
 43
0.25400050800101603 
 10
81.87239014478041
 20
26.508382016764017
 10
75.57236474472961
 20
26.508382016764017
  0
LWPOLYLINE
  5
513
330
1F
100
AcDbEntity
  8
TopSilkLayer
100
AcDbPolyline
 90
1
 70
 0
 43
0.25400050800101603 
 10
75.57236474472961
 20
26.508382016764017
 10
75.57236474472961
 20
28.908382016763994
  0
LWPOLYLINE
  5
514
330
1F
100
AcDbEntity
  8
TopSilkLayer
100
AcDbPolyline
 90
1
 70
 0
 43
0.25400050800101603 
 10
65.46235712471434
 20
77.4904749809499
 10
65.46235712471434
 20
70.89047498094999
  0
LWPOLYLINE
  5
515
330
1F
100
AcDbEntity
  8
TopSilkLayer
100
AcDbPolyline
 90
1
 70
 0
 43
0.25400050800101603 
 10
46.26230632461261
 20
77.4904749809499
 10
47.741554483108985
 20
77.4904749809499
  0
LWPOLYLINE
  5
516
330
1F
100
AcDbEntity
  8
TopSilkLayer
100
AcDbPolyline
 90
1
 70
 0
 43
0.25400050800101603 
 10
48.743078486156946
 20
77.4904749809499
 10
50.28155956311912
 20
77.4904749809499
  0
LWPOLYLINE
  5
517
330
1F
100
AcDbEntity
  8
TopSilkLayer
100
AcDbPolyline
 90
1
 70
 0
 43
0.25400050800101603 
 10
51.28308356616708
 20
77.4904749809499
 10
52.82156464312925
 20
77.4904749809499
  0
LWPOLYLINE
  5
518
330
1F
100
AcDbEntity
  8
TopSilkLayer
100
AcDbPolyline
 90
1
 70
 0
 43
0.25400050800101603 
 10
53.82308864617721
 20
77.4904749809499
 10
55.36156972313938
 20
77.4904749809499
  0
LWPOLYLINE
  5
519
330
1F
100
AcDbEntity
  8
TopSilkLayer
100
AcDbPolyline
 90
1
 70
 0
 43
0.25400050800101603 
 10
56.36309372618757
 20
77.4904749809499
 10
57.901574803149515
 20
77.4904749809499
  0
LWPOLYLINE
  5
51a
330
1F
100
AcDbEntity
  8
TopSilkLayer
100
AcDbPolyline
 90
1
 70
 0
 43
0.25400050800101603 
 10
58.903098806197704
 20
77.4904749809499
 10
60.44157988315965
 20
77.4904749809499
  0
LWPOLYLINE
  5
51b
330
1F
100
AcDbEntity
  8
TopSilkLayer
100
AcDbPolyline
 90
1
 70
 0
 43
0.25400050800101603 
 10
61.44310388620784
 20
77.4904749809499
 10
62.98158496316978
 20
77.4904749809499
  0
LWPOLYLINE
  5
51c
330
1F
100
AcDbEntity
  8
TopSilkLayer
100
AcDbPolyline
 90
1
 70
 0
 43
0.25400050800101603 
 10
63.98310896621797
 20
77.4904749809499
 10
65.46235712471434
 20
77.4904749809499
  0
LWPOLYLINE
  5
51d
330
1F
100
AcDbEntity
  8
TopSilkLayer
100
AcDbPolyline
 90
1
 70
 0
 43
0.25400050800101603 
 10
46.26230632461261
 20
70.89047498094999
 10
47.234061468122945
 20
70.89047498094999
  0
LWPOLYLINE
  5
51e
330
1F
100
AcDbEntity
  8
TopSilkLayer
100
AcDbPolyline
 90
1
 70
 0
 43
0.25400050800101603 
 10
49.25057150114321
 20
70.89047498094999
 10
50.28155956311912
 20
70.89047498094999
  0
LWPOLYLINE
  5
51f
330
1F
100
AcDbEntity
  8
TopSilkLayer
100
AcDbPolyline
 90
1
 70
 0
 43
0.25400050800101603 
 10
51.28308356616708
 20
70.89047498094999
 10
52.82156464312925
 20
70.89047498094999
  0
LWPOLYLINE
  5
520
330
1F
100
AcDbEntity
  8
TopSilkLayer
100
AcDbPolyline
 90
1
 70
 0
 43
0.25400050800101603 
 10
53.82308864617721
 20
70.89047498094999
 10
55.36156972313938
 20
70.89047498094999
  0
LWPOLYLINE
  5
521
330
1F
100
AcDbEntity
  8
TopSilkLayer
100
AcDbPolyline
 90
1
 70
 0
 43
0.25400050800101603 
 10
56.36309372618757
 20
70.89047498094999
 10
57.901574803149515
 20
70.89047498094999
  0
LWPOLYLINE
  5
522
330
1F
100
AcDbEntity
  8
TopSilkLayer
100
AcDbPolyline
 90
1
 70
 0
 43
0.25400050800101603 
 10
58.903098806197704
 20
70.89047498094999
 10
60.44157988315965
 20
70.89047498094999
  0
LWPOLYLINE
  5
523
330
1F
100
AcDbEntity
  8
TopSilkLayer
100
AcDbPolyline
 90
1
 70
 0
 43
0.25400050800101603 
 10
61.44310388620784
 20
70.89047498094999
 10
62.98158496316978
 20
70.89047498094999
  0
LWPOLYLINE
  5
524
330
1F
100
AcDbEntity
  8
TopSilkLayer
100
AcDbPolyline
 90
1
 70
 0
 43
0.25400050800101603 
 10
63.98310896621797
 20
70.89047498094999
 10
65.46235712471434
 20
70.89047498094999
  0
LWPOLYLINE
  5
525
330
1F
100
AcDbEntity
  8
TopSilkLayer
100
AcDbPolyline
 90
1
 70
 0
 43
0.25400050800101603 
 10
46.26230632461261
 20
77.4904749809499
 10
46.26230632461261
 20
75.15547371094738
  0
LWPOLYLINE
  5
526
330
1F
100
AcDbEntity
  8
TopSilkLayer
100
AcDbPolyline
 90
1
 70
 0
 43
0.25400050800101603 
 10
46.26230632461261
 20
70.89047498094999
 10
46.26230632461261
 20
73.22527305054598
  0
LWPOLYLINE
  5
527
330
1F
100
AcDbEntity
  8
TopSilkLayer
100
AcDbPolyline
 90
1
 70
 0
 43
0.25400050800101603 
 10
65.84335788671592
 20
31.770383540767057
 10
65.84335788671592
 20
25.170383540767034
  0
LWPOLYLINE
  5
528
330
1F
100
AcDbEntity
  8
TopSilkLayer
100
AcDbPolyline
 90
1
 70
 0
 43
0.25400050800101603 
 10
46.643307086614186
 20
31.770383540767057
 10
48.122555245110334
 20
31.770383540767057
  0
LWPOLYLINE
  5
529
330
1F
100
AcDbEntity
  8
TopSilkLayer
100
AcDbPolyline
 90
1
 70
 0
 43
0.25400050800101603 
 10
49.12407924815852
 20
31.770383540767057
 10
50.662560325120694
 20
31.770383540767057
  0
LWPOLYLINE
  5
52a
330
1F
100
AcDbEntity
  8
TopSilkLayer
100
AcDbPolyline
 90
1
 70
 0
 43
0.25400050800101603 
 10
51.664084328168656
 20
31.770383540767057
 10
53.20256540513083
 20
31.770383540767057
  0
LWPOLYLINE
  5
52b
330
1F
100
AcDbEntity
  8
TopSilkLayer
100
AcDbPolyline
 90
1
 70
 0
 43
0.25400050800101603 
 10
54.20408940817879
 20
31.770383540767057
 10
55.74257048514096
 20
31.770383540767057
  0
LWPOLYLINE
  5
52c
330
1F
100
AcDbEntity
  8
TopSilkLayer
100
AcDbPolyline
 90
1
 70
 0
 43
0.25400050800101603 
 10
56.74409448818892
 20
31.770383540767057
 10
58.28257556515109
 20
31.770383540767057
  0
LWPOLYLINE
  5
52d
330
1F
100
AcDbEntity
  8
TopSilkLayer
100
AcDbPolyline
 90
1
 70
 0
 43
0.25400050800101603 
 10
59.28409956819905
 20
31.770383540767057
 10
60.822580645161224
 20
31.770383540767057
  0
LWPOLYLINE
  5
52e
330
1F
100
AcDbEntity
  8
TopSilkLayer
100
AcDbPolyline
 90
1
 70
 0
 43
0.25400050800101603 
 10
61.82410464820941
 20
31.770383540767057
 10
63.36258572517136
 20
31.770383540767057
  0
LWPOLYLINE
  5
52f
330
1F
100
AcDbEntity
  8
TopSilkLayer
100
AcDbPolyline
 90
1
 70
 0
 43
0.25400050800101603 
 10
64.36410972821955
 20
31.770383540767057
 10
65.84335788671592
 20
31.770383540767057
  0
LWPOLYLINE
  5
530
330
1F
100
AcDbEntity
  8
TopSilkLayer
100
AcDbPolyline
 90
1
 70
 0
 43
0.25400050800101603 
 10
46.643307086614186
 20
25.170383540767034
 10
47.61506223012452
 20
25.170383540767034
  0
LWPOLYLINE
  5
531
330
1F
100
AcDbEntity
  8
TopSilkLayer
100
AcDbPolyline
 90
1
 70
 0
 43
0.25400050800101603 
 10
49.63157226314456
 20
25.170383540767034
 10
50.662560325120694
 20
25.170383540767034
  0
LWPOLYLINE
  5
532
330
1F
100
AcDbEntity
  8
TopSilkLayer
100
AcDbPolyline
 90
1
 70
 0
 43
0.25400050800101603 
 10
51.664084328168656
 20
25.170383540767034
 10
53.20256540513083
 20
25.170383540767034
  0
LWPOLYLINE
  5
533
330
1F
100
AcDbEntity
  8
TopSilkLayer
100
AcDbPolyline
 90
1
 70
 0
 43
0.25400050800101603 
 10
54.20408940817879
 20
25.170383540767034
 10
55.74257048514096
 20
25.170383540767034
  0
LWPOLYLINE
  5
534
330
1F
100
AcDbEntity
  8
TopSilkLayer
100
AcDbPolyline
 90
1
 70
 0
 43
0.25400050800101603 
 10
56.74409448818892
 20
25.170383540767034
 10
58.28257556515109
 20
25.170383540767034
  0
LWPOLYLINE
  5
535
330
1F
100
AcDbEntity
  8
TopSilkLayer
100
AcDbPolyline
 90
1
 70
 0
 43
0.25400050800101603 
 10
59.28409956819905
 20
25.170383540767034
 10
60.822580645161224
 20
25.170383540767034
  0
LWPOLYLINE
  5
536
330
1F
100
AcDbEntity
  8
TopSilkLayer
100
AcDbPolyline
 90
1
 70
 0
 43
0.25400050800101603 
 10
61.82410464820941
 20
25.170383540767034
 10
63.36258572517136
 20
25.170383540767034
  0
LWPOLYLINE
  5
537
330
1F
100
AcDbEntity
  8
TopSilkLayer
100
AcDbPolyline
 90
1
 70
 0
 43
0.25400050800101603 
 10
64.36410972821955
 20
25.170383540767034
 10
65.84335788671592
 20
25.170383540767034
  0
LWPOLYLINE
  5
538
330
1F
100
AcDbEntity
  8
TopSilkLayer
100
AcDbPolyline
 90
1
 70
 0
 43
0.25400050800101603 
 10
46.643307086614186
 20
31.770383540767057
 10
46.643307086614186
 20
29.435382270764535
  0
LWPOLYLINE
  5
539
330
1F
100
AcDbEntity
  8
TopSilkLayer
100
AcDbPolyline
 90
1
 70
 0
 43
0.25400050800101603 
 10
46.643307086614186
 20
25.170383540767034
 10
46.643307086614186
 20
27.505181610363138
  0
LWPOLYLINE
  5
53a
330
1F
100
AcDbEntity
  8
TopSilkLayer
100
AcDbPolyline
 90
4
 70
 0
 43
0.25400050800101603 
 10
55.9893827787655
 20
48.56088392176787
 10
57.159385318770774
 20
49.73088646177291
 10
57.159385318770774
 20
58.505435610871245
 10
57.159385318770774
 20
59.30350520701029
 10
55.9893827787655
 20
60.47350774701545
  0
LWPOLYLINE
  5
53b
330
1F
100
AcDbEntity
  8
TopSilkLayer
100
AcDbPolyline
 90
6
 70
 1
 43
0.25400050800101603 
 10
82.65938531877077
 20
60.50543561087113
 10
82.65938531877077
 20
60.50543561087113
 10
76.65938531877077
 20
54.50543561087113
 10
82.65938531877077
 20
48.505435610871245
 10
88.65938531877055
 20
54.50543561087113
 10
88.65938531877055
 20
54.50543561087113
 10
82.65938531877077
 20
60.50543561087113
  0
LWPOLYLINE
  5
53c
330
1F
100
AcDbEntity
  8
TopSilkLayer
100
AcDbPolyline
 90
1
 70
 0
 43
0.25400050800101603 
 10
55.9893827787655
 20
65.935433070866
 10
55.9893827787655
 20
43.075438150876266
  0
LWPOLYLINE
  5
53d
330
1F
100
AcDbEntity
  8
TopSilkLayer
100
AcDbPolyline
 90
3
 70
 0
 43
0.25400050800101603 
 10
55.9893827787655
 20
65.935433070866
 10
109.32938785877582
 20
65.935433070866
 10
109.32938785877582
 20
43.075438150876266
 10
55.9893827787655
 20
43.075438150876266
  0
LWPOLYLINE
  5
53e
330
1F
100
AcDbEntity
  8
TopSilkLayer
100
AcDbPolyline
 90
4
 70
 1
 43
0.25400050800101603 
 10
104.65943611887224
 20
60.50546101092198
 10
106.65943611887224
 20
60.50546101092198
 10
106.65943611887224
 20
48.50546101092198
 10
104.65943611887224
 20
48.50546101092198
 10
104.65943611887224
 20
60.50546101092198
  0
ARC
  5
53f
330
1F
100
AcDbEntity
  8
TopSilkLayer
100
AcDbCircle
 10
46.261709412149
 20
74.19037338075361
 30
0.0
 40
0.9651005147882195
100
AcDbArc
 50
270
 51
90
  0
ARC
  5
540
330
1F
100
AcDbEntity
  8
TopSilkLayer
100
AcDbCircle
 10
46.64271017415035
 20
28.470281940570658
 30
0.0
 40
0.9651005147882195
100
AcDbArc
 50
270
 51
90
0
TEXT
5
9b1
100
AcDbEntity
8
TopSilkLayer
7

461
2.0320040640081283
100
AcDbText
10
122.5552451104902
20
87.8841757683515
30
0
40
2.0320040640081283
1
GND
50
0
71
1
100
AcDbText
0
TEXT
5
9b2
100
AcDbEntity
8
TopSilkLayer
7

461
2.0320040640081283
100
AcDbText
10
122.68224536449065
20
83.05816611633225
30
0
40
2.0320040640081283
1
3.3V
50
0
71
1
100
AcDbText
0
TEXT
5
9b3
100
AcDbEntity
8
TopSilkLayer
7

461
2.0320040640081283
100
AcDbText
10
121.15824231648457
20
78.61315722631446
30
0
40
2.0320040640081283
1
PA9 pd
50
0
71
1
100
AcDbText
0
TEXT
5
9b4
100
AcDbEntity
8
TopSilkLayer
7

461
2.0320040640081283
100
AcDbText
10
122.5552451104902
20
73.53314706629408
30
0
40
2.0320040640081283
1
Out4
50
0
71
1
100
AcDbText
0
TEXT
5
9b5
100
AcDbEntity
8
TopSilkLayer
7

461
2.0320040640081283
100
AcDbText
10
122.68224536449065
20
68.58013716027426
30
0
40
2.0320040640081283
1
In4
50
0
71
1
100
AcDbText
0
TEXT
5
9b6
100
AcDbEntity
8
TopSilkLayer
7

461
2.0320040640081283
100
AcDbText
10
121.53924307848615
20
63.88112776225546
30
0
40
2.0320040640081283
1
Out3
50
0
71
1
100
AcDbText
0
TEXT
5
9b7
100
AcDbEntity
8
TopSilkLayer
7

461
2.0320040640081283
100
AcDbText
10
122.80924561849133
20
58.67411734823463
30
0
40
2.0320040640081283
1
In3
50
0
71
1
100
AcDbText
0
TEXT
5
9b8
100
AcDbEntity
8
TopSilkLayer
7

461
2.0320040640081283
100
AcDbText
10
121.79324358648728
20
53.84810769621538
30
0
40
2.0320040640081283
1
Out2
50
0
71
1
100
AcDbText
0
TEXT
5
9b9
100
AcDbEntity
8
TopSilkLayer
7

461
2.0320040640081283
100
AcDbText
10
122.5552451104902
20
48.768097536195
30
0
40
2.0320040640081283
1
In2
50
0
71
1
100
AcDbText
0
TEXT
5
9ba
100
AcDbEntity
8
TopSilkLayer
7

461
2.0320040640081283
100
AcDbText
10
122.17424434848863
20
43.94208788417575
30
0
40
2.0320040640081283
1
Out1
50
0
71
1
100
AcDbText
0
TEXT
5
9bb
100
AcDbEntity
8
TopSilkLayer
7

461
2.0320040640081283
100
AcDbText
10
122.80924561849133
20
38.86207772415537
30
0
40
2.0320040640081283
1
In1
50
0
71
1
100
AcDbText
0
TEXT
5
9bc
100
AcDbEntity
8
TopSilkLayer
7

461
2.0320040640081283
100
AcDbText
10
124.58724917449831
20
32.00406400812801
30
0
40
2.0320040640081283
1
GND
50
0
71
1
100
AcDbText
0
TEXT
5
9bd
100
AcDbEntity
8
TopSilkLayer
7

461
2.0320040640081283
100
AcDbText
10
126.11125222250439
20
27.30505461010921
30
0
40
2.0320040640081283
1
RX
50
0
71
1
100
AcDbText
0
TEXT
5
9be
100
AcDbEntity
8
TopSilkLayer
7

461
2.0320040640081283
100
AcDbText
10
126.11125222250439
20
22.606045212090407
30
0
40
2.0320040640081283
1
TX
50
0
71
1
100
AcDbText
0
TEXT
5
9bf
100
AcDbEntity
8
TopSilkLayer
7

461
2.0320040640081283
100
AcDbText
10
123.31724663449336
20
14.224028448056856
30
0
40
2.0320040640081283
1
GND
50
0
71
1
100
AcDbText
0
TEXT
5
9c0
100
AcDbEntity
8
TopSilkLayer
7

461
2.0320040640081283
100
AcDbText
10
120.2692405384812
20
9.90601981203963
30
0
40
2.0320040640081283
1
VIN3.3V
50
0
71
1
100
AcDbText
0
TEXT
5
9c1
100
AcDbEntity
8
TopSilkLayer
7

461
2.0320040640081283
100
AcDbText
10
34.41706883413758
20
71.88214376428755
30
0
40
2.0320040640081283
1
GND
50
0
71
1
100
AcDbText
0
TEXT
5
9c2
100
AcDbEntity
8
TopSilkLayer
7

461
2.0320040640081283
100
AcDbText
10
34.41706883413758
20
66.80213360426717
30
0
40
2.0320040640081283
1
GND
50
0
71
1
100
AcDbText
0
TEXT
5
9c3
100
AcDbEntity
8
TopSilkLayer
7

461
2.0320040640081283
100
AcDbText
10
34.41706883413758
20
61.849123698247354
30
0
40
2.0320040640081283
1
GND
50
0
71
1
100
AcDbText
0
TEXT
5
9c4
100
AcDbEntity
8
TopSilkLayer
7

461
2.0320040640081283
100
AcDbText
10
35.179070358140734
20
41.02108204216404
30
0
40
2.0320040640081283
1
3.3V
50
0
71
1
100
AcDbText
0
TEXT
5
9c5
100
AcDbEntity
8
TopSilkLayer
7

461
2.0320040640081283
100
AcDbText
10
35.179070358140734
20
35.941071882143774
30
0
40
2.0320040640081283
1
3.3V
50
0
71
1
100
AcDbText
0
TEXT
5
9c6
100
AcDbEntity
8
TopSilkLayer
7

461
2.0320040640081283
100
AcDbText
10
35.179070358140734
20
30.98806197612396
30
0
40
2.0320040640081283
1
3.3V
50
0
71
1
100
AcDbText
0
TEXT
5
9c7
100
AcDbEntity
8
TopSilkLayer
7

461
2.0320040640081283
100
AcDbText
10
45.46609093218194
20
10.03302006604008
30
0
40
2.0320040640081283
1
GND
50
90
71
1
100
AcDbText
0
TEXT
5
9c8
100
AcDbEntity
8
TopSilkLayer
7

461
2.0320040640081283
100
AcDbText
10
50.54610109220221
20
10.03302006604008
30
0
40
2.0320040640081283
1
GND
50
90
71
1
100
AcDbText
0
TEXT
5
9c9
100
AcDbEntity
8
TopSilkLayer
7

461
2.0320040640081283
100
AcDbText
10
55.49911099822202
20
10.03302006604008
30
0
40
2.0320040640081283
1
5V
50
90
71
1
100
AcDbText
0
TEXT
5
9ca
100
AcDbEntity
8
TopSilkLayer
7

461
2.0320040640081283
100
AcDbText
10
60.57912115824229
20
10.03302006604008
30
0
40
2.0320040640081283
1
PA10
50
90
71
1
100
AcDbText
0
TEXT
5
9cb
100
AcDbEntity
8
TopSilkLayer
7

461
2.0320040640081283
100
AcDbText
10
65.5321310642621
20
10.160020320040644
30
0
40
2.0320040640081283
1
PB9
50
90
71
1
100
AcDbText
0
TEXT
5
9cc
100
AcDbEntity
8
TopSilkLayer
7

461
2.0320040640081283
100
AcDbText
10
70.48514097028192
20
10.160020320040644
30
0
40
2.0320040640081283
1
PB8
50
90
71
1
100
AcDbText
0
TEXT
5
9cd
100
AcDbEntity
8
TopSilkLayer
7

461
2.0320040640081283
100
AcDbText
10
75.43815087630173
20
10.03302006604008
30
0
40
2.0320040640081283
1
PB7
50
90
71
1
100
AcDbText
0
TEXT
5
9ce
100
AcDbEntity
8
TopSilkLayer
7

461
2.0320040640081283
100
AcDbText
10
80.518161036322
20
10.160020320040644
30
0
40
2.0320040640081283
1
PB6
50
90
71
1
100
AcDbText
0
TEXT
5
9cf
100
AcDbEntity
8
TopSilkLayer
7

461
2.0320040640081283
100
AcDbText
10
85.47117094234181
20
10.160020320040644
30
0
40
2.0320040640081283
1
PA12
50
90
71
1
100
AcDbText
0
TEXT
5
9d0
100
AcDbEntity
8
TopSilkLayer
7

461
2.0320040640081283
100
AcDbText
10
90.42418084836163
20
10.160020320040644
30
0
40
2.0320040640081283
1
PA11
50
90
71
1
100
AcDbText
0
TEXT
5
9d1
100
AcDbEntity
8
TopSilkLayer
7

461
2.0320040640081283
100
AcDbText
10
95.37719075438145
20
10.160020320040644
30
0
40
2.0320040640081283
1
PA8
50
90
71
1
100
AcDbText
0
TEXT
5
9d2
100
AcDbEntity
8
TopSilkLayer
7

461
2.0320040640081283
100
AcDbText
10
100.33020066040126
20
10.03302006604008
30
0
40
2.0320040640081283
1
PB15
50
90
71
1
100
AcDbText
0
TEXT
5
9d3
100
AcDbEntity
8
TopSilkLayer
7

461
2.0320040640081283
100
AcDbText
10
105.41021082042175
20
10.03302006604008
30
0
40
2.0320040640081283
1
PB14
50
90
71
1
100
AcDbText
0
TEXT
5
9d4
100
AcDbEntity
8
TopSilkLayer
7

461
2.0320040640081283
100
AcDbText
10
110.49022098044202
20
10.160020320040644
30
0
40
2.0320040640081283
1
PB13
50
90
71
1
100
AcDbText
0
TEXT
5
9d5
100
AcDbEntity
8
TopSilkLayer
7

461
2.0320040640081283
100
AcDbText
10
115.44323088646183
20
10.03302006604008
30
0
40
2.0320040640081283
1
PB12
50
90
71
1
100
AcDbText
0
TEXT
5
9d6
100
AcDbEntity
8
TopSilkLayer
7

461
2.0320040640081283
100
AcDbText
10
55.62611125222247
20
82.67716535433067
30
0
40
2.0320040640081283
1
GND
50
90
71
1
100
AcDbText
0
TEXT
5
9d7
100
AcDbEntity
8
TopSilkLayer
7

461
2.0320040640081283
100
AcDbText
10
66.80213360426728
20
81.78816357632707
30
0
40
2.0320040640081283
1
PC15
50
90
71
1
100
AcDbText
0
TEXT
5
9d8
100
AcDbEntity
8
TopSilkLayer
7

461
2.0320040640081283
100
AcDbText
10
61.84912369824747
20
81.78816357632707
30
0
40
2.0320040640081283
1
VBAT
50
90
71
1
100
AcDbText
0
TEXT
5
9d9
100
AcDbEntity
8
TopSilkLayer
7

461
2.0320040640081283
100
AcDbText
10
70.99314198628394
20
81.78816357632707
30
0
40
2.0320040640081283
1
PA0
50
90
71
1
100
AcDbText
0
TEXT
5
9da
100
AcDbEntity
8
TopSilkLayer
7

461
2.0320040640081283
100
AcDbText
10
76.20015240030489
20
81.66116332232662
30
0
40
2.0320040640081283
1
PA1
50
90
71
1
100
AcDbText
0
TEXT
5
9db
100
AcDbEntity
8
TopSilkLayer
7

461
2.0320040640081283
100
AcDbText
10
80.89916179832358
20
81.78816357632707
30
0
40
2.0320040640081283
1
PA4
50
90
71
1
100
AcDbText
0
TEXT
5
9dc
100
AcDbEntity
8
TopSilkLayer
7

461
2.0320040640081283
100
AcDbText
10
85.97917195834384
20
81.78816357632707
30
0
40
2.0320040640081283
1
PA5
50
90
71
1
100
AcDbText
0
TEXT
5
9dd
100
AcDbEntity
8
TopSilkLayer
7

461
2.0320040640081283
100
AcDbText
10
91.05918211836433
20
81.78816357632707
30
0
40
2.0320040640081283
1
PA6
50
90
71
1
100
AcDbText
0
TEXT
5
9de
100
AcDbEntity
8
TopSilkLayer
7

461
2.0320040640081283
100
AcDbText
10
96.01219202438415
20
81.78816357632707
30
0
40
2.0320040640081283
1
PA7
50
90
71
1
100
AcDbText
0
TEXT
5
9df
100
AcDbEntity
8
TopSilkLayer
7

461
2.0320040640081283
100
AcDbText
10
100.96520193040396
20
81.78816357632707
30
0
40
2.0320040640081283
1
PB0
50
90
71
1
100
AcDbText
0
TEXT
5
9e0
100
AcDbEntity
8
TopSilkLayer
7

461
2.0320040640081283
100
AcDbText
10
105.91821183642378
20
81.66116332232662
30
0
40
2.0320040640081283
1
PB1
50
90
71
1
100
AcDbText
0
TEXT
5
9e1
100
AcDbEntity
8
TopSilkLayer
7

461
2.0320040640081283
100
AcDbText
10
110.99822199644404
20
81.78816357632707
30
0
40
2.0320040640081283
1
PB10
50
90
71
1
100
AcDbText
0
TEXT
5
9e2
100
AcDbEntity
8
TopSilkLayer
7

461
2.0320040640081283
100
AcDbText
10
115.95123190246386
20
81.78816357632707
30
0
40
2.0320040640081283
1
PB11
50
90
71
1
100
AcDbText
0
TEXT
5
9e3
100
AcDbEntity
8
TopSilkLayer
7

461
2.0320040640081283
100
AcDbText
10
50.67310134620266
20
82.80416560833123
30
0
40
2.0320040640081283
1
GND
50
90
71
1
100
AcDbText
0
TEXT
5
9e4
100
AcDbEntity
8
TopSilkLayer
7

461
2
100
AcDbText
10
33.40106680213353
20
80.39116078232155
30
0
40
2
1
MtT13
50
0
71
1
100
AcDbText
0
TEXT
5
9e5
100
AcDbEntity
8
TopSilkLayer
7

461
2
100
AcDbText
10
89.15417830835668
20
30.607061214122382
30
0
40
2
1
Pongsathorn Rodpipat
50
0
71
1
100
AcDbText
0
TEXT
5
9e6
100
AcDbEntity
8
TopSilkLayer
7

461
2
100
AcDbText
10
89.28117856235713
20
20.320040640081288
30
0
40
2
1
Watcharakorn Pekra
50
0
71
1
100
AcDbText
0
TEXT
5
9e7
100
AcDbEntity
8
TopSilkLayer
7

461
2
100
AcDbText
10
89.02717805435623
20
25.400050800101553
30
0
40
2
1
Thinnaphat Jitboon
50
0
71
1
100
AcDbText
0
TEXT
5
9e8
100
AcDbEntity
8
TopSilkLayer
7

461
2.0320040640081283
100
AcDbText
10
77.96037592075186
20
53.362458724917474
30
0
40
2.0320040640081283
1
STM32
50
0
71
1
100
AcDbText
0
TEXT
5
9e9
100
AcDbEntity
8
TopSilkLayer
7

461
3.0000000000000004
100
AcDbText
10
24.638049276098627
20
83.31216662433326
30
0
40
3.0000000000000004
1
KMUTNB
50
0
71
1
100
AcDbText
0
TEXT
5
9ea
100
AcDbEntity
8
TopSilkLayer
7

461
2.0320040640081283
100
AcDbText
10
49.25831851663702
20
27.32740665481333
30
0
40
2.0320040640081283
1
CD4066BE
50
0
71
1
100
AcDbText
0
TEXT
5
9eb
100
AcDbEntity
8
TopSilkLayer
7

461
2.0320040640081283
100
AcDbText
10
48.75031750063499
20
73.04749809499617
30
0
40
2.0320040640081283
1
CD4066BE
50
0
71
1
100
AcDbText
0
TEXT
5
9ec
100
AcDbEntity
8
TopSilkLayer
7

461
3.0000000000000004
100
AcDbText
10
123.06324612649223
20
2.413004826009569
30
0
40
3.0000000000000004
1
V1.2
50
0
71
1
100
AcDbText
0
TEXT
5
9ed
100
AcDbEntity
8
TopSilkLayer
7

461
1.5000000000000002
100
AcDbText
10
77.08915417830849
20
26.924053848107633
30
0
40
1.5000000000000002
1
10k
50
0
71
1
100
AcDbText
0
TEXT
5
9ee
100
AcDbEntity
8
TopSilkLayer
7

461
1.5000000000000002
100
AcDbText
10
77.47015494030984
20
31.36906273812542
30
0
40
1.5000000000000002
1
1k
50
0
71
1
100
AcDbText
0
TEXT
5
9ef
100
AcDbEntity
8
TopSilkLayer
7

461
1.5000000000000002
100
AcDbText
10
77.47015494030984
20
35.68707137414276
30
0
40
1.5000000000000002
1
1k
50
0
71
1
100
AcDbText
0
TEXT
5
9f0
100
AcDbEntity
8
TopSilkLayer
7

461
2.0320040640081283
100
AcDbText
10
45.59309118618239
20
82.93116586233168
30
0
40
2.0320040640081283
1
GND
50
90
71
1
100
AcDbText
0
TEXT
5
9f1
100
AcDbEntity
8
TopSilkLayer
7

461
1.143002286004572
100
AcDbText
10
78.48615697231389
20
33.52806705613409
30
0
40
1.143002286004572
1
R2
50
0
71
1
100
AcDbText
0
TEXT
5
9f2
100
AcDbEntity
8
TopSilkLayer
7

461
1.143002286004572
100
AcDbText
10
78.74015748031502
20
37.97307594615188
30
0
40
1.143002286004572
1
R3
50
0
71
1
100
AcDbText
0
TEXT
5
9f3
100
AcDbEntity
8
TopSilkLayer
7

461
1.143002286004572
100
AcDbText
10
131.57226314452623
20
64.56311912623823
30
0
40
1.143002286004572
1
P1
50
90
71
1
100
AcDbText
0
TEXT
5
9f4
100
AcDbEntity
8
TopSilkLayer
7

461
1.143002286004572
100
AcDbText
10
131.6992633985269
20
28.702057404114726
30
0
40
1.143002286004572
1
P2
50
90
71
1
100
AcDbText
0
TEXT
5
9f5
100
AcDbEntity
8
TopSilkLayer
7

461
1.143002286004572
100
AcDbText
10
32.51206502413015
20
68.07213614427224
30
0
40
1.143002286004572
1
P4
50
270
71
1
100
AcDbText
0
TEXT
5
9f6
100
AcDbEntity
8
TopSilkLayer
7

461
1.143002286004572
100
AcDbText
10
32.51206502413015
20
36.95707391414783
30
0
40
1.143002286004572
1
P5
50
270
71
1
100
AcDbText
0
TEXT
5
9f7
100
AcDbEntity
8
TopSilkLayer
7

461
1.143002286004572
100
AcDbText
10
131.82626365252736
20
14.183896367792727
30
0
40
1.143002286004572
1
P3
50
90
71
1
100
AcDbText
0
TEXT
5
9f8
100
AcDbEntity
8
TopSilkLayer
7

461
1.143002286004572
100
AcDbText
10
79.45008890017789
20
89.28117856235713
30
0
40
1.143002286004572
1
P6
50
180
71
1
100
AcDbText
0
TEXT
5
9f9
100
AcDbEntity
8
TopSilkLayer
7

461
1.143002286004572
100
AcDbText
10
79.55422910845823
20
8.509017018034001
30
0
40
1.143002286004572
1
P7
50
0
71
1
100
AcDbText
0
TEXT
5
9fa
100
AcDbEntity
8
TopSilkLayer
7

461
1.143002286004572
100
AcDbText
10
78.72237744475501
20
29.232410464820987
30
0
40
1.143002286004572
1
R1
50
0
71
1
100
AcDbText
0
TEXT
5
9fb
100
AcDbEntity
8
TopSilkLayer
7

461
1.143002286004572
100
AcDbText
10
55.608331216662464
20
79.52451104902207
30
0
40
1.143002286004572
1
U1
50
0
71
1
100
AcDbText
0
TEXT
5
9fc
100
AcDbEntity
8
TopSilkLayer
7

461
1.143002286004572
100
AcDbText
10
55.98933197866404
20
33.804419608839225
30
0
40
1.143002286004572
1
U2
50
0
71
1
100
AcDbText
0
TEXT
5
9fd
100
AcDbEntity
8
TopSilkLayer
7

461
1.143002286004572
100
AcDbText
10
82.40538481076965
20
66.18948437896881
30
0
40
1.143002286004572
1
U3
50
0
71
1
100
AcDbText
  0
CIRCLE
  5
541
330
1F
100
AcDbEntity
  8
TopSilkLayer
100
AcDbCircle
 10
46.41351282702567
 20
69.51689103378203
 30
0.0
 40
0.12700025400050802
  0
CIRCLE
  5
542
330
1F
100
AcDbEntity
  8
TopSilkLayer
100
AcDbCircle
 10
46.79451358902702
 20
23.79679959359919
 30
0.0
 40
0.12700025400050802
  0
CIRCLE
  5
543
330
1F
100
AcDbEntity
  8
TopSolderMaskLayer
100
AcDbCircle
 10
73.3361442722885
 20
32.00406400812801
 30
0.0
 40
0.41563080049237017
  0
CIRCLE
  5
544
330
1F
100
AcDbEntity
  8
TopSolderMaskLayer
100
AcDbCircle
 10
73.33604267208534
 20
32.00406400812801
 30
0.0
 40
0.6754000508001017
0
HATCH
5
545
100
AcDbEntity
8
TopSolderMaskLayer
100
AcDbHatch
10
0
20
0
30
0
210
0
220
0
230
1
2
SOLID
70
1
71
0
91
1
92
7
72
1
73
1
93
2
10
72.66064262128523
20
32.00406400812801
42
1
10
74.01144272288545
20
32.00406400812801
42
1
97
1
330

75
0
76
1
47
0.8681437583925616
98
1
10
3.629517071192367
20
33.92795499968543
450
0
451
0
460
0
461
0
452
1
462
1
453
2
463
0
63
5
421
255
463
1
63
7
421
16777215
470
LINEAR
1001
ACAD
1010
0
1020
0
1030
0
  0
CIRCLE
  5
546
330
1F
100
AcDbEntity
  8
BottomSolderMaskLayer
100
AcDbCircle
 10
73.3361442722885
 20
32.00406400812801
 30
0.0
 40
0.41563080049237017
  0
CIRCLE
  5
547
330
1F
100
AcDbEntity
  8
BottomSolderMaskLayer
100
AcDbCircle
 10
73.33604267208534
 20
32.00406400812801
 30
0.0
 40
0.6754000508001017
0
HATCH
5
548
100
AcDbEntity
8
BottomSolderMaskLayer
100
AcDbHatch
10
0
20
0
30
0
210
0
220
0
230
1
2
SOLID
70
1
71
0
91
1
92
7
72
1
73
1
93
2
10
72.66064262128523
20
32.00406400812801
42
1
10
74.01144272288545
20
32.00406400812801
42
1
97
1
330

75
0
76
1
47
0.8681437583925616
98
1
10
3.629517071192367
20
33.92795499968543
450
0
451
0
460
0
461
0
452
1
462
1
453
2
463
0
63
5
421
255
463
1
63
7
421
16777215
470
LINEAR
1001
ACAD
1010
0
1020
0
1030
0
  0
CIRCLE
  5
549
330
1F
100
AcDbEntity
  8
Multi-Layer
100
AcDbCircle
 10
73.3361442722885
 20
32.00406400812801
 30
0.0
 40
0.4
  0
CIRCLE
  5
54a
330
1F
100
AcDbEntity
  8
Multi-Layer
100
AcDbCircle
 10
73.33604267208534
 20
32.00406400812801
 30
0.0
 40
0.6500000000000001
0
HATCH
5
54b
100
AcDbEntity
8
Multi-Layer
100
AcDbHatch
10
0
20
0
30
0
210
0
220
0
230
1
2
SOLID
70
1
71
0
91
1
92
7
72
1
73
1
93
2
10
72.68604267208534
20
32.00406400812801
42
1
10
73.98604267208535
20
32.00406400812801
42
1
97
1
330

75
0
76
1
47
0.8681437583925616
98
1
10
3.629517071192367
20
33.92795499968543
450
0
451
0
460
0
461
0
452
1
462
1
453
2
463
0
63
5
421
255
463
1
63
7
421
16777215
470
LINEAR
1001
ACAD
1010
0
1020
0
1030
0
  0
CIRCLE
  5
54c
330
1F
100
AcDbEntity
  8
TopSolderMaskLayer
100
AcDbCircle
 10
83.63616967233929
 20
32.00406400812801
 30
0.0
 40
0.41563080049237017
  0
CIRCLE
  5
54d
330
1F
100
AcDbEntity
  8
TopSolderMaskLayer
100
AcDbCircle
 10
83.63627127254244
 20
32.00406400812801
 30
0.0
 40
0.6754000508001017
0
HATCH
5
54e
100
AcDbEntity
8
TopSolderMaskLayer
100
AcDbHatch
10
0
20
0
30
0
210
0
220
0
230
1
2
SOLID
70
1
71
0
91
1
92
7
72
1
73
1
93
2
10
82.96087122174234
20
32.00406400812801
42
1
10
84.31167132334255
20
32.00406400812801
42
1
97
1
330

75
0
76
1
47
0.8681437583925616
98
1
10
3.629517071192367
20
33.92795499968543
450
0
451
0
460
0
461
0
452
1
462
1
453
2
463
0
63
5
421
255
463
1
63
7
421
16777215
470
LINEAR
1001
ACAD
1010
0
1020
0
1030
0
  0
CIRCLE
  5
54f
330
1F
100
AcDbEntity
  8
BottomSolderMaskLayer
100
AcDbCircle
 10
83.63616967233929
 20
32.00406400812801
 30
0.0
 40
0.41563080049237017
  0
CIRCLE
  5
550
330
1F
100
AcDbEntity
  8
BottomSolderMaskLayer
100
AcDbCircle
 10
83.63627127254244
 20
32.00406400812801
 30
0.0
 40
0.6754000508001017
0
HATCH
5
551
100
AcDbEntity
8
BottomSolderMaskLayer
100
AcDbHatch
10
0
20
0
30
0
210
0
220
0
230
1
2
SOLID
70
1
71
0
91
1
92
7
72
1
73
1
93
2
10
82.96087122174234
20
32.00406400812801
42
1
10
84.31167132334255
20
32.00406400812801
42
1
97
1
330

75
0
76
1
47
0.8681437583925616
98
1
10
3.629517071192367
20
33.92795499968543
450
0
451
0
460
0
461
0
452
1
462
1
453
2
463
0
63
5
421
255
463
1
63
7
421
16777215
470
LINEAR
1001
ACAD
1010
0
1020
0
1030
0
  0
CIRCLE
  5
552
330
1F
100
AcDbEntity
  8
Multi-Layer
100
AcDbCircle
 10
83.63616967233929
 20
32.00406400812801
 30
0.0
 40
0.4
  0
CIRCLE
  5
553
330
1F
100
AcDbEntity
  8
Multi-Layer
100
AcDbCircle
 10
83.63627127254244
 20
32.00406400812801
 30
0.0
 40
0.6500000000000001
0
HATCH
5
554
100
AcDbEntity
8
Multi-Layer
100
AcDbHatch
10
0
20
0
30
0
210
0
220
0
230
1
2
SOLID
70
1
71
0
91
1
92
7
72
1
73
1
93
2
10
82.98627127254244
20
32.00406400812801
42
1
10
84.28627127254245
20
32.00406400812801
42
1
97
1
330

75
0
76
1
47
0.8681437583925616
98
1
10
3.629517071192367
20
33.92795499968543
450
0
451
0
460
0
461
0
452
1
462
1
453
2
463
0
63
5
421
255
463
1
63
7
421
16777215
470
LINEAR
1001
ACAD
1010
0
1020
0
1030
0
  0
CIRCLE
  5
555
330
1F
100
AcDbEntity
  8
TopSolderMaskLayer
100
AcDbCircle
 10
73.59014478028962
 20
36.4490728981458
 30
0.0
 40
0.41563080049237017
  0
CIRCLE
  5
556
330
1F
100
AcDbEntity
  8
TopSolderMaskLayer
100
AcDbCircle
 10
73.59004318008647
 20
36.4490728981458
 30
0.0
 40
0.6754000508001017
0
HATCH
5
557
100
AcDbEntity
8
TopSolderMaskLayer
100
AcDbHatch
10
0
20
0
30
0
210
0
220
0
230
1
2
SOLID
70
1
71
0
91
1
92
7
72
1
73
1
93
2
10
72.91464312928636
20
36.4490728981458
42
1
10
74.26544323088658
20
36.4490728981458
42
1
97
1
330

75
0
76
1
47
0.8681437583925616
98
1
10
3.629517071192367
20
33.92795499968543
450
0
451
0
460
0
461
0
452
1
462
1
453
2
463
0
63
5
421
255
463
1
63
7
421
16777215
470
LINEAR
1001
ACAD
1010
0
1020
0
1030
0
  0
CIRCLE
  5
558
330
1F
100
AcDbEntity
  8
BottomSolderMaskLayer
100
AcDbCircle
 10
73.59014478028962
 20
36.4490728981458
 30
0.0
 40
0.41563080049237017
  0
CIRCLE
  5
559
330
1F
100
AcDbEntity
  8
BottomSolderMaskLayer
100
AcDbCircle
 10
73.59004318008647
 20
36.4490728981458
 30
0.0
 40
0.6754000508001017
0
HATCH
5
55a
100
AcDbEntity
8
BottomSolderMaskLayer
100
AcDbHatch
10
0
20
0
30
0
210
0
220
0
230
1
2
SOLID
70
1
71
0
91
1
92
7
72
1
73
1
93
2
10
72.91464312928636
20
36.4490728981458
42
1
10
74.26544323088658
20
36.4490728981458
42
1
97
1
330

75
0
76
1
47
0.8681437583925616
98
1
10
3.629517071192367
20
33.92795499968543
450
0
451
0
460
0
461
0
452
1
462
1
453
2
463
0
63
5
421
255
463
1
63
7
421
16777215
470
LINEAR
1001
ACAD
1010
0
1020
0
1030
0
  0
CIRCLE
  5
55b
330
1F
100
AcDbEntity
  8
Multi-Layer
100
AcDbCircle
 10
73.59014478028962
 20
36.4490728981458
 30
0.0
 40
0.4
  0
CIRCLE
  5
55c
330
1F
100
AcDbEntity
  8
Multi-Layer
100
AcDbCircle
 10
73.59004318008647
 20
36.4490728981458
 30
0.0
 40
0.6500000000000001
0
HATCH
5
55d
100
AcDbEntity
8
Multi-Layer
100
AcDbHatch
10
0
20
0
30
0
210
0
220
0
230
1
2
SOLID
70
1
71
0
91
1
92
7
72
1
73
1
93
2
10
72.94004318008646
20
36.4490728981458
42
1
10
74.24004318008647
20
36.4490728981458
42
1
97
1
330

75
0
76
1
47
0.8681437583925616
98
1
10
3.629517071192367
20
33.92795499968543
450
0
451
0
460
0
461
0
452
1
462
1
453
2
463
0
63
5
421
255
463
1
63
7
421
16777215
470
LINEAR
1001
ACAD
1010
0
1020
0
1030
0
  0
CIRCLE
  5
55e
330
1F
100
AcDbEntity
  8
TopSolderMaskLayer
100
AcDbCircle
 10
83.89017018034042
 20
36.4490728981458
 30
0.0
 40
0.41563080049237017
  0
CIRCLE
  5
55f
330
1F
100
AcDbEntity
  8
TopSolderMaskLayer
100
AcDbCircle
 10
83.89027178054357
 20
36.4490728981458
 30
0.0
 40
0.6754000508001017
0
HATCH
5
560
100
AcDbEntity
8
TopSolderMaskLayer
100
AcDbHatch
10
0
20
0
30
0
210
0
220
0
230
1
2
SOLID
70
1
71
0
91
1
92
7
72
1
73
1
93
2
10
83.21487172974346
20
36.4490728981458
42
1
10
84.56567183134368
20
36.4490728981458
42
1
97
1
330

75
0
76
1
47
0.8681437583925616
98
1
10
3.629517071192367
20
33.92795499968543
450
0
451
0
460
0
461
0
452
1
462
1
453
2
463
0
63
5
421
255
463
1
63
7
421
16777215
470
LINEAR
1001
ACAD
1010
0
1020
0
1030
0
  0
CIRCLE
  5
561
330
1F
100
AcDbEntity
  8
BottomSolderMaskLayer
100
AcDbCircle
 10
83.89017018034042
 20
36.4490728981458
 30
0.0
 40
0.41563080049237017
  0
CIRCLE
  5
562
330
1F
100
AcDbEntity
  8
BottomSolderMaskLayer
100
AcDbCircle
 10
83.89027178054357
 20
36.4490728981458
 30
0.0
 40
0.6754000508001017
0
HATCH
5
563
100
AcDbEntity
8
BottomSolderMaskLayer
100
AcDbHatch
10
0
20
0
30
0
210
0
220
0
230
1
2
SOLID
70
1
71
0
91
1
92
7
72
1
73
1
93
2
10
83.21487172974346
20
36.4490728981458
42
1
10
84.56567183134368
20
36.4490728981458
42
1
97
1
330

75
0
76
1
47
0.8681437583925616
98
1
10
3.629517071192367
20
33.92795499968543
450
0
451
0
460
0
461
0
452
1
462
1
453
2
463
0
63
5
421
255
463
1
63
7
421
16777215
470
LINEAR
1001
ACAD
1010
0
1020
0
1030
0
  0
CIRCLE
  5
564
330
1F
100
AcDbEntity
  8
Multi-Layer
100
AcDbCircle
 10
83.89017018034042
 20
36.4490728981458
 30
0.0
 40
0.4
  0
CIRCLE
  5
565
330
1F
100
AcDbEntity
  8
Multi-Layer
100
AcDbCircle
 10
83.89027178054357
 20
36.4490728981458
 30
0.0
 40
0.6500000000000001
0
HATCH
5
566
100
AcDbEntity
8
Multi-Layer
100
AcDbHatch
10
0
20
0
30
0
210
0
220
0
230
1
2
SOLID
70
1
71
0
91
1
92
7
72
1
73
1
93
2
10
83.24027178054357
20
36.4490728981458
42
1
10
84.54027178054358
20
36.4490728981458
42
1
97
1
330

75
0
76
1
47
0.8681437583925616
98
1
10
3.629517071192367
20
33.92795499968543
450
0
451
0
460
0
461
0
452
1
462
1
453
2
463
0
63
5
421
255
463
1
63
7
421
16777215
470
LINEAR
1001
ACAD
1010
0
1020
0
1030
0
  0
CIRCLE
  5
567
330
1F
100
AcDbEntity
  8
TopSolderMaskLayer
100
AcDbCircle
 10
136.1442722885447
 20
89.51612903225805
 30
0.0
 40
0.665736848217168
  0
CIRCLE
  5
568
330
1F
100
AcDbEntity
  8
TopSolderMaskLayer
100
AcDbCircle
 10
136.1442722885447
 20
89.51612903225805
 30
0.0
 40
1.0754000508001016
0
HATCH
5
569
100
AcDbEntity
8
TopSolderMaskLayer
100
AcDbHatch
10
0
20
0
30
0
210
0
220
0
230
1
2
SOLID
70
1
71
0
91
1
92
7
72
1
73
1
93
2
10
135.06887223774459
20
89.51612903225805
42
1
10
137.2196723393448
20
89.51612903225805
42
1
97
1
330

75
0
76
1
47
0.8681437583925616
98
1
10
3.629517071192367
20
33.92795499968543
450
0
451
0
460
0
461
0
452
1
462
1
453
2
463
0
63
5
421
255
463
1
63
7
421
16777215
470
LINEAR
1001
ACAD
1010
0
1020
0
1030
0
  0
CIRCLE
  5
56a
330
1F
100
AcDbEntity
  8
BottomSolderMaskLayer
100
AcDbCircle
 10
136.1442722885447
 20
89.51612903225805
 30
0.0
 40
0.665736848217168
  0
CIRCLE
  5
56b
330
1F
100
AcDbEntity
  8
BottomSolderMaskLayer
100
AcDbCircle
 10
136.1442722885447
 20
89.51612903225805
 30
0.0
 40
1.0754000508001016
0
HATCH
5
56c
100
AcDbEntity
8
BottomSolderMaskLayer
100
AcDbHatch
10
0
20
0
30
0
210
0
220
0
230
1
2
SOLID
70
1
71
0
91
1
92
7
72
1
73
1
93
2
10
135.06887223774459
20
89.51612903225805
42
1
10
137.2196723393448
20
89.51612903225805
42
1
97
1
330

75
0
76
1
47
0.8681437583925616
98
1
10
3.629517071192367
20
33.92795499968543
450
0
451
0
460
0
461
0
452
1
462
1
453
2
463
0
63
5
421
255
463
1
63
7
421
16777215
470
LINEAR
1001
ACAD
1010
0
1020
0
1030
0
  0
CIRCLE
  5
56d
330
1F
100
AcDbEntity
  8
Multi-Layer
100
AcDbCircle
 10
136.1442722885447
 20
89.51612903225805
 30
0.0
 40
0.6500127000254001
  0
CIRCLE
  5
56e
330
1F
100
AcDbEntity
  8
Multi-Layer
100
AcDbCircle
 10
136.1442722885447
 20
89.51612903225805
 30
0.0
 40
1.05
0
HATCH
5
56f
100
AcDbEntity
8
Multi-Layer
100
AcDbHatch
10
0
20
0
30
0
210
0
220
0
230
1
2
SOLID
70
1
71
0
91
1
92
7
72
1
73
1
93
2
10
135.0942722885447
20
89.51612903225805
42
1
10
137.1942722885447
20
89.51612903225805
42
1
97
1
330

75
0
76
1
47
0.8681437583925616
98
1
10
3.629517071192367
20
33.92795499968543
450
0
451
0
460
0
461
0
452
1
462
1
453
2
463
0
63
5
421
255
463
1
63
7
421
16777215
470
LINEAR
1001
ACAD
1010
0
1020
0
1030
0
  0
CIRCLE
  5
570
330
1F
100
AcDbEntity
  8
TopSolderMaskLayer
100
AcDbCircle
 10
136.1442722885447
 20
84.51612903225794
 30
0.0
 40
0.665736848217168
  0
CIRCLE
  5
571
330
1F
100
AcDbEntity
  8
TopSolderMaskLayer
100
AcDbCircle
 10
136.1442722885447
 20
84.51612903225794
 30
0.0
 40
1.0754000508001016
0
HATCH
5
572
100
AcDbEntity
8
TopSolderMaskLayer
100
AcDbHatch
10
0
20
0
30
0
210
0
220
0
230
1
2
SOLID
70
1
71
0
91
1
92
7
72
1
73
1
93
2
10
135.06887223774459
20
84.51612903225794
42
1
10
137.2196723393448
20
84.51612903225794
42
1
97
1
330

75
0
76
1
47
0.8681437583925616
98
1
10
3.629517071192367
20
33.92795499968543
450
0
451
0
460
0
461
0
452
1
462
1
453
2
463
0
63
5
421
255
463
1
63
7
421
16777215
470
LINEAR
1001
ACAD
1010
0
1020
0
1030
0
  0
CIRCLE
  5
573
330
1F
100
AcDbEntity
  8
BottomSolderMaskLayer
100
AcDbCircle
 10
136.1442722885447
 20
84.51612903225794
 30
0.0
 40
0.665736848217168
  0
CIRCLE
  5
574
330
1F
100
AcDbEntity
  8
BottomSolderMaskLayer
100
AcDbCircle
 10
136.1442722885447
 20
84.51612903225794
 30
0.0
 40
1.0754000508001016
0
HATCH
5
575
100
AcDbEntity
8
BottomSolderMaskLayer
100
AcDbHatch
10
0
20
0
30
0
210
0
220
0
230
1
2
SOLID
70
1
71
0
91
1
92
7
72
1
73
1
93
2
10
135.06887223774459
20
84.51612903225794
42
1
10
137.2196723393448
20
84.51612903225794
42
1
97
1
330

75
0
76
1
47
0.8681437583925616
98
1
10
3.629517071192367
20
33.92795499968543
450
0
451
0
460
0
461
0
452
1
462
1
453
2
463
0
63
5
421
255
463
1
63
7
421
16777215
470
LINEAR
1001
ACAD
1010
0
1020
0
1030
0
  0
CIRCLE
  5
576
330
1F
100
AcDbEntity
  8
Multi-Layer
100
AcDbCircle
 10
136.1442722885447
 20
84.51612903225794
 30
0.0
 40
0.6500127000254001
  0
CIRCLE
  5
577
330
1F
100
AcDbEntity
  8
Multi-Layer
100
AcDbCircle
 10
136.1442722885447
 20
84.51612903225794
 30
0.0
 40
1.05
0
HATCH
5
578
100
AcDbEntity
8
Multi-Layer
100
AcDbHatch
10
0
20
0
30
0
210
0
220
0
230
1
2
SOLID
70
1
71
0
91
1
92
7
72
1
73
1
93
2
10
135.0942722885447
20
84.51612903225794
42
1
10
137.1942722885447
20
84.51612903225794
42
1
97
1
330

75
0
76
1
47
0.8681437583925616
98
1
10
3.629517071192367
20
33.92795499968543
450
0
451
0
460
0
461
0
452
1
462
1
453
2
463
0
63
5
421
255
463
1
63
7
421
16777215
470
LINEAR
1001
ACAD
1010
0
1020
0
1030
0
  0
CIRCLE
  5
579
330
1F
100
AcDbEntity
  8
TopSolderMaskLayer
100
AcDbCircle
 10
136.1442722885447
 20
79.51612903225794
 30
0.0
 40
0.665736848217168
  0
CIRCLE
  5
57a
330
1F
100
AcDbEntity
  8
TopSolderMaskLayer
100
AcDbCircle
 10
136.1442722885447
 20
79.51612903225794
 30
0.0
 40
1.0754000508001016
0
HATCH
5
57b
100
AcDbEntity
8
TopSolderMaskLayer
100
AcDbHatch
10
0
20
0
30
0
210
0
220
0
230
1
2
SOLID
70
1
71
0
91
1
92
7
72
1
73
1
93
2
10
135.06887223774459
20
79.51612903225794
42
1
10
137.2196723393448
20
79.51612903225794
42
1
97
1
330

75
0
76
1
47
0.8681437583925616
98
1
10
3.629517071192367
20
33.92795499968543
450
0
451
0
460
0
461
0
452
1
462
1
453
2
463
0
63
5
421
255
463
1
63
7
421
16777215
470
LINEAR
1001
ACAD
1010
0
1020
0
1030
0
  0
CIRCLE
  5
57c
330
1F
100
AcDbEntity
  8
BottomSolderMaskLayer
100
AcDbCircle
 10
136.1442722885447
 20
79.51612903225794
 30
0.0
 40
0.665736848217168
  0
CIRCLE
  5
57d
330
1F
100
AcDbEntity
  8
BottomSolderMaskLayer
100
AcDbCircle
 10
136.1442722885447
 20
79.51612903225794
 30
0.0
 40
1.0754000508001016
0
HATCH
5
57e
100
AcDbEntity
8
BottomSolderMaskLayer
100
AcDbHatch
10
0
20
0
30
0
210
0
220
0
230
1
2
SOLID
70
1
71
0
91
1
92
7
72
1
73
1
93
2
10
135.06887223774459
20
79.51612903225794
42
1
10
137.2196723393448
20
79.51612903225794
42
1
97
1
330

75
0
76
1
47
0.8681437583925616
98
1
10
3.629517071192367
20
33.92795499968543
450
0
451
0
460
0
461
0
452
1
462
1
453
2
463
0
63
5
421
255
463
1
63
7
421
16777215
470
LINEAR
1001
ACAD
1010
0
1020
0
1030
0
  0
CIRCLE
  5
57f
330
1F
100
AcDbEntity
  8
Multi-Layer
100
AcDbCircle
 10
136.1442722885447
 20
79.51612903225794
 30
0.0
 40
0.6500127000254001
  0
CIRCLE
  5
580
330
1F
100
AcDbEntity
  8
Multi-Layer
100
AcDbCircle
 10
136.1442722885447
 20
79.51612903225794
 30
0.0
 40
1.05
0
HATCH
5
581
100
AcDbEntity
8
Multi-Layer
100
AcDbHatch
10
0
20
0
30
0
210
0
220
0
230
1
2
SOLID
70
1
71
0
91
1
92
7
72
1
73
1
93
2
10
135.0942722885447
20
79.51612903225794
42
1
10
137.1942722885447
20
79.51612903225794
42
1
97
1
330

75
0
76
1
47
0.8681437583925616
98
1
10
3.629517071192367
20
33.92795499968543
450
0
451
0
460
0
461
0
452
1
462
1
453
2
463
0
63
5
421
255
463
1
63
7
421
16777215
470
LINEAR
1001
ACAD
1010
0
1020
0
1030
0
  0
CIRCLE
  5
582
330
1F
100
AcDbEntity
  8
TopSolderMaskLayer
100
AcDbCircle
 10
136.1442722885447
 20
74.51612903225805
 30
0.0
 40
0.665736848217168
  0
CIRCLE
  5
583
330
1F
100
AcDbEntity
  8
TopSolderMaskLayer
100
AcDbCircle
 10
136.1442722885447
 20
74.51612903225805
 30
0.0
 40
1.0754000508001016
0
HATCH
5
584
100
AcDbEntity
8
TopSolderMaskLayer
100
AcDbHatch
10
0
20
0
30
0
210
0
220
0
230
1
2
SOLID
70
1
71
0
91
1
92
7
72
1
73
1
93
2
10
135.06887223774459
20
74.51612903225805
42
1
10
137.2196723393448
20
74.51612903225805
42
1
97
1
330

75
0
76
1
47
0.8681437583925616
98
1
10
3.629517071192367
20
33.92795499968543
450
0
451
0
460
0
461
0
452
1
462
1
453
2
463
0
63
5
421
255
463
1
63
7
421
16777215
470
LINEAR
1001
ACAD
1010
0
1020
0
1030
0
  0
CIRCLE
  5
585
330
1F
100
AcDbEntity
  8
BottomSolderMaskLayer
100
AcDbCircle
 10
136.1442722885447
 20
74.51612903225805
 30
0.0
 40
0.665736848217168
  0
CIRCLE
  5
586
330
1F
100
AcDbEntity
  8
BottomSolderMaskLayer
100
AcDbCircle
 10
136.1442722885447
 20
74.51612903225805
 30
0.0
 40
1.0754000508001016
0
HATCH
5
587
100
AcDbEntity
8
BottomSolderMaskLayer
100
AcDbHatch
10
0
20
0
30
0
210
0
220
0
230
1
2
SOLID
70
1
71
0
91
1
92
7
72
1
73
1
93
2
10
135.06887223774459
20
74.51612903225805
42
1
10
137.2196723393448
20
74.51612903225805
42
1
97
1
330

75
0
76
1
47
0.8681437583925616
98
1
10
3.629517071192367
20
33.92795499968543
450
0
451
0
460
0
461
0
452
1
462
1
453
2
463
0
63
5
421
255
463
1
63
7
421
16777215
470
LINEAR
1001
ACAD
1010
0
1020
0
1030
0
  0
CIRCLE
  5
588
330
1F
100
AcDbEntity
  8
Multi-Layer
100
AcDbCircle
 10
136.1442722885447
 20
74.51612903225805
 30
0.0
 40
0.6500127000254001
  0
CIRCLE
  5
589
330
1F
100
AcDbEntity
  8
Multi-Layer
100
AcDbCircle
 10
136.1442722885447
 20
74.51612903225805
 30
0.0
 40
1.05
0
HATCH
5
58a
100
AcDbEntity
8
Multi-Layer
100
AcDbHatch
10
0
20
0
30
0
210
0
220
0
230
1
2
SOLID
70
1
71
0
91
1
92
7
72
1
73
1
93
2
10
135.0942722885447
20
74.51612903225805
42
1
10
137.1942722885447
20
74.51612903225805
42
1
97
1
330

75
0
76
1
47
0.8681437583925616
98
1
10
3.629517071192367
20
33.92795499968543
450
0
451
0
460
0
461
0
452
1
462
1
453
2
463
0
63
5
421
255
463
1
63
7
421
16777215
470
LINEAR
1001
ACAD
1010
0
1020
0
1030
0
  0
CIRCLE
  5
58b
330
1F
100
AcDbEntity
  8
TopSolderMaskLayer
100
AcDbCircle
 10
136.1442722885447
 20
69.51612903225805
 30
0.0
 40
0.665736848217168
  0
CIRCLE
  5
58c
330
1F
100
AcDbEntity
  8
TopSolderMaskLayer
100
AcDbCircle
 10
136.1442722885447
 20
69.51612903225805
 30
0.0
 40
1.0754000508001016
0
HATCH
5
58d
100
AcDbEntity
8
TopSolderMaskLayer
100
AcDbHatch
10
0
20
0
30
0
210
0
220
0
230
1
2
SOLID
70
1
71
0
91
1
92
7
72
1
73
1
93
2
10
135.06887223774459
20
69.51612903225805
42
1
10
137.2196723393448
20
69.51612903225805
42
1
97
1
330

75
0
76
1
47
0.8681437583925616
98
1
10
3.629517071192367
20
33.92795499968543
450
0
451
0
460
0
461
0
452
1
462
1
453
2
463
0
63
5
421
255
463
1
63
7
421
16777215
470
LINEAR
1001
ACAD
1010
0
1020
0
1030
0
  0
CIRCLE
  5
58e
330
1F
100
AcDbEntity
  8
BottomSolderMaskLayer
100
AcDbCircle
 10
136.1442722885447
 20
69.51612903225805
 30
0.0
 40
0.665736848217168
  0
CIRCLE
  5
58f
330
1F
100
AcDbEntity
  8
BottomSolderMaskLayer
100
AcDbCircle
 10
136.1442722885447
 20
69.51612903225805
 30
0.0
 40
1.0754000508001016
0
HATCH
5
590
100
AcDbEntity
8
BottomSolderMaskLayer
100
AcDbHatch
10
0
20
0
30
0
210
0
220
0
230
1
2
SOLID
70
1
71
0
91
1
92
7
72
1
73
1
93
2
10
135.06887223774459
20
69.51612903225805
42
1
10
137.2196723393448
20
69.51612903225805
42
1
97
1
330

75
0
76
1
47
0.8681437583925616
98
1
10
3.629517071192367
20
33.92795499968543
450
0
451
0
460
0
461
0
452
1
462
1
453
2
463
0
63
5
421
255
463
1
63
7
421
16777215
470
LINEAR
1001
ACAD
1010
0
1020
0
1030
0
  0
CIRCLE
  5
591
330
1F
100
AcDbEntity
  8
Multi-Layer
100
AcDbCircle
 10
136.1442722885447
 20
69.51612903225805
 30
0.0
 40
0.6500127000254001
  0
CIRCLE
  5
592
330
1F
100
AcDbEntity
  8
Multi-Layer
100
AcDbCircle
 10
136.1442722885447
 20
69.51612903225805
 30
0.0
 40
1.05
0
HATCH
5
593
100
AcDbEntity
8
Multi-Layer
100
AcDbHatch
10
0
20
0
30
0
210
0
220
0
230
1
2
SOLID
70
1
71
0
91
1
92
7
72
1
73
1
93
2
10
135.0942722885447
20
69.51612903225805
42
1
10
137.1942722885447
20
69.51612903225805
42
1
97
1
330

75
0
76
1
47
0.8681437583925616
98
1
10
3.629517071192367
20
33.92795499968543
450
0
451
0
460
0
461
0
452
1
462
1
453
2
463
0
63
5
421
255
463
1
63
7
421
16777215
470
LINEAR
1001
ACAD
1010
0
1020
0
1030
0
  0
CIRCLE
  5
594
330
1F
100
AcDbEntity
  8
TopSolderMaskLayer
100
AcDbCircle
 10
136.1442722885447
 20
64.51612903225805
 30
0.0
 40
0.665736848217168
  0
CIRCLE
  5
595
330
1F
100
AcDbEntity
  8
TopSolderMaskLayer
100
AcDbCircle
 10
136.1442722885447
 20
64.51612903225805
 30
0.0
 40
1.0754000508001016
0
HATCH
5
596
100
AcDbEntity
8
TopSolderMaskLayer
100
AcDbHatch
10
0
20
0
30
0
210
0
220
0
230
1
2
SOLID
70
1
71
0
91
1
92
7
72
1
73
1
93
2
10
135.06887223774459
20
64.51612903225805
42
1
10
137.2196723393448
20
64.51612903225805
42
1
97
1
330

75
0
76
1
47
0.8681437583925616
98
1
10
3.629517071192367
20
33.92795499968543
450
0
451
0
460
0
461
0
452
1
462
1
453
2
463
0
63
5
421
255
463
1
63
7
421
16777215
470
LINEAR
1001
ACAD
1010
0
1020
0
1030
0
  0
CIRCLE
  5
597
330
1F
100
AcDbEntity
  8
BottomSolderMaskLayer
100
AcDbCircle
 10
136.1442722885447
 20
64.51612903225805
 30
0.0
 40
0.665736848217168
  0
CIRCLE
  5
598
330
1F
100
AcDbEntity
  8
BottomSolderMaskLayer
100
AcDbCircle
 10
136.1442722885447
 20
64.51612903225805
 30
0.0
 40
1.0754000508001016
0
HATCH
5
599
100
AcDbEntity
8
BottomSolderMaskLayer
100
AcDbHatch
10
0
20
0
30
0
210
0
220
0
230
1
2
SOLID
70
1
71
0
91
1
92
7
72
1
73
1
93
2
10
135.06887223774459
20
64.51612903225805
42
1
10
137.2196723393448
20
64.51612903225805
42
1
97
1
330

75
0
76
1
47
0.8681437583925616
98
1
10
3.629517071192367
20
33.92795499968543
450
0
451
0
460
0
461
0
452
1
462
1
453
2
463
0
63
5
421
255
463
1
63
7
421
16777215
470
LINEAR
1001
ACAD
1010
0
1020
0
1030
0
  0
CIRCLE
  5
59a
330
1F
100
AcDbEntity
  8
Multi-Layer
100
AcDbCircle
 10
136.1442722885447
 20
64.51612903225805
 30
0.0
 40
0.6500127000254001
  0
CIRCLE
  5
59b
330
1F
100
AcDbEntity
  8
Multi-Layer
100
AcDbCircle
 10
136.1442722885447
 20
64.51612903225805
 30
0.0
 40
1.05
0
HATCH
5
59c
100
AcDbEntity
8
Multi-Layer
100
AcDbHatch
10
0
20
0
30
0
210
0
220
0
230
1
2
SOLID
70
1
71
0
91
1
92
7
72
1
73
1
93
2
10
135.0942722885447
20
64.51612903225805
42
1
10
137.1942722885447
20
64.51612903225805
42
1
97
1
330

75
0
76
1
47
0.8681437583925616
98
1
10
3.629517071192367
20
33.92795499968543
450
0
451
0
460
0
461
0
452
1
462
1
453
2
463
0
63
5
421
255
463
1
63
7
421
16777215
470
LINEAR
1001
ACAD
1010
0
1020
0
1030
0
  0
CIRCLE
  5
59d
330
1F
100
AcDbEntity
  8
TopSolderMaskLayer
100
AcDbCircle
 10
136.1442722885447
 20
59.51612903225805
 30
0.0
 40
0.665736848217168
  0
CIRCLE
  5
59e
330
1F
100
AcDbEntity
  8
TopSolderMaskLayer
100
AcDbCircle
 10
136.1442722885447
 20
59.51612903225805
 30
0.0
 40
1.0754000508001016
0
HATCH
5
59f
100
AcDbEntity
8
TopSolderMaskLayer
100
AcDbHatch
10
0
20
0
30
0
210
0
220
0
230
1
2
SOLID
70
1
71
0
91
1
92
7
72
1
73
1
93
2
10
135.06887223774459
20
59.51612903225805
42
1
10
137.2196723393448
20
59.51612903225805
42
1
97
1
330

75
0
76
1
47
0.8681437583925616
98
1
10
3.629517071192367
20
33.92795499968543
450
0
451
0
460
0
461
0
452
1
462
1
453
2
463
0
63
5
421
255
463
1
63
7
421
16777215
470
LINEAR
1001
ACAD
1010
0
1020
0
1030
0
  0
CIRCLE
  5
5a0
330
1F
100
AcDbEntity
  8
BottomSolderMaskLayer
100
AcDbCircle
 10
136.1442722885447
 20
59.51612903225805
 30
0.0
 40
0.665736848217168
  0
CIRCLE
  5
5a1
330
1F
100
AcDbEntity
  8
BottomSolderMaskLayer
100
AcDbCircle
 10
136.1442722885447
 20
59.51612903225805
 30
0.0
 40
1.0754000508001016
0
HATCH
5
5a2
100
AcDbEntity
8
BottomSolderMaskLayer
100
AcDbHatch
10
0
20
0
30
0
210
0
220
0
230
1
2
SOLID
70
1
71
0
91
1
92
7
72
1
73
1
93
2
10
135.06887223774459
20
59.51612903225805
42
1
10
137.2196723393448
20
59.51612903225805
42
1
97
1
330

75
0
76
1
47
0.8681437583925616
98
1
10
3.629517071192367
20
33.92795499968543
450
0
451
0
460
0
461
0
452
1
462
1
453
2
463
0
63
5
421
255
463
1
63
7
421
16777215
470
LINEAR
1001
ACAD
1010
0
1020
0
1030
0
  0
CIRCLE
  5
5a3
330
1F
100
AcDbEntity
  8
Multi-Layer
100
AcDbCircle
 10
136.1442722885447
 20
59.51612903225805
 30
0.0
 40
0.6500127000254001
  0
CIRCLE
  5
5a4
330
1F
100
AcDbEntity
  8
Multi-Layer
100
AcDbCircle
 10
136.1442722885447
 20
59.51612903225805
 30
0.0
 40
1.05
0
HATCH
5
5a5
100
AcDbEntity
8
Multi-Layer
100
AcDbHatch
10
0
20
0
30
0
210
0
220
0
230
1
2
SOLID
70
1
71
0
91
1
92
7
72
1
73
1
93
2
10
135.0942722885447
20
59.51612903225805
42
1
10
137.1942722885447
20
59.51612903225805
42
1
97
1
330

75
0
76
1
47
0.8681437583925616
98
1
10
3.629517071192367
20
33.92795499968543
450
0
451
0
460
0
461
0
452
1
462
1
453
2
463
0
63
5
421
255
463
1
63
7
421
16777215
470
LINEAR
1001
ACAD
1010
0
1020
0
1030
0
  0
CIRCLE
  5
5a6
330
1F
100
AcDbEntity
  8
TopSolderMaskLayer
100
AcDbCircle
 10
136.1442722885447
 20
54.51612903225805
 30
0.0
 40
0.665736848217168
  0
CIRCLE
  5
5a7
330
1F
100
AcDbEntity
  8
TopSolderMaskLayer
100
AcDbCircle
 10
136.1442722885447
 20
54.51612903225805
 30
0.0
 40
1.0754000508001016
0
HATCH
5
5a8
100
AcDbEntity
8
TopSolderMaskLayer
100
AcDbHatch
10
0
20
0
30
0
210
0
220
0
230
1
2
SOLID
70
1
71
0
91
1
92
7
72
1
73
1
93
2
10
135.06887223774459
20
54.51612903225805
42
1
10
137.2196723393448
20
54.51612903225805
42
1
97
1
330

75
0
76
1
47
0.8681437583925616
98
1
10
3.629517071192367
20
33.92795499968543
450
0
451
0
460
0
461
0
452
1
462
1
453
2
463
0
63
5
421
255
463
1
63
7
421
16777215
470
LINEAR
1001
ACAD
1010
0
1020
0
1030
0
  0
CIRCLE
  5
5a9
330
1F
100
AcDbEntity
  8
BottomSolderMaskLayer
100
AcDbCircle
 10
136.1442722885447
 20
54.51612903225805
 30
0.0
 40
0.665736848217168
  0
CIRCLE
  5
5aa
330
1F
100
AcDbEntity
  8
BottomSolderMaskLayer
100
AcDbCircle
 10
136.1442722885447
 20
54.51612903225805
 30
0.0
 40
1.0754000508001016
0
HATCH
5
5ab
100
AcDbEntity
8
BottomSolderMaskLayer
100
AcDbHatch
10
0
20
0
30
0
210
0
220
0
230
1
2
SOLID
70
1
71
0
91
1
92
7
72
1
73
1
93
2
10
135.06887223774459
20
54.51612903225805
42
1
10
137.2196723393448
20
54.51612903225805
42
1
97
1
330

75
0
76
1
47
0.8681437583925616
98
1
10
3.629517071192367
20
33.92795499968543
450
0
451
0
460
0
461
0
452
1
462
1
453
2
463
0
63
5
421
255
463
1
63
7
421
16777215
470
LINEAR
1001
ACAD
1010
0
1020
0
1030
0
  0
CIRCLE
  5
5ac
330
1F
100
AcDbEntity
  8
Multi-Layer
100
AcDbCircle
 10
136.1442722885447
 20
54.51612903225805
 30
0.0
 40
0.6500127000254001
  0
CIRCLE
  5
5ad
330
1F
100
AcDbEntity
  8
Multi-Layer
100
AcDbCircle
 10
136.1442722885447
 20
54.51612903225805
 30
0.0
 40
1.05
0
HATCH
5
5ae
100
AcDbEntity
8
Multi-Layer
100
AcDbHatch
10
0
20
0
30
0
210
0
220
0
230
1
2
SOLID
70
1
71
0
91
1
92
7
72
1
73
1
93
2
10
135.0942722885447
20
54.51612903225805
42
1
10
137.1942722885447
20
54.51612903225805
42
1
97
1
330

75
0
76
1
47
0.8681437583925616
98
1
10
3.629517071192367
20
33.92795499968543
450
0
451
0
460
0
461
0
452
1
462
1
453
2
463
0
63
5
421
255
463
1
63
7
421
16777215
470
LINEAR
1001
ACAD
1010
0
1020
0
1030
0
  0
CIRCLE
  5
5af
330
1F
100
AcDbEntity
  8
TopSolderMaskLayer
100
AcDbCircle
 10
136.1442722885447
 20
49.51612903225805
 30
0.0
 40
0.665736848217168
  0
CIRCLE
  5
5b0
330
1F
100
AcDbEntity
  8
TopSolderMaskLayer
100
AcDbCircle
 10
136.1442722885447
 20
49.51612903225805
 30
0.0
 40
1.0754000508001016
0
HATCH
5
5b1
100
AcDbEntity
8
TopSolderMaskLayer
100
AcDbHatch
10
0
20
0
30
0
210
0
220
0
230
1
2
SOLID
70
1
71
0
91
1
92
7
72
1
73
1
93
2
10
135.06887223774459
20
49.51612903225805
42
1
10
137.2196723393448
20
49.51612903225805
42
1
97
1
330

75
0
76
1
47
0.8681437583925616
98
1
10
3.629517071192367
20
33.92795499968543
450
0
451
0
460
0
461
0
452
1
462
1
453
2
463
0
63
5
421
255
463
1
63
7
421
16777215
470
LINEAR
1001
ACAD
1010
0
1020
0
1030
0
  0
CIRCLE
  5
5b2
330
1F
100
AcDbEntity
  8
BottomSolderMaskLayer
100
AcDbCircle
 10
136.1442722885447
 20
49.51612903225805
 30
0.0
 40
0.665736848217168
  0
CIRCLE
  5
5b3
330
1F
100
AcDbEntity
  8
BottomSolderMaskLayer
100
AcDbCircle
 10
136.1442722885447
 20
49.51612903225805
 30
0.0
 40
1.0754000508001016
0
HATCH
5
5b4
100
AcDbEntity
8
BottomSolderMaskLayer
100
AcDbHatch
10
0
20
0
30
0
210
0
220
0
230
1
2
SOLID
70
1
71
0
91
1
92
7
72
1
73
1
93
2
10
135.06887223774459
20
49.51612903225805
42
1
10
137.2196723393448
20
49.51612903225805
42
1
97
1
330

75
0
76
1
47
0.8681437583925616
98
1
10
3.629517071192367
20
33.92795499968543
450
0
451
0
460
0
461
0
452
1
462
1
453
2
463
0
63
5
421
255
463
1
63
7
421
16777215
470
LINEAR
1001
ACAD
1010
0
1020
0
1030
0
  0
CIRCLE
  5
5b5
330
1F
100
AcDbEntity
  8
Multi-Layer
100
AcDbCircle
 10
136.1442722885447
 20
49.51612903225805
 30
0.0
 40
0.6500127000254001
  0
CIRCLE
  5
5b6
330
1F
100
AcDbEntity
  8
Multi-Layer
100
AcDbCircle
 10
136.1442722885447
 20
49.51612903225805
 30
0.0
 40
1.05
0
HATCH
5
5b7
100
AcDbEntity
8
Multi-Layer
100
AcDbHatch
10
0
20
0
30
0
210
0
220
0
230
1
2
SOLID
70
1
71
0
91
1
92
7
72
1
73
1
93
2
10
135.0942722885447
20
49.51612903225805
42
1
10
137.1942722885447
20
49.51612903225805
42
1
97
1
330

75
0
76
1
47
0.8681437583925616
98
1
10
3.629517071192367
20
33.92795499968543
450
0
451
0
460
0
461
0
452
1
462
1
453
2
463
0
63
5
421
255
463
1
63
7
421
16777215
470
LINEAR
1001
ACAD
1010
0
1020
0
1030
0
  0
CIRCLE
  5
5b8
330
1F
100
AcDbEntity
  8
TopSolderMaskLayer
100
AcDbCircle
 10
136.1442722885447
 20
44.51612903225805
 30
0.0
 40
0.665736848217168
  0
CIRCLE
  5
5b9
330
1F
100
AcDbEntity
  8
TopSolderMaskLayer
100
AcDbCircle
 10
136.1442722885447
 20
44.51612903225805
 30
0.0
 40
1.0754000508001016
0
HATCH
5
5ba
100
AcDbEntity
8
TopSolderMaskLayer
100
AcDbHatch
10
0
20
0
30
0
210
0
220
0
230
1
2
SOLID
70
1
71
0
91
1
92
7
72
1
73
1
93
2
10
135.06887223774459
20
44.51612903225805
42
1
10
137.2196723393448
20
44.51612903225805
42
1
97
1
330

75
0
76
1
47
0.8681437583925616
98
1
10
3.629517071192367
20
33.92795499968543
450
0
451
0
460
0
461
0
452
1
462
1
453
2
463
0
63
5
421
255
463
1
63
7
421
16777215
470
LINEAR
1001
ACAD
1010
0
1020
0
1030
0
  0
CIRCLE
  5
5bb
330
1F
100
AcDbEntity
  8
BottomSolderMaskLayer
100
AcDbCircle
 10
136.1442722885447
 20
44.51612903225805
 30
0.0
 40
0.665736848217168
  0
CIRCLE
  5
5bc
330
1F
100
AcDbEntity
  8
BottomSolderMaskLayer
100
AcDbCircle
 10
136.1442722885447
 20
44.51612903225805
 30
0.0
 40
1.0754000508001016
0
HATCH
5
5bd
100
AcDbEntity
8
BottomSolderMaskLayer
100
AcDbHatch
10
0
20
0
30
0
210
0
220
0
230
1
2
SOLID
70
1
71
0
91
1
92
7
72
1
73
1
93
2
10
135.06887223774459
20
44.51612903225805
42
1
10
137.2196723393448
20
44.51612903225805
42
1
97
1
330

75
0
76
1
47
0.8681437583925616
98
1
10
3.629517071192367
20
33.92795499968543
450
0
451
0
460
0
461
0
452
1
462
1
453
2
463
0
63
5
421
255
463
1
63
7
421
16777215
470
LINEAR
1001
ACAD
1010
0
1020
0
1030
0
  0
CIRCLE
  5
5be
330
1F
100
AcDbEntity
  8
Multi-Layer
100
AcDbCircle
 10
136.1442722885447
 20
44.51612903225805
 30
0.0
 40
0.6500127000254001
  0
CIRCLE
  5
5bf
330
1F
100
AcDbEntity
  8
Multi-Layer
100
AcDbCircle
 10
136.1442722885447
 20
44.51612903225805
 30
0.0
 40
1.05
0
HATCH
5
5c0
100
AcDbEntity
8
Multi-Layer
100
AcDbHatch
10
0
20
0
30
0
210
0
220
0
230
1
2
SOLID
70
1
71
0
91
1
92
7
72
1
73
1
93
2
10
135.0942722885447
20
44.51612903225805
42
1
10
137.1942722885447
20
44.51612903225805
42
1
97
1
330

75
0
76
1
47
0.8681437583925616
98
1
10
3.629517071192367
20
33.92795499968543
450
0
451
0
460
0
461
0
452
1
462
1
453
2
463
0
63
5
421
255
463
1
63
7
421
16777215
470
LINEAR
1001
ACAD
1010
0
1020
0
1030
0
  0
CIRCLE
  5
5c1
330
1F
100
AcDbEntity
  8
TopSolderMaskLayer
100
AcDbCircle
 10
136.1442722885447
 20
39.516129032257936
 30
0.0
 40
0.665736848217168
  0
CIRCLE
  5
5c2
330
1F
100
AcDbEntity
  8
TopSolderMaskLayer
100
AcDbCircle
 10
136.1442722885447
 20
39.516129032257936
 30
0.0
 40
1.0754000508001016
0
HATCH
5
5c3
100
AcDbEntity
8
TopSolderMaskLayer
100
AcDbHatch
10
0
20
0
30
0
210
0
220
0
230
1
2
SOLID
70
1
71
0
91
1
92
7
72
1
73
1
93
2
10
135.06887223774459
20
39.516129032257936
42
1
10
137.2196723393448
20
39.516129032257936
42
1
97
1
330

75
0
76
1
47
0.8681437583925616
98
1
10
3.629517071192367
20
33.92795499968543
450
0
451
0
460
0
461
0
452
1
462
1
453
2
463
0
63
5
421
255
463
1
63
7
421
16777215
470
LINEAR
1001
ACAD
1010
0
1020
0
1030
0
  0
CIRCLE
  5
5c4
330
1F
100
AcDbEntity
  8
BottomSolderMaskLayer
100
AcDbCircle
 10
136.1442722885447
 20
39.516129032257936
 30
0.0
 40
0.665736848217168
  0
CIRCLE
  5
5c5
330
1F
100
AcDbEntity
  8
BottomSolderMaskLayer
100
AcDbCircle
 10
136.1442722885447
 20
39.516129032257936
 30
0.0
 40
1.0754000508001016
0
HATCH
5
5c6
100
AcDbEntity
8
BottomSolderMaskLayer
100
AcDbHatch
10
0
20
0
30
0
210
0
220
0
230
1
2
SOLID
70
1
71
0
91
1
92
7
72
1
73
1
93
2
10
135.06887223774459
20
39.516129032257936
42
1
10
137.2196723393448
20
39.516129032257936
42
1
97
1
330

75
0
76
1
47
0.8681437583925616
98
1
10
3.629517071192367
20
33.92795499968543
450
0
451
0
460
0
461
0
452
1
462
1
453
2
463
0
63
5
421
255
463
1
63
7
421
16777215
470
LINEAR
1001
ACAD
1010
0
1020
0
1030
0
  0
CIRCLE
  5
5c7
330
1F
100
AcDbEntity
  8
Multi-Layer
100
AcDbCircle
 10
136.1442722885447
 20
39.516129032257936
 30
0.0
 40
0.6500127000254001
  0
CIRCLE
  5
5c8
330
1F
100
AcDbEntity
  8
Multi-Layer
100
AcDbCircle
 10
136.1442722885447
 20
39.516129032257936
 30
0.0
 40
1.05
0
HATCH
5
5c9
100
AcDbEntity
8
Multi-Layer
100
AcDbHatch
10
0
20
0
30
0
210
0
220
0
230
1
2
SOLID
70
1
71
0
91
1
92
7
72
1
73
1
93
2
10
135.0942722885447
20
39.516129032257936
42
1
10
137.1942722885447
20
39.516129032257936
42
1
97
1
330

75
0
76
1
47
0.8681437583925616
98
1
10
3.629517071192367
20
33.92795499968543
450
0
451
0
460
0
461
0
452
1
462
1
453
2
463
0
63
5
421
255
463
1
63
7
421
16777215
470
LINEAR
1001
ACAD
1010
0
1020
0
1030
0
  0
CIRCLE
  5
5ca
330
1F
100
AcDbEntity
  8
TopSolderMaskLayer
100
AcDbCircle
 10
136.27127254254515
 20
23.448056896113712
 30
0.0
 40
0.7161636686909738
  0
CIRCLE
  5
5cb
330
1F
100
AcDbEntity
  8
TopSolderMaskLayer
100
AcDbCircle
 10
136.27127254254515
 20
23.448056896113712
 30
0.0
 40
1.1254000508001016
0
HATCH
5
5cc
100
AcDbEntity
8
TopSolderMaskLayer
100
AcDbHatch
10
0
20
0
30
0
210
0
220
0
230
1
2
SOLID
70
1
71
0
91
1
92
7
72
1
73
1
93
2
10
135.14587249174505
20
23.448056896113712
42
1
10
137.39667259334524
20
23.448056896113712
42
1
97
1
330

75
0
76
1
47
0.8681437583925616
98
1
10
3.629517071192367
20
33.92795499968543
450
0
451
0
460
0
461
0
452
1
462
1
453
2
463
0
63
5
421
255
463
1
63
7
421
16777215
470
LINEAR
1001
ACAD
1010
0
1020
0
1030
0
  0
CIRCLE
  5
5cd
330
1F
100
AcDbEntity
  8
BottomSolderMaskLayer
100
AcDbCircle
 10
136.27127254254515
 20
23.448056896113712
 30
0.0
 40
0.7161636686909738
  0
CIRCLE
  5
5ce
330
1F
100
AcDbEntity
  8
BottomSolderMaskLayer
100
AcDbCircle
 10
136.27127254254515
 20
23.448056896113712
 30
0.0
 40
1.1254000508001016
0
HATCH
5
5cf
100
AcDbEntity
8
BottomSolderMaskLayer
100
AcDbHatch
10
0
20
0
30
0
210
0
220
0
230
1
2
SOLID
70
1
71
0
91
1
92
7
72
1
73
1
93
2
10
135.14587249174505
20
23.448056896113712
42
1
10
137.39667259334524
20
23.448056896113712
42
1
97
1
330

75
0
76
1
47
0.8681437583925616
98
1
10
3.629517071192367
20
33.92795499968543
450
0
451
0
460
0
461
0
452
1
462
1
453
2
463
0
63
5
421
255
463
1
63
7
421
16777215
470
LINEAR
1001
ACAD
1010
0
1020
0
1030
0
  0
CIRCLE
  5
5d0
330
1F
100
AcDbEntity
  8
Multi-Layer
100
AcDbCircle
 10
136.27127254254515
 20
23.448056896113712
 30
0.0
 40
0.7000000000000001
  0
CIRCLE
  5
5d1
330
1F
100
AcDbEntity
  8
Multi-Layer
100
AcDbCircle
 10
136.27127254254515
 20
23.448056896113712
 30
0.0
 40
1.1
0
HATCH
5
5d2
100
AcDbEntity
8
Multi-Layer
100
AcDbHatch
10
0
20
0
30
0
210
0
220
0
230
1
2
SOLID
70
1
71
0
91
1
92
7
72
1
73
1
93
2
10
135.17127254254515
20
23.448056896113712
42
1
10
137.37127254254514
20
23.448056896113712
42
1
97
1
330

75
0
76
1
47
0.8681437583925616
98
1
10
3.629517071192367
20
33.92795499968543
450
0
451
0
460
0
461
0
452
1
462
1
453
2
463
0
63
5
421
255
463
1
63
7
421
16777215
470
LINEAR
1001
ACAD
1010
0
1020
0
1030
0
  0
CIRCLE
  5
5d3
330
1F
100
AcDbEntity
  8
TopSolderMaskLayer
100
AcDbCircle
 10
136.27127254254515
 20
28.448056896113712
 30
0.0
 40
0.7161636686909738
  0
CIRCLE
  5
5d4
330
1F
100
AcDbEntity
  8
TopSolderMaskLayer
100
AcDbCircle
 10
136.27127254254515
 20
28.448056896113712
 30
0.0
 40
1.1254000508001016
0
HATCH
5
5d5
100
AcDbEntity
8
TopSolderMaskLayer
100
AcDbHatch
10
0
20
0
30
0
210
0
220
0
230
1
2
SOLID
70
1
71
0
91
1
92
7
72
1
73
1
93
2
10
135.14587249174505
20
28.448056896113712
42
1
10
137.39667259334524
20
28.448056896113712
42
1
97
1
330

75
0
76
1
47
0.8681437583925616
98
1
10
3.629517071192367
20
33.92795499968543
450
0
451
0
460
0
461
0
452
1
462
1
453
2
463
0
63
5
421
255
463
1
63
7
421
16777215
470
LINEAR
1001
ACAD
1010
0
1020
0
1030
0
  0
CIRCLE
  5
5d6
330
1F
100
AcDbEntity
  8
BottomSolderMaskLayer
100
AcDbCircle
 10
136.27127254254515
 20
28.448056896113712
 30
0.0
 40
0.7161636686909738
  0
CIRCLE
  5
5d7
330
1F
100
AcDbEntity
  8
BottomSolderMaskLayer
100
AcDbCircle
 10
136.27127254254515
 20
28.448056896113712
 30
0.0
 40
1.1254000508001016
0
HATCH
5
5d8
100
AcDbEntity
8
BottomSolderMaskLayer
100
AcDbHatch
10
0
20
0
30
0
210
0
220
0
230
1
2
SOLID
70
1
71
0
91
1
92
7
72
1
73
1
93
2
10
135.14587249174505
20
28.448056896113712
42
1
10
137.39667259334524
20
28.448056896113712
42
1
97
1
330

75
0
76
1
47
0.8681437583925616
98
1
10
3.629517071192367
20
33.92795499968543
450
0
451
0
460
0
461
0
452
1
462
1
453
2
463
0
63
5
421
255
463
1
63
7
421
16777215
470
LINEAR
1001
ACAD
1010
0
1020
0
1030
0
  0
CIRCLE
  5
5d9
330
1F
100
AcDbEntity
  8
Multi-Layer
100
AcDbCircle
 10
136.27127254254515
 20
28.448056896113712
 30
0.0
 40
0.7000000000000001
  0
CIRCLE
  5
5da
330
1F
100
AcDbEntity
  8
Multi-Layer
100
AcDbCircle
 10
136.27127254254515
 20
28.448056896113712
 30
0.0
 40
1.1
0
HATCH
5
5db
100
AcDbEntity
8
Multi-Layer
100
AcDbHatch
10
0
20
0
30
0
210
0
220
0
230
1
2
SOLID
70
1
71
0
91
1
92
7
72
1
73
1
93
2
10
135.17127254254515
20
28.448056896113712
42
1
10
137.37127254254514
20
28.448056896113712
42
1
97
1
330

75
0
76
1
47
0.8681437583925616
98
1
10
3.629517071192367
20
33.92795499968543
450
0
451
0
460
0
461
0
452
1
462
1
453
2
463
0
63
5
421
255
463
1
63
7
421
16777215
470
LINEAR
1001
ACAD
1010
0
1020
0
1030
0
  0
CIRCLE
  5
5dc
330
1F
100
AcDbEntity
  8
TopSolderMaskLayer
100
AcDbCircle
 10
136.27127254254515
 20
33.44805689611371
 30
0.0
 40
0.7161636686909738
  0
CIRCLE
  5
5dd
330
1F
100
AcDbEntity
  8
TopSolderMaskLayer
100
AcDbCircle
 10
136.27127254254515
 20
33.44805689611371
 30
0.0
 40
1.1254000508001016
0
HATCH
5
5de
100
AcDbEntity
8
TopSolderMaskLayer
100
AcDbHatch
10
0
20
0
30
0
210
0
220
0
230
1
2
SOLID
70
1
71
0
91
1
92
7
72
1
73
1
93
2
10
135.14587249174505
20
33.44805689611371
42
1
10
137.39667259334524
20
33.44805689611371
42
1
97
1
330

75
0
76
1
47
0.8681437583925616
98
1
10
3.629517071192367
20
33.92795499968543
450
0
451
0
460
0
461
0
452
1
462
1
453
2
463
0
63
5
421
255
463
1
63
7
421
16777215
470
LINEAR
1001
ACAD
1010
0
1020
0
1030
0
  0
CIRCLE
  5
5df
330
1F
100
AcDbEntity
  8
BottomSolderMaskLayer
100
AcDbCircle
 10
136.27127254254515
 20
33.44805689611371
 30
0.0
 40
0.7161636686909738
  0
CIRCLE
  5
5e0
330
1F
100
AcDbEntity
  8
BottomSolderMaskLayer
100
AcDbCircle
 10
136.27127254254515
 20
33.44805689611371
 30
0.0
 40
1.1254000508001016
0
HATCH
5
5e1
100
AcDbEntity
8
BottomSolderMaskLayer
100
AcDbHatch
10
0
20
0
30
0
210
0
220
0
230
1
2
SOLID
70
1
71
0
91
1
92
7
72
1
73
1
93
2
10
135.14587249174505
20
33.44805689611371
42
1
10
137.39667259334524
20
33.44805689611371
42
1
97
1
330

75
0
76
1
47
0.8681437583925616
98
1
10
3.629517071192367
20
33.92795499968543
450
0
451
0
460
0
461
0
452
1
462
1
453
2
463
0
63
5
421
255
463
1
63
7
421
16777215
470
LINEAR
1001
ACAD
1010
0
1020
0
1030
0
  0
CIRCLE
  5
5e2
330
1F
100
AcDbEntity
  8
Multi-Layer
100
AcDbCircle
 10
136.27127254254515
 20
33.44805689611371
 30
0.0
 40
0.7000000000000001
  0
CIRCLE
  5
5e3
330
1F
100
AcDbEntity
  8
Multi-Layer
100
AcDbCircle
 10
136.27127254254515
 20
33.44805689611371
 30
0.0
 40
1.1
0
HATCH
5
5e4
100
AcDbEntity
8
Multi-Layer
100
AcDbHatch
10
0
20
0
30
0
210
0
220
0
230
1
2
SOLID
70
1
71
0
91
1
92
7
72
1
73
1
93
2
10
135.17127254254515
20
33.44805689611371
42
1
10
137.37127254254514
20
33.44805689611371
42
1
97
1
330

75
0
76
1
47
0.8681437583925616
98
1
10
3.629517071192367
20
33.92795499968543
450
0
451
0
460
0
461
0
452
1
462
1
453
2
463
0
63
5
421
255
463
1
63
7
421
16777215
470
LINEAR
1001
ACAD
1010
0
1020
0
1030
0
  0
CIRCLE
  5
5e5
330
1F
100
AcDbEntity
  8
TopSolderMaskLayer
100
AcDbCircle
 10
27.940055880111686
 20
73.32613665227325
 30
0.0
 40
0.7161636686909738
  0
CIRCLE
  5
5e6
330
1F
100
AcDbEntity
  8
TopSolderMaskLayer
100
AcDbCircle
 10
27.940055880111686
 20
73.32613665227325
 30
0.0
 40
1.1254000508001016
0
HATCH
5
5e7
100
AcDbEntity
8
TopSolderMaskLayer
100
AcDbHatch
10
0
20
0
30
0
210
0
220
0
230
1
2
SOLID
70
1
71
0
91
1
92
7
72
1
73
1
93
2
10
26.814655829311583
20
73.32613665227325
42
1
10
29.06545593091179
20
73.32613665227325
42
1
97
1
330

75
0
76
1
47
0.8681437583925616
98
1
10
3.629517071192367
20
33.92795499968543
450
0
451
0
460
0
461
0
452
1
462
1
453
2
463
0
63
5
421
255
463
1
63
7
421
16777215
470
LINEAR
1001
ACAD
1010
0
1020
0
1030
0
  0
CIRCLE
  5
5e8
330
1F
100
AcDbEntity
  8
BottomSolderMaskLayer
100
AcDbCircle
 10
27.940055880111686
 20
73.32613665227325
 30
0.0
 40
0.7161636686909738
  0
CIRCLE
  5
5e9
330
1F
100
AcDbEntity
  8
BottomSolderMaskLayer
100
AcDbCircle
 10
27.940055880111686
 20
73.32613665227325
 30
0.0
 40
1.1254000508001016
0
HATCH
5
5ea
100
AcDbEntity
8
BottomSolderMaskLayer
100
AcDbHatch
10
0
20
0
30
0
210
0
220
0
230
1
2
SOLID
70
1
71
0
91
1
92
7
72
1
73
1
93
2
10
26.814655829311583
20
73.32613665227325
42
1
10
29.06545593091179
20
73.32613665227325
42
1
97
1
330

75
0
76
1
47
0.8681437583925616
98
1
10
3.629517071192367
20
33.92795499968543
450
0
451
0
460
0
461
0
452
1
462
1
453
2
463
0
63
5
421
255
463
1
63
7
421
16777215
470
LINEAR
1001
ACAD
1010
0
1020
0
1030
0
  0
CIRCLE
  5
5eb
330
1F
100
AcDbEntity
  8
Multi-Layer
100
AcDbCircle
 10
27.940055880111686
 20
73.32613665227325
 30
0.0
 40
0.7000000000000001
  0
CIRCLE
  5
5ec
330
1F
100
AcDbEntity
  8
Multi-Layer
100
AcDbCircle
 10
27.940055880111686
 20
73.32613665227325
 30
0.0
 40
1.1
0
HATCH
5
5ed
100
AcDbEntity
8
Multi-Layer
100
AcDbHatch
10
0
20
0
30
0
210
0
220
0
230
1
2
SOLID
70
1
71
0
91
1
92
7
72
1
73
1
93
2
10
26.840055880111684
20
73.32613665227325
42
1
10
29.040055880111687
20
73.32613665227325
42
1
97
1
330

75
0
76
1
47
0.8681437583925616
98
1
10
3.629517071192367
20
33.92795499968543
450
0
451
0
460
0
461
0
452
1
462
1
453
2
463
0
63
5
421
255
463
1
63
7
421
16777215
470
LINEAR
1001
ACAD
1010
0
1020
0
1030
0
  0
CIRCLE
  5
5ee
330
1F
100
AcDbEntity
  8
TopSolderMaskLayer
100
AcDbCircle
 10
27.940055880111686
 20
68.32613665227325
 30
0.0
 40
0.7161636686909738
  0
CIRCLE
  5
5ef
330
1F
100
AcDbEntity
  8
TopSolderMaskLayer
100
AcDbCircle
 10
27.940055880111686
 20
68.32613665227325
 30
0.0
 40
1.1254000508001016
0
HATCH
5
5f0
100
AcDbEntity
8
TopSolderMaskLayer
100
AcDbHatch
10
0
20
0
30
0
210
0
220
0
230
1
2
SOLID
70
1
71
0
91
1
92
7
72
1
73
1
93
2
10
26.814655829311583
20
68.32613665227325
42
1
10
29.06545593091179
20
68.32613665227325
42
1
97
1
330

75
0
76
1
47
0.8681437583925616
98
1
10
3.629517071192367
20
33.92795499968543
450
0
451
0
460
0
461
0
452
1
462
1
453
2
463
0
63
5
421
255
463
1
63
7
421
16777215
470
LINEAR
1001
ACAD
1010
0
1020
0
1030
0
  0
CIRCLE
  5
5f1
330
1F
100
AcDbEntity
  8
BottomSolderMaskLayer
100
AcDbCircle
 10
27.940055880111686
 20
68.32613665227325
 30
0.0
 40
0.7161636686909738
  0
CIRCLE
  5
5f2
330
1F
100
AcDbEntity
  8
BottomSolderMaskLayer
100
AcDbCircle
 10
27.940055880111686
 20
68.32613665227325
 30
0.0
 40
1.1254000508001016
0
HATCH
5
5f3
100
AcDbEntity
8
BottomSolderMaskLayer
100
AcDbHatch
10
0
20
0
30
0
210
0
220
0
230
1
2
SOLID
70
1
71
0
91
1
92
7
72
1
73
1
93
2
10
26.814655829311583
20
68.32613665227325
42
1
10
29.06545593091179
20
68.32613665227325
42
1
97
1
330

75
0
76
1
47
0.8681437583925616
98
1
10
3.629517071192367
20
33.92795499968543
450
0
451
0
460
0
461
0
452
1
462
1
453
2
463
0
63
5
421
255
463
1
63
7
421
16777215
470
LINEAR
1001
ACAD
1010
0
1020
0
1030
0
  0
CIRCLE
  5
5f4
330
1F
100
AcDbEntity
  8
Multi-Layer
100
AcDbCircle
 10
27.940055880111686
 20
68.32613665227325
 30
0.0
 40
0.7000000000000001
  0
CIRCLE
  5
5f5
330
1F
100
AcDbEntity
  8
Multi-Layer
100
AcDbCircle
 10
27.940055880111686
 20
68.32613665227325
 30
0.0
 40
1.1
0
HATCH
5
5f6
100
AcDbEntity
8
Multi-Layer
100
AcDbHatch
10
0
20
0
30
0
210
0
220
0
230
1
2
SOLID
70
1
71
0
91
1
92
7
72
1
73
1
93
2
10
26.840055880111684
20
68.32613665227325
42
1
10
29.040055880111687
20
68.32613665227325
42
1
97
1
330

75
0
76
1
47
0.8681437583925616
98
1
10
3.629517071192367
20
33.92795499968543
450
0
451
0
460
0
461
0
452
1
462
1
453
2
463
0
63
5
421
255
463
1
63
7
421
16777215
470
LINEAR
1001
ACAD
1010
0
1020
0
1030
0
  0
CIRCLE
  5
5f7
330
1F
100
AcDbEntity
  8
TopSolderMaskLayer
100
AcDbCircle
 10
27.940055880111686
 20
63.32613665227325
 30
0.0
 40
0.7161636686909738
  0
CIRCLE
  5
5f8
330
1F
100
AcDbEntity
  8
TopSolderMaskLayer
100
AcDbCircle
 10
27.940055880111686
 20
63.32613665227325
 30
0.0
 40
1.1254000508001016
0
HATCH
5
5f9
100
AcDbEntity
8
TopSolderMaskLayer
100
AcDbHatch
10
0
20
0
30
0
210
0
220
0
230
1
2
SOLID
70
1
71
0
91
1
92
7
72
1
73
1
93
2
10
26.814655829311583
20
63.32613665227325
42
1
10
29.06545593091179
20
63.32613665227325
42
1
97
1
330

75
0
76
1
47
0.8681437583925616
98
1
10
3.629517071192367
20
33.92795499968543
450
0
451
0
460
0
461
0
452
1
462
1
453
2
463
0
63
5
421
255
463
1
63
7
421
16777215
470
LINEAR
1001
ACAD
1010
0
1020
0
1030
0
  0
CIRCLE
  5
5fa
330
1F
100
AcDbEntity
  8
BottomSolderMaskLayer
100
AcDbCircle
 10
27.940055880111686
 20
63.32613665227325
 30
0.0
 40
0.7161636686909738
  0
CIRCLE
  5
5fb
330
1F
100
AcDbEntity
  8
BottomSolderMaskLayer
100
AcDbCircle
 10
27.940055880111686
 20
63.32613665227325
 30
0.0
 40
1.1254000508001016
0
HATCH
5
5fc
100
AcDbEntity
8
BottomSolderMaskLayer
100
AcDbHatch
10
0
20
0
30
0
210
0
220
0
230
1
2
SOLID
70
1
71
0
91
1
92
7
72
1
73
1
93
2
10
26.814655829311583
20
63.32613665227325
42
1
10
29.06545593091179
20
63.32613665227325
42
1
97
1
330

75
0
76
1
47
0.8681437583925616
98
1
10
3.629517071192367
20
33.92795499968543
450
0
451
0
460
0
461
0
452
1
462
1
453
2
463
0
63
5
421
255
463
1
63
7
421
16777215
470
LINEAR
1001
ACAD
1010
0
1020
0
1030
0
  0
CIRCLE
  5
5fd
330
1F
100
AcDbEntity
  8
Multi-Layer
100
AcDbCircle
 10
27.940055880111686
 20
63.32613665227325
 30
0.0
 40
0.7000000000000001
  0
CIRCLE
  5
5fe
330
1F
100
AcDbEntity
  8
Multi-Layer
100
AcDbCircle
 10
27.940055880111686
 20
63.32613665227325
 30
0.0
 40
1.1
0
HATCH
5
5ff
100
AcDbEntity
8
Multi-Layer
100
AcDbHatch
10
0
20
0
30
0
210
0
220
0
230
1
2
SOLID
70
1
71
0
91
1
92
7
72
1
73
1
93
2
10
26.840055880111684
20
63.32613665227325
42
1
10
29.040055880111687
20
63.32613665227325
42
1
97
1
330

75
0
76
1
47
0.8681437583925616
98
1
10
3.629517071192367
20
33.92795499968543
450
0
451
0
460
0
461
0
452
1
462
1
453
2
463
0
63
5
421
255
463
1
63
7
421
16777215
470
LINEAR
1001
ACAD
1010
0
1020
0
1030
0
  0
CIRCLE
  5
600
330
1F
100
AcDbEntity
  8
TopSolderMaskLayer
100
AcDbCircle
 10
27.940055880111686
 20
42.21107442214884
 30
0.0
 40
0.7161636686909738
  0
CIRCLE
  5
601
330
1F
100
AcDbEntity
  8
TopSolderMaskLayer
100
AcDbCircle
 10
27.940055880111686
 20
42.21107442214884
 30
0.0
 40
1.1254000508001016
0
HATCH
5
602
100
AcDbEntity
8
TopSolderMaskLayer
100
AcDbHatch
10
0
20
0
30
0
210
0
220
0
230
1
2
SOLID
70
1
71
0
91
1
92
7
72
1
73
1
93
2
10
26.814655829311583
20
42.21107442214884
42
1
10
29.06545593091179
20
42.21107442214884
42
1
97
1
330

75
0
76
1
47
0.8681437583925616
98
1
10
3.629517071192367
20
33.92795499968543
450
0
451
0
460
0
461
0
452
1
462
1
453
2
463
0
63
5
421
255
463
1
63
7
421
16777215
470
LINEAR
1001
ACAD
1010
0
1020
0
1030
0
  0
CIRCLE
  5
603
330
1F
100
AcDbEntity
  8
BottomSolderMaskLayer
100
AcDbCircle
 10
27.940055880111686
 20
42.21107442214884
 30
0.0
 40
0.7161636686909738
  0
CIRCLE
  5
604
330
1F
100
AcDbEntity
  8
BottomSolderMaskLayer
100
AcDbCircle
 10
27.940055880111686
 20
42.21107442214884
 30
0.0
 40
1.1254000508001016
0
HATCH
5
605
100
AcDbEntity
8
BottomSolderMaskLayer
100
AcDbHatch
10
0
20
0
30
0
210
0
220
0
230
1
2
SOLID
70
1
71
0
91
1
92
7
72
1
73
1
93
2
10
26.814655829311583
20
42.21107442214884
42
1
10
29.06545593091179
20
42.21107442214884
42
1
97
1
330

75
0
76
1
47
0.8681437583925616
98
1
10
3.629517071192367
20
33.92795499968543
450
0
451
0
460
0
461
0
452
1
462
1
453
2
463
0
63
5
421
255
463
1
63
7
421
16777215
470
LINEAR
1001
ACAD
1010
0
1020
0
1030
0
  0
CIRCLE
  5
606
330
1F
100
AcDbEntity
  8
Multi-Layer
100
AcDbCircle
 10
27.940055880111686
 20
42.21107442214884
 30
0.0
 40
0.7000000000000001
  0
CIRCLE
  5
607
330
1F
100
AcDbEntity
  8
Multi-Layer
100
AcDbCircle
 10
27.940055880111686
 20
42.21107442214884
 30
0.0
 40
1.1
0
HATCH
5
608
100
AcDbEntity
8
Multi-Layer
100
AcDbHatch
10
0
20
0
30
0
210
0
220
0
230
1
2
SOLID
70
1
71
0
91
1
92
7
72
1
73
1
93
2
10
26.840055880111684
20
42.21107442214884
42
1
10
29.040055880111687
20
42.21107442214884
42
1
97
1
330

75
0
76
1
47
0.8681437583925616
98
1
10
3.629517071192367
20
33.92795499968543
450
0
451
0
460
0
461
0
452
1
462
1
453
2
463
0
63
5
421
255
463
1
63
7
421
16777215
470
LINEAR
1001
ACAD
1010
0
1020
0
1030
0
  0
CIRCLE
  5
609
330
1F
100
AcDbEntity
  8
TopSolderMaskLayer
100
AcDbCircle
 10
27.940055880111686
 20
37.21107442214884
 30
0.0
 40
0.7161636686909738
  0
CIRCLE
  5
60a
330
1F
100
AcDbEntity
  8
TopSolderMaskLayer
100
AcDbCircle
 10
27.940055880111686
 20
37.21107442214884
 30
0.0
 40
1.1254000508001016
0
HATCH
5
60b
100
AcDbEntity
8
TopSolderMaskLayer
100
AcDbHatch
10
0
20
0
30
0
210
0
220
0
230
1
2
SOLID
70
1
71
0
91
1
92
7
72
1
73
1
93
2
10
26.814655829311583
20
37.21107442214884
42
1
10
29.06545593091179
20
37.21107442214884
42
1
97
1
330

75
0
76
1
47
0.8681437583925616
98
1
10
3.629517071192367
20
33.92795499968543
450
0
451
0
460
0
461
0
452
1
462
1
453
2
463
0
63
5
421
255
463
1
63
7
421
16777215
470
LINEAR
1001
ACAD
1010
0
1020
0
1030
0
  0
CIRCLE
  5
60c
330
1F
100
AcDbEntity
  8
BottomSolderMaskLayer
100
AcDbCircle
 10
27.940055880111686
 20
37.21107442214884
 30
0.0
 40
0.7161636686909738
  0
CIRCLE
  5
60d
330
1F
100
AcDbEntity
  8
BottomSolderMaskLayer
100
AcDbCircle
 10
27.940055880111686
 20
37.21107442214884
 30
0.0
 40
1.1254000508001016
0
HATCH
5
60e
100
AcDbEntity
8
BottomSolderMaskLayer
100
AcDbHatch
10
0
20
0
30
0
210
0
220
0
230
1
2
SOLID
70
1
71
0
91
1
92
7
72
1
73
1
93
2
10
26.814655829311583
20
37.21107442214884
42
1
10
29.06545593091179
20
37.21107442214884
42
1
97
1
330

75
0
76
1
47
0.8681437583925616
98
1
10
3.629517071192367
20
33.92795499968543
450
0
451
0
460
0
461
0
452
1
462
1
453
2
463
0
63
5
421
255
463
1
63
7
421
16777215
470
LINEAR
1001
ACAD
1010
0
1020
0
1030
0
  0
CIRCLE
  5
60f
330
1F
100
AcDbEntity
  8
Multi-Layer
100
AcDbCircle
 10
27.940055880111686
 20
37.21107442214884
 30
0.0
 40
0.7000000000000001
  0
CIRCLE
  5
610
330
1F
100
AcDbEntity
  8
Multi-Layer
100
AcDbCircle
 10
27.940055880111686
 20
37.21107442214884
 30
0.0
 40
1.1
0
HATCH
5
611
100
AcDbEntity
8
Multi-Layer
100
AcDbHatch
10
0
20
0
30
0
210
0
220
0
230
1
2
SOLID
70
1
71
0
91
1
92
7
72
1
73
1
93
2
10
26.840055880111684
20
37.21107442214884
42
1
10
29.040055880111687
20
37.21107442214884
42
1
97
1
330

75
0
76
1
47
0.8681437583925616
98
1
10
3.629517071192367
20
33.92795499968543
450
0
451
0
460
0
461
0
452
1
462
1
453
2
463
0
63
5
421
255
463
1
63
7
421
16777215
470
LINEAR
1001
ACAD
1010
0
1020
0
1030
0
  0
CIRCLE
  5
612
330
1F
100
AcDbEntity
  8
TopSolderMaskLayer
100
AcDbCircle
 10
27.940055880111686
 20
32.21107442214884
 30
0.0
 40
0.7161636686909738
  0
CIRCLE
  5
613
330
1F
100
AcDbEntity
  8
TopSolderMaskLayer
100
AcDbCircle
 10
27.940055880111686
 20
32.21107442214884
 30
0.0
 40
1.1254000508001016
0
HATCH
5
614
100
AcDbEntity
8
TopSolderMaskLayer
100
AcDbHatch
10
0
20
0
30
0
210
0
220
0
230
1
2
SOLID
70
1
71
0
91
1
92
7
72
1
73
1
93
2
10
26.814655829311583
20
32.21107442214884
42
1
10
29.06545593091179
20
32.21107442214884
42
1
97
1
330

75
0
76
1
47
0.8681437583925616
98
1
10
3.629517071192367
20
33.92795499968543
450
0
451
0
460
0
461
0
452
1
462
1
453
2
463
0
63
5
421
255
463
1
63
7
421
16777215
470
LINEAR
1001
ACAD
1010
0
1020
0
1030
0
  0
CIRCLE
  5
615
330
1F
100
AcDbEntity
  8
BottomSolderMaskLayer
100
AcDbCircle
 10
27.940055880111686
 20
32.21107442214884
 30
0.0
 40
0.7161636686909738
  0
CIRCLE
  5
616
330
1F
100
AcDbEntity
  8
BottomSolderMaskLayer
100
AcDbCircle
 10
27.940055880111686
 20
32.21107442214884
 30
0.0
 40
1.1254000508001016
0
HATCH
5
617
100
AcDbEntity
8
BottomSolderMaskLayer
100
AcDbHatch
10
0
20
0
30
0
210
0
220
0
230
1
2
SOLID
70
1
71
0
91
1
92
7
72
1
73
1
93
2
10
26.814655829311583
20
32.21107442214884
42
1
10
29.06545593091179
20
32.21107442214884
42
1
97
1
330

75
0
76
1
47
0.8681437583925616
98
1
10
3.629517071192367
20
33.92795499968543
450
0
451
0
460
0
461
0
452
1
462
1
453
2
463
0
63
5
421
255
463
1
63
7
421
16777215
470
LINEAR
1001
ACAD
1010
0
1020
0
1030
0
  0
CIRCLE
  5
618
330
1F
100
AcDbEntity
  8
Multi-Layer
100
AcDbCircle
 10
27.940055880111686
 20
32.21107442214884
 30
0.0
 40
0.7000000000000001
  0
CIRCLE
  5
619
330
1F
100
AcDbEntity
  8
Multi-Layer
100
AcDbCircle
 10
27.940055880111686
 20
32.21107442214884
 30
0.0
 40
1.1
0
HATCH
5
61a
100
AcDbEntity
8
Multi-Layer
100
AcDbHatch
10
0
20
0
30
0
210
0
220
0
230
1
2
SOLID
70
1
71
0
91
1
92
7
72
1
73
1
93
2
10
26.840055880111684
20
32.21107442214884
42
1
10
29.040055880111687
20
32.21107442214884
42
1
97
1
330

75
0
76
1
47
0.8681437583925616
98
1
10
3.629517071192367
20
33.92795499968543
450
0
451
0
460
0
461
0
452
1
462
1
453
2
463
0
63
5
421
255
463
1
63
7
421
16777215
470
LINEAR
1001
ACAD
1010
0
1020
0
1030
0
  0
CIRCLE
  5
61b
330
1F
100
AcDbEntity
  8
TopSolderMaskLayer
100
AcDbCircle
 10
136.3982727965456
 20
11.47002794005573
 30
0.0
 40
0.7161636686909738
  0
CIRCLE
  5
61c
330
1F
100
AcDbEntity
  8
TopSolderMaskLayer
100
AcDbCircle
 10
136.3982727965456
 20
11.469900939801846
 30
0.0
 40
1.1254000508001016
0
HATCH
5
61d
100
AcDbEntity
8
TopSolderMaskLayer
100
AcDbHatch
10
0
20
0
30
0
210
0
220
0
230
1
2
SOLID
70
1
71
0
91
1
92
7
72
1
73
1
93
2
10
135.2728727457455
20
11.469900939801846
42
1
10
137.5236728473457
20
11.469900939801846
42
1
97
1
330

75
0
76
1
47
0.8681437583925616
98
1
10
3.629517071192367
20
33.92795499968543
450
0
451
0
460
0
461
0
452
1
462
1
453
2
463
0
63
5
421
255
463
1
63
7
421
16777215
470
LINEAR
1001
ACAD
1010
0
1020
0
1030
0
  0
CIRCLE
  5
61e
330
1F
100
AcDbEntity
  8
BottomSolderMaskLayer
100
AcDbCircle
 10
136.3982727965456
 20
11.47002794005573
 30
0.0
 40
0.7161636686909738
  0
CIRCLE
  5
61f
330
1F
100
AcDbEntity
  8
BottomSolderMaskLayer
100
AcDbCircle
 10
136.3982727965456
 20
11.469900939801846
 30
0.0
 40
1.1254000508001016
0
HATCH
5
620
100
AcDbEntity
8
BottomSolderMaskLayer
100
AcDbHatch
10
0
20
0
30
0
210
0
220
0
230
1
2
SOLID
70
1
71
0
91
1
92
7
72
1
73
1
93
2
10
135.2728727457455
20
11.469900939801846
42
1
10
137.5236728473457
20
11.469900939801846
42
1
97
1
330

75
0
76
1
47
0.8681437583925616
98
1
10
3.629517071192367
20
33.92795499968543
450
0
451
0
460
0
461
0
452
1
462
1
453
2
463
0
63
5
421
255
463
1
63
7
421
16777215
470
LINEAR
1001
ACAD
1010
0
1020
0
1030
0
  0
CIRCLE
  5
621
330
1F
100
AcDbEntity
  8
Multi-Layer
100
AcDbCircle
 10
136.3982727965456
 20
11.47002794005573
 30
0.0
 40
0.7000000000000001
  0
CIRCLE
  5
622
330
1F
100
AcDbEntity
  8
Multi-Layer
100
AcDbCircle
 10
136.3982727965456
 20
11.469900939801846
 30
0.0
 40
1.1
0
HATCH
5
623
100
AcDbEntity
8
Multi-Layer
100
AcDbHatch
10
0
20
0
30
0
210
0
220
0
230
1
2
SOLID
70
1
71
0
91
1
92
7
72
1
73
1
93
2
10
135.2982727965456
20
11.469900939801846
42
1
10
137.4982727965456
20
11.469900939801846
42
1
97
1
330

75
0
76
1
47
0.8681437583925616
98
1
10
3.629517071192367
20
33.92795499968543
450
0
451
0
460
0
461
0
452
1
462
1
453
2
463
0
63
5
421
255
463
1
63
7
421
16777215
470
LINEAR
1001
ACAD
1010
0
1020
0
1030
0
  0
CIRCLE
  5
624
330
1F
100
AcDbEntity
  8
TopSolderMaskLayer
100
AcDbCircle
 10
136.3982727965456
 20
16.470027940055843
 30
0.0
 40
0.7161636686909738
  0
CIRCLE
  5
625
330
1F
100
AcDbEntity
  8
TopSolderMaskLayer
100
AcDbCircle
 10
136.3982727965456
 20
16.469900939801846
 30
0.0
 40
1.1254000508001016
0
HATCH
5
626
100
AcDbEntity
8
TopSolderMaskLayer
100
AcDbHatch
10
0
20
0
30
0
210
0
220
0
230
1
2
SOLID
70
1
71
0
91
1
92
7
72
1
73
1
93
2
10
135.2728727457455
20
16.469900939801846
42
1
10
137.5236728473457
20
16.469900939801846
42
1
97
1
330

75
0
76
1
47
0.8681437583925616
98
1
10
3.629517071192367
20
33.92795499968543
450
0
451
0
460
0
461
0
452
1
462
1
453
2
463
0
63
5
421
255
463
1
63
7
421
16777215
470
LINEAR
1001
ACAD
1010
0
1020
0
1030
0
  0
CIRCLE
  5
627
330
1F
100
AcDbEntity
  8
BottomSolderMaskLayer
100
AcDbCircle
 10
136.3982727965456
 20
16.470027940055843
 30
0.0
 40
0.7161636686909738
  0
CIRCLE
  5
628
330
1F
100
AcDbEntity
  8
BottomSolderMaskLayer
100
AcDbCircle
 10
136.3982727965456
 20
16.469900939801846
 30
0.0
 40
1.1254000508001016
0
HATCH
5
629
100
AcDbEntity
8
BottomSolderMaskLayer
100
AcDbHatch
10
0
20
0
30
0
210
0
220
0
230
1
2
SOLID
70
1
71
0
91
1
92
7
72
1
73
1
93
2
10
135.2728727457455
20
16.469900939801846
42
1
10
137.5236728473457
20
16.469900939801846
42
1
97
1
330

75
0
76
1
47
0.8681437583925616
98
1
10
3.629517071192367
20
33.92795499968543
450
0
451
0
460
0
461
0
452
1
462
1
453
2
463
0
63
5
421
255
463
1
63
7
421
16777215
470
LINEAR
1001
ACAD
1010
0
1020
0
1030
0
  0
CIRCLE
  5
62a
330
1F
100
AcDbEntity
  8
Multi-Layer
100
AcDbCircle
 10
136.3982727965456
 20
16.470027940055843
 30
0.0
 40
0.7000000000000001
  0
CIRCLE
  5
62b
330
1F
100
AcDbEntity
  8
Multi-Layer
100
AcDbCircle
 10
136.3982727965456
 20
16.469900939801846
 30
0.0
 40
1.1
0
HATCH
5
62c
100
AcDbEntity
8
Multi-Layer
100
AcDbHatch
10
0
20
0
30
0
210
0
220
0
230
1
2
SOLID
70
1
71
0
91
1
92
7
72
1
73
1
93
2
10
135.2982727965456
20
16.469900939801846
42
1
10
137.4982727965456
20
16.469900939801846
42
1
97
1
330

75
0
76
1
47
0.8681437583925616
98
1
10
3.629517071192367
20
33.92795499968543
450
0
451
0
460
0
461
0
452
1
462
1
453
2
463
0
63
5
421
255
463
1
63
7
421
16777215
470
LINEAR
1001
ACAD
1010
0
1020
0
1030
0
  0
CIRCLE
  5
62d
330
1F
100
AcDbEntity
  8
TopSolderMaskLayer
100
AcDbCircle
 10
114.50215900431795
 20
93.85318770637537
 30
0.0
 40
0.665736848217168
  0
CIRCLE
  5
62e
330
1F
100
AcDbEntity
  8
TopSolderMaskLayer
100
AcDbCircle
 10
114.50215900431795
 20
93.85318770637537
 30
0.0
 40
1.0754000508001016
0
HATCH
5
62f
100
AcDbEntity
8
TopSolderMaskLayer
100
AcDbHatch
10
0
20
0
30
0
210
0
220
0
230
1
2
SOLID
70
1
71
0
91
1
92
7
72
1
73
1
93
2
10
113.42675895351785
20
93.85318770637537
42
1
10
115.57755905511804
20
93.85318770637537
42
1
97
1
330

75
0
76
1
47
0.8681437583925616
98
1
10
3.629517071192367
20
33.92795499968543
450
0
451
0
460
0
461
0
452
1
462
1
453
2
463
0
63
5
421
255
463
1
63
7
421
16777215
470
LINEAR
1001
ACAD
1010
0
1020
0
1030
0
  0
CIRCLE
  5
630
330
1F
100
AcDbEntity
  8
BottomSolderMaskLayer
100
AcDbCircle
 10
114.50215900431795
 20
93.85318770637537
 30
0.0
 40
0.665736848217168
  0
CIRCLE
  5
631
330
1F
100
AcDbEntity
  8
BottomSolderMaskLayer
100
AcDbCircle
 10
114.50215900431795
 20
93.85318770637537
 30
0.0
 40
1.0754000508001016
0
HATCH
5
632
100
AcDbEntity
8
BottomSolderMaskLayer
100
AcDbHatch
10
0
20
0
30
0
210
0
220
0
230
1
2
SOLID
70
1
71
0
91
1
92
7
72
1
73
1
93
2
10
113.42675895351785
20
93.85318770637537
42
1
10
115.57755905511804
20
93.85318770637537
42
1
97
1
330

75
0
76
1
47
0.8681437583925616
98
1
10
3.629517071192367
20
33.92795499968543
450
0
451
0
460
0
461
0
452
1
462
1
453
2
463
0
63
5
421
255
463
1
63
7
421
16777215
470
LINEAR
1001
ACAD
1010
0
1020
0
1030
0
  0
CIRCLE
  5
633
330
1F
100
AcDbEntity
  8
Multi-Layer
100
AcDbCircle
 10
114.50215900431795
 20
93.85318770637537
 30
0.0
 40
0.6500127000254001
  0
CIRCLE
  5
634
330
1F
100
AcDbEntity
  8
Multi-Layer
100
AcDbCircle
 10
114.50215900431795
 20
93.85318770637537
 30
0.0
 40
1.05
0
HATCH
5
635
100
AcDbEntity
8
Multi-Layer
100
AcDbHatch
10
0
20
0
30
0
210
0
220
0
230
1
2
SOLID
70
1
71
0
91
1
92
7
72
1
73
1
93
2
10
113.45215900431795
20
93.85318770637537
42
1
10
115.55215900431794
20
93.85318770637537
42
1
97
1
330

75
0
76
1
47
0.8681437583925616
98
1
10
3.629517071192367
20
33.92795499968543
450
0
451
0
460
0
461
0
452
1
462
1
453
2
463
0
63
5
421
255
463
1
63
7
421
16777215
470
LINEAR
1001
ACAD
1010
0
1020
0
1030
0
  0
CIRCLE
  5
636
330
1F
100
AcDbEntity
  8
TopSolderMaskLayer
100
AcDbCircle
 10
109.50215900431795
 20
93.85318770637537
 30
0.0
 40
0.665736848217168
  0
CIRCLE
  5
637
330
1F
100
AcDbEntity
  8
TopSolderMaskLayer
100
AcDbCircle
 10
109.50215900431795
 20
93.85318770637537
 30
0.0
 40
1.0754000508001016
0
HATCH
5
638
100
AcDbEntity
8
TopSolderMaskLayer
100
AcDbHatch
10
0
20
0
30
0
210
0
220
0
230
1
2
SOLID
70
1
71
0
91
1
92
7
72
1
73
1
93
2
10
108.42675895351785
20
93.85318770637537
42
1
10
110.57755905511804
20
93.85318770637537
42
1
97
1
330

75
0
76
1
47
0.8681437583925616
98
1
10
3.629517071192367
20
33.92795499968543
450
0
451
0
460
0
461
0
452
1
462
1
453
2
463
0
63
5
421
255
463
1
63
7
421
16777215
470
LINEAR
1001
ACAD
1010
0
1020
0
1030
0
  0
CIRCLE
  5
639
330
1F
100
AcDbEntity
  8
BottomSolderMaskLayer
100
AcDbCircle
 10
109.50215900431795
 20
93.85318770637537
 30
0.0
 40
0.665736848217168
  0
CIRCLE
  5
63a
330
1F
100
AcDbEntity
  8
BottomSolderMaskLayer
100
AcDbCircle
 10
109.50215900431795
 20
93.85318770637537
 30
0.0
 40
1.0754000508001016
0
HATCH
5
63b
100
AcDbEntity
8
BottomSolderMaskLayer
100
AcDbHatch
10
0
20
0
30
0
210
0
220
0
230
1
2
SOLID
70
1
71
0
91
1
92
7
72
1
73
1
93
2
10
108.42675895351785
20
93.85318770637537
42
1
10
110.57755905511804
20
93.85318770637537
42
1
97
1
330

75
0
76
1
47
0.8681437583925616
98
1
10
3.629517071192367
20
33.92795499968543
450
0
451
0
460
0
461
0
452
1
462
1
453
2
463
0
63
5
421
255
463
1
63
7
421
16777215
470
LINEAR
1001
ACAD
1010
0
1020
0
1030
0
  0
CIRCLE
  5
63c
330
1F
100
AcDbEntity
  8
Multi-Layer
100
AcDbCircle
 10
109.50215900431795
 20
93.85318770637537
 30
0.0
 40
0.6500127000254001
  0
CIRCLE
  5
63d
330
1F
100
AcDbEntity
  8
Multi-Layer
100
AcDbCircle
 10
109.50215900431795
 20
93.85318770637537
 30
0.0
 40
1.05
0
HATCH
5
63e
100
AcDbEntity
8
Multi-Layer
100
AcDbHatch
10
0
20
0
30
0
210
0
220
0
230
1
2
SOLID
70
1
71
0
91
1
92
7
72
1
73
1
93
2
10
108.45215900431795
20
93.85318770637537
42
1
10
110.55215900431794
20
93.85318770637537
42
1
97
1
330

75
0
76
1
47
0.8681437583925616
98
1
10
3.629517071192367
20
33.92795499968543
450
0
451
0
460
0
461
0
452
1
462
1
453
2
463
0
63
5
421
255
463
1
63
7
421
16777215
470
LINEAR
1001
ACAD
1010
0
1020
0
1030
0
  0
CIRCLE
  5
63f
330
1F
100
AcDbEntity
  8
TopSolderMaskLayer
100
AcDbCircle
 10
104.50215900431817
 20
93.85318770637537
 30
0.0
 40
0.665736848217168
  0
CIRCLE
  5
640
330
1F
100
AcDbEntity
  8
TopSolderMaskLayer
100
AcDbCircle
 10
104.50215900431817
 20
93.85318770637537
 30
0.0
 40
1.0754000508001016
0
HATCH
5
641
100
AcDbEntity
8
TopSolderMaskLayer
100
AcDbHatch
10
0
20
0
30
0
210
0
220
0
230
1
2
SOLID
70
1
71
0
91
1
92
7
72
1
73
1
93
2
10
103.42675895351807
20
93.85318770637537
42
1
10
105.57755905511827
20
93.85318770637537
42
1
97
1
330

75
0
76
1
47
0.8681437583925616
98
1
10
3.629517071192367
20
33.92795499968543
450
0
451
0
460
0
461
0
452
1
462
1
453
2
463
0
63
5
421
255
463
1
63
7
421
16777215
470
LINEAR
1001
ACAD
1010
0
1020
0
1030
0
  0
CIRCLE
  5
642
330
1F
100
AcDbEntity
  8
BottomSolderMaskLayer
100
AcDbCircle
 10
104.50215900431817
 20
93.85318770637537
 30
0.0
 40
0.665736848217168
  0
CIRCLE
  5
643
330
1F
100
AcDbEntity
  8
BottomSolderMaskLayer
100
AcDbCircle
 10
104.50215900431817
 20
93.85318770637537
 30
0.0
 40
1.0754000508001016
0
HATCH
5
644
100
AcDbEntity
8
BottomSolderMaskLayer
100
AcDbHatch
10
0
20
0
30
0
210
0
220
0
230
1
2
SOLID
70
1
71
0
91
1
92
7
72
1
73
1
93
2
10
103.42675895351807
20
93.85318770637537
42
1
10
105.57755905511827
20
93.85318770637537
42
1
97
1
330

75
0
76
1
47
0.8681437583925616
98
1
10
3.629517071192367
20
33.92795499968543
450
0
451
0
460
0
461
0
452
1
462
1
453
2
463
0
63
5
421
255
463
1
63
7
421
16777215
470
LINEAR
1001
ACAD
1010
0
1020
0
1030
0
  0
CIRCLE
  5
645
330
1F
100
AcDbEntity
  8
Multi-Layer
100
AcDbCircle
 10
104.50215900431817
 20
93.85318770637537
 30
0.0
 40
0.6500127000254001
  0
CIRCLE
  5
646
330
1F
100
AcDbEntity
  8
Multi-Layer
100
AcDbCircle
 10
104.50215900431817
 20
93.85318770637537
 30
0.0
 40
1.05
0
HATCH
5
647
100
AcDbEntity
8
Multi-Layer
100
AcDbHatch
10
0
20
0
30
0
210
0
220
0
230
1
2
SOLID
70
1
71
0
91
1
92
7
72
1
73
1
93
2
10
103.45215900431818
20
93.85318770637537
42
1
10
105.55215900431817
20
93.85318770637537
42
1
97
1
330

75
0
76
1
47
0.8681437583925616
98
1
10
3.629517071192367
20
33.92795499968543
450
0
451
0
460
0
461
0
452
1
462
1
453
2
463
0
63
5
421
255
463
1
63
7
421
16777215
470
LINEAR
1001
ACAD
1010
0
1020
0
1030
0
  0
CIRCLE
  5
648
330
1F
100
AcDbEntity
  8
TopSolderMaskLayer
100
AcDbCircle
 10
99.50215900431795
 20
93.85318770637537
 30
0.0
 40
0.665736848217168
  0
CIRCLE
  5
649
330
1F
100
AcDbEntity
  8
TopSolderMaskLayer
100
AcDbCircle
 10
99.50215900431795
 20
93.85318770637537
 30
0.0
 40
1.0754000508001016
0
HATCH
5
64a
100
AcDbEntity
8
TopSolderMaskLayer
100
AcDbHatch
10
0
20
0
30
0
210
0
220
0
230
1
2
SOLID
70
1
71
0
91
1
92
7
72
1
73
1
93
2
10
98.42675895351785
20
93.85318770637537
42
1
10
100.57755905511804
20
93.85318770637537
42
1
97
1
330

75
0
76
1
47
0.8681437583925616
98
1
10
3.629517071192367
20
33.92795499968543
450
0
451
0
460
0
461
0
452
1
462
1
453
2
463
0
63
5
421
255
463
1
63
7
421
16777215
470
LINEAR
1001
ACAD
1010
0
1020
0
1030
0
  0
CIRCLE
  5
64b
330
1F
100
AcDbEntity
  8
BottomSolderMaskLayer
100
AcDbCircle
 10
99.50215900431795
 20
93.85318770637537
 30
0.0
 40
0.665736848217168
  0
CIRCLE
  5
64c
330
1F
100
AcDbEntity
  8
BottomSolderMaskLayer
100
AcDbCircle
 10
99.50215900431795
 20
93.85318770637537
 30
0.0
 40
1.0754000508001016
0
HATCH
5
64d
100
AcDbEntity
8
BottomSolderMaskLayer
100
AcDbHatch
10
0
20
0
30
0
210
0
220
0
230
1
2
SOLID
70
1
71
0
91
1
92
7
72
1
73
1
93
2
10
98.42675895351785
20
93.85318770637537
42
1
10
100.57755905511804
20
93.85318770637537
42
1
97
1
330

75
0
76
1
47
0.8681437583925616
98
1
10
3.629517071192367
20
33.92795499968543
450
0
451
0
460
0
461
0
452
1
462
1
453
2
463
0
63
5
421
255
463
1
63
7
421
16777215
470
LINEAR
1001
ACAD
1010
0
1020
0
1030
0
  0
CIRCLE
  5
64e
330
1F
100
AcDbEntity
  8
Multi-Layer
100
AcDbCircle
 10
99.50215900431795
 20
93.85318770637537
 30
0.0
 40
0.6500127000254001
  0
CIRCLE
  5
64f
330
1F
100
AcDbEntity
  8
Multi-Layer
100
AcDbCircle
 10
99.50215900431795
 20
93.85318770637537
 30
0.0
 40
1.05
0
HATCH
5
650
100
AcDbEntity
8
Multi-Layer
100
AcDbHatch
10
0
20
0
30
0
210
0
220
0
230
1
2
SOLID
70
1
71
0
91
1
92
7
72
1
73
1
93
2
10
98.45215900431795
20
93.85318770637537
42
1
10
100.55215900431794
20
93.85318770637537
42
1
97
1
330

75
0
76
1
47
0.8681437583925616
98
1
10
3.629517071192367
20
33.92795499968543
450
0
451
0
460
0
461
0
452
1
462
1
453
2
463
0
63
5
421
255
463
1
63
7
421
16777215
470
LINEAR
1001
ACAD
1010
0
1020
0
1030
0
  0
CIRCLE
  5
651
330
1F
100
AcDbEntity
  8
TopSolderMaskLayer
100
AcDbCircle
 10
94.50215900431817
 20
93.85318770637537
 30
0.0
 40
0.665736848217168
  0
CIRCLE
  5
652
330
1F
100
AcDbEntity
  8
TopSolderMaskLayer
100
AcDbCircle
 10
94.50215900431817
 20
93.85318770637537
 30
0.0
 40
1.0754000508001016
0
HATCH
5
653
100
AcDbEntity
8
TopSolderMaskLayer
100
AcDbHatch
10
0
20
0
30
0
210
0
220
0
230
1
2
SOLID
70
1
71
0
91
1
92
7
72
1
73
1
93
2
10
93.42675895351807
20
93.85318770637537
42
1
10
95.57755905511827
20
93.85318770637537
42
1
97
1
330

75
0
76
1
47
0.8681437583925616
98
1
10
3.629517071192367
20
33.92795499968543
450
0
451
0
460
0
461
0
452
1
462
1
453
2
463
0
63
5
421
255
463
1
63
7
421
16777215
470
LINEAR
1001
ACAD
1010
0
1020
0
1030
0
  0
CIRCLE
  5
654
330
1F
100
AcDbEntity
  8
BottomSolderMaskLayer
100
AcDbCircle
 10
94.50215900431817
 20
93.85318770637537
 30
0.0
 40
0.665736848217168
  0
CIRCLE
  5
655
330
1F
100
AcDbEntity
  8
BottomSolderMaskLayer
100
AcDbCircle
 10
94.50215900431817
 20
93.85318770637537
 30
0.0
 40
1.0754000508001016
0
HATCH
5
656
100
AcDbEntity
8
BottomSolderMaskLayer
100
AcDbHatch
10
0
20
0
30
0
210
0
220
0
230
1
2
SOLID
70
1
71
0
91
1
92
7
72
1
73
1
93
2
10
93.42675895351807
20
93.85318770637537
42
1
10
95.57755905511827
20
93.85318770637537
42
1
97
1
330

75
0
76
1
47
0.8681437583925616
98
1
10
3.629517071192367
20
33.92795499968543
450
0
451
0
460
0
461
0
452
1
462
1
453
2
463
0
63
5
421
255
463
1
63
7
421
16777215
470
LINEAR
1001
ACAD
1010
0
1020
0
1030
0
  0
CIRCLE
  5
657
330
1F
100
AcDbEntity
  8
Multi-Layer
100
AcDbCircle
 10
94.50215900431817
 20
93.85318770637537
 30
0.0
 40
0.6500127000254001
  0
CIRCLE
  5
658
330
1F
100
AcDbEntity
  8
Multi-Layer
100
AcDbCircle
 10
94.50215900431817
 20
93.85318770637537
 30
0.0
 40
1.05
0
HATCH
5
659
100
AcDbEntity
8
Multi-Layer
100
AcDbHatch
10
0
20
0
30
0
210
0
220
0
230
1
2
SOLID
70
1
71
0
91
1
92
7
72
1
73
1
93
2
10
93.45215900431818
20
93.85318770637537
42
1
10
95.55215900431817
20
93.85318770637537
42
1
97
1
330

75
0
76
1
47
0.8681437583925616
98
1
10
3.629517071192367
20
33.92795499968543
450
0
451
0
460
0
461
0
452
1
462
1
453
2
463
0
63
5
421
255
463
1
63
7
421
16777215
470
LINEAR
1001
ACAD
1010
0
1020
0
1030
0
  0
CIRCLE
  5
65a
330
1F
100
AcDbEntity
  8
TopSolderMaskLayer
100
AcDbCircle
 10
89.50215900431795
 20
93.85318770637537
 30
0.0
 40
0.665736848217168
  0
CIRCLE
  5
65b
330
1F
100
AcDbEntity
  8
TopSolderMaskLayer
100
AcDbCircle
 10
89.50215900431795
 20
93.85318770637537
 30
0.0
 40
1.0754000508001016
0
HATCH
5
65c
100
AcDbEntity
8
TopSolderMaskLayer
100
AcDbHatch
10
0
20
0
30
0
210
0
220
0
230
1
2
SOLID
70
1
71
0
91
1
92
7
72
1
73
1
93
2
10
88.42675895351785
20
93.85318770637537
42
1
10
90.57755905511804
20
93.85318770637537
42
1
97
1
330

75
0
76
1
47
0.8681437583925616
98
1
10
3.629517071192367
20
33.92795499968543
450
0
451
0
460
0
461
0
452
1
462
1
453
2
463
0
63
5
421
255
463
1
63
7
421
16777215
470
LINEAR
1001
ACAD
1010
0
1020
0
1030
0
  0
CIRCLE
  5
65d
330
1F
100
AcDbEntity
  8
BottomSolderMaskLayer
100
AcDbCircle
 10
89.50215900431795
 20
93.85318770637537
 30
0.0
 40
0.665736848217168
  0
CIRCLE
  5
65e
330
1F
100
AcDbEntity
  8
BottomSolderMaskLayer
100
AcDbCircle
 10
89.50215900431795
 20
93.85318770637537
 30
0.0
 40
1.0754000508001016
0
HATCH
5
65f
100
AcDbEntity
8
BottomSolderMaskLayer
100
AcDbHatch
10
0
20
0
30
0
210
0
220
0
230
1
2
SOLID
70
1
71
0
91
1
92
7
72
1
73
1
93
2
10
88.42675895351785
20
93.85318770637537
42
1
10
90.57755905511804
20
93.85318770637537
42
1
97
1
330

75
0
76
1
47
0.8681437583925616
98
1
10
3.629517071192367
20
33.92795499968543
450
0
451
0
460
0
461
0
452
1
462
1
453
2
463
0
63
5
421
255
463
1
63
7
421
16777215
470
LINEAR
1001
ACAD
1010
0
1020
0
1030
0
  0
CIRCLE
  5
660
330
1F
100
AcDbEntity
  8
Multi-Layer
100
AcDbCircle
 10
89.50215900431795
 20
93.85318770637537
 30
0.0
 40
0.6500127000254001
  0
CIRCLE
  5
661
330
1F
100
AcDbEntity
  8
Multi-Layer
100
AcDbCircle
 10
89.50215900431795
 20
93.85318770637537
 30
0.0
 40
1.05
0
HATCH
5
662
100
AcDbEntity
8
Multi-Layer
100
AcDbHatch
10
0
20
0
30
0
210
0
220
0
230
1
2
SOLID
70
1
71
0
91
1
92
7
72
1
73
1
93
2
10
88.45215900431795
20
93.85318770637537
42
1
10
90.55215900431794
20
93.85318770637537
42
1
97
1
330

75
0
76
1
47
0.8681437583925616
98
1
10
3.629517071192367
20
33.92795499968543
450
0
451
0
460
0
461
0
452
1
462
1
453
2
463
0
63
5
421
255
463
1
63
7
421
16777215
470
LINEAR
1001
ACAD
1010
0
1020
0
1030
0
  0
CIRCLE
  5
663
330
1F
100
AcDbEntity
  8
TopSolderMaskLayer
100
AcDbCircle
 10
84.50215900431817
 20
93.85318770637537
 30
0.0
 40
0.665736848217168
  0
CIRCLE
  5
664
330
1F
100
AcDbEntity
  8
TopSolderMaskLayer
100
AcDbCircle
 10
84.50215900431817
 20
93.85318770637537
 30
0.0
 40
1.0754000508001016
0
HATCH
5
665
100
AcDbEntity
8
TopSolderMaskLayer
100
AcDbHatch
10
0
20
0
30
0
210
0
220
0
230
1
2
SOLID
70
1
71
0
91
1
92
7
72
1
73
1
93
2
10
83.42675895351807
20
93.85318770637537
42
1
10
85.57755905511827
20
93.85318770637537
42
1
97
1
330

75
0
76
1
47
0.8681437583925616
98
1
10
3.629517071192367
20
33.92795499968543
450
0
451
0
460
0
461
0
452
1
462
1
453
2
463
0
63
5
421
255
463
1
63
7
421
16777215
470
LINEAR
1001
ACAD
1010
0
1020
0
1030
0
  0
CIRCLE
  5
666
330
1F
100
AcDbEntity
  8
BottomSolderMaskLayer
100
AcDbCircle
 10
84.50215900431817
 20
93.85318770637537
 30
0.0
 40
0.665736848217168
  0
CIRCLE
  5
667
330
1F
100
AcDbEntity
  8
BottomSolderMaskLayer
100
AcDbCircle
 10
84.50215900431817
 20
93.85318770637537
 30
0.0
 40
1.0754000508001016
0
HATCH
5
668
100
AcDbEntity
8
BottomSolderMaskLayer
100
AcDbHatch
10
0
20
0
30
0
210
0
220
0
230
1
2
SOLID
70
1
71
0
91
1
92
7
72
1
73
1
93
2
10
83.42675895351807
20
93.85318770637537
42
1
10
85.57755905511827
20
93.85318770637537
42
1
97
1
330

75
0
76
1
47
0.8681437583925616
98
1
10
3.629517071192367
20
33.92795499968543
450
0
451
0
460
0
461
0
452
1
462
1
453
2
463
0
63
5
421
255
463
1
63
7
421
16777215
470
LINEAR
1001
ACAD
1010
0
1020
0
1030
0
  0
CIRCLE
  5
669
330
1F
100
AcDbEntity
  8
Multi-Layer
100
AcDbCircle
 10
84.50215900431817
 20
93.85318770637537
 30
0.0
 40
0.6500127000254001
  0
CIRCLE
  5
66a
330
1F
100
AcDbEntity
  8
Multi-Layer
100
AcDbCircle
 10
84.50215900431817
 20
93.85318770637537
 30
0.0
 40
1.05
0
HATCH
5
66b
100
AcDbEntity
8
Multi-Layer
100
AcDbHatch
10
0
20
0
30
0
210
0
220
0
230
1
2
SOLID
70
1
71
0
91
1
92
7
72
1
73
1
93
2
10
83.45215900431818
20
93.85318770637537
42
1
10
85.55215900431817
20
93.85318770637537
42
1
97
1
330

75
0
76
1
47
0.8681437583925616
98
1
10
3.629517071192367
20
33.92795499968543
450
0
451
0
460
0
461
0
452
1
462
1
453
2
463
0
63
5
421
255
463
1
63
7
421
16777215
470
LINEAR
1001
ACAD
1010
0
1020
0
1030
0
  0
CIRCLE
  5
66c
330
1F
100
AcDbEntity
  8
TopSolderMaskLayer
100
AcDbCircle
 10
79.50215900431795
 20
93.85318770637537
 30
0.0
 40
0.665736848217168
  0
CIRCLE
  5
66d
330
1F
100
AcDbEntity
  8
TopSolderMaskLayer
100
AcDbCircle
 10
79.50215900431795
 20
93.85318770637537
 30
0.0
 40
1.0754000508001016
0
HATCH
5
66e
100
AcDbEntity
8
TopSolderMaskLayer
100
AcDbHatch
10
0
20
0
30
0
210
0
220
0
230
1
2
SOLID
70
1
71
0
91
1
92
7
72
1
73
1
93
2
10
78.42675895351785
20
93.85318770637537
42
1
10
80.57755905511804
20
93.85318770637537
42
1
97
1
330

75
0
76
1
47
0.8681437583925616
98
1
10
3.629517071192367
20
33.92795499968543
450
0
451
0
460
0
461
0
452
1
462
1
453
2
463
0
63
5
421
255
463
1
63
7
421
16777215
470
LINEAR
1001
ACAD
1010
0
1020
0
1030
0
  0
CIRCLE
  5
66f
330
1F
100
AcDbEntity
  8
BottomSolderMaskLayer
100
AcDbCircle
 10
79.50215900431795
 20
93.85318770637537
 30
0.0
 40
0.665736848217168
  0
CIRCLE
  5
670
330
1F
100
AcDbEntity
  8
BottomSolderMaskLayer
100
AcDbCircle
 10
79.50215900431795
 20
93.85318770637537
 30
0.0
 40
1.0754000508001016
0
HATCH
5
671
100
AcDbEntity
8
BottomSolderMaskLayer
100
AcDbHatch
10
0
20
0
30
0
210
0
220
0
230
1
2
SOLID
70
1
71
0
91
1
92
7
72
1
73
1
93
2
10
78.42675895351785
20
93.85318770637537
42
1
10
80.57755905511804
20
93.85318770637537
42
1
97
1
330

75
0
76
1
47
0.8681437583925616
98
1
10
3.629517071192367
20
33.92795499968543
450
0
451
0
460
0
461
0
452
1
462
1
453
2
463
0
63
5
421
255
463
1
63
7
421
16777215
470
LINEAR
1001
ACAD
1010
0
1020
0
1030
0
  0
CIRCLE
  5
672
330
1F
100
AcDbEntity
  8
Multi-Layer
100
AcDbCircle
 10
79.50215900431795
 20
93.85318770637537
 30
0.0
 40
0.6500127000254001
  0
CIRCLE
  5
673
330
1F
100
AcDbEntity
  8
Multi-Layer
100
AcDbCircle
 10
79.50215900431795
 20
93.85318770637537
 30
0.0
 40
1.05
0
HATCH
5
674
100
AcDbEntity
8
Multi-Layer
100
AcDbHatch
10
0
20
0
30
0
210
0
220
0
230
1
2
SOLID
70
1
71
0
91
1
92
7
72
1
73
1
93
2
10
78.45215900431795
20
93.85318770637537
42
1
10
80.55215900431794
20
93.85318770637537
42
1
97
1
330

75
0
76
1
47
0.8681437583925616
98
1
10
3.629517071192367
20
33.92795499968543
450
0
451
0
460
0
461
0
452
1
462
1
453
2
463
0
63
5
421
255
463
1
63
7
421
16777215
470
LINEAR
1001
ACAD
1010
0
1020
0
1030
0
  0
CIRCLE
  5
675
330
1F
100
AcDbEntity
  8
TopSolderMaskLayer
100
AcDbCircle
 10
74.50215900431795
 20
93.85318770637537
 30
0.0
 40
0.665736848217168
  0
CIRCLE
  5
676
330
1F
100
AcDbEntity
  8
TopSolderMaskLayer
100
AcDbCircle
 10
74.50215900431795
 20
93.85318770637537
 30
0.0
 40
1.0754000508001016
0
HATCH
5
677
100
AcDbEntity
8
TopSolderMaskLayer
100
AcDbHatch
10
0
20
0
30
0
210
0
220
0
230
1
2
SOLID
70
1
71
0
91
1
92
7
72
1
73
1
93
2
10
73.42675895351785
20
93.85318770637537
42
1
10
75.57755905511804
20
93.85318770637537
42
1
97
1
330

75
0
76
1
47
0.8681437583925616
98
1
10
3.629517071192367
20
33.92795499968543
450
0
451
0
460
0
461
0
452
1
462
1
453
2
463
0
63
5
421
255
463
1
63
7
421
16777215
470
LINEAR
1001
ACAD
1010
0
1020
0
1030
0
  0
CIRCLE
  5
678
330
1F
100
AcDbEntity
  8
BottomSolderMaskLayer
100
AcDbCircle
 10
74.50215900431795
 20
93.85318770637537
 30
0.0
 40
0.665736848217168
  0
CIRCLE
  5
679
330
1F
100
AcDbEntity
  8
BottomSolderMaskLayer
100
AcDbCircle
 10
74.50215900431795
 20
93.85318770637537
 30
0.0
 40
1.0754000508001016
0
HATCH
5
67a
100
AcDbEntity
8
BottomSolderMaskLayer
100
AcDbHatch
10
0
20
0
30
0
210
0
220
0
230
1
2
SOLID
70
1
71
0
91
1
92
7
72
1
73
1
93
2
10
73.42675895351785
20
93.85318770637537
42
1
10
75.57755905511804
20
93.85318770637537
42
1
97
1
330

75
0
76
1
47
0.8681437583925616
98
1
10
3.629517071192367
20
33.92795499968543
450
0
451
0
460
0
461
0
452
1
462
1
453
2
463
0
63
5
421
255
463
1
63
7
421
16777215
470
LINEAR
1001
ACAD
1010
0
1020
0
1030
0
  0
CIRCLE
  5
67b
330
1F
100
AcDbEntity
  8
Multi-Layer
100
AcDbCircle
 10
74.50215900431795
 20
93.85318770637537
 30
0.0
 40
0.6500127000254001
  0
CIRCLE
  5
67c
330
1F
100
AcDbEntity
  8
Multi-Layer
100
AcDbCircle
 10
74.50215900431795
 20
93.85318770637537
 30
0.0
 40
1.05
0
HATCH
5
67d
100
AcDbEntity
8
Multi-Layer
100
AcDbHatch
10
0
20
0
30
0
210
0
220
0
230
1
2
SOLID
70
1
71
0
91
1
92
7
72
1
73
1
93
2
10
73.45215900431795
20
93.85318770637537
42
1
10
75.55215900431794
20
93.85318770637537
42
1
97
1
330

75
0
76
1
47
0.8681437583925616
98
1
10
3.629517071192367
20
33.92795499968543
450
0
451
0
460
0
461
0
452
1
462
1
453
2
463
0
63
5
421
255
463
1
63
7
421
16777215
470
LINEAR
1001
ACAD
1010
0
1020
0
1030
0
  0
CIRCLE
  5
67e
330
1F
100
AcDbEntity
  8
TopSolderMaskLayer
100
AcDbCircle
 10
69.50215900431817
 20
93.85318770637537
 30
0.0
 40
0.665736848217168
  0
CIRCLE
  5
67f
330
1F
100
AcDbEntity
  8
TopSolderMaskLayer
100
AcDbCircle
 10
69.50215900431817
 20
93.85318770637537
 30
0.0
 40
1.0754000508001016
0
HATCH
5
680
100
AcDbEntity
8
TopSolderMaskLayer
100
AcDbHatch
10
0
20
0
30
0
210
0
220
0
230
1
2
SOLID
70
1
71
0
91
1
92
7
72
1
73
1
93
2
10
68.42675895351807
20
93.85318770637537
42
1
10
70.57755905511827
20
93.85318770637537
42
1
97
1
330

75
0
76
1
47
0.8681437583925616
98
1
10
3.629517071192367
20
33.92795499968543
450
0
451
0
460
0
461
0
452
1
462
1
453
2
463
0
63
5
421
255
463
1
63
7
421
16777215
470
LINEAR
1001
ACAD
1010
0
1020
0
1030
0
  0
CIRCLE
  5
681
330
1F
100
AcDbEntity
  8
BottomSolderMaskLayer
100
AcDbCircle
 10
69.50215900431817
 20
93.85318770637537
 30
0.0
 40
0.665736848217168
  0
CIRCLE
  5
682
330
1F
100
AcDbEntity
  8
BottomSolderMaskLayer
100
AcDbCircle
 10
69.50215900431817
 20
93.85318770637537
 30
0.0
 40
1.0754000508001016
0
HATCH
5
683
100
AcDbEntity
8
BottomSolderMaskLayer
100
AcDbHatch
10
0
20
0
30
0
210
0
220
0
230
1
2
SOLID
70
1
71
0
91
1
92
7
72
1
73
1
93
2
10
68.42675895351807
20
93.85318770637537
42
1
10
70.57755905511827
20
93.85318770637537
42
1
97
1
330

75
0
76
1
47
0.8681437583925616
98
1
10
3.629517071192367
20
33.92795499968543
450
0
451
0
460
0
461
0
452
1
462
1
453
2
463
0
63
5
421
255
463
1
63
7
421
16777215
470
LINEAR
1001
ACAD
1010
0
1020
0
1030
0
  0
CIRCLE
  5
684
330
1F
100
AcDbEntity
  8
Multi-Layer
100
AcDbCircle
 10
69.50215900431817
 20
93.85318770637537
 30
0.0
 40
0.6500127000254001
  0
CIRCLE
  5
685
330
1F
100
AcDbEntity
  8
Multi-Layer
100
AcDbCircle
 10
69.50215900431817
 20
93.85318770637537
 30
0.0
 40
1.05
0
HATCH
5
686
100
AcDbEntity
8
Multi-Layer
100
AcDbHatch
10
0
20
0
30
0
210
0
220
0
230
1
2
SOLID
70
1
71
0
91
1
92
7
72
1
73
1
93
2
10
68.45215900431818
20
93.85318770637537
42
1
10
70.55215900431817
20
93.85318770637537
42
1
97
1
330

75
0
76
1
47
0.8681437583925616
98
1
10
3.629517071192367
20
33.92795499968543
450
0
451
0
460
0
461
0
452
1
462
1
453
2
463
0
63
5
421
255
463
1
63
7
421
16777215
470
LINEAR
1001
ACAD
1010
0
1020
0
1030
0
  0
CIRCLE
  5
687
330
1F
100
AcDbEntity
  8
TopSolderMaskLayer
100
AcDbCircle
 10
64.50215900431795
 20
93.85318770637537
 30
0.0
 40
0.665736848217168
  0
CIRCLE
  5
688
330
1F
100
AcDbEntity
  8
TopSolderMaskLayer
100
AcDbCircle
 10
64.50215900431795
 20
93.85318770637537
 30
0.0
 40
1.0754000508001016
0
HATCH
5
689
100
AcDbEntity
8
TopSolderMaskLayer
100
AcDbHatch
10
0
20
0
30
0
210
0
220
0
230
1
2
SOLID
70
1
71
0
91
1
92
7
72
1
73
1
93
2
10
63.42675895351785
20
93.85318770637537
42
1
10
65.57755905511804
20
93.85318770637537
42
1
97
1
330

75
0
76
1
47
0.8681437583925616
98
1
10
3.629517071192367
20
33.92795499968543
450
0
451
0
460
0
461
0
452
1
462
1
453
2
463
0
63
5
421
255
463
1
63
7
421
16777215
470
LINEAR
1001
ACAD
1010
0
1020
0
1030
0
  0
CIRCLE
  5
68a
330
1F
100
AcDbEntity
  8
BottomSolderMaskLayer
100
AcDbCircle
 10
64.50215900431795
 20
93.85318770637537
 30
0.0
 40
0.665736848217168
  0
CIRCLE
  5
68b
330
1F
100
AcDbEntity
  8
BottomSolderMaskLayer
100
AcDbCircle
 10
64.50215900431795
 20
93.85318770637537
 30
0.0
 40
1.0754000508001016
0
HATCH
5
68c
100
AcDbEntity
8
BottomSolderMaskLayer
100
AcDbHatch
10
0
20
0
30
0
210
0
220
0
230
1
2
SOLID
70
1
71
0
91
1
92
7
72
1
73
1
93
2
10
63.42675895351785
20
93.85318770637537
42
1
10
65.57755905511804
20
93.85318770637537
42
1
97
1
330

75
0
76
1
47
0.8681437583925616
98
1
10
3.629517071192367
20
33.92795499968543
450
0
451
0
460
0
461
0
452
1
462
1
453
2
463
0
63
5
421
255
463
1
63
7
421
16777215
470
LINEAR
1001
ACAD
1010
0
1020
0
1030
0
  0
CIRCLE
  5
68d
330
1F
100
AcDbEntity
  8
Multi-Layer
100
AcDbCircle
 10
64.50215900431795
 20
93.85318770637537
 30
0.0
 40
0.6500127000254001
  0
CIRCLE
  5
68e
330
1F
100
AcDbEntity
  8
Multi-Layer
100
AcDbCircle
 10
64.50215900431795
 20
93.85318770637537
 30
0.0
 40
1.05
0
HATCH
5
68f
100
AcDbEntity
8
Multi-Layer
100
AcDbHatch
10
0
20
0
30
0
210
0
220
0
230
1
2
SOLID
70
1
71
0
91
1
92
7
72
1
73
1
93
2
10
63.45215900431795
20
93.85318770637537
42
1
10
65.55215900431794
20
93.85318770637537
42
1
97
1
330

75
0
76
1
47
0.8681437583925616
98
1
10
3.629517071192367
20
33.92795499968543
450
0
451
0
460
0
461
0
452
1
462
1
453
2
463
0
63
5
421
255
463
1
63
7
421
16777215
470
LINEAR
1001
ACAD
1010
0
1020
0
1030
0
  0
CIRCLE
  5
690
330
1F
100
AcDbEntity
  8
TopSolderMaskLayer
100
AcDbCircle
 10
59.50215900431817
 20
93.85318770637537
 30
0.0
 40
0.665736848217168
  0
CIRCLE
  5
691
330
1F
100
AcDbEntity
  8
TopSolderMaskLayer
100
AcDbCircle
 10
59.50215900431817
 20
93.85318770637537
 30
0.0
 40
1.0754000508001016
0
HATCH
5
692
100
AcDbEntity
8
TopSolderMaskLayer
100
AcDbHatch
10
0
20
0
30
0
210
0
220
0
230
1
2
SOLID
70
1
71
0
91
1
92
7
72
1
73
1
93
2
10
58.426758953518075
20
93.85318770637537
42
1
10
60.57755905511827
20
93.85318770637537
42
1
97
1
330

75
0
76
1
47
0.8681437583925616
98
1
10
3.629517071192367
20
33.92795499968543
450
0
451
0
460
0
461
0
452
1
462
1
453
2
463
0
63
5
421
255
463
1
63
7
421
16777215
470
LINEAR
1001
ACAD
1010
0
1020
0
1030
0
  0
CIRCLE
  5
693
330
1F
100
AcDbEntity
  8
BottomSolderMaskLayer
100
AcDbCircle
 10
59.50215900431817
 20
93.85318770637537
 30
0.0
 40
0.665736848217168
  0
CIRCLE
  5
694
330
1F
100
AcDbEntity
  8
BottomSolderMaskLayer
100
AcDbCircle
 10
59.50215900431817
 20
93.85318770637537
 30
0.0
 40
1.0754000508001016
0
HATCH
5
695
100
AcDbEntity
8
BottomSolderMaskLayer
100
AcDbHatch
10
0
20
0
30
0
210
0
220
0
230
1
2
SOLID
70
1
71
0
91
1
92
7
72
1
73
1
93
2
10
58.426758953518075
20
93.85318770637537
42
1
10
60.57755905511827
20
93.85318770637537
42
1
97
1
330

75
0
76
1
47
0.8681437583925616
98
1
10
3.629517071192367
20
33.92795499968543
450
0
451
0
460
0
461
0
452
1
462
1
453
2
463
0
63
5
421
255
463
1
63
7
421
16777215
470
LINEAR
1001
ACAD
1010
0
1020
0
1030
0
  0
CIRCLE
  5
696
330
1F
100
AcDbEntity
  8
Multi-Layer
100
AcDbCircle
 10
59.50215900431817
 20
93.85318770637537
 30
0.0
 40
0.6500127000254001
  0
CIRCLE
  5
697
330
1F
100
AcDbEntity
  8
Multi-Layer
100
AcDbCircle
 10
59.50215900431817
 20
93.85318770637537
 30
0.0
 40
1.05
0
HATCH
5
698
100
AcDbEntity
8
Multi-Layer
100
AcDbHatch
10
0
20
0
30
0
210
0
220
0
230
1
2
SOLID
70
1
71
0
91
1
92
7
72
1
73
1
93
2
10
58.452159004318176
20
93.85318770637537
42
1
10
60.55215900431817
20
93.85318770637537
42
1
97
1
330

75
0
76
1
47
0.8681437583925616
98
1
10
3.629517071192367
20
33.92795499968543
450
0
451
0
460
0
461
0
452
1
462
1
453
2
463
0
63
5
421
255
463
1
63
7
421
16777215
470
LINEAR
1001
ACAD
1010
0
1020
0
1030
0
  0
CIRCLE
  5
699
330
1F
100
AcDbEntity
  8
TopSolderMaskLayer
100
AcDbCircle
 10
54.502159004317946
 20
93.85318770637537
 30
0.0
 40
0.665736848217168
  0
CIRCLE
  5
69a
330
1F
100
AcDbEntity
  8
TopSolderMaskLayer
100
AcDbCircle
 10
54.502159004317946
 20
93.85318770637537
 30
0.0
 40
1.0754000508001016
0
HATCH
5
69b
100
AcDbEntity
8
TopSolderMaskLayer
100
AcDbHatch
10
0
20
0
30
0
210
0
220
0
230
1
2
SOLID
70
1
71
0
91
1
92
7
72
1
73
1
93
2
10
53.42675895351785
20
93.85318770637537
42
1
10
55.577559055118044
20
93.85318770637537
42
1
97
1
330

75
0
76
1
47
0.8681437583925616
98
1
10
3.629517071192367
20
33.92795499968543
450
0
451
0
460
0
461
0
452
1
462
1
453
2
463
0
63
5
421
255
463
1
63
7
421
16777215
470
LINEAR
1001
ACAD
1010
0
1020
0
1030
0
  0
CIRCLE
  5
69c
330
1F
100
AcDbEntity
  8
BottomSolderMaskLayer
100
AcDbCircle
 10
54.502159004317946
 20
93.85318770637537
 30
0.0
 40
0.665736848217168
  0
CIRCLE
  5
69d
330
1F
100
AcDbEntity
  8
BottomSolderMaskLayer
100
AcDbCircle
 10
54.502159004317946
 20
93.85318770637537
 30
0.0
 40
1.0754000508001016
0
HATCH
5
69e
100
AcDbEntity
8
BottomSolderMaskLayer
100
AcDbHatch
10
0
20
0
30
0
210
0
220
0
230
1
2
SOLID
70
1
71
0
91
1
92
7
72
1
73
1
93
2
10
53.42675895351785
20
93.85318770637537
42
1
10
55.577559055118044
20
93.85318770637537
42
1
97
1
330

75
0
76
1
47
0.8681437583925616
98
1
10
3.629517071192367
20
33.92795499968543
450
0
451
0
460
0
461
0
452
1
462
1
453
2
463
0
63
5
421
255
463
1
63
7
421
16777215
470
LINEAR
1001
ACAD
1010
0
1020
0
1030
0
  0
CIRCLE
  5
69f
330
1F
100
AcDbEntity
  8
Multi-Layer
100
AcDbCircle
 10
54.502159004317946
 20
93.85318770637537
 30
0.0
 40
0.6500127000254001
  0
CIRCLE
  5
6a0
330
1F
100
AcDbEntity
  8
Multi-Layer
100
AcDbCircle
 10
54.502159004317946
 20
93.85318770637537
 30
0.0
 40
1.05
0
HATCH
5
6a1
100
AcDbEntity
8
Multi-Layer
100
AcDbHatch
10
0
20
0
30
0
210
0
220
0
230
1
2
SOLID
70
1
71
0
91
1
92
7
72
1
73
1
93
2
10
53.45215900431795
20
93.85318770637537
42
1
10
55.55215900431794
20
93.85318770637537
42
1
97
1
330

75
0
76
1
47
0.8681437583925616
98
1
10
3.629517071192367
20
33.92795499968543
450
0
451
0
460
0
461
0
452
1
462
1
453
2
463
0
63
5
421
255
463
1
63
7
421
16777215
470
LINEAR
1001
ACAD
1010
0
1020
0
1030
0
  0
CIRCLE
  5
6a2
330
1F
100
AcDbEntity
  8
TopSolderMaskLayer
100
AcDbCircle
 10
49.50215900431817
 20
93.85318770637537
 30
0.0
 40
0.665736848217168
  0
CIRCLE
  5
6a3
330
1F
100
AcDbEntity
  8
TopSolderMaskLayer
100
AcDbCircle
 10
49.50215900431817
 20
93.85318770637537
 30
0.0
 40
1.0754000508001016
0
HATCH
5
6a4
100
AcDbEntity
8
TopSolderMaskLayer
100
AcDbHatch
10
0
20
0
30
0
210
0
220
0
230
1
2
SOLID
70
1
71
0
91
1
92
7
72
1
73
1
93
2
10
48.426758953518075
20
93.85318770637537
42
1
10
50.57755905511827
20
93.85318770637537
42
1
97
1
330

75
0
76
1
47
0.8681437583925616
98
1
10
3.629517071192367
20
33.92795499968543
450
0
451
0
460
0
461
0
452
1
462
1
453
2
463
0
63
5
421
255
463
1
63
7
421
16777215
470
LINEAR
1001
ACAD
1010
0
1020
0
1030
0
  0
CIRCLE
  5
6a5
330
1F
100
AcDbEntity
  8
BottomSolderMaskLayer
100
AcDbCircle
 10
49.50215900431817
 20
93.85318770637537
 30
0.0
 40
0.665736848217168
  0
CIRCLE
  5
6a6
330
1F
100
AcDbEntity
  8
BottomSolderMaskLayer
100
AcDbCircle
 10
49.50215900431817
 20
93.85318770637537
 30
0.0
 40
1.0754000508001016
0
HATCH
5
6a7
100
AcDbEntity
8
BottomSolderMaskLayer
100
AcDbHatch
10
0
20
0
30
0
210
0
220
0
230
1
2
SOLID
70
1
71
0
91
1
92
7
72
1
73
1
93
2
10
48.426758953518075
20
93.85318770637537
42
1
10
50.57755905511827
20
93.85318770637537
42
1
97
1
330

75
0
76
1
47
0.8681437583925616
98
1
10
3.629517071192367
20
33.92795499968543
450
0
451
0
460
0
461
0
452
1
462
1
453
2
463
0
63
5
421
255
463
1
63
7
421
16777215
470
LINEAR
1001
ACAD
1010
0
1020
0
1030
0
  0
CIRCLE
  5
6a8
330
1F
100
AcDbEntity
  8
Multi-Layer
100
AcDbCircle
 10
49.50215900431817
 20
93.85318770637537
 30
0.0
 40
0.6500127000254001
  0
CIRCLE
  5
6a9
330
1F
100
AcDbEntity
  8
Multi-Layer
100
AcDbCircle
 10
49.50215900431817
 20
93.85318770637537
 30
0.0
 40
1.05
0
HATCH
5
6aa
100
AcDbEntity
8
Multi-Layer
100
AcDbHatch
10
0
20
0
30
0
210
0
220
0
230
1
2
SOLID
70
1
71
0
91
1
92
7
72
1
73
1
93
2
10
48.452159004318176
20
93.85318770637537
42
1
10
50.55215900431817
20
93.85318770637537
42
1
97
1
330

75
0
76
1
47
0.8681437583925616
98
1
10
3.629517071192367
20
33.92795499968543
450
0
451
0
460
0
461
0
452
1
462
1
453
2
463
0
63
5
421
255
463
1
63
7
421
16777215
470
LINEAR
1001
ACAD
1010
0
1020
0
1030
0
  0
CIRCLE
  5
6ab
330
1F
100
AcDbEntity
  8
TopSolderMaskLayer
100
AcDbCircle
 10
44.502159004317946
 20
93.85318770637537
 30
0.0
 40
0.665736848217168
  0
CIRCLE
  5
6ac
330
1F
100
AcDbEntity
  8
TopSolderMaskLayer
100
AcDbCircle
 10
44.502159004317946
 20
93.85318770637537
 30
0.0
 40
1.0754000508001016
0
HATCH
5
6ad
100
AcDbEntity
8
TopSolderMaskLayer
100
AcDbHatch
10
0
20
0
30
0
210
0
220
0
230
1
2
SOLID
70
1
71
0
91
1
92
7
72
1
73
1
93
2
10
43.42675895351785
20
93.85318770637537
42
1
10
45.577559055118044
20
93.85318770637537
42
1
97
1
330

75
0
76
1
47
0.8681437583925616
98
1
10
3.629517071192367
20
33.92795499968543
450
0
451
0
460
0
461
0
452
1
462
1
453
2
463
0
63
5
421
255
463
1
63
7
421
16777215
470
LINEAR
1001
ACAD
1010
0
1020
0
1030
0
  0
CIRCLE
  5
6ae
330
1F
100
AcDbEntity
  8
BottomSolderMaskLayer
100
AcDbCircle
 10
44.502159004317946
 20
93.85318770637537
 30
0.0
 40
0.665736848217168
  0
CIRCLE
  5
6af
330
1F
100
AcDbEntity
  8
BottomSolderMaskLayer
100
AcDbCircle
 10
44.502159004317946
 20
93.85318770637537
 30
0.0
 40
1.0754000508001016
0
HATCH
5
6b0
100
AcDbEntity
8
BottomSolderMaskLayer
100
AcDbHatch
10
0
20
0
30
0
210
0
220
0
230
1
2
SOLID
70
1
71
0
91
1
92
7
72
1
73
1
93
2
10
43.42675895351785
20
93.85318770637537
42
1
10
45.577559055118044
20
93.85318770637537
42
1
97
1
330

75
0
76
1
47
0.8681437583925616
98
1
10
3.629517071192367
20
33.92795499968543
450
0
451
0
460
0
461
0
452
1
462
1
453
2
463
0
63
5
421
255
463
1
63
7
421
16777215
470
LINEAR
1001
ACAD
1010
0
1020
0
1030
0
  0
CIRCLE
  5
6b1
330
1F
100
AcDbEntity
  8
Multi-Layer
100
AcDbCircle
 10
44.502159004317946
 20
93.85318770637537
 30
0.0
 40
0.6500127000254001
  0
CIRCLE
  5
6b2
330
1F
100
AcDbEntity
  8
Multi-Layer
100
AcDbCircle
 10
44.502159004317946
 20
93.85318770637537
 30
0.0
 40
1.05
0
HATCH
5
6b3
100
AcDbEntity
8
Multi-Layer
100
AcDbHatch
10
0
20
0
30
0
210
0
220
0
230
1
2
SOLID
70
1
71
0
91
1
92
7
72
1
73
1
93
2
10
43.45215900431795
20
93.85318770637537
42
1
10
45.55215900431794
20
93.85318770637537
42
1
97
1
330

75
0
76
1
47
0.8681437583925616
98
1
10
3.629517071192367
20
33.92795499968543
450
0
451
0
460
0
461
0
452
1
462
1
453
2
463
0
63
5
421
255
463
1
63
7
421
16777215
470
LINEAR
1001
ACAD
1010
0
1020
0
1030
0
  0
CIRCLE
  5
6b4
330
1F
100
AcDbEntity
  8
TopSolderMaskLayer
100
AcDbCircle
 10
44.502159004317946
 20
3.9370078740156487
 30
0.0
 40
0.665736848217168
  0
CIRCLE
  5
6b5
330
1F
100
AcDbEntity
  8
TopSolderMaskLayer
100
AcDbCircle
 10
44.502159004317946
 20
3.9370078740156487
 30
0.0
 40
1.0754000508001016
0
HATCH
5
6b6
100
AcDbEntity
8
TopSolderMaskLayer
100
AcDbHatch
10
0
20
0
30
0
210
0
220
0
230
1
2
SOLID
70
1
71
0
91
1
92
7
72
1
73
1
93
2
10
43.42675895351785
20
3.9370078740156487
42
1
10
45.577559055118044
20
3.9370078740156487
42
1
97
1
330

75
0
76
1
47
0.8681437583925616
98
1
10
3.629517071192367
20
33.92795499968543
450
0
451
0
460
0
461
0
452
1
462
1
453
2
463
0
63
5
421
255
463
1
63
7
421
16777215
470
LINEAR
1001
ACAD
1010
0
1020
0
1030
0
  0
CIRCLE
  5
6b7
330
1F
100
AcDbEntity
  8
BottomSolderMaskLayer
100
AcDbCircle
 10
44.502159004317946
 20
3.9370078740156487
 30
0.0
 40
0.665736848217168
  0
CIRCLE
  5
6b8
330
1F
100
AcDbEntity
  8
BottomSolderMaskLayer
100
AcDbCircle
 10
44.502159004317946
 20
3.9370078740156487
 30
0.0
 40
1.0754000508001016
0
HATCH
5
6b9
100
AcDbEntity
8
BottomSolderMaskLayer
100
AcDbHatch
10
0
20
0
30
0
210
0
220
0
230
1
2
SOLID
70
1
71
0
91
1
92
7
72
1
73
1
93
2
10
43.42675895351785
20
3.9370078740156487
42
1
10
45.577559055118044
20
3.9370078740156487
42
1
97
1
330

75
0
76
1
47
0.8681437583925616
98
1
10
3.629517071192367
20
33.92795499968543
450
0
451
0
460
0
461
0
452
1
462
1
453
2
463
0
63
5
421
255
463
1
63
7
421
16777215
470
LINEAR
1001
ACAD
1010
0
1020
0
1030
0
  0
CIRCLE
  5
6ba
330
1F
100
AcDbEntity
  8
Multi-Layer
100
AcDbCircle
 10
44.502159004317946
 20
3.9370078740156487
 30
0.0
 40
0.6500127000254001
  0
CIRCLE
  5
6bb
330
1F
100
AcDbEntity
  8
Multi-Layer
100
AcDbCircle
 10
44.502159004317946
 20
3.9370078740156487
 30
0.0
 40
1.05
0
HATCH
5
6bc
100
AcDbEntity
8
Multi-Layer
100
AcDbHatch
10
0
20
0
30
0
210
0
220
0
230
1
2
SOLID
70
1
71
0
91
1
92
7
72
1
73
1
93
2
10
43.45215900431795
20
3.9370078740156487
42
1
10
45.55215900431794
20
3.9370078740156487
42
1
97
1
330

75
0
76
1
47
0.8681437583925616
98
1
10
3.629517071192367
20
33.92795499968543
450
0
451
0
460
0
461
0
452
1
462
1
453
2
463
0
63
5
421
255
463
1
63
7
421
16777215
470
LINEAR
1001
ACAD
1010
0
1020
0
1030
0
  0
CIRCLE
  5
6bd
330
1F
100
AcDbEntity
  8
TopSolderMaskLayer
100
AcDbCircle
 10
49.50215900431817
 20
3.9370078740156487
 30
0.0
 40
0.665736848217168
  0
CIRCLE
  5
6be
330
1F
100
AcDbEntity
  8
TopSolderMaskLayer
100
AcDbCircle
 10
49.50215900431817
 20
3.9370078740156487
 30
0.0
 40
1.0754000508001016
0
HATCH
5
6bf
100
AcDbEntity
8
TopSolderMaskLayer
100
AcDbHatch
10
0
20
0
30
0
210
0
220
0
230
1
2
SOLID
70
1
71
0
91
1
92
7
72
1
73
1
93
2
10
48.426758953518075
20
3.9370078740156487
42
1
10
50.57755905511827
20
3.9370078740156487
42
1
97
1
330

75
0
76
1
47
0.8681437583925616
98
1
10
3.629517071192367
20
33.92795499968543
450
0
451
0
460
0
461
0
452
1
462
1
453
2
463
0
63
5
421
255
463
1
63
7
421
16777215
470
LINEAR
1001
ACAD
1010
0
1020
0
1030
0
  0
CIRCLE
  5
6c0
330
1F
100
AcDbEntity
  8
BottomSolderMaskLayer
100
AcDbCircle
 10
49.50215900431817
 20
3.9370078740156487
 30
0.0
 40
0.665736848217168
  0
CIRCLE
  5
6c1
330
1F
100
AcDbEntity
  8
BottomSolderMaskLayer
100
AcDbCircle
 10
49.50215900431817
 20
3.9370078740156487
 30
0.0
 40
1.0754000508001016
0
HATCH
5
6c2
100
AcDbEntity
8
BottomSolderMaskLayer
100
AcDbHatch
10
0
20
0
30
0
210
0
220
0
230
1
2
SOLID
70
1
71
0
91
1
92
7
72
1
73
1
93
2
10
48.426758953518075
20
3.9370078740156487
42
1
10
50.57755905511827
20
3.9370078740156487
42
1
97
1
330

75
0
76
1
47
0.8681437583925616
98
1
10
3.629517071192367
20
33.92795499968543
450
0
451
0
460
0
461
0
452
1
462
1
453
2
463
0
63
5
421
255
463
1
63
7
421
16777215
470
LINEAR
1001
ACAD
1010
0
1020
0
1030
0
  0
CIRCLE
  5
6c3
330
1F
100
AcDbEntity
  8
Multi-Layer
100
AcDbCircle
 10
49.50215900431817
 20
3.9370078740156487
 30
0.0
 40
0.6500127000254001
  0
CIRCLE
  5
6c4
330
1F
100
AcDbEntity
  8
Multi-Layer
100
AcDbCircle
 10
49.50215900431817
 20
3.9370078740156487
 30
0.0
 40
1.05
0
HATCH
5
6c5
100
AcDbEntity
8
Multi-Layer
100
AcDbHatch
10
0
20
0
30
0
210
0
220
0
230
1
2
SOLID
70
1
71
0
91
1
92
7
72
1
73
1
93
2
10
48.452159004318176
20
3.9370078740156487
42
1
10
50.55215900431817
20
3.9370078740156487
42
1
97
1
330

75
0
76
1
47
0.8681437583925616
98
1
10
3.629517071192367
20
33.92795499968543
450
0
451
0
460
0
461
0
452
1
462
1
453
2
463
0
63
5
421
255
463
1
63
7
421
16777215
470
LINEAR
1001
ACAD
1010
0
1020
0
1030
0
  0
CIRCLE
  5
6c6
330
1F
100
AcDbEntity
  8
TopSolderMaskLayer
100
AcDbCircle
 10
54.502159004317946
 20
3.9370078740156487
 30
0.0
 40
0.665736848217168
  0
CIRCLE
  5
6c7
330
1F
100
AcDbEntity
  8
TopSolderMaskLayer
100
AcDbCircle
 10
54.502159004317946
 20
3.9370078740156487
 30
0.0
 40
1.0754000508001016
0
HATCH
5
6c8
100
AcDbEntity
8
TopSolderMaskLayer
100
AcDbHatch
10
0
20
0
30
0
210
0
220
0
230
1
2
SOLID
70
1
71
0
91
1
92
7
72
1
73
1
93
2
10
53.42675895351785
20
3.9370078740156487
42
1
10
55.577559055118044
20
3.9370078740156487
42
1
97
1
330

75
0
76
1
47
0.8681437583925616
98
1
10
3.629517071192367
20
33.92795499968543
450
0
451
0
460
0
461
0
452
1
462
1
453
2
463
0
63
5
421
255
463
1
63
7
421
16777215
470
LINEAR
1001
ACAD
1010
0
1020
0
1030
0
  0
CIRCLE
  5
6c9
330
1F
100
AcDbEntity
  8
BottomSolderMaskLayer
100
AcDbCircle
 10
54.502159004317946
 20
3.9370078740156487
 30
0.0
 40
0.665736848217168
  0
CIRCLE
  5
6ca
330
1F
100
AcDbEntity
  8
BottomSolderMaskLayer
100
AcDbCircle
 10
54.502159004317946
 20
3.9370078740156487
 30
0.0
 40
1.0754000508001016
0
HATCH
5
6cb
100
AcDbEntity
8
BottomSolderMaskLayer
100
AcDbHatch
10
0
20
0
30
0
210
0
220
0
230
1
2
SOLID
70
1
71
0
91
1
92
7
72
1
73
1
93
2
10
53.42675895351785
20
3.9370078740156487
42
1
10
55.577559055118044
20
3.9370078740156487
42
1
97
1
330

75
0
76
1
47
0.8681437583925616
98
1
10
3.629517071192367
20
33.92795499968543
450
0
451
0
460
0
461
0
452
1
462
1
453
2
463
0
63
5
421
255
463
1
63
7
421
16777215
470
LINEAR
1001
ACAD
1010
0
1020
0
1030
0
  0
CIRCLE
  5
6cc
330
1F
100
AcDbEntity
  8
Multi-Layer
100
AcDbCircle
 10
54.502159004317946
 20
3.9370078740156487
 30
0.0
 40
0.6500127000254001
  0
CIRCLE
  5
6cd
330
1F
100
AcDbEntity
  8
Multi-Layer
100
AcDbCircle
 10
54.502159004317946
 20
3.9370078740156487
 30
0.0
 40
1.05
0
HATCH
5
6ce
100
AcDbEntity
8
Multi-Layer
100
AcDbHatch
10
0
20
0
30
0
210
0
220
0
230
1
2
SOLID
70
1
71
0
91
1
92
7
72
1
73
1
93
2
10
53.45215900431795
20
3.9370078740156487
42
1
10
55.55215900431794
20
3.9370078740156487
42
1
97
1
330

75
0
76
1
47
0.8681437583925616
98
1
10
3.629517071192367
20
33.92795499968543
450
0
451
0
460
0
461
0
452
1
462
1
453
2
463
0
63
5
421
255
463
1
63
7
421
16777215
470
LINEAR
1001
ACAD
1010
0
1020
0
1030
0
  0
CIRCLE
  5
6cf
330
1F
100
AcDbEntity
  8
TopSolderMaskLayer
100
AcDbCircle
 10
59.50215900431817
 20
3.9370078740156487
 30
0.0
 40
0.665736848217168
  0
CIRCLE
  5
6d0
330
1F
100
AcDbEntity
  8
TopSolderMaskLayer
100
AcDbCircle
 10
59.50215900431817
 20
3.9370078740156487
 30
0.0
 40
1.0754000508001016
0
HATCH
5
6d1
100
AcDbEntity
8
TopSolderMaskLayer
100
AcDbHatch
10
0
20
0
30
0
210
0
220
0
230
1
2
SOLID
70
1
71
0
91
1
92
7
72
1
73
1
93
2
10
58.426758953518075
20
3.9370078740156487
42
1
10
60.57755905511827
20
3.9370078740156487
42
1
97
1
330

75
0
76
1
47
0.8681437583925616
98
1
10
3.629517071192367
20
33.92795499968543
450
0
451
0
460
0
461
0
452
1
462
1
453
2
463
0
63
5
421
255
463
1
63
7
421
16777215
470
LINEAR
1001
ACAD
1010
0
1020
0
1030
0
  0
CIRCLE
  5
6d2
330
1F
100
AcDbEntity
  8
BottomSolderMaskLayer
100
AcDbCircle
 10
59.50215900431817
 20
3.9370078740156487
 30
0.0
 40
0.665736848217168
  0
CIRCLE
  5
6d3
330
1F
100
AcDbEntity
  8
BottomSolderMaskLayer
100
AcDbCircle
 10
59.50215900431817
 20
3.9370078740156487
 30
0.0
 40
1.0754000508001016
0
HATCH
5
6d4
100
AcDbEntity
8
BottomSolderMaskLayer
100
AcDbHatch
10
0
20
0
30
0
210
0
220
0
230
1
2
SOLID
70
1
71
0
91
1
92
7
72
1
73
1
93
2
10
58.426758953518075
20
3.9370078740156487
42
1
10
60.57755905511827
20
3.9370078740156487
42
1
97
1
330

75
0
76
1
47
0.8681437583925616
98
1
10
3.629517071192367
20
33.92795499968543
450
0
451
0
460
0
461
0
452
1
462
1
453
2
463
0
63
5
421
255
463
1
63
7
421
16777215
470
LINEAR
1001
ACAD
1010
0
1020
0
1030
0
  0
CIRCLE
  5
6d5
330
1F
100
AcDbEntity
  8
Multi-Layer
100
AcDbCircle
 10
59.50215900431817
 20
3.9370078740156487
 30
0.0
 40
0.6500127000254001
  0
CIRCLE
  5
6d6
330
1F
100
AcDbEntity
  8
Multi-Layer
100
AcDbCircle
 10
59.50215900431817
 20
3.9370078740156487
 30
0.0
 40
1.05
0
HATCH
5
6d7
100
AcDbEntity
8
Multi-Layer
100
AcDbHatch
10
0
20
0
30
0
210
0
220
0
230
1
2
SOLID
70
1
71
0
91
1
92
7
72
1
73
1
93
2
10
58.452159004318176
20
3.9370078740156487
42
1
10
60.55215900431817
20
3.9370078740156487
42
1
97
1
330

75
0
76
1
47
0.8681437583925616
98
1
10
3.629517071192367
20
33.92795499968543
450
0
451
0
460
0
461
0
452
1
462
1
453
2
463
0
63
5
421
255
463
1
63
7
421
16777215
470
LINEAR
1001
ACAD
1010
0
1020
0
1030
0
  0
CIRCLE
  5
6d8
330
1F
100
AcDbEntity
  8
TopSolderMaskLayer
100
AcDbCircle
 10
64.50215900431795
 20
3.9370078740156487
 30
0.0
 40
0.665736848217168
  0
CIRCLE
  5
6d9
330
1F
100
AcDbEntity
  8
TopSolderMaskLayer
100
AcDbCircle
 10
64.50215900431795
 20
3.9370078740156487
 30
0.0
 40
1.0754000508001016
0
HATCH
5
6da
100
AcDbEntity
8
TopSolderMaskLayer
100
AcDbHatch
10
0
20
0
30
0
210
0
220
0
230
1
2
SOLID
70
1
71
0
91
1
92
7
72
1
73
1
93
2
10
63.42675895351785
20
3.9370078740156487
42
1
10
65.57755905511804
20
3.9370078740156487
42
1
97
1
330

75
0
76
1
47
0.8681437583925616
98
1
10
3.629517071192367
20
33.92795499968543
450
0
451
0
460
0
461
0
452
1
462
1
453
2
463
0
63
5
421
255
463
1
63
7
421
16777215
470
LINEAR
1001
ACAD
1010
0
1020
0
1030
0
  0
CIRCLE
  5
6db
330
1F
100
AcDbEntity
  8
BottomSolderMaskLayer
100
AcDbCircle
 10
64.50215900431795
 20
3.9370078740156487
 30
0.0
 40
0.665736848217168
  0
CIRCLE
  5
6dc
330
1F
100
AcDbEntity
  8
BottomSolderMaskLayer
100
AcDbCircle
 10
64.50215900431795
 20
3.9370078740156487
 30
0.0
 40
1.0754000508001016
0
HATCH
5
6dd
100
AcDbEntity
8
BottomSolderMaskLayer
100
AcDbHatch
10
0
20
0
30
0
210
0
220
0
230
1
2
SOLID
70
1
71
0
91
1
92
7
72
1
73
1
93
2
10
63.42675895351785
20
3.9370078740156487
42
1
10
65.57755905511804
20
3.9370078740156487
42
1
97
1
330

75
0
76
1
47
0.8681437583925616
98
1
10
3.629517071192367
20
33.92795499968543
450
0
451
0
460
0
461
0
452
1
462
1
453
2
463
0
63
5
421
255
463
1
63
7
421
16777215
470
LINEAR
1001
ACAD
1010
0
1020
0
1030
0
  0
CIRCLE
  5
6de
330
1F
100
AcDbEntity
  8
Multi-Layer
100
AcDbCircle
 10
64.50215900431795
 20
3.9370078740156487
 30
0.0
 40
0.6500127000254001
  0
CIRCLE
  5
6df
330
1F
100
AcDbEntity
  8
Multi-Layer
100
AcDbCircle
 10
64.50215900431795
 20
3.9370078740156487
 30
0.0
 40
1.05
0
HATCH
5
6e0
100
AcDbEntity
8
Multi-Layer
100
AcDbHatch
10
0
20
0
30
0
210
0
220
0
230
1
2
SOLID
70
1
71
0
91
1
92
7
72
1
73
1
93
2
10
63.45215900431795
20
3.9370078740156487
42
1
10
65.55215900431794
20
3.9370078740156487
42
1
97
1
330

75
0
76
1
47
0.8681437583925616
98
1
10
3.629517071192367
20
33.92795499968543
450
0
451
0
460
0
461
0
452
1
462
1
453
2
463
0
63
5
421
255
463
1
63
7
421
16777215
470
LINEAR
1001
ACAD
1010
0
1020
0
1030
0
  0
CIRCLE
  5
6e1
330
1F
100
AcDbEntity
  8
TopSolderMaskLayer
100
AcDbCircle
 10
69.50215900431817
 20
3.9370078740156487
 30
0.0
 40
0.665736848217168
  0
CIRCLE
  5
6e2
330
1F
100
AcDbEntity
  8
TopSolderMaskLayer
100
AcDbCircle
 10
69.50215900431817
 20
3.9370078740156487
 30
0.0
 40
1.0754000508001016
0
HATCH
5
6e3
100
AcDbEntity
8
TopSolderMaskLayer
100
AcDbHatch
10
0
20
0
30
0
210
0
220
0
230
1
2
SOLID
70
1
71
0
91
1
92
7
72
1
73
1
93
2
10
68.42675895351807
20
3.9370078740156487
42
1
10
70.57755905511827
20
3.9370078740156487
42
1
97
1
330

75
0
76
1
47
0.8681437583925616
98
1
10
3.629517071192367
20
33.92795499968543
450
0
451
0
460
0
461
0
452
1
462
1
453
2
463
0
63
5
421
255
463
1
63
7
421
16777215
470
LINEAR
1001
ACAD
1010
0
1020
0
1030
0
  0
CIRCLE
  5
6e4
330
1F
100
AcDbEntity
  8
BottomSolderMaskLayer
100
AcDbCircle
 10
69.50215900431817
 20
3.9370078740156487
 30
0.0
 40
0.665736848217168
  0
CIRCLE
  5
6e5
330
1F
100
AcDbEntity
  8
BottomSolderMaskLayer
100
AcDbCircle
 10
69.50215900431817
 20
3.9370078740156487
 30
0.0
 40
1.0754000508001016
0
HATCH
5
6e6
100
AcDbEntity
8
BottomSolderMaskLayer
100
AcDbHatch
10
0
20
0
30
0
210
0
220
0
230
1
2
SOLID
70
1
71
0
91
1
92
7
72
1
73
1
93
2
10
68.42675895351807
20
3.9370078740156487
42
1
10
70.57755905511827
20
3.9370078740156487
42
1
97
1
330

75
0
76
1
47
0.8681437583925616
98
1
10
3.629517071192367
20
33.92795499968543
450
0
451
0
460
0
461
0
452
1
462
1
453
2
463
0
63
5
421
255
463
1
63
7
421
16777215
470
LINEAR
1001
ACAD
1010
0
1020
0
1030
0
  0
CIRCLE
  5
6e7
330
1F
100
AcDbEntity
  8
Multi-Layer
100
AcDbCircle
 10
69.50215900431817
 20
3.9370078740156487
 30
0.0
 40
0.6500127000254001
  0
CIRCLE
  5
6e8
330
1F
100
AcDbEntity
  8
Multi-Layer
100
AcDbCircle
 10
69.50215900431817
 20
3.9370078740156487
 30
0.0
 40
1.05
0
HATCH
5
6e9
100
AcDbEntity
8
Multi-Layer
100
AcDbHatch
10
0
20
0
30
0
210
0
220
0
230
1
2
SOLID
70
1
71
0
91
1
92
7
72
1
73
1
93
2
10
68.45215900431818
20
3.9370078740156487
42
1
10
70.55215900431817
20
3.9370078740156487
42
1
97
1
330

75
0
76
1
47
0.8681437583925616
98
1
10
3.629517071192367
20
33.92795499968543
450
0
451
0
460
0
461
0
452
1
462
1
453
2
463
0
63
5
421
255
463
1
63
7
421
16777215
470
LINEAR
1001
ACAD
1010
0
1020
0
1030
0
  0
CIRCLE
  5
6ea
330
1F
100
AcDbEntity
  8
TopSolderMaskLayer
100
AcDbCircle
 10
74.50215900431795
 20
3.9370078740156487
 30
0.0
 40
0.665736848217168
  0
CIRCLE
  5
6eb
330
1F
100
AcDbEntity
  8
TopSolderMaskLayer
100
AcDbCircle
 10
74.50215900431795
 20
3.9370078740156487
 30
0.0
 40
1.0754000508001016
0
HATCH
5
6ec
100
AcDbEntity
8
TopSolderMaskLayer
100
AcDbHatch
10
0
20
0
30
0
210
0
220
0
230
1
2
SOLID
70
1
71
0
91
1
92
7
72
1
73
1
93
2
10
73.42675895351785
20
3.9370078740156487
42
1
10
75.57755905511804
20
3.9370078740156487
42
1
97
1
330

75
0
76
1
47
0.8681437583925616
98
1
10
3.629517071192367
20
33.92795499968543
450
0
451
0
460
0
461
0
452
1
462
1
453
2
463
0
63
5
421
255
463
1
63
7
421
16777215
470
LINEAR
1001
ACAD
1010
0
1020
0
1030
0
  0
CIRCLE
  5
6ed
330
1F
100
AcDbEntity
  8
BottomSolderMaskLayer
100
AcDbCircle
 10
74.50215900431795
 20
3.9370078740156487
 30
0.0
 40
0.665736848217168
  0
CIRCLE
  5
6ee
330
1F
100
AcDbEntity
  8
BottomSolderMaskLayer
100
AcDbCircle
 10
74.50215900431795
 20
3.9370078740156487
 30
0.0
 40
1.0754000508001016
0
HATCH
5
6ef
100
AcDbEntity
8
BottomSolderMaskLayer
100
AcDbHatch
10
0
20
0
30
0
210
0
220
0
230
1
2
SOLID
70
1
71
0
91
1
92
7
72
1
73
1
93
2
10
73.42675895351785
20
3.9370078740156487
42
1
10
75.57755905511804
20
3.9370078740156487
42
1
97
1
330

75
0
76
1
47
0.8681437583925616
98
1
10
3.629517071192367
20
33.92795499968543
450
0
451
0
460
0
461
0
452
1
462
1
453
2
463
0
63
5
421
255
463
1
63
7
421
16777215
470
LINEAR
1001
ACAD
1010
0
1020
0
1030
0
  0
CIRCLE
  5
6f0
330
1F
100
AcDbEntity
  8
Multi-Layer
100
AcDbCircle
 10
74.50215900431795
 20
3.9370078740156487
 30
0.0
 40
0.6500127000254001
  0
CIRCLE
  5
6f1
330
1F
100
AcDbEntity
  8
Multi-Layer
100
AcDbCircle
 10
74.50215900431795
 20
3.9370078740156487
 30
0.0
 40
1.05
0
HATCH
5
6f2
100
AcDbEntity
8
Multi-Layer
100
AcDbHatch
10
0
20
0
30
0
210
0
220
0
230
1
2
SOLID
70
1
71
0
91
1
92
7
72
1
73
1
93
2
10
73.45215900431795
20
3.9370078740156487
42
1
10
75.55215900431794
20
3.9370078740156487
42
1
97
1
330

75
0
76
1
47
0.8681437583925616
98
1
10
3.629517071192367
20
33.92795499968543
450
0
451
0
460
0
461
0
452
1
462
1
453
2
463
0
63
5
421
255
463
1
63
7
421
16777215
470
LINEAR
1001
ACAD
1010
0
1020
0
1030
0
  0
CIRCLE
  5
6f3
330
1F
100
AcDbEntity
  8
TopSolderMaskLayer
100
AcDbCircle
 10
79.50215900431795
 20
3.9370078740156487
 30
0.0
 40
0.665736848217168
  0
CIRCLE
  5
6f4
330
1F
100
AcDbEntity
  8
TopSolderMaskLayer
100
AcDbCircle
 10
79.50215900431795
 20
3.9370078740156487
 30
0.0
 40
1.0754000508001016
0
HATCH
5
6f5
100
AcDbEntity
8
TopSolderMaskLayer
100
AcDbHatch
10
0
20
0
30
0
210
0
220
0
230
1
2
SOLID
70
1
71
0
91
1
92
7
72
1
73
1
93
2
10
78.42675895351785
20
3.9370078740156487
42
1
10
80.57755905511804
20
3.9370078740156487
42
1
97
1
330

75
0
76
1
47
0.8681437583925616
98
1
10
3.629517071192367
20
33.92795499968543
450
0
451
0
460
0
461
0
452
1
462
1
453
2
463
0
63
5
421
255
463
1
63
7
421
16777215
470
LINEAR
1001
ACAD
1010
0
1020
0
1030
0
  0
CIRCLE
  5
6f6
330
1F
100
AcDbEntity
  8
BottomSolderMaskLayer
100
AcDbCircle
 10
79.50215900431795
 20
3.9370078740156487
 30
0.0
 40
0.665736848217168
  0
CIRCLE
  5
6f7
330
1F
100
AcDbEntity
  8
BottomSolderMaskLayer
100
AcDbCircle
 10
79.50215900431795
 20
3.9370078740156487
 30
0.0
 40
1.0754000508001016
0
HATCH
5
6f8
100
AcDbEntity
8
BottomSolderMaskLayer
100
AcDbHatch
10
0
20
0
30
0
210
0
220
0
230
1
2
SOLID
70
1
71
0
91
1
92
7
72
1
73
1
93
2
10
78.42675895351785
20
3.9370078740156487
42
1
10
80.57755905511804
20
3.9370078740156487
42
1
97
1
330

75
0
76
1
47
0.8681437583925616
98
1
10
3.629517071192367
20
33.92795499968543
450
0
451
0
460
0
461
0
452
1
462
1
453
2
463
0
63
5
421
255
463
1
63
7
421
16777215
470
LINEAR
1001
ACAD
1010
0
1020
0
1030
0
  0
CIRCLE
  5
6f9
330
1F
100
AcDbEntity
  8
Multi-Layer
100
AcDbCircle
 10
79.50215900431795
 20
3.9370078740156487
 30
0.0
 40
0.6500127000254001
  0
CIRCLE
  5
6fa
330
1F
100
AcDbEntity
  8
Multi-Layer
100
AcDbCircle
 10
79.50215900431795
 20
3.9370078740156487
 30
0.0
 40
1.05
0
HATCH
5
6fb
100
AcDbEntity
8
Multi-Layer
100
AcDbHatch
10
0
20
0
30
0
210
0
220
0
230
1
2
SOLID
70
1
71
0
91
1
92
7
72
1
73
1
93
2
10
78.45215900431795
20
3.9370078740156487
42
1
10
80.55215900431794
20
3.9370078740156487
42
1
97
1
330

75
0
76
1
47
0.8681437583925616
98
1
10
3.629517071192367
20
33.92795499968543
450
0
451
0
460
0
461
0
452
1
462
1
453
2
463
0
63
5
421
255
463
1
63
7
421
16777215
470
LINEAR
1001
ACAD
1010
0
1020
0
1030
0
  0
CIRCLE
  5
6fc
330
1F
100
AcDbEntity
  8
TopSolderMaskLayer
100
AcDbCircle
 10
84.50215900431817
 20
3.9370078740156487
 30
0.0
 40
0.665736848217168
  0
CIRCLE
  5
6fd
330
1F
100
AcDbEntity
  8
TopSolderMaskLayer
100
AcDbCircle
 10
84.50215900431817
 20
3.9370078740156487
 30
0.0
 40
1.0754000508001016
0
HATCH
5
6fe
100
AcDbEntity
8
TopSolderMaskLayer
100
AcDbHatch
10
0
20
0
30
0
210
0
220
0
230
1
2
SOLID
70
1
71
0
91
1
92
7
72
1
73
1
93
2
10
83.42675895351807
20
3.9370078740156487
42
1
10
85.57755905511827
20
3.9370078740156487
42
1
97
1
330

75
0
76
1
47
0.8681437583925616
98
1
10
3.629517071192367
20
33.92795499968543
450
0
451
0
460
0
461
0
452
1
462
1
453
2
463
0
63
5
421
255
463
1
63
7
421
16777215
470
LINEAR
1001
ACAD
1010
0
1020
0
1030
0
  0
CIRCLE
  5
6ff
330
1F
100
AcDbEntity
  8
BottomSolderMaskLayer
100
AcDbCircle
 10
84.50215900431817
 20
3.9370078740156487
 30
0.0
 40
0.665736848217168
  0
CIRCLE
  5
700
330
1F
100
AcDbEntity
  8
BottomSolderMaskLayer
100
AcDbCircle
 10
84.50215900431817
 20
3.9370078740156487
 30
0.0
 40
1.0754000508001016
0
HATCH
5
701
100
AcDbEntity
8
BottomSolderMaskLayer
100
AcDbHatch
10
0
20
0
30
0
210
0
220
0
230
1
2
SOLID
70
1
71
0
91
1
92
7
72
1
73
1
93
2
10
83.42675895351807
20
3.9370078740156487
42
1
10
85.57755905511827
20
3.9370078740156487
42
1
97
1
330

75
0
76
1
47
0.8681437583925616
98
1
10
3.629517071192367
20
33.92795499968543
450
0
451
0
460
0
461
0
452
1
462
1
453
2
463
0
63
5
421
255
463
1
63
7
421
16777215
470
LINEAR
1001
ACAD
1010
0
1020
0
1030
0
  0
CIRCLE
  5
702
330
1F
100
AcDbEntity
  8
Multi-Layer
100
AcDbCircle
 10
84.50215900431817
 20
3.9370078740156487
 30
0.0
 40
0.6500127000254001
  0
CIRCLE
  5
703
330
1F
100
AcDbEntity
  8
Multi-Layer
100
AcDbCircle
 10
84.50215900431817
 20
3.9370078740156487
 30
0.0
 40
1.05
0
HATCH
5
704
100
AcDbEntity
8
Multi-Layer
100
AcDbHatch
10
0
20
0
30
0
210
0
220
0
230
1
2
SOLID
70
1
71
0
91
1
92
7
72
1
73
1
93
2
10
83.45215900431818
20
3.9370078740156487
42
1
10
85.55215900431817
20
3.9370078740156487
42
1
97
1
330

75
0
76
1
47
0.8681437583925616
98
1
10
3.629517071192367
20
33.92795499968543
450
0
451
0
460
0
461
0
452
1
462
1
453
2
463
0
63
5
421
255
463
1
63
7
421
16777215
470
LINEAR
1001
ACAD
1010
0
1020
0
1030
0
  0
CIRCLE
  5
705
330
1F
100
AcDbEntity
  8
TopSolderMaskLayer
100
AcDbCircle
 10
89.50215900431795
 20
3.9370078740156487
 30
0.0
 40
0.665736848217168
  0
CIRCLE
  5
706
330
1F
100
AcDbEntity
  8
TopSolderMaskLayer
100
AcDbCircle
 10
89.50215900431795
 20
3.9370078740156487
 30
0.0
 40
1.0754000508001016
0
HATCH
5
707
100
AcDbEntity
8
TopSolderMaskLayer
100
AcDbHatch
10
0
20
0
30
0
210
0
220
0
230
1
2
SOLID
70
1
71
0
91
1
92
7
72
1
73
1
93
2
10
88.42675895351785
20
3.9370078740156487
42
1
10
90.57755905511804
20
3.9370078740156487
42
1
97
1
330

75
0
76
1
47
0.8681437583925616
98
1
10
3.629517071192367
20
33.92795499968543
450
0
451
0
460
0
461
0
452
1
462
1
453
2
463
0
63
5
421
255
463
1
63
7
421
16777215
470
LINEAR
1001
ACAD
1010
0
1020
0
1030
0
  0
CIRCLE
  5
708
330
1F
100
AcDbEntity
  8
BottomSolderMaskLayer
100
AcDbCircle
 10
89.50215900431795
 20
3.9370078740156487
 30
0.0
 40
0.665736848217168
  0
CIRCLE
  5
709
330
1F
100
AcDbEntity
  8
BottomSolderMaskLayer
100
AcDbCircle
 10
89.50215900431795
 20
3.9370078740156487
 30
0.0
 40
1.0754000508001016
0
HATCH
5
70a
100
AcDbEntity
8
BottomSolderMaskLayer
100
AcDbHatch
10
0
20
0
30
0
210
0
220
0
230
1
2
SOLID
70
1
71
0
91
1
92
7
72
1
73
1
93
2
10
88.42675895351785
20
3.9370078740156487
42
1
10
90.57755905511804
20
3.9370078740156487
42
1
97
1
330

75
0
76
1
47
0.8681437583925616
98
1
10
3.629517071192367
20
33.92795499968543
450
0
451
0
460
0
461
0
452
1
462
1
453
2
463
0
63
5
421
255
463
1
63
7
421
16777215
470
LINEAR
1001
ACAD
1010
0
1020
0
1030
0
  0
CIRCLE
  5
70b
330
1F
100
AcDbEntity
  8
Multi-Layer
100
AcDbCircle
 10
89.50215900431795
 20
3.9370078740156487
 30
0.0
 40
0.6500127000254001
  0
CIRCLE
  5
70c
330
1F
100
AcDbEntity
  8
Multi-Layer
100
AcDbCircle
 10
89.50215900431795
 20
3.9370078740156487
 30
0.0
 40
1.05
0
HATCH
5
70d
100
AcDbEntity
8
Multi-Layer
100
AcDbHatch
10
0
20
0
30
0
210
0
220
0
230
1
2
SOLID
70
1
71
0
91
1
92
7
72
1
73
1
93
2
10
88.45215900431795
20
3.9370078740156487
42
1
10
90.55215900431794
20
3.9370078740156487
42
1
97
1
330

75
0
76
1
47
0.8681437583925616
98
1
10
3.629517071192367
20
33.92795499968543
450
0
451
0
460
0
461
0
452
1
462
1
453
2
463
0
63
5
421
255
463
1
63
7
421
16777215
470
LINEAR
1001
ACAD
1010
0
1020
0
1030
0
  0
CIRCLE
  5
70e
330
1F
100
AcDbEntity
  8
TopSolderMaskLayer
100
AcDbCircle
 10
94.50215900431817
 20
3.9370078740156487
 30
0.0
 40
0.665736848217168
  0
CIRCLE
  5
70f
330
1F
100
AcDbEntity
  8
TopSolderMaskLayer
100
AcDbCircle
 10
94.50215900431817
 20
3.9370078740156487
 30
0.0
 40
1.0754000508001016
0
HATCH
5
710
100
AcDbEntity
8
TopSolderMaskLayer
100
AcDbHatch
10
0
20
0
30
0
210
0
220
0
230
1
2
SOLID
70
1
71
0
91
1
92
7
72
1
73
1
93
2
10
93.42675895351807
20
3.9370078740156487
42
1
10
95.57755905511827
20
3.9370078740156487
42
1
97
1
330

75
0
76
1
47
0.8681437583925616
98
1
10
3.629517071192367
20
33.92795499968543
450
0
451
0
460
0
461
0
452
1
462
1
453
2
463
0
63
5
421
255
463
1
63
7
421
16777215
470
LINEAR
1001
ACAD
1010
0
1020
0
1030
0
  0
CIRCLE
  5
711
330
1F
100
AcDbEntity
  8
BottomSolderMaskLayer
100
AcDbCircle
 10
94.50215900431817
 20
3.9370078740156487
 30
0.0
 40
0.665736848217168
  0
CIRCLE
  5
712
330
1F
100
AcDbEntity
  8
BottomSolderMaskLayer
100
AcDbCircle
 10
94.50215900431817
 20
3.9370078740156487
 30
0.0
 40
1.0754000508001016
0
HATCH
5
713
100
AcDbEntity
8
BottomSolderMaskLayer
100
AcDbHatch
10
0
20
0
30
0
210
0
220
0
230
1
2
SOLID
70
1
71
0
91
1
92
7
72
1
73
1
93
2
10
93.42675895351807
20
3.9370078740156487
42
1
10
95.57755905511827
20
3.9370078740156487
42
1
97
1
330

75
0
76
1
47
0.8681437583925616
98
1
10
3.629517071192367
20
33.92795499968543
450
0
451
0
460
0
461
0
452
1
462
1
453
2
463
0
63
5
421
255
463
1
63
7
421
16777215
470
LINEAR
1001
ACAD
1010
0
1020
0
1030
0
  0
CIRCLE
  5
714
330
1F
100
AcDbEntity
  8
Multi-Layer
100
AcDbCircle
 10
94.50215900431817
 20
3.9370078740156487
 30
0.0
 40
0.6500127000254001
  0
CIRCLE
  5
715
330
1F
100
AcDbEntity
  8
Multi-Layer
100
AcDbCircle
 10
94.50215900431817
 20
3.9370078740156487
 30
0.0
 40
1.05
0
HATCH
5
716
100
AcDbEntity
8
Multi-Layer
100
AcDbHatch
10
0
20
0
30
0
210
0
220
0
230
1
2
SOLID
70
1
71
0
91
1
92
7
72
1
73
1
93
2
10
93.45215900431818
20
3.9370078740156487
42
1
10
95.55215900431817
20
3.9370078740156487
42
1
97
1
330

75
0
76
1
47
0.8681437583925616
98
1
10
3.629517071192367
20
33.92795499968543
450
0
451
0
460
0
461
0
452
1
462
1
453
2
463
0
63
5
421
255
463
1
63
7
421
16777215
470
LINEAR
1001
ACAD
1010
0
1020
0
1030
0
  0
CIRCLE
  5
717
330
1F
100
AcDbEntity
  8
TopSolderMaskLayer
100
AcDbCircle
 10
99.50215900431795
 20
3.9370078740156487
 30
0.0
 40
0.665736848217168
  0
CIRCLE
  5
718
330
1F
100
AcDbEntity
  8
TopSolderMaskLayer
100
AcDbCircle
 10
99.50215900431795
 20
3.9370078740156487
 30
0.0
 40
1.0754000508001016
0
HATCH
5
719
100
AcDbEntity
8
TopSolderMaskLayer
100
AcDbHatch
10
0
20
0
30
0
210
0
220
0
230
1
2
SOLID
70
1
71
0
91
1
92
7
72
1
73
1
93
2
10
98.42675895351785
20
3.9370078740156487
42
1
10
100.57755905511804
20
3.9370078740156487
42
1
97
1
330

75
0
76
1
47
0.8681437583925616
98
1
10
3.629517071192367
20
33.92795499968543
450
0
451
0
460
0
461
0
452
1
462
1
453
2
463
0
63
5
421
255
463
1
63
7
421
16777215
470
LINEAR
1001
ACAD
1010
0
1020
0
1030
0
  0
CIRCLE
  5
71a
330
1F
100
AcDbEntity
  8
BottomSolderMaskLayer
100
AcDbCircle
 10
99.50215900431795
 20
3.9370078740156487
 30
0.0
 40
0.665736848217168
  0
CIRCLE
  5
71b
330
1F
100
AcDbEntity
  8
BottomSolderMaskLayer
100
AcDbCircle
 10
99.50215900431795
 20
3.9370078740156487
 30
0.0
 40
1.0754000508001016
0
HATCH
5
71c
100
AcDbEntity
8
BottomSolderMaskLayer
100
AcDbHatch
10
0
20
0
30
0
210
0
220
0
230
1
2
SOLID
70
1
71
0
91
1
92
7
72
1
73
1
93
2
10
98.42675895351785
20
3.9370078740156487
42
1
10
100.57755905511804
20
3.9370078740156487
42
1
97
1
330

75
0
76
1
47
0.8681437583925616
98
1
10
3.629517071192367
20
33.92795499968543
450
0
451
0
460
0
461
0
452
1
462
1
453
2
463
0
63
5
421
255
463
1
63
7
421
16777215
470
LINEAR
1001
ACAD
1010
0
1020
0
1030
0
  0
CIRCLE
  5
71d
330
1F
100
AcDbEntity
  8
Multi-Layer
100
AcDbCircle
 10
99.50215900431795
 20
3.9370078740156487
 30
0.0
 40
0.6500127000254001
  0
CIRCLE
  5
71e
330
1F
100
AcDbEntity
  8
Multi-Layer
100
AcDbCircle
 10
99.50215900431795
 20
3.9370078740156487
 30
0.0
 40
1.05
0
HATCH
5
71f
100
AcDbEntity
8
Multi-Layer
100
AcDbHatch
10
0
20
0
30
0
210
0
220
0
230
1
2
SOLID
70
1
71
0
91
1
92
7
72
1
73
1
93
2
10
98.45215900431795
20
3.9370078740156487
42
1
10
100.55215900431794
20
3.9370078740156487
42
1
97
1
330

75
0
76
1
47
0.8681437583925616
98
1
10
3.629517071192367
20
33.92795499968543
450
0
451
0
460
0
461
0
452
1
462
1
453
2
463
0
63
5
421
255
463
1
63
7
421
16777215
470
LINEAR
1001
ACAD
1010
0
1020
0
1030
0
  0
CIRCLE
  5
720
330
1F
100
AcDbEntity
  8
TopSolderMaskLayer
100
AcDbCircle
 10
104.50215900431817
 20
3.9370078740156487
 30
0.0
 40
0.665736848217168
  0
CIRCLE
  5
721
330
1F
100
AcDbEntity
  8
TopSolderMaskLayer
100
AcDbCircle
 10
104.50215900431817
 20
3.9370078740156487
 30
0.0
 40
1.0754000508001016
0
HATCH
5
722
100
AcDbEntity
8
TopSolderMaskLayer
100
AcDbHatch
10
0
20
0
30
0
210
0
220
0
230
1
2
SOLID
70
1
71
0
91
1
92
7
72
1
73
1
93
2
10
103.42675895351807
20
3.9370078740156487
42
1
10
105.57755905511827
20
3.9370078740156487
42
1
97
1
330

75
0
76
1
47
0.8681437583925616
98
1
10
3.629517071192367
20
33.92795499968543
450
0
451
0
460
0
461
0
452
1
462
1
453
2
463
0
63
5
421
255
463
1
63
7
421
16777215
470
LINEAR
1001
ACAD
1010
0
1020
0
1030
0
  0
CIRCLE
  5
723
330
1F
100
AcDbEntity
  8
BottomSolderMaskLayer
100
AcDbCircle
 10
104.50215900431817
 20
3.9370078740156487
 30
0.0
 40
0.665736848217168
  0
CIRCLE
  5
724
330
1F
100
AcDbEntity
  8
BottomSolderMaskLayer
100
AcDbCircle
 10
104.50215900431817
 20
3.9370078740156487
 30
0.0
 40
1.0754000508001016
0
HATCH
5
725
100
AcDbEntity
8
BottomSolderMaskLayer
100
AcDbHatch
10
0
20
0
30
0
210
0
220
0
230
1
2
SOLID
70
1
71
0
91
1
92
7
72
1
73
1
93
2
10
103.42675895351807
20
3.9370078740156487
42
1
10
105.57755905511827
20
3.9370078740156487
42
1
97
1
330

75
0
76
1
47
0.8681437583925616
98
1
10
3.629517071192367
20
33.92795499968543
450
0
451
0
460
0
461
0
452
1
462
1
453
2
463
0
63
5
421
255
463
1
63
7
421
16777215
470
LINEAR
1001
ACAD
1010
0
1020
0
1030
0
  0
CIRCLE
  5
726
330
1F
100
AcDbEntity
  8
Multi-Layer
100
AcDbCircle
 10
104.50215900431817
 20
3.9370078740156487
 30
0.0
 40
0.6500127000254001
  0
CIRCLE
  5
727
330
1F
100
AcDbEntity
  8
Multi-Layer
100
AcDbCircle
 10
104.50215900431817
 20
3.9370078740156487
 30
0.0
 40
1.05
0
HATCH
5
728
100
AcDbEntity
8
Multi-Layer
100
AcDbHatch
10
0
20
0
30
0
210
0
220
0
230
1
2
SOLID
70
1
71
0
91
1
92
7
72
1
73
1
93
2
10
103.45215900431818
20
3.9370078740156487
42
1
10
105.55215900431817
20
3.9370078740156487
42
1
97
1
330

75
0
76
1
47
0.8681437583925616
98
1
10
3.629517071192367
20
33.92795499968543
450
0
451
0
460
0
461
0
452
1
462
1
453
2
463
0
63
5
421
255
463
1
63
7
421
16777215
470
LINEAR
1001
ACAD
1010
0
1020
0
1030
0
  0
CIRCLE
  5
729
330
1F
100
AcDbEntity
  8
TopSolderMaskLayer
100
AcDbCircle
 10
109.50215900431795
 20
3.9370078740156487
 30
0.0
 40
0.665736848217168
  0
CIRCLE
  5
72a
330
1F
100
AcDbEntity
  8
TopSolderMaskLayer
100
AcDbCircle
 10
109.50215900431795
 20
3.9370078740156487
 30
0.0
 40
1.0754000508001016
0
HATCH
5
72b
100
AcDbEntity
8
TopSolderMaskLayer
100
AcDbHatch
10
0
20
0
30
0
210
0
220
0
230
1
2
SOLID
70
1
71
0
91
1
92
7
72
1
73
1
93
2
10
108.42675895351785
20
3.9370078740156487
42
1
10
110.57755905511804
20
3.9370078740156487
42
1
97
1
330

75
0
76
1
47
0.8681437583925616
98
1
10
3.629517071192367
20
33.92795499968543
450
0
451
0
460
0
461
0
452
1
462
1
453
2
463
0
63
5
421
255
463
1
63
7
421
16777215
470
LINEAR
1001
ACAD
1010
0
1020
0
1030
0
  0
CIRCLE
  5
72c
330
1F
100
AcDbEntity
  8
BottomSolderMaskLayer
100
AcDbCircle
 10
109.50215900431795
 20
3.9370078740156487
 30
0.0
 40
0.665736848217168
  0
CIRCLE
  5
72d
330
1F
100
AcDbEntity
  8
BottomSolderMaskLayer
100
AcDbCircle
 10
109.50215900431795
 20
3.9370078740156487
 30
0.0
 40
1.0754000508001016
0
HATCH
5
72e
100
AcDbEntity
8
BottomSolderMaskLayer
100
AcDbHatch
10
0
20
0
30
0
210
0
220
0
230
1
2
SOLID
70
1
71
0
91
1
92
7
72
1
73
1
93
2
10
108.42675895351785
20
3.9370078740156487
42
1
10
110.57755905511804
20
3.9370078740156487
42
1
97
1
330

75
0
76
1
47
0.8681437583925616
98
1
10
3.629517071192367
20
33.92795499968543
450
0
451
0
460
0
461
0
452
1
462
1
453
2
463
0
63
5
421
255
463
1
63
7
421
16777215
470
LINEAR
1001
ACAD
1010
0
1020
0
1030
0
  0
CIRCLE
  5
72f
330
1F
100
AcDbEntity
  8
Multi-Layer
100
AcDbCircle
 10
109.50215900431795
 20
3.9370078740156487
 30
0.0
 40
0.6500127000254001
  0
CIRCLE
  5
730
330
1F
100
AcDbEntity
  8
Multi-Layer
100
AcDbCircle
 10
109.50215900431795
 20
3.9370078740156487
 30
0.0
 40
1.05
0
HATCH
5
731
100
AcDbEntity
8
Multi-Layer
100
AcDbHatch
10
0
20
0
30
0
210
0
220
0
230
1
2
SOLID
70
1
71
0
91
1
92
7
72
1
73
1
93
2
10
108.45215900431795
20
3.9370078740156487
42
1
10
110.55215900431794
20
3.9370078740156487
42
1
97
1
330

75
0
76
1
47
0.8681437583925616
98
1
10
3.629517071192367
20
33.92795499968543
450
0
451
0
460
0
461
0
452
1
462
1
453
2
463
0
63
5
421
255
463
1
63
7
421
16777215
470
LINEAR
1001
ACAD
1010
0
1020
0
1030
0
  0
CIRCLE
  5
732
330
1F
100
AcDbEntity
  8
TopSolderMaskLayer
100
AcDbCircle
 10
114.50215900431795
 20
3.9370078740156487
 30
0.0
 40
0.665736848217168
  0
CIRCLE
  5
733
330
1F
100
AcDbEntity
  8
TopSolderMaskLayer
100
AcDbCircle
 10
114.50215900431795
 20
3.9370078740156487
 30
0.0
 40
1.0754000508001016
0
HATCH
5
734
100
AcDbEntity
8
TopSolderMaskLayer
100
AcDbHatch
10
0
20
0
30
0
210
0
220
0
230
1
2
SOLID
70
1
71
0
91
1
92
7
72
1
73
1
93
2
10
113.42675895351785
20
3.9370078740156487
42
1
10
115.57755905511804
20
3.9370078740156487
42
1
97
1
330

75
0
76
1
47
0.8681437583925616
98
1
10
3.629517071192367
20
33.92795499968543
450
0
451
0
460
0
461
0
452
1
462
1
453
2
463
0
63
5
421
255
463
1
63
7
421
16777215
470
LINEAR
1001
ACAD
1010
0
1020
0
1030
0
  0
CIRCLE
  5
735
330
1F
100
AcDbEntity
  8
BottomSolderMaskLayer
100
AcDbCircle
 10
114.50215900431795
 20
3.9370078740156487
 30
0.0
 40
0.665736848217168
  0
CIRCLE
  5
736
330
1F
100
AcDbEntity
  8
BottomSolderMaskLayer
100
AcDbCircle
 10
114.50215900431795
 20
3.9370078740156487
 30
0.0
 40
1.0754000508001016
0
HATCH
5
737
100
AcDbEntity
8
BottomSolderMaskLayer
100
AcDbHatch
10
0
20
0
30
0
210
0
220
0
230
1
2
SOLID
70
1
71
0
91
1
92
7
72
1
73
1
93
2
10
113.42675895351785
20
3.9370078740156487
42
1
10
115.57755905511804
20
3.9370078740156487
42
1
97
1
330

75
0
76
1
47
0.8681437583925616
98
1
10
3.629517071192367
20
33.92795499968543
450
0
451
0
460
0
461
0
452
1
462
1
453
2
463
0
63
5
421
255
463
1
63
7
421
16777215
470
LINEAR
1001
ACAD
1010
0
1020
0
1030
0
  0
CIRCLE
  5
738
330
1F
100
AcDbEntity
  8
Multi-Layer
100
AcDbCircle
 10
114.50215900431795
 20
3.9370078740156487
 30
0.0
 40
0.6500127000254001
  0
CIRCLE
  5
739
330
1F
100
AcDbEntity
  8
Multi-Layer
100
AcDbCircle
 10
114.50215900431795
 20
3.9370078740156487
 30
0.0
 40
1.05
0
HATCH
5
73a
100
AcDbEntity
8
Multi-Layer
100
AcDbHatch
10
0
20
0
30
0
210
0
220
0
230
1
2
SOLID
70
1
71
0
91
1
92
7
72
1
73
1
93
2
10
113.45215900431795
20
3.9370078740156487
42
1
10
115.55215900431794
20
3.9370078740156487
42
1
97
1
330

75
0
76
1
47
0.8681437583925616
98
1
10
3.629517071192367
20
33.92795499968543
450
0
451
0
460
0
461
0
452
1
462
1
453
2
463
0
63
5
421
255
463
1
63
7
421
16777215
470
LINEAR
1001
ACAD
1010
0
1020
0
1030
0
  0
CIRCLE
  5
73b
330
1F
100
AcDbEntity
  8
TopSolderMaskLayer
100
AcDbCircle
 10
73.57236474472961
 20
27.70838201676395
 30
0.0
 40
0.41563080049237017
  0
CIRCLE
  5
73c
330
1F
100
AcDbEntity
  8
TopSolderMaskLayer
100
AcDbCircle
 10
73.57226314452646
 20
27.708407416814794
 30
0.0
 40
0.6754000508001017
0
HATCH
5
73d
100
AcDbEntity
8
TopSolderMaskLayer
100
AcDbHatch
10
0
20
0
30
0
210
0
220
0
230
1
2
SOLID
70
1
71
0
91
1
92
7
72
1
73
1
93
2
10
72.89686309372635
20
27.708407416814794
42
1
10
74.24766319532657
20
27.708407416814794
42
1
97
1
330

75
0
76
1
47
0.8681437583925616
98
1
10
3.629517071192367
20
33.92795499968543
450
0
451
0
460
0
461
0
452
1
462
1
453
2
463
0
63
5
421
255
463
1
63
7
421
16777215
470
LINEAR
1001
ACAD
1010
0
1020
0
1030
0
  0
CIRCLE
  5
73e
330
1F
100
AcDbEntity
  8
BottomSolderMaskLayer
100
AcDbCircle
 10
73.57236474472961
 20
27.70838201676395
 30
0.0
 40
0.41563080049237017
  0
CIRCLE
  5
73f
330
1F
100
AcDbEntity
  8
BottomSolderMaskLayer
100
AcDbCircle
 10
73.57226314452646
 20
27.708407416814794
 30
0.0
 40
0.6754000508001017
0
HATCH
5
740
100
AcDbEntity
8
BottomSolderMaskLayer
100
AcDbHatch
10
0
20
0
30
0
210
0
220
0
230
1
2
SOLID
70
1
71
0
91
1
92
7
72
1
73
1
93
2
10
72.89686309372635
20
27.708407416814794
42
1
10
74.24766319532657
20
27.708407416814794
42
1
97
1
330

75
0
76
1
47
0.8681437583925616
98
1
10
3.629517071192367
20
33.92795499968543
450
0
451
0
460
0
461
0
452
1
462
1
453
2
463
0
63
5
421
255
463
1
63
7
421
16777215
470
LINEAR
1001
ACAD
1010
0
1020
0
1030
0
  0
CIRCLE
  5
741
330
1F
100
AcDbEntity
  8
Multi-Layer
100
AcDbCircle
 10
73.57236474472961
 20
27.70838201676395
 30
0.0
 40
0.4
  0
CIRCLE
  5
742
330
1F
100
AcDbEntity
  8
Multi-Layer
100
AcDbCircle
 10
73.57226314452646
 20
27.708407416814794
 30
0.0
 40
0.6500000000000001
0
HATCH
5
743
100
AcDbEntity
8
Multi-Layer
100
AcDbHatch
10
0
20
0
30
0
210
0
220
0
230
1
2
SOLID
70
1
71
0
91
1
92
7
72
1
73
1
93
2
10
72.92226314452645
20
27.708407416814794
42
1
10
74.22226314452647
20
27.708407416814794
42
1
97
1
330

75
0
76
1
47
0.8681437583925616
98
1
10
3.629517071192367
20
33.92795499968543
450
0
451
0
460
0
461
0
452
1
462
1
453
2
463
0
63
5
421
255
463
1
63
7
421
16777215
470
LINEAR
1001
ACAD
1010
0
1020
0
1030
0
  0
CIRCLE
  5
744
330
1F
100
AcDbEntity
  8
TopSolderMaskLayer
100
AcDbCircle
 10
83.87239014478041
 20
27.70838201676395
 30
0.0
 40
0.41563080049237017
  0
CIRCLE
  5
745
330
1F
100
AcDbEntity
  8
TopSolderMaskLayer
100
AcDbCircle
 10
83.87249174498356
 20
27.708407416814794
 30
0.0
 40
0.6754000508001017
0
HATCH
5
746
100
AcDbEntity
8
TopSolderMaskLayer
100
AcDbHatch
10
0
20
0
30
0
210
0
220
0
230
1
2
SOLID
70
1
71
0
91
1
92
7
72
1
73
1
93
2
10
83.19709169418346
20
27.708407416814794
42
1
10
84.54789179578367
20
27.708407416814794
42
1
97
1
330

75
0
76
1
47
0.8681437583925616
98
1
10
3.629517071192367
20
33.92795499968543
450
0
451
0
460
0
461
0
452
1
462
1
453
2
463
0
63
5
421
255
463
1
63
7
421
16777215
470
LINEAR
1001
ACAD
1010
0
1020
0
1030
0
  0
CIRCLE
  5
747
330
1F
100
AcDbEntity
  8
BottomSolderMaskLayer
100
AcDbCircle
 10
83.87239014478041
 20
27.70838201676395
 30
0.0
 40
0.41563080049237017
  0
CIRCLE
  5
748
330
1F
100
AcDbEntity
  8
BottomSolderMaskLayer
100
AcDbCircle
 10
83.87249174498356
 20
27.708407416814794
 30
0.0
 40
0.6754000508001017
0
HATCH
5
749
100
AcDbEntity
8
BottomSolderMaskLayer
100
AcDbHatch
10
0
20
0
30
0
210
0
220
0
230
1
2
SOLID
70
1
71
0
91
1
92
7
72
1
73
1
93
2
10
83.19709169418346
20
27.708407416814794
42
1
10
84.54789179578367
20
27.708407416814794
42
1
97
1
330

75
0
76
1
47
0.8681437583925616
98
1
10
3.629517071192367
20
33.92795499968543
450
0
451
0
460
0
461
0
452
1
462
1
453
2
463
0
63
5
421
255
463
1
63
7
421
16777215
470
LINEAR
1001
ACAD
1010
0
1020
0
1030
0
  0
CIRCLE
  5
74a
330
1F
100
AcDbEntity
  8
Multi-Layer
100
AcDbCircle
 10
83.87239014478041
 20
27.70838201676395
 30
0.0
 40
0.4
  0
CIRCLE
  5
74b
330
1F
100
AcDbEntity
  8
Multi-Layer
100
AcDbCircle
 10
83.87249174498356
 20
27.708407416814794
 30
0.0
 40
0.6500000000000001
0
HATCH
5
74c
100
AcDbEntity
8
Multi-Layer
100
AcDbHatch
10
0
20
0
30
0
210
0
220
0
230
1
2
SOLID
70
1
71
0
91
1
92
7
72
1
73
1
93
2
10
83.22249174498356
20
27.708407416814794
42
1
10
84.52249174498357
20
27.708407416814794
42
1
97
1
330

75
0
76
1
47
0.8681437583925616
98
1
10
3.629517071192367
20
33.92795499968543
450
0
451
0
460
0
461
0
452
1
462
1
453
2
463
0
63
5
421
255
463
1
63
7
421
16777215
470
LINEAR
1001
ACAD
1010
0
1020
0
1030
0
  0
CIRCLE
  5
756
330
1F
100
AcDbEntity
  8
TopSolderMaskLayer
100
AcDbCircle
 10
50.782321564643325
 20
69.9904749809499
 30
0.0
 40
0.41930242590643924
  0
CIRCLE
  5
757
330
1F
100
AcDbEntity
  8
TopSolderMaskLayer
100
AcDbCircle
 10
50.782321564643325
 20
69.9906019812039
 30
0.0
 40
0.8255016510033022
0
HATCH
5
758
100
AcDbEntity
8
TopSolderMaskLayer
100
AcDbHatch
10
0
20
0
30
0
210
0
220
0
230
1
2
SOLID
70
1
71
0
91
1
92
7
72
1
73
1
93
2
10
49.956819913640025
20
69.9906019812039
42
1
10
51.607823215646626
20
69.9906019812039
42
1
97
1
330

75
0
76
1
47
0.8681437583925616
98
1
10
3.629517071192367
20
33.92795499968543
450
0
451
0
460
0
461
0
452
1
462
1
453
2
463
0
63
5
421
255
463
1
63
7
421
16777215
470
LINEAR
1001
ACAD
1010
0
1020
0
1030
0
  0
CIRCLE
  5
759
330
1F
100
AcDbEntity
  8
BottomSolderMaskLayer
100
AcDbCircle
 10
50.782321564643325
 20
69.9904749809499
 30
0.0
 40
0.41930242590643924
  0
CIRCLE
  5
75a
330
1F
100
AcDbEntity
  8
BottomSolderMaskLayer
100
AcDbCircle
 10
50.782321564643325
 20
69.9906019812039
 30
0.0
 40
0.8255016510033022
0
HATCH
5
75b
100
AcDbEntity
8
BottomSolderMaskLayer
100
AcDbHatch
10
0
20
0
30
0
210
0
220
0
230
1
2
SOLID
70
1
71
0
91
1
92
7
72
1
73
1
93
2
10
49.956819913640025
20
69.9906019812039
42
1
10
51.607823215646626
20
69.9906019812039
42
1
97
1
330

75
0
76
1
47
0.8681437583925616
98
1
10
3.629517071192367
20
33.92795499968543
450
0
451
0
460
0
461
0
452
1
462
1
453
2
463
0
63
5
421
255
463
1
63
7
421
16777215
470
LINEAR
1001
ACAD
1010
0
1020
0
1030
0
  0
CIRCLE
  5
75c
330
1F
100
AcDbEntity
  8
Multi-Layer
100
AcDbCircle
 10
50.782321564643325
 20
69.9904749809499
 30
0.0
 40
0.40640081280162565
  0
CIRCLE
  5
75d
330
1F
100
AcDbEntity
  8
Multi-Layer
100
AcDbCircle
 10
50.782321564643325
 20
69.9906019812039
 30
0.0
 40
0.8001016002032005
0
HATCH
5
75e
100
AcDbEntity
8
Multi-Layer
100
AcDbHatch
10
0
20
0
30
0
210
0
220
0
230
1
2
SOLID
70
1
71
0
91
1
92
7
72
1
73
1
93
2
10
49.98221996444013
20
69.9906019812039
42
1
10
51.582423164846524
20
69.9906019812039
42
1
97
1
330

75
0
76
1
47
0.8681437583925616
98
1
10
3.629517071192367
20
33.92795499968543
450
0
451
0
460
0
461
0
452
1
462
1
453
2
463
0
63
5
421
255
463
1
63
7
421
16777215
470
LINEAR
1001
ACAD
1010
0
1020
0
1030
0
  0
CIRCLE
  5
75f
330
1F
100
AcDbEntity
  8
TopSolderMaskLayer
100
AcDbCircle
 10
58.40233680467372
 20
69.9904749809499
 30
0.0
 40
0.41930242590643924
  0
CIRCLE
  5
760
330
1F
100
AcDbEntity
  8
TopSolderMaskLayer
100
AcDbCircle
 10
58.40233680467372
 20
69.9906019812039
 30
0.0
 40
0.8255016510033022
0
HATCH
5
761
100
AcDbEntity
8
TopSolderMaskLayer
100
AcDbHatch
10
0
20
0
30
0
210
0
220
0
230
1
2
SOLID
70
1
71
0
91
1
92
7
72
1
73
1
93
2
10
57.57683515367042
20
69.9906019812039
42
1
10
59.22783845567702
20
69.9906019812039
42
1
97
1
330

75
0
76
1
47
0.8681437583925616
98
1
10
3.629517071192367
20
33.92795499968543
450
0
451
0
460
0
461
0
452
1
462
1
453
2
463
0
63
5
421
255
463
1
63
7
421
16777215
470
LINEAR
1001
ACAD
1010
0
1020
0
1030
0
  0
CIRCLE
  5
762
330
1F
100
AcDbEntity
  8
BottomSolderMaskLayer
100
AcDbCircle
 10
58.40233680467372
 20
69.9904749809499
 30
0.0
 40
0.41930242590643924
  0
CIRCLE
  5
763
330
1F
100
AcDbEntity
  8
BottomSolderMaskLayer
100
AcDbCircle
 10
58.40233680467372
 20
69.9906019812039
 30
0.0
 40
0.8255016510033022
0
HATCH
5
764
100
AcDbEntity
8
BottomSolderMaskLayer
100
AcDbHatch
10
0
20
0
30
0
210
0
220
0
230
1
2
SOLID
70
1
71
0
91
1
92
7
72
1
73
1
93
2
10
57.57683515367042
20
69.9906019812039
42
1
10
59.22783845567702
20
69.9906019812039
42
1
97
1
330

75
0
76
1
47
0.8681437583925616
98
1
10
3.629517071192367
20
33.92795499968543
450
0
451
0
460
0
461
0
452
1
462
1
453
2
463
0
63
5
421
255
463
1
63
7
421
16777215
470
LINEAR
1001
ACAD
1010
0
1020
0
1030
0
  0
CIRCLE
  5
765
330
1F
100
AcDbEntity
  8
Multi-Layer
100
AcDbCircle
 10
58.40233680467372
 20
69.9904749809499
 30
0.0
 40
0.40640081280162565
  0
CIRCLE
  5
766
330
1F
100
AcDbEntity
  8
Multi-Layer
100
AcDbCircle
 10
58.40233680467372
 20
69.9906019812039
 30
0.0
 40
0.8001016002032005
0
HATCH
5
767
100
AcDbEntity
8
Multi-Layer
100
AcDbHatch
10
0
20
0
30
0
210
0
220
0
230
1
2
SOLID
70
1
71
0
91
1
92
7
72
1
73
1
93
2
10
57.602235204470524
20
69.9906019812039
42
1
10
59.20243840487692
20
69.9906019812039
42
1
97
1
330

75
0
76
1
47
0.8681437583925616
98
1
10
3.629517071192367
20
33.92795499968543
450
0
451
0
460
0
461
0
452
1
462
1
453
2
463
0
63
5
421
255
463
1
63
7
421
16777215
470
LINEAR
1001
ACAD
1010
0
1020
0
1030
0
  0
CIRCLE
  5
768
330
1F
100
AcDbEntity
  8
TopSolderMaskLayer
100
AcDbCircle
 10
60.942341884683856
 20
69.9904749809499
 30
0.0
 40
0.41930242590643924
  0
CIRCLE
  5
769
330
1F
100
AcDbEntity
  8
TopSolderMaskLayer
100
AcDbCircle
 10
60.942341884683856
 20
69.9906019812039
 30
0.0
 40
0.8255016510033022
0
HATCH
5
76a
100
AcDbEntity
8
TopSolderMaskLayer
100
AcDbHatch
10
0
20
0
30
0
210
0
220
0
230
1
2
SOLID
70
1
71
0
91
1
92
7
72
1
73
1
93
2
10
60.116840233680556
20
69.9906019812039
42
1
10
61.767843535687156
20
69.9906019812039
42
1
97
1
330

75
0
76
1
47
0.8681437583925616
98
1
10
3.629517071192367
20
33.92795499968543
450
0
451
0
460
0
461
0
452
1
462
1
453
2
463
0
63
5
421
255
463
1
63
7
421
16777215
470
LINEAR
1001
ACAD
1010
0
1020
0
1030
0
  0
CIRCLE
  5
76b
330
1F
100
AcDbEntity
  8
BottomSolderMaskLayer
100
AcDbCircle
 10
60.942341884683856
 20
69.9904749809499
 30
0.0
 40
0.41930242590643924
  0
CIRCLE
  5
76c
330
1F
100
AcDbEntity
  8
BottomSolderMaskLayer
100
AcDbCircle
 10
60.942341884683856
 20
69.9906019812039
 30
0.0
 40
0.8255016510033022
0
HATCH
5
76d
100
AcDbEntity
8
BottomSolderMaskLayer
100
AcDbHatch
10
0
20
0
30
0
210
0
220
0
230
1
2
SOLID
70
1
71
0
91
1
92
7
72
1
73
1
93
2
10
60.116840233680556
20
69.9906019812039
42
1
10
61.767843535687156
20
69.9906019812039
42
1
97
1
330

75
0
76
1
47
0.8681437583925616
98
1
10
3.629517071192367
20
33.92795499968543
450
0
451
0
460
0
461
0
452
1
462
1
453
2
463
0
63
5
421
255
463
1
63
7
421
16777215
470
LINEAR
1001
ACAD
1010
0
1020
0
1030
0
  0
CIRCLE
  5
76e
330
1F
100
AcDbEntity
  8
Multi-Layer
100
AcDbCircle
 10
60.942341884683856
 20
69.9904749809499
 30
0.0
 40
0.40640081280162565
  0
CIRCLE
  5
76f
330
1F
100
AcDbEntity
  8
Multi-Layer
100
AcDbCircle
 10
60.942341884683856
 20
69.9906019812039
 30
0.0
 40
0.8001016002032005
0
HATCH
5
770
100
AcDbEntity
8
Multi-Layer
100
AcDbHatch
10
0
20
0
30
0
210
0
220
0
230
1
2
SOLID
70
1
71
0
91
1
92
7
72
1
73
1
93
2
10
60.14224028448066
20
69.9906019812039
42
1
10
61.742443484887055
20
69.9906019812039
42
1
97
1
330

75
0
76
1
47
0.8681437583925616
98
1
10
3.629517071192367
20
33.92795499968543
450
0
451
0
460
0
461
0
452
1
462
1
453
2
463
0
63
5
421
255
463
1
63
7
421
16777215
470
LINEAR
1001
ACAD
1010
0
1020
0
1030
0
  0
CIRCLE
  5
771
330
1F
100
AcDbEntity
  8
TopSolderMaskLayer
100
AcDbCircle
 10
53.32232664465346
 20
69.9904749809499
 30
0.0
 40
0.41930242590643924
  0
CIRCLE
  5
772
330
1F
100
AcDbEntity
  8
TopSolderMaskLayer
100
AcDbCircle
 10
53.32232664465346
 20
69.9906019812039
 30
0.0
 40
0.8255016510033022
0
HATCH
5
773
100
AcDbEntity
8
TopSolderMaskLayer
100
AcDbHatch
10
0
20
0
30
0
210
0
220
0
230
1
2
SOLID
70
1
71
0
91
1
92
7
72
1
73
1
93
2
10
52.49682499365016
20
69.9906019812039
42
1
10
54.14782829565676
20
69.9906019812039
42
1
97
1
330

75
0
76
1
47
0.8681437583925616
98
1
10
3.629517071192367
20
33.92795499968543
450
0
451
0
460
0
461
0
452
1
462
1
453
2
463
0
63
5
421
255
463
1
63
7
421
16777215
470
LINEAR
1001
ACAD
1010
0
1020
0
1030
0
  0
CIRCLE
  5
774
330
1F
100
AcDbEntity
  8
BottomSolderMaskLayer
100
AcDbCircle
 10
53.32232664465346
 20
69.9904749809499
 30
0.0
 40
0.41930242590643924
  0
CIRCLE
  5
775
330
1F
100
AcDbEntity
  8
BottomSolderMaskLayer
100
AcDbCircle
 10
53.32232664465346
 20
69.9906019812039
 30
0.0
 40
0.8255016510033022
0
HATCH
5
776
100
AcDbEntity
8
BottomSolderMaskLayer
100
AcDbHatch
10
0
20
0
30
0
210
0
220
0
230
1
2
SOLID
70
1
71
0
91
1
92
7
72
1
73
1
93
2
10
52.49682499365016
20
69.9906019812039
42
1
10
54.14782829565676
20
69.9906019812039
42
1
97
1
330

75
0
76
1
47
0.8681437583925616
98
1
10
3.629517071192367
20
33.92795499968543
450
0
451
0
460
0
461
0
452
1
462
1
453
2
463
0
63
5
421
255
463
1
63
7
421
16777215
470
LINEAR
1001
ACAD
1010
0
1020
0
1030
0
  0
CIRCLE
  5
777
330
1F
100
AcDbEntity
  8
Multi-Layer
100
AcDbCircle
 10
53.32232664465346
 20
69.9904749809499
 30
0.0
 40
0.40640081280162565
  0
CIRCLE
  5
778
330
1F
100
AcDbEntity
  8
Multi-Layer
100
AcDbCircle
 10
53.32232664465346
 20
69.9906019812039
 30
0.0
 40
0.8001016002032005
0
HATCH
5
779
100
AcDbEntity
8
Multi-Layer
100
AcDbHatch
10
0
20
0
30
0
210
0
220
0
230
1
2
SOLID
70
1
71
0
91
1
92
7
72
1
73
1
93
2
10
52.52222504445026
20
69.9906019812039
42
1
10
54.12242824485666
20
69.9906019812039
42
1
97
1
330

75
0
76
1
47
0.8681437583925616
98
1
10
3.629517071192367
20
33.92795499968543
450
0
451
0
460
0
461
0
452
1
462
1
453
2
463
0
63
5
421
255
463
1
63
7
421
16777215
470
LINEAR
1001
ACAD
1010
0
1020
0
1030
0
  0
CIRCLE
  5
77a
330
1F
100
AcDbEntity
  8
TopSolderMaskLayer
100
AcDbCircle
 10
55.86233172466359
 20
69.9904749809499
 30
0.0
 40
0.41930242590643924
  0
CIRCLE
  5
77b
330
1F
100
AcDbEntity
  8
TopSolderMaskLayer
100
AcDbCircle
 10
55.86233172466359
 20
69.9906019812039
 30
0.0
 40
0.8255016510033022
0
HATCH
5
77c
100
AcDbEntity
8
TopSolderMaskLayer
100
AcDbHatch
10
0
20
0
30
0
210
0
220
0
230
1
2
SOLID
70
1
71
0
91
1
92
7
72
1
73
1
93
2
10
55.03683007366029
20
69.9906019812039
42
1
10
56.68783337566689
20
69.9906019812039
42
1
97
1
330

75
0
76
1
47
0.8681437583925616
98
1
10
3.629517071192367
20
33.92795499968543
450
0
451
0
460
0
461
0
452
1
462
1
453
2
463
0
63
5
421
255
463
1
63
7
421
16777215
470
LINEAR
1001
ACAD
1010
0
1020
0
1030
0
  0
CIRCLE
  5
77d
330
1F
100
AcDbEntity
  8
BottomSolderMaskLayer
100
AcDbCircle
 10
55.86233172466359
 20
69.9904749809499
 30
0.0
 40
0.41930242590643924
  0
CIRCLE
  5
77e
330
1F
100
AcDbEntity
  8
BottomSolderMaskLayer
100
AcDbCircle
 10
55.86233172466359
 20
69.9906019812039
 30
0.0
 40
0.8255016510033022
0
HATCH
5
77f
100
AcDbEntity
8
BottomSolderMaskLayer
100
AcDbHatch
10
0
20
0
30
0
210
0
220
0
230
1
2
SOLID
70
1
71
0
91
1
92
7
72
1
73
1
93
2
10
55.03683007366029
20
69.9906019812039
42
1
10
56.68783337566689
20
69.9906019812039
42
1
97
1
330

75
0
76
1
47
0.8681437583925616
98
1
10
3.629517071192367
20
33.92795499968543
450
0
451
0
460
0
461
0
452
1
462
1
453
2
463
0
63
5
421
255
463
1
63
7
421
16777215
470
LINEAR
1001
ACAD
1010
0
1020
0
1030
0
  0
CIRCLE
  5
780
330
1F
100
AcDbEntity
  8
Multi-Layer
100
AcDbCircle
 10
55.86233172466359
 20
69.9904749809499
 30
0.0
 40
0.40640081280162565
  0
CIRCLE
  5
781
330
1F
100
AcDbEntity
  8
Multi-Layer
100
AcDbCircle
 10
55.86233172466359
 20
69.9906019812039
 30
0.0
 40
0.8001016002032005
0
HATCH
5
782
100
AcDbEntity
8
Multi-Layer
100
AcDbHatch
10
0
20
0
30
0
210
0
220
0
230
1
2
SOLID
70
1
71
0
91
1
92
7
72
1
73
1
93
2
10
55.06223012446039
20
69.9906019812039
42
1
10
56.66243332486679
20
69.9906019812039
42
1
97
1
330

75
0
76
1
47
0.8681437583925616
98
1
10
3.629517071192367
20
33.92795499968543
450
0
451
0
460
0
461
0
452
1
462
1
453
2
463
0
63
5
421
255
463
1
63
7
421
16777215
470
LINEAR
1001
ACAD
1010
0
1020
0
1030
0
  0
CIRCLE
  5
783
330
1F
100
AcDbEntity
  8
TopSolderMaskLayer
100
AcDbCircle
 10
63.48234696469399
 20
69.9904749809499
 30
0.0
 40
0.41930242590643924
  0
CIRCLE
  5
784
330
1F
100
AcDbEntity
  8
TopSolderMaskLayer
100
AcDbCircle
 10
63.48234696469399
 20
69.9906019812039
 30
0.0
 40
0.8255016510033022
0
HATCH
5
785
100
AcDbEntity
8
TopSolderMaskLayer
100
AcDbHatch
10
0
20
0
30
0
210
0
220
0
230
1
2
SOLID
70
1
71
0
91
1
92
7
72
1
73
1
93
2
10
62.65684531369069
20
69.9906019812039
42
1
10
64.3078486156973
20
69.9906019812039
42
1
97
1
330

75
0
76
1
47
0.8681437583925616
98
1
10
3.629517071192367
20
33.92795499968543
450
0
451
0
460
0
461
0
452
1
462
1
453
2
463
0
63
5
421
255
463
1
63
7
421
16777215
470
LINEAR
1001
ACAD
1010
0
1020
0
1030
0
  0
CIRCLE
  5
786
330
1F
100
AcDbEntity
  8
BottomSolderMaskLayer
100
AcDbCircle
 10
63.48234696469399
 20
69.9904749809499
 30
0.0
 40
0.41930242590643924
  0
CIRCLE
  5
787
330
1F
100
AcDbEntity
  8
BottomSolderMaskLayer
100
AcDbCircle
 10
63.48234696469399
 20
69.9906019812039
 30
0.0
 40
0.8255016510033022
0
HATCH
5
788
100
AcDbEntity
8
BottomSolderMaskLayer
100
AcDbHatch
10
0
20
0
30
0
210
0
220
0
230
1
2
SOLID
70
1
71
0
91
1
92
7
72
1
73
1
93
2
10
62.65684531369069
20
69.9906019812039
42
1
10
64.3078486156973
20
69.9906019812039
42
1
97
1
330

75
0
76
1
47
0.8681437583925616
98
1
10
3.629517071192367
20
33.92795499968543
450
0
451
0
460
0
461
0
452
1
462
1
453
2
463
0
63
5
421
255
463
1
63
7
421
16777215
470
LINEAR
1001
ACAD
1010
0
1020
0
1030
0
  0
CIRCLE
  5
789
330
1F
100
AcDbEntity
  8
Multi-Layer
100
AcDbCircle
 10
63.48234696469399
 20
69.9904749809499
 30
0.0
 40
0.40640081280162565
  0
CIRCLE
  5
78a
330
1F
100
AcDbEntity
  8
Multi-Layer
100
AcDbCircle
 10
63.48234696469399
 20
69.9906019812039
 30
0.0
 40
0.8001016002032005
0
HATCH
5
78b
100
AcDbEntity
8
Multi-Layer
100
AcDbHatch
10
0
20
0
30
0
210
0
220
0
230
1
2
SOLID
70
1
71
0
91
1
92
7
72
1
73
1
93
2
10
62.68224536449079
20
69.9906019812039
42
1
10
64.2824485648972
20
69.9906019812039
42
1
97
1
330

75
0
76
1
47
0.8681437583925616
98
1
10
3.629517071192367
20
33.92795499968543
450
0
451
0
460
0
461
0
452
1
462
1
453
2
463
0
63
5
421
255
463
1
63
7
421
16777215
470
LINEAR
1001
ACAD
1010
0
1020
0
1030
0
  0
CIRCLE
  5
78c
330
1F
100
AcDbEntity
  8
TopSolderMaskLayer
100
AcDbCircle
 10
63.48234696469399
 20
78.39047498094999
 30
0.0
 40
0.41930242590643924
  0
CIRCLE
  5
78d
330
1F
100
AcDbEntity
  8
TopSolderMaskLayer
100
AcDbCircle
 10
63.48234696469399
 20
78.39039878079757
 30
0.0
 40
0.8255016510033022
0
HATCH
5
78e
100
AcDbEntity
8
TopSolderMaskLayer
100
AcDbHatch
10
0
20
0
30
0
210
0
220
0
230
1
2
SOLID
70
1
71
0
91
1
92
7
72
1
73
1
93
2
10
62.65684531369069
20
78.39039878079757
42
1
10
64.3078486156973
20
78.39039878079757
42
1
97
1
330

75
0
76
1
47
0.8681437583925616
98
1
10
3.629517071192367
20
33.92795499968543
450
0
451
0
460
0
461
0
452
1
462
1
453
2
463
0
63
5
421
255
463
1
63
7
421
16777215
470
LINEAR
1001
ACAD
1010
0
1020
0
1030
0
  0
CIRCLE
  5
78f
330
1F
100
AcDbEntity
  8
BottomSolderMaskLayer
100
AcDbCircle
 10
63.48234696469399
 20
78.39047498094999
 30
0.0
 40
0.41930242590643924
  0
CIRCLE
  5
790
330
1F
100
AcDbEntity
  8
BottomSolderMaskLayer
100
AcDbCircle
 10
63.48234696469399
 20
78.39039878079757
 30
0.0
 40
0.8255016510033022
0
HATCH
5
791
100
AcDbEntity
8
BottomSolderMaskLayer
100
AcDbHatch
10
0
20
0
30
0
210
0
220
0
230
1
2
SOLID
70
1
71
0
91
1
92
7
72
1
73
1
93
2
10
62.65684531369069
20
78.39039878079757
42
1
10
64.3078486156973
20
78.39039878079757
42
1
97
1
330

75
0
76
1
47
0.8681437583925616
98
1
10
3.629517071192367
20
33.92795499968543
450
0
451
0
460
0
461
0
452
1
462
1
453
2
463
0
63
5
421
255
463
1
63
7
421
16777215
470
LINEAR
1001
ACAD
1010
0
1020
0
1030
0
  0
CIRCLE
  5
792
330
1F
100
AcDbEntity
  8
Multi-Layer
100
AcDbCircle
 10
63.48234696469399
 20
78.39047498094999
 30
0.0
 40
0.40640081280162565
  0
CIRCLE
  5
793
330
1F
100
AcDbEntity
  8
Multi-Layer
100
AcDbCircle
 10
63.48234696469399
 20
78.39039878079757
 30
0.0
 40
0.8001016002032005
0
HATCH
5
794
100
AcDbEntity
8
Multi-Layer
100
AcDbHatch
10
0
20
0
30
0
210
0
220
0
230
1
2
SOLID
70
1
71
0
91
1
92
7
72
1
73
1
93
2
10
62.68224536449079
20
78.39039878079757
42
1
10
64.2824485648972
20
78.39039878079757
42
1
97
1
330

75
0
76
1
47
0.8681437583925616
98
1
10
3.629517071192367
20
33.92795499968543
450
0
451
0
460
0
461
0
452
1
462
1
453
2
463
0
63
5
421
255
463
1
63
7
421
16777215
470
LINEAR
1001
ACAD
1010
0
1020
0
1030
0
  0
CIRCLE
  5
795
330
1F
100
AcDbEntity
  8
TopSolderMaskLayer
100
AcDbCircle
 10
60.942341884683856
 20
78.39047498094999
 30
0.0
 40
0.41930242590643924
  0
CIRCLE
  5
796
330
1F
100
AcDbEntity
  8
TopSolderMaskLayer
100
AcDbCircle
 10
60.942341884683856
 20
78.39039878079757
 30
0.0
 40
0.8255016510033022
0
HATCH
5
797
100
AcDbEntity
8
TopSolderMaskLayer
100
AcDbHatch
10
0
20
0
30
0
210
0
220
0
230
1
2
SOLID
70
1
71
0
91
1
92
7
72
1
73
1
93
2
10
60.116840233680556
20
78.39039878079757
42
1
10
61.767843535687156
20
78.39039878079757
42
1
97
1
330

75
0
76
1
47
0.8681437583925616
98
1
10
3.629517071192367
20
33.92795499968543
450
0
451
0
460
0
461
0
452
1
462
1
453
2
463
0
63
5
421
255
463
1
63
7
421
16777215
470
LINEAR
1001
ACAD
1010
0
1020
0
1030
0
  0
CIRCLE
  5
798
330
1F
100
AcDbEntity
  8
BottomSolderMaskLayer
100
AcDbCircle
 10
60.942341884683856
 20
78.39047498094999
 30
0.0
 40
0.41930242590643924
  0
CIRCLE
  5
799
330
1F
100
AcDbEntity
  8
BottomSolderMaskLayer
100
AcDbCircle
 10
60.942341884683856
 20
78.39039878079757
 30
0.0
 40
0.8255016510033022
0
HATCH
5
79a
100
AcDbEntity
8
BottomSolderMaskLayer
100
AcDbHatch
10
0
20
0
30
0
210
0
220
0
230
1
2
SOLID
70
1
71
0
91
1
92
7
72
1
73
1
93
2
10
60.116840233680556
20
78.39039878079757
42
1
10
61.767843535687156
20
78.39039878079757
42
1
97
1
330

75
0
76
1
47
0.8681437583925616
98
1
10
3.629517071192367
20
33.92795499968543
450
0
451
0
460
0
461
0
452
1
462
1
453
2
463
0
63
5
421
255
463
1
63
7
421
16777215
470
LINEAR
1001
ACAD
1010
0
1020
0
1030
0
  0
CIRCLE
  5
79b
330
1F
100
AcDbEntity
  8
Multi-Layer
100
AcDbCircle
 10
60.942341884683856
 20
78.39047498094999
 30
0.0
 40
0.40640081280162565
  0
CIRCLE
  5
79c
330
1F
100
AcDbEntity
  8
Multi-Layer
100
AcDbCircle
 10
60.942341884683856
 20
78.39039878079757
 30
0.0
 40
0.8001016002032005
0
HATCH
5
79d
100
AcDbEntity
8
Multi-Layer
100
AcDbHatch
10
0
20
0
30
0
210
0
220
0
230
1
2
SOLID
70
1
71
0
91
1
92
7
72
1
73
1
93
2
10
60.14224028448066
20
78.39039878079757
42
1
10
61.742443484887055
20
78.39039878079757
42
1
97
1
330

75
0
76
1
47
0.8681437583925616
98
1
10
3.629517071192367
20
33.92795499968543
450
0
451
0
460
0
461
0
452
1
462
1
453
2
463
0
63
5
421
255
463
1
63
7
421
16777215
470
LINEAR
1001
ACAD
1010
0
1020
0
1030
0
  0
CIRCLE
  5
79e
330
1F
100
AcDbEntity
  8
TopSolderMaskLayer
100
AcDbCircle
 10
58.40233680467372
 20
78.39047498094999
 30
0.0
 40
0.41930242590643924
  0
CIRCLE
  5
79f
330
1F
100
AcDbEntity
  8
TopSolderMaskLayer
100
AcDbCircle
 10
58.40233680467372
 20
78.39039878079757
 30
0.0
 40
0.8255016510033022
0
HATCH
5
7a0
100
AcDbEntity
8
TopSolderMaskLayer
100
AcDbHatch
10
0
20
0
30
0
210
0
220
0
230
1
2
SOLID
70
1
71
0
91
1
92
7
72
1
73
1
93
2
10
57.57683515367042
20
78.39039878079757
42
1
10
59.22783845567702
20
78.39039878079757
42
1
97
1
330

75
0
76
1
47
0.8681437583925616
98
1
10
3.629517071192367
20
33.92795499968543
450
0
451
0
460
0
461
0
452
1
462
1
453
2
463
0
63
5
421
255
463
1
63
7
421
16777215
470
LINEAR
1001
ACAD
1010
0
1020
0
1030
0
  0
CIRCLE
  5
7a1
330
1F
100
AcDbEntity
  8
BottomSolderMaskLayer
100
AcDbCircle
 10
58.40233680467372
 20
78.39047498094999
 30
0.0
 40
0.41930242590643924
  0
CIRCLE
  5
7a2
330
1F
100
AcDbEntity
  8
BottomSolderMaskLayer
100
AcDbCircle
 10
58.40233680467372
 20
78.39039878079757
 30
0.0
 40
0.8255016510033022
0
HATCH
5
7a3
100
AcDbEntity
8
BottomSolderMaskLayer
100
AcDbHatch
10
0
20
0
30
0
210
0
220
0
230
1
2
SOLID
70
1
71
0
91
1
92
7
72
1
73
1
93
2
10
57.57683515367042
20
78.39039878079757
42
1
10
59.22783845567702
20
78.39039878079757
42
1
97
1
330

75
0
76
1
47
0.8681437583925616
98
1
10
3.629517071192367
20
33.92795499968543
450
0
451
0
460
0
461
0
452
1
462
1
453
2
463
0
63
5
421
255
463
1
63
7
421
16777215
470
LINEAR
1001
ACAD
1010
0
1020
0
1030
0
  0
CIRCLE
  5
7a4
330
1F
100
AcDbEntity
  8
Multi-Layer
100
AcDbCircle
 10
58.40233680467372
 20
78.39047498094999
 30
0.0
 40
0.40640081280162565
  0
CIRCLE
  5
7a5
330
1F
100
AcDbEntity
  8
Multi-Layer
100
AcDbCircle
 10
58.40233680467372
 20
78.39039878079757
 30
0.0
 40
0.8001016002032005
0
HATCH
5
7a6
100
AcDbEntity
8
Multi-Layer
100
AcDbHatch
10
0
20
0
30
0
210
0
220
0
230
1
2
SOLID
70
1
71
0
91
1
92
7
72
1
73
1
93
2
10
57.602235204470524
20
78.39039878079757
42
1
10
59.20243840487692
20
78.39039878079757
42
1
97
1
330

75
0
76
1
47
0.8681437583925616
98
1
10
3.629517071192367
20
33.92795499968543
450
0
451
0
460
0
461
0
452
1
462
1
453
2
463
0
63
5
421
255
463
1
63
7
421
16777215
470
LINEAR
1001
ACAD
1010
0
1020
0
1030
0
  0
CIRCLE
  5
7a7
330
1F
100
AcDbEntity
  8
TopSolderMaskLayer
100
AcDbCircle
 10
55.86233172466359
 20
78.39047498094999
 30
0.0
 40
0.41930242590643924
  0
CIRCLE
  5
7a8
330
1F
100
AcDbEntity
  8
TopSolderMaskLayer
100
AcDbCircle
 10
55.86233172466359
 20
78.39039878079757
 30
0.0
 40
0.8255016510033022
0
HATCH
5
7a9
100
AcDbEntity
8
TopSolderMaskLayer
100
AcDbHatch
10
0
20
0
30
0
210
0
220
0
230
1
2
SOLID
70
1
71
0
91
1
92
7
72
1
73
1
93
2
10
55.03683007366029
20
78.39039878079757
42
1
10
56.68783337566689
20
78.39039878079757
42
1
97
1
330

75
0
76
1
47
0.8681437583925616
98
1
10
3.629517071192367
20
33.92795499968543
450
0
451
0
460
0
461
0
452
1
462
1
453
2
463
0
63
5
421
255
463
1
63
7
421
16777215
470
LINEAR
1001
ACAD
1010
0
1020
0
1030
0
  0
CIRCLE
  5
7aa
330
1F
100
AcDbEntity
  8
BottomSolderMaskLayer
100
AcDbCircle
 10
55.86233172466359
 20
78.39047498094999
 30
0.0
 40
0.41930242590643924
  0
CIRCLE
  5
7ab
330
1F
100
AcDbEntity
  8
BottomSolderMaskLayer
100
AcDbCircle
 10
55.86233172466359
 20
78.39039878079757
 30
0.0
 40
0.8255016510033022
0
HATCH
5
7ac
100
AcDbEntity
8
BottomSolderMaskLayer
100
AcDbHatch
10
0
20
0
30
0
210
0
220
0
230
1
2
SOLID
70
1
71
0
91
1
92
7
72
1
73
1
93
2
10
55.03683007366029
20
78.39039878079757
42
1
10
56.68783337566689
20
78.39039878079757
42
1
97
1
330

75
0
76
1
47
0.8681437583925616
98
1
10
3.629517071192367
20
33.92795499968543
450
0
451
0
460
0
461
0
452
1
462
1
453
2
463
0
63
5
421
255
463
1
63
7
421
16777215
470
LINEAR
1001
ACAD
1010
0
1020
0
1030
0
  0
CIRCLE
  5
7ad
330
1F
100
AcDbEntity
  8
Multi-Layer
100
AcDbCircle
 10
55.86233172466359
 20
78.39047498094999
 30
0.0
 40
0.40640081280162565
  0
CIRCLE
  5
7ae
330
1F
100
AcDbEntity
  8
Multi-Layer
100
AcDbCircle
 10
55.86233172466359
 20
78.39039878079757
 30
0.0
 40
0.8001016002032005
0
HATCH
5
7af
100
AcDbEntity
8
Multi-Layer
100
AcDbHatch
10
0
20
0
30
0
210
0
220
0
230
1
2
SOLID
70
1
71
0
91
1
92
7
72
1
73
1
93
2
10
55.06223012446039
20
78.39039878079757
42
1
10
56.66243332486679
20
78.39039878079757
42
1
97
1
330

75
0
76
1
47
0.8681437583925616
98
1
10
3.629517071192367
20
33.92795499968543
450
0
451
0
460
0
461
0
452
1
462
1
453
2
463
0
63
5
421
255
463
1
63
7
421
16777215
470
LINEAR
1001
ACAD
1010
0
1020
0
1030
0
  0
CIRCLE
  5
7b0
330
1F
100
AcDbEntity
  8
TopSolderMaskLayer
100
AcDbCircle
 10
53.32232664465346
 20
78.39047498094999
 30
0.0
 40
0.41930242590643924
  0
CIRCLE
  5
7b1
330
1F
100
AcDbEntity
  8
TopSolderMaskLayer
100
AcDbCircle
 10
53.32232664465346
 20
78.39039878079757
 30
0.0
 40
0.8255016510033022
0
HATCH
5
7b2
100
AcDbEntity
8
TopSolderMaskLayer
100
AcDbHatch
10
0
20
0
30
0
210
0
220
0
230
1
2
SOLID
70
1
71
0
91
1
92
7
72
1
73
1
93
2
10
52.49682499365016
20
78.39039878079757
42
1
10
54.14782829565676
20
78.39039878079757
42
1
97
1
330

75
0
76
1
47
0.8681437583925616
98
1
10
3.629517071192367
20
33.92795499968543
450
0
451
0
460
0
461
0
452
1
462
1
453
2
463
0
63
5
421
255
463
1
63
7
421
16777215
470
LINEAR
1001
ACAD
1010
0
1020
0
1030
0
  0
CIRCLE
  5
7b3
330
1F
100
AcDbEntity
  8
BottomSolderMaskLayer
100
AcDbCircle
 10
53.32232664465346
 20
78.39047498094999
 30
0.0
 40
0.41930242590643924
  0
CIRCLE
  5
7b4
330
1F
100
AcDbEntity
  8
BottomSolderMaskLayer
100
AcDbCircle
 10
53.32232664465346
 20
78.39039878079757
 30
0.0
 40
0.8255016510033022
0
HATCH
5
7b5
100
AcDbEntity
8
BottomSolderMaskLayer
100
AcDbHatch
10
0
20
0
30
0
210
0
220
0
230
1
2
SOLID
70
1
71
0
91
1
92
7
72
1
73
1
93
2
10
52.49682499365016
20
78.39039878079757
42
1
10
54.14782829565676
20
78.39039878079757
42
1
97
1
330

75
0
76
1
47
0.8681437583925616
98
1
10
3.629517071192367
20
33.92795499968543
450
0
451
0
460
0
461
0
452
1
462
1
453
2
463
0
63
5
421
255
463
1
63
7
421
16777215
470
LINEAR
1001
ACAD
1010
0
1020
0
1030
0
  0
CIRCLE
  5
7b6
330
1F
100
AcDbEntity
  8
Multi-Layer
100
AcDbCircle
 10
53.32232664465346
 20
78.39047498094999
 30
0.0
 40
0.40640081280162565
  0
CIRCLE
  5
7b7
330
1F
100
AcDbEntity
  8
Multi-Layer
100
AcDbCircle
 10
53.32232664465346
 20
78.39039878079757
 30
0.0
 40
0.8001016002032005
0
HATCH
5
7b8
100
AcDbEntity
8
Multi-Layer
100
AcDbHatch
10
0
20
0
30
0
210
0
220
0
230
1
2
SOLID
70
1
71
0
91
1
92
7
72
1
73
1
93
2
10
52.52222504445026
20
78.39039878079757
42
1
10
54.12242824485666
20
78.39039878079757
42
1
97
1
330

75
0
76
1
47
0.8681437583925616
98
1
10
3.629517071192367
20
33.92795499968543
450
0
451
0
460
0
461
0
452
1
462
1
453
2
463
0
63
5
421
255
463
1
63
7
421
16777215
470
LINEAR
1001
ACAD
1010
0
1020
0
1030
0
  0
CIRCLE
  5
7b9
330
1F
100
AcDbEntity
  8
TopSolderMaskLayer
100
AcDbCircle
 10
50.782321564643325
 20
78.39047498094999
 30
0.0
 40
0.41930242590643924
  0
CIRCLE
  5
7ba
330
1F
100
AcDbEntity
  8
TopSolderMaskLayer
100
AcDbCircle
 10
50.782321564643325
 20
78.39039878079757
 30
0.0
 40
0.8255016510033022
0
HATCH
5
7bb
100
AcDbEntity
8
TopSolderMaskLayer
100
AcDbHatch
10
0
20
0
30
0
210
0
220
0
230
1
2
SOLID
70
1
71
0
91
1
92
7
72
1
73
1
93
2
10
49.956819913640025
20
78.39039878079757
42
1
10
51.607823215646626
20
78.39039878079757
42
1
97
1
330

75
0
76
1
47
0.8681437583925616
98
1
10
3.629517071192367
20
33.92795499968543
450
0
451
0
460
0
461
0
452
1
462
1
453
2
463
0
63
5
421
255
463
1
63
7
421
16777215
470
LINEAR
1001
ACAD
1010
0
1020
0
1030
0
  0
CIRCLE
  5
7bc
330
1F
100
AcDbEntity
  8
BottomSolderMaskLayer
100
AcDbCircle
 10
50.782321564643325
 20
78.39047498094999
 30
0.0
 40
0.41930242590643924
  0
CIRCLE
  5
7bd
330
1F
100
AcDbEntity
  8
BottomSolderMaskLayer
100
AcDbCircle
 10
50.782321564643325
 20
78.39039878079757
 30
0.0
 40
0.8255016510033022
0
HATCH
5
7be
100
AcDbEntity
8
BottomSolderMaskLayer
100
AcDbHatch
10
0
20
0
30
0
210
0
220
0
230
1
2
SOLID
70
1
71
0
91
1
92
7
72
1
73
1
93
2
10
49.956819913640025
20
78.39039878079757
42
1
10
51.607823215646626
20
78.39039878079757
42
1
97
1
330

75
0
76
1
47
0.8681437583925616
98
1
10
3.629517071192367
20
33.92795499968543
450
0
451
0
460
0
461
0
452
1
462
1
453
2
463
0
63
5
421
255
463
1
63
7
421
16777215
470
LINEAR
1001
ACAD
1010
0
1020
0
1030
0
  0
CIRCLE
  5
7bf
330
1F
100
AcDbEntity
  8
Multi-Layer
100
AcDbCircle
 10
50.782321564643325
 20
78.39047498094999
 30
0.0
 40
0.40640081280162565
  0
CIRCLE
  5
7c0
330
1F
100
AcDbEntity
  8
Multi-Layer
100
AcDbCircle
 10
50.782321564643325
 20
78.39039878079757
 30
0.0
 40
0.8001016002032005
0
HATCH
5
7c1
100
AcDbEntity
8
Multi-Layer
100
AcDbHatch
10
0
20
0
30
0
210
0
220
0
230
1
2
SOLID
70
1
71
0
91
1
92
7
72
1
73
1
93
2
10
49.98221996444013
20
78.39039878079757
42
1
10
51.582423164846524
20
78.39039878079757
42
1
97
1
330

75
0
76
1
47
0.8681437583925616
98
1
10
3.629517071192367
20
33.92795499968543
450
0
451
0
460
0
461
0
452
1
462
1
453
2
463
0
63
5
421
255
463
1
63
7
421
16777215
470
LINEAR
1001
ACAD
1010
0
1020
0
1030
0
  0
CIRCLE
  5
7c2
330
1F
100
AcDbEntity
  8
TopSolderMaskLayer
100
AcDbCircle
 10
48.242316484632966
 20
78.39047498094999
 30
0.0
 40
0.41930242590643924
  0
CIRCLE
  5
7c3
330
1F
100
AcDbEntity
  8
TopSolderMaskLayer
100
AcDbCircle
 10
48.242316484632966
 20
78.39039878079757
 30
0.0
 40
0.8255016510033022
0
HATCH
5
7c4
100
AcDbEntity
8
TopSolderMaskLayer
100
AcDbHatch
10
0
20
0
30
0
210
0
220
0
230
1
2
SOLID
70
1
71
0
91
1
92
7
72
1
73
1
93
2
10
47.416814833629665
20
78.39039878079757
42
1
10
49.067818135636266
20
78.39039878079757
42
1
97
1
330

75
0
76
1
47
0.8681437583925616
98
1
10
3.629517071192367
20
33.92795499968543
450
0
451
0
460
0
461
0
452
1
462
1
453
2
463
0
63
5
421
255
463
1
63
7
421
16777215
470
LINEAR
1001
ACAD
1010
0
1020
0
1030
0
  0
CIRCLE
  5
7c5
330
1F
100
AcDbEntity
  8
BottomSolderMaskLayer
100
AcDbCircle
 10
48.242316484632966
 20
78.39047498094999
 30
0.0
 40
0.41930242590643924
  0
CIRCLE
  5
7c6
330
1F
100
AcDbEntity
  8
BottomSolderMaskLayer
100
AcDbCircle
 10
48.242316484632966
 20
78.39039878079757
 30
0.0
 40
0.8255016510033022
0
HATCH
5
7c7
100
AcDbEntity
8
BottomSolderMaskLayer
100
AcDbHatch
10
0
20
0
30
0
210
0
220
0
230
1
2
SOLID
70
1
71
0
91
1
92
7
72
1
73
1
93
2
10
47.416814833629665
20
78.39039878079757
42
1
10
49.067818135636266
20
78.39039878079757
42
1
97
1
330

75
0
76
1
47
0.8681437583925616
98
1
10
3.629517071192367
20
33.92795499968543
450
0
451
0
460
0
461
0
452
1
462
1
453
2
463
0
63
5
421
255
463
1
63
7
421
16777215
470
LINEAR
1001
ACAD
1010
0
1020
0
1030
0
  0
CIRCLE
  5
7c8
330
1F
100
AcDbEntity
  8
Multi-Layer
100
AcDbCircle
 10
48.242316484632966
 20
78.39047498094999
 30
0.0
 40
0.40640081280162565
  0
CIRCLE
  5
7c9
330
1F
100
AcDbEntity
  8
Multi-Layer
100
AcDbCircle
 10
48.242316484632966
 20
78.39039878079757
 30
0.0
 40
0.8001016002032005
0
HATCH
5
7ca
100
AcDbEntity
8
Multi-Layer
100
AcDbHatch
10
0
20
0
30
0
210
0
220
0
230
1
2
SOLID
70
1
71
0
91
1
92
7
72
1
73
1
93
2
10
47.44221488442977
20
78.39039878079757
42
1
10
49.042418084836164
20
78.39039878079757
42
1
97
1
330

75
0
76
1
47
0.8681437583925616
98
1
10
3.629517071192367
20
33.92795499968543
450
0
451
0
460
0
461
0
452
1
462
1
453
2
463
0
63
5
421
255
463
1
63
7
421
16777215
470
LINEAR
1001
ACAD
1010
0
1020
0
1030
0
  0
CIRCLE
  5
7d4
330
1F
100
AcDbEntity
  8
TopSolderMaskLayer
100
AcDbCircle
 10
51.163322326644675
 20
24.270383540766943
 30
0.0
 40
0.41930242590643924
  0
CIRCLE
  5
7d5
330
1F
100
AcDbEntity
  8
TopSolderMaskLayer
100
AcDbCircle
 10
51.163322326644675
 20
24.270510541021054
 30
0.0
 40
0.8255016510033022
0
HATCH
5
7d6
100
AcDbEntity
8
TopSolderMaskLayer
100
AcDbHatch
10
0
20
0
30
0
210
0
220
0
230
1
2
SOLID
70
1
71
0
91
1
92
7
72
1
73
1
93
2
10
50.337820675641375
20
24.270510541021054
42
1
10
51.988823977647975
20
24.270510541021054
42
1
97
1
330

75
0
76
1
47
0.8681437583925616
98
1
10
3.629517071192367
20
33.92795499968543
450
0
451
0
460
0
461
0
452
1
462
1
453
2
463
0
63
5
421
255
463
1
63
7
421
16777215
470
LINEAR
1001
ACAD
1010
0
1020
0
1030
0
  0
CIRCLE
  5
7d7
330
1F
100
AcDbEntity
  8
BottomSolderMaskLayer
100
AcDbCircle
 10
51.163322326644675
 20
24.270383540766943
 30
0.0
 40
0.41930242590643924
  0
CIRCLE
  5
7d8
330
1F
100
AcDbEntity
  8
BottomSolderMaskLayer
100
AcDbCircle
 10
51.163322326644675
 20
24.270510541021054
 30
0.0
 40
0.8255016510033022
0
HATCH
5
7d9
100
AcDbEntity
8
BottomSolderMaskLayer
100
AcDbHatch
10
0
20
0
30
0
210
0
220
0
230
1
2
SOLID
70
1
71
0
91
1
92
7
72
1
73
1
93
2
10
50.337820675641375
20
24.270510541021054
42
1
10
51.988823977647975
20
24.270510541021054
42
1
97
1
330

75
0
76
1
47
0.8681437583925616
98
1
10
3.629517071192367
20
33.92795499968543
450
0
451
0
460
0
461
0
452
1
462
1
453
2
463
0
63
5
421
255
463
1
63
7
421
16777215
470
LINEAR
1001
ACAD
1010
0
1020
0
1030
0
  0
CIRCLE
  5
7da
330
1F
100
AcDbEntity
  8
Multi-Layer
100
AcDbCircle
 10
51.163322326644675
 20
24.270383540766943
 30
0.0
 40
0.40640081280162565
  0
CIRCLE
  5
7db
330
1F
100
AcDbEntity
  8
Multi-Layer
100
AcDbCircle
 10
51.163322326644675
 20
24.270510541021054
 30
0.0
 40
0.8001016002032005
0
HATCH
5
7dc
100
AcDbEntity
8
Multi-Layer
100
AcDbHatch
10
0
20
0
30
0
210
0
220
0
230
1
2
SOLID
70
1
71
0
91
1
92
7
72
1
73
1
93
2
10
50.363220726441476
20
24.270510541021054
42
1
10
51.963423926847874
20
24.270510541021054
42
1
97
1
330

75
0
76
1
47
0.8681437583925616
98
1
10
3.629517071192367
20
33.92795499968543
450
0
451
0
460
0
461
0
452
1
462
1
453
2
463
0
63
5
421
255
463
1
63
7
421
16777215
470
LINEAR
1001
ACAD
1010
0
1020
0
1030
0
  0
CIRCLE
  5
7dd
330
1F
100
AcDbEntity
  8
TopSolderMaskLayer
100
AcDbCircle
 10
58.7833375666753
 20
24.270383540766943
 30
0.0
 40
0.41930242590643924
  0
CIRCLE
  5
7de
330
1F
100
AcDbEntity
  8
TopSolderMaskLayer
100
AcDbCircle
 10
58.7833375666753
 20
24.270510541021054
 30
0.0
 40
0.8255016510033022
0
HATCH
5
7df
100
AcDbEntity
8
TopSolderMaskLayer
100
AcDbHatch
10
0
20
0
30
0
210
0
220
0
230
1
2
SOLID
70
1
71
0
91
1
92
7
72
1
73
1
93
2
10
57.957835915672
20
24.270510541021054
42
1
10
59.6088392176786
20
24.270510541021054
42
1
97
1
330

75
0
76
1
47
0.8681437583925616
98
1
10
3.629517071192367
20
33.92795499968543
450
0
451
0
460
0
461
0
452
1
462
1
453
2
463
0
63
5
421
255
463
1
63
7
421
16777215
470
LINEAR
1001
ACAD
1010
0
1020
0
1030
0
  0
CIRCLE
  5
7e0
330
1F
100
AcDbEntity
  8
BottomSolderMaskLayer
100
AcDbCircle
 10
58.7833375666753
 20
24.270383540766943
 30
0.0
 40
0.41930242590643924
  0
CIRCLE
  5
7e1
330
1F
100
AcDbEntity
  8
BottomSolderMaskLayer
100
AcDbCircle
 10
58.7833375666753
 20
24.270510541021054
 30
0.0
 40
0.8255016510033022
0
HATCH
5
7e2
100
AcDbEntity
8
BottomSolderMaskLayer
100
AcDbHatch
10
0
20
0
30
0
210
0
220
0
230
1
2
SOLID
70
1
71
0
91
1
92
7
72
1
73
1
93
2
10
57.957835915672
20
24.270510541021054
42
1
10
59.6088392176786
20
24.270510541021054
42
1
97
1
330

75
0
76
1
47
0.8681437583925616
98
1
10
3.629517071192367
20
33.92795499968543
450
0
451
0
460
0
461
0
452
1
462
1
453
2
463
0
63
5
421
255
463
1
63
7
421
16777215
470
LINEAR
1001
ACAD
1010
0
1020
0
1030
0
  0
CIRCLE
  5
7e3
330
1F
100
AcDbEntity
  8
Multi-Layer
100
AcDbCircle
 10
58.7833375666753
 20
24.270383540766943
 30
0.0
 40
0.40640081280162565
  0
CIRCLE
  5
7e4
330
1F
100
AcDbEntity
  8
Multi-Layer
100
AcDbCircle
 10
58.7833375666753
 20
24.270510541021054
 30
0.0
 40
0.8001016002032005
0
HATCH
5
7e5
100
AcDbEntity
8
Multi-Layer
100
AcDbHatch
10
0
20
0
30
0
210
0
220
0
230
1
2
SOLID
70
1
71
0
91
1
92
7
72
1
73
1
93
2
10
57.9832359664721
20
24.270510541021054
42
1
10
59.5834391668785
20
24.270510541021054
42
1
97
1
330

75
0
76
1
47
0.8681437583925616
98
1
10
3.629517071192367
20
33.92795499968543
450
0
451
0
460
0
461
0
452
1
462
1
453
2
463
0
63
5
421
255
463
1
63
7
421
16777215
470
LINEAR
1001
ACAD
1010
0
1020
0
1030
0
  0
CIRCLE
  5
7e6
330
1F
100
AcDbEntity
  8
TopSolderMaskLayer
100
AcDbCircle
 10
61.32334264668543
 20
24.270383540766943
 30
0.0
 40
0.41930242590643924
  0
CIRCLE
  5
7e7
330
1F
100
AcDbEntity
  8
TopSolderMaskLayer
100
AcDbCircle
 10
61.32334264668543
 20
24.270510541021054
 30
0.0
 40
0.8255016510033022
0
HATCH
5
7e8
100
AcDbEntity
8
TopSolderMaskLayer
100
AcDbHatch
10
0
20
0
30
0
210
0
220
0
230
1
2
SOLID
70
1
71
0
91
1
92
7
72
1
73
1
93
2
10
60.49784099568213
20
24.270510541021054
42
1
10
62.14884429768873
20
24.270510541021054
42
1
97
1
330

75
0
76
1
47
0.8681437583925616
98
1
10
3.629517071192367
20
33.92795499968543
450
0
451
0
460
0
461
0
452
1
462
1
453
2
463
0
63
5
421
255
463
1
63
7
421
16777215
470
LINEAR
1001
ACAD
1010
0
1020
0
1030
0
  0
CIRCLE
  5
7e9
330
1F
100
AcDbEntity
  8
BottomSolderMaskLayer
100
AcDbCircle
 10
61.32334264668543
 20
24.270383540766943
 30
0.0
 40
0.41930242590643924
  0
CIRCLE
  5
7ea
330
1F
100
AcDbEntity
  8
BottomSolderMaskLayer
100
AcDbCircle
 10
61.32334264668543
 20
24.270510541021054
 30
0.0
 40
0.8255016510033022
0
HATCH
5
7eb
100
AcDbEntity
8
BottomSolderMaskLayer
100
AcDbHatch
10
0
20
0
30
0
210
0
220
0
230
1
2
SOLID
70
1
71
0
91
1
92
7
72
1
73
1
93
2
10
60.49784099568213
20
24.270510541021054
42
1
10
62.14884429768873
20
24.270510541021054
42
1
97
1
330

75
0
76
1
47
0.8681437583925616
98
1
10
3.629517071192367
20
33.92795499968543
450
0
451
0
460
0
461
0
452
1
462
1
453
2
463
0
63
5
421
255
463
1
63
7
421
16777215
470
LINEAR
1001
ACAD
1010
0
1020
0
1030
0
  0
CIRCLE
  5
7ec
330
1F
100
AcDbEntity
  8
Multi-Layer
100
AcDbCircle
 10
61.32334264668543
 20
24.270383540766943
 30
0.0
 40
0.40640081280162565
  0
CIRCLE
  5
7ed
330
1F
100
AcDbEntity
  8
Multi-Layer
100
AcDbCircle
 10
61.32334264668543
 20
24.270510541021054
 30
0.0
 40
0.8001016002032005
0
HATCH
5
7ee
100
AcDbEntity
8
Multi-Layer
100
AcDbHatch
10
0
20
0
30
0
210
0
220
0
230
1
2
SOLID
70
1
71
0
91
1
92
7
72
1
73
1
93
2
10
60.523241046482234
20
24.270510541021054
42
1
10
62.12344424688863
20
24.270510541021054
42
1
97
1
330

75
0
76
1
47
0.8681437583925616
98
1
10
3.629517071192367
20
33.92795499968543
450
0
451
0
460
0
461
0
452
1
462
1
453
2
463
0
63
5
421
255
463
1
63
7
421
16777215
470
LINEAR
1001
ACAD
1010
0
1020
0
1030
0
  0
CIRCLE
  5
7ef
330
1F
100
AcDbEntity
  8
TopSolderMaskLayer
100
AcDbCircle
 10
53.70332740665481
 20
24.270383540766943
 30
0.0
 40
0.41930242590643924
  0
CIRCLE
  5
7f0
330
1F
100
AcDbEntity
  8
TopSolderMaskLayer
100
AcDbCircle
 10
53.70332740665481
 20
24.270510541021054
 30
0.0
 40
0.8255016510033022
0
HATCH
5
7f1
100
AcDbEntity
8
TopSolderMaskLayer
100
AcDbHatch
10
0
20
0
30
0
210
0
220
0
230
1
2
SOLID
70
1
71
0
91
1
92
7
72
1
73
1
93
2
10
52.87782575565151
20
24.270510541021054
42
1
10
54.52882905765811
20
24.270510541021054
42
1
97
1
330

75
0
76
1
47
0.8681437583925616
98
1
10
3.629517071192367
20
33.92795499968543
450
0
451
0
460
0
461
0
452
1
462
1
453
2
463
0
63
5
421
255
463
1
63
7
421
16777215
470
LINEAR
1001
ACAD
1010
0
1020
0
1030
0
  0
CIRCLE
  5
7f2
330
1F
100
AcDbEntity
  8
BottomSolderMaskLayer
100
AcDbCircle
 10
53.70332740665481
 20
24.270383540766943
 30
0.0
 40
0.41930242590643924
  0
CIRCLE
  5
7f3
330
1F
100
AcDbEntity
  8
BottomSolderMaskLayer
100
AcDbCircle
 10
53.70332740665481
 20
24.270510541021054
 30
0.0
 40
0.8255016510033022
0
HATCH
5
7f4
100
AcDbEntity
8
BottomSolderMaskLayer
100
AcDbHatch
10
0
20
0
30
0
210
0
220
0
230
1
2
SOLID
70
1
71
0
91
1
92
7
72
1
73
1
93
2
10
52.87782575565151
20
24.270510541021054
42
1
10
54.52882905765811
20
24.270510541021054
42
1
97
1
330

75
0
76
1
47
0.8681437583925616
98
1
10
3.629517071192367
20
33.92795499968543
450
0
451
0
460
0
461
0
452
1
462
1
453
2
463
0
63
5
421
255
463
1
63
7
421
16777215
470
LINEAR
1001
ACAD
1010
0
1020
0
1030
0
  0
CIRCLE
  5
7f5
330
1F
100
AcDbEntity
  8
Multi-Layer
100
AcDbCircle
 10
53.70332740665481
 20
24.270383540766943
 30
0.0
 40
0.40640081280162565
  0
CIRCLE
  5
7f6
330
1F
100
AcDbEntity
  8
Multi-Layer
100
AcDbCircle
 10
53.70332740665481
 20
24.270510541021054
 30
0.0
 40
0.8001016002032005
0
HATCH
5
7f7
100
AcDbEntity
8
Multi-Layer
100
AcDbHatch
10
0
20
0
30
0
210
0
220
0
230
1
2
SOLID
70
1
71
0
91
1
92
7
72
1
73
1
93
2
10
52.90322580645161
20
24.270510541021054
42
1
10
54.503429006858006
20
24.270510541021054
42
1
97
1
330

75
0
76
1
47
0.8681437583925616
98
1
10
3.629517071192367
20
33.92795499968543
450
0
451
0
460
0
461
0
452
1
462
1
453
2
463
0
63
5
421
255
463
1
63
7
421
16777215
470
LINEAR
1001
ACAD
1010
0
1020
0
1030
0
  0
CIRCLE
  5
7f8
330
1F
100
AcDbEntity
  8
TopSolderMaskLayer
100
AcDbCircle
 10
56.24333248666517
 20
24.270383540766943
 30
0.0
 40
0.41930242590643924
  0
CIRCLE
  5
7f9
330
1F
100
AcDbEntity
  8
TopSolderMaskLayer
100
AcDbCircle
 10
56.24333248666517
 20
24.270510541021054
 30
0.0
 40
0.8255016510033022
0
HATCH
5
7fa
100
AcDbEntity
8
TopSolderMaskLayer
100
AcDbHatch
10
0
20
0
30
0
210
0
220
0
230
1
2
SOLID
70
1
71
0
91
1
92
7
72
1
73
1
93
2
10
55.41783083566187
20
24.270510541021054
42
1
10
57.06883413766847
20
24.270510541021054
42
1
97
1
330

75
0
76
1
47
0.8681437583925616
98
1
10
3.629517071192367
20
33.92795499968543
450
0
451
0
460
0
461
0
452
1
462
1
453
2
463
0
63
5
421
255
463
1
63
7
421
16777215
470
LINEAR
1001
ACAD
1010
0
1020
0
1030
0
  0
CIRCLE
  5
7fb
330
1F
100
AcDbEntity
  8
BottomSolderMaskLayer
100
AcDbCircle
 10
56.24333248666517
 20
24.270383540766943
 30
0.0
 40
0.41930242590643924
  0
CIRCLE
  5
7fc
330
1F
100
AcDbEntity
  8
BottomSolderMaskLayer
100
AcDbCircle
 10
56.24333248666517
 20
24.270510541021054
 30
0.0
 40
0.8255016510033022
0
HATCH
5
7fd
100
AcDbEntity
8
BottomSolderMaskLayer
100
AcDbHatch
10
0
20
0
30
0
210
0
220
0
230
1
2
SOLID
70
1
71
0
91
1
92
7
72
1
73
1
93
2
10
55.41783083566187
20
24.270510541021054
42
1
10
57.06883413766847
20
24.270510541021054
42
1
97
1
330

75
0
76
1
47
0.8681437583925616
98
1
10
3.629517071192367
20
33.92795499968543
450
0
451
0
460
0
461
0
452
1
462
1
453
2
463
0
63
5
421
255
463
1
63
7
421
16777215
470
LINEAR
1001
ACAD
1010
0
1020
0
1030
0
  0
CIRCLE
  5
7fe
330
1F
100
AcDbEntity
  8
Multi-Layer
100
AcDbCircle
 10
56.24333248666517
 20
24.270383540766943
 30
0.0
 40
0.40640081280162565
  0
CIRCLE
  5
7ff
330
1F
100
AcDbEntity
  8
Multi-Layer
100
AcDbCircle
 10
56.24333248666517
 20
24.270510541021054
 30
0.0
 40
0.8001016002032005
0
HATCH
5
800
100
AcDbEntity
8
Multi-Layer
100
AcDbHatch
10
0
20
0
30
0
210
0
220
0
230
1
2
SOLID
70
1
71
0
91
1
92
7
72
1
73
1
93
2
10
55.44323088646197
20
24.270510541021054
42
1
10
57.043434086868366
20
24.270510541021054
42
1
97
1
330

75
0
76
1
47
0.8681437583925616
98
1
10
3.629517071192367
20
33.92795499968543
450
0
451
0
460
0
461
0
452
1
462
1
453
2
463
0
63
5
421
255
463
1
63
7
421
16777215
470
LINEAR
1001
ACAD
1010
0
1020
0
1030
0
  0
CIRCLE
  5
801
330
1F
100
AcDbEntity
  8
TopSolderMaskLayer
100
AcDbCircle
 10
63.863347726695565
 20
24.270383540766943
 30
0.0
 40
0.41930242590643924
  0
CIRCLE
  5
802
330
1F
100
AcDbEntity
  8
TopSolderMaskLayer
100
AcDbCircle
 10
63.863347726695565
 20
24.270510541021054
 30
0.0
 40
0.8255016510033022
0
HATCH
5
803
100
AcDbEntity
8
TopSolderMaskLayer
100
AcDbHatch
10
0
20
0
30
0
210
0
220
0
230
1
2
SOLID
70
1
71
0
91
1
92
7
72
1
73
1
93
2
10
63.037846075692265
20
24.270510541021054
42
1
10
64.68884937769887
20
24.270510541021054
42
1
97
1
330

75
0
76
1
47
0.8681437583925616
98
1
10
3.629517071192367
20
33.92795499968543
450
0
451
0
460
0
461
0
452
1
462
1
453
2
463
0
63
5
421
255
463
1
63
7
421
16777215
470
LINEAR
1001
ACAD
1010
0
1020
0
1030
0
  0
CIRCLE
  5
804
330
1F
100
AcDbEntity
  8
BottomSolderMaskLayer
100
AcDbCircle
 10
63.863347726695565
 20
24.270383540766943
 30
0.0
 40
0.41930242590643924
  0
CIRCLE
  5
805
330
1F
100
AcDbEntity
  8
BottomSolderMaskLayer
100
AcDbCircle
 10
63.863347726695565
 20
24.270510541021054
 30
0.0
 40
0.8255016510033022
0
HATCH
5
806
100
AcDbEntity
8
BottomSolderMaskLayer
100
AcDbHatch
10
0
20
0
30
0
210
0
220
0
230
1
2
SOLID
70
1
71
0
91
1
92
7
72
1
73
1
93
2
10
63.037846075692265
20
24.270510541021054
42
1
10
64.68884937769887
20
24.270510541021054
42
1
97
1
330

75
0
76
1
47
0.8681437583925616
98
1
10
3.629517071192367
20
33.92795499968543
450
0
451
0
460
0
461
0
452
1
462
1
453
2
463
0
63
5
421
255
463
1
63
7
421
16777215
470
LINEAR
1001
ACAD
1010
0
1020
0
1030
0
  0
CIRCLE
  5
807
330
1F
100
AcDbEntity
  8
Multi-Layer
100
AcDbCircle
 10
63.863347726695565
 20
24.270383540766943
 30
0.0
 40
0.40640081280162565
  0
CIRCLE
  5
808
330
1F
100
AcDbEntity
  8
Multi-Layer
100
AcDbCircle
 10
63.863347726695565
 20
24.270510541021054
 30
0.0
 40
0.8001016002032005
0
HATCH
5
809
100
AcDbEntity
8
Multi-Layer
100
AcDbHatch
10
0
20
0
30
0
210
0
220
0
230
1
2
SOLID
70
1
71
0
91
1
92
7
72
1
73
1
93
2
10
63.063246126492366
20
24.270510541021054
42
1
10
64.66344932689877
20
24.270510541021054
42
1
97
1
330

75
0
76
1
47
0.8681437583925616
98
1
10
3.629517071192367
20
33.92795499968543
450
0
451
0
460
0
461
0
452
1
462
1
453
2
463
0
63
5
421
255
463
1
63
7
421
16777215
470
LINEAR
1001
ACAD
1010
0
1020
0
1030
0
  0
CIRCLE
  5
80a
330
1F
100
AcDbEntity
  8
TopSolderMaskLayer
100
AcDbCircle
 10
63.863347726695565
 20
32.67038354076715
 30
0.0
 40
0.41930242590643924
  0
CIRCLE
  5
80b
330
1F
100
AcDbEntity
  8
TopSolderMaskLayer
100
AcDbCircle
 10
63.863347726695565
 20
32.67030734061461
 30
0.0
 40
0.8255016510033022
0
HATCH
5
80c
100
AcDbEntity
8
TopSolderMaskLayer
100
AcDbHatch
10
0
20
0
30
0
210
0
220
0
230
1
2
SOLID
70
1
71
0
91
1
92
7
72
1
73
1
93
2
10
63.037846075692265
20
32.67030734061461
42
1
10
64.68884937769887
20
32.67030734061461
42
1
97
1
330

75
0
76
1
47
0.8681437583925616
98
1
10
3.629517071192367
20
33.92795499968543
450
0
451
0
460
0
461
0
452
1
462
1
453
2
463
0
63
5
421
255
463
1
63
7
421
16777215
470
LINEAR
1001
ACAD
1010
0
1020
0
1030
0
  0
CIRCLE
  5
80d
330
1F
100
AcDbEntity
  8
BottomSolderMaskLayer
100
AcDbCircle
 10
63.863347726695565
 20
32.67038354076715
 30
0.0
 40
0.41930242590643924
  0
CIRCLE
  5
80e
330
1F
100
AcDbEntity
  8
BottomSolderMaskLayer
100
AcDbCircle
 10
63.863347726695565
 20
32.67030734061461
 30
0.0
 40
0.8255016510033022
0
HATCH
5
80f
100
AcDbEntity
8
BottomSolderMaskLayer
100
AcDbHatch
10
0
20
0
30
0
210
0
220
0
230
1
2
SOLID
70
1
71
0
91
1
92
7
72
1
73
1
93
2
10
63.037846075692265
20
32.67030734061461
42
1
10
64.68884937769887
20
32.67030734061461
42
1
97
1
330

75
0
76
1
47
0.8681437583925616
98
1
10
3.629517071192367
20
33.92795499968543
450
0
451
0
460
0
461
0
452
1
462
1
453
2
463
0
63
5
421
255
463
1
63
7
421
16777215
470
LINEAR
1001
ACAD
1010
0
1020
0
1030
0
  0
CIRCLE
  5
810
330
1F
100
AcDbEntity
  8
Multi-Layer
100
AcDbCircle
 10
63.863347726695565
 20
32.67038354076715
 30
0.0
 40
0.40640081280162565
  0
CIRCLE
  5
811
330
1F
100
AcDbEntity
  8
Multi-Layer
100
AcDbCircle
 10
63.863347726695565
 20
32.67030734061461
 30
0.0
 40
0.8001016002032005
0
HATCH
5
812
100
AcDbEntity
8
Multi-Layer
100
AcDbHatch
10
0
20
0
30
0
210
0
220
0
230
1
2
SOLID
70
1
71
0
91
1
92
7
72
1
73
1
93
2
10
63.063246126492366
20
32.67030734061461
42
1
10
64.66344932689877
20
32.67030734061461
42
1
97
1
330

75
0
76
1
47
0.8681437583925616
98
1
10
3.629517071192367
20
33.92795499968543
450
0
451
0
460
0
461
0
452
1
462
1
453
2
463
0
63
5
421
255
463
1
63
7
421
16777215
470
LINEAR
1001
ACAD
1010
0
1020
0
1030
0
  0
CIRCLE
  5
813
330
1F
100
AcDbEntity
  8
TopSolderMaskLayer
100
AcDbCircle
 10
61.32334264668543
 20
32.67038354076715
 30
0.0
 40
0.41930242590643924
  0
CIRCLE
  5
814
330
1F
100
AcDbEntity
  8
TopSolderMaskLayer
100
AcDbCircle
 10
61.32334264668543
 20
32.67030734061461
 30
0.0
 40
0.8255016510033022
0
HATCH
5
815
100
AcDbEntity
8
TopSolderMaskLayer
100
AcDbHatch
10
0
20
0
30
0
210
0
220
0
230
1
2
SOLID
70
1
71
0
91
1
92
7
72
1
73
1
93
2
10
60.49784099568213
20
32.67030734061461
42
1
10
62.14884429768873
20
32.67030734061461
42
1
97
1
330

75
0
76
1
47
0.8681437583925616
98
1
10
3.629517071192367
20
33.92795499968543
450
0
451
0
460
0
461
0
452
1
462
1
453
2
463
0
63
5
421
255
463
1
63
7
421
16777215
470
LINEAR
1001
ACAD
1010
0
1020
0
1030
0
  0
CIRCLE
  5
816
330
1F
100
AcDbEntity
  8
BottomSolderMaskLayer
100
AcDbCircle
 10
61.32334264668543
 20
32.67038354076715
 30
0.0
 40
0.41930242590643924
  0
CIRCLE
  5
817
330
1F
100
AcDbEntity
  8
BottomSolderMaskLayer
100
AcDbCircle
 10
61.32334264668543
 20
32.67030734061461
 30
0.0
 40
0.8255016510033022
0
HATCH
5
818
100
AcDbEntity
8
BottomSolderMaskLayer
100
AcDbHatch
10
0
20
0
30
0
210
0
220
0
230
1
2
SOLID
70
1
71
0
91
1
92
7
72
1
73
1
93
2
10
60.49784099568213
20
32.67030734061461
42
1
10
62.14884429768873
20
32.67030734061461
42
1
97
1
330

75
0
76
1
47
0.8681437583925616
98
1
10
3.629517071192367
20
33.92795499968543
450
0
451
0
460
0
461
0
452
1
462
1
453
2
463
0
63
5
421
255
463
1
63
7
421
16777215
470
LINEAR
1001
ACAD
1010
0
1020
0
1030
0
  0
CIRCLE
  5
819
330
1F
100
AcDbEntity
  8
Multi-Layer
100
AcDbCircle
 10
61.32334264668543
 20
32.67038354076715
 30
0.0
 40
0.40640081280162565
  0
CIRCLE
  5
81a
330
1F
100
AcDbEntity
  8
Multi-Layer
100
AcDbCircle
 10
61.32334264668543
 20
32.67030734061461
 30
0.0
 40
0.8001016002032005
0
HATCH
5
81b
100
AcDbEntity
8
Multi-Layer
100
AcDbHatch
10
0
20
0
30
0
210
0
220
0
230
1
2
SOLID
70
1
71
0
91
1
92
7
72
1
73
1
93
2
10
60.523241046482234
20
32.67030734061461
42
1
10
62.12344424688863
20
32.67030734061461
42
1
97
1
330

75
0
76
1
47
0.8681437583925616
98
1
10
3.629517071192367
20
33.92795499968543
450
0
451
0
460
0
461
0
452
1
462
1
453
2
463
0
63
5
421
255
463
1
63
7
421
16777215
470
LINEAR
1001
ACAD
1010
0
1020
0
1030
0
  0
CIRCLE
  5
81c
330
1F
100
AcDbEntity
  8
TopSolderMaskLayer
100
AcDbCircle
 10
58.7833375666753
 20
32.67038354076715
 30
0.0
 40
0.41930242590643924
  0
CIRCLE
  5
81d
330
1F
100
AcDbEntity
  8
TopSolderMaskLayer
100
AcDbCircle
 10
58.7833375666753
 20
32.67030734061461
 30
0.0
 40
0.8255016510033022
0
HATCH
5
81e
100
AcDbEntity
8
TopSolderMaskLayer
100
AcDbHatch
10
0
20
0
30
0
210
0
220
0
230
1
2
SOLID
70
1
71
0
91
1
92
7
72
1
73
1
93
2
10
57.957835915672
20
32.67030734061461
42
1
10
59.6088392176786
20
32.67030734061461
42
1
97
1
330

75
0
76
1
47
0.8681437583925616
98
1
10
3.629517071192367
20
33.92795499968543
450
0
451
0
460
0
461
0
452
1
462
1
453
2
463
0
63
5
421
255
463
1
63
7
421
16777215
470
LINEAR
1001
ACAD
1010
0
1020
0
1030
0
  0
CIRCLE
  5
81f
330
1F
100
AcDbEntity
  8
BottomSolderMaskLayer
100
AcDbCircle
 10
58.7833375666753
 20
32.67038354076715
 30
0.0
 40
0.41930242590643924
  0
CIRCLE
  5
820
330
1F
100
AcDbEntity
  8
BottomSolderMaskLayer
100
AcDbCircle
 10
58.7833375666753
 20
32.67030734061461
 30
0.0
 40
0.8255016510033022
0
HATCH
5
821
100
AcDbEntity
8
BottomSolderMaskLayer
100
AcDbHatch
10
0
20
0
30
0
210
0
220
0
230
1
2
SOLID
70
1
71
0
91
1
92
7
72
1
73
1
93
2
10
57.957835915672
20
32.67030734061461
42
1
10
59.6088392176786
20
32.67030734061461
42
1
97
1
330

75
0
76
1
47
0.8681437583925616
98
1
10
3.629517071192367
20
33.92795499968543
450
0
451
0
460
0
461
0
452
1
462
1
453
2
463
0
63
5
421
255
463
1
63
7
421
16777215
470
LINEAR
1001
ACAD
1010
0
1020
0
1030
0
  0
CIRCLE
  5
822
330
1F
100
AcDbEntity
  8
Multi-Layer
100
AcDbCircle
 10
58.7833375666753
 20
32.67038354076715
 30
0.0
 40
0.40640081280162565
  0
CIRCLE
  5
823
330
1F
100
AcDbEntity
  8
Multi-Layer
100
AcDbCircle
 10
58.7833375666753
 20
32.67030734061461
 30
0.0
 40
0.8001016002032005
0
HATCH
5
824
100
AcDbEntity
8
Multi-Layer
100
AcDbHatch
10
0
20
0
30
0
210
0
220
0
230
1
2
SOLID
70
1
71
0
91
1
92
7
72
1
73
1
93
2
10
57.9832359664721
20
32.67030734061461
42
1
10
59.5834391668785
20
32.67030734061461
42
1
97
1
330

75
0
76
1
47
0.8681437583925616
98
1
10
3.629517071192367
20
33.92795499968543
450
0
451
0
460
0
461
0
452
1
462
1
453
2
463
0
63
5
421
255
463
1
63
7
421
16777215
470
LINEAR
1001
ACAD
1010
0
1020
0
1030
0
  0
CIRCLE
  5
825
330
1F
100
AcDbEntity
  8
TopSolderMaskLayer
100
AcDbCircle
 10
56.24333248666517
 20
32.67038354076715
 30
0.0
 40
0.41930242590643924
  0
CIRCLE
  5
826
330
1F
100
AcDbEntity
  8
TopSolderMaskLayer
100
AcDbCircle
 10
56.24333248666517
 20
32.67030734061461
 30
0.0
 40
0.8255016510033022
0
HATCH
5
827
100
AcDbEntity
8
TopSolderMaskLayer
100
AcDbHatch
10
0
20
0
30
0
210
0
220
0
230
1
2
SOLID
70
1
71
0
91
1
92
7
72
1
73
1
93
2
10
55.41783083566187
20
32.67030734061461
42
1
10
57.06883413766847
20
32.67030734061461
42
1
97
1
330

75
0
76
1
47
0.8681437583925616
98
1
10
3.629517071192367
20
33.92795499968543
450
0
451
0
460
0
461
0
452
1
462
1
453
2
463
0
63
5
421
255
463
1
63
7
421
16777215
470
LINEAR
1001
ACAD
1010
0
1020
0
1030
0
  0
CIRCLE
  5
828
330
1F
100
AcDbEntity
  8
BottomSolderMaskLayer
100
AcDbCircle
 10
56.24333248666517
 20
32.67038354076715
 30
0.0
 40
0.41930242590643924
  0
CIRCLE
  5
829
330
1F
100
AcDbEntity
  8
BottomSolderMaskLayer
100
AcDbCircle
 10
56.24333248666517
 20
32.67030734061461
 30
0.0
 40
0.8255016510033022
0
HATCH
5
82a
100
AcDbEntity
8
BottomSolderMaskLayer
100
AcDbHatch
10
0
20
0
30
0
210
0
220
0
230
1
2
SOLID
70
1
71
0
91
1
92
7
72
1
73
1
93
2
10
55.41783083566187
20
32.67030734061461
42
1
10
57.06883413766847
20
32.67030734061461
42
1
97
1
330

75
0
76
1
47
0.8681437583925616
98
1
10
3.629517071192367
20
33.92795499968543
450
0
451
0
460
0
461
0
452
1
462
1
453
2
463
0
63
5
421
255
463
1
63
7
421
16777215
470
LINEAR
1001
ACAD
1010
0
1020
0
1030
0
  0
CIRCLE
  5
82b
330
1F
100
AcDbEntity
  8
Multi-Layer
100
AcDbCircle
 10
56.24333248666517
 20
32.67038354076715
 30
0.0
 40
0.40640081280162565
  0
CIRCLE
  5
82c
330
1F
100
AcDbEntity
  8
Multi-Layer
100
AcDbCircle
 10
56.24333248666517
 20
32.67030734061461
 30
0.0
 40
0.8001016002032005
0
HATCH
5
82d
100
AcDbEntity
8
Multi-Layer
100
AcDbHatch
10
0
20
0
30
0
210
0
220
0
230
1
2
SOLID
70
1
71
0
91
1
92
7
72
1
73
1
93
2
10
55.44323088646197
20
32.67030734061461
42
1
10
57.043434086868366
20
32.67030734061461
42
1
97
1
330

75
0
76
1
47
0.8681437583925616
98
1
10
3.629517071192367
20
33.92795499968543
450
0
451
0
460
0
461
0
452
1
462
1
453
2
463
0
63
5
421
255
463
1
63
7
421
16777215
470
LINEAR
1001
ACAD
1010
0
1020
0
1030
0
  0
CIRCLE
  5
82e
330
1F
100
AcDbEntity
  8
TopSolderMaskLayer
100
AcDbCircle
 10
53.70332740665481
 20
32.67038354076715
 30
0.0
 40
0.41930242590643924
  0
CIRCLE
  5
82f
330
1F
100
AcDbEntity
  8
TopSolderMaskLayer
100
AcDbCircle
 10
53.70332740665481
 20
32.67030734061461
 30
0.0
 40
0.8255016510033022
0
HATCH
5
830
100
AcDbEntity
8
TopSolderMaskLayer
100
AcDbHatch
10
0
20
0
30
0
210
0
220
0
230
1
2
SOLID
70
1
71
0
91
1
92
7
72
1
73
1
93
2
10
52.87782575565151
20
32.67030734061461
42
1
10
54.52882905765811
20
32.67030734061461
42
1
97
1
330

75
0
76
1
47
0.8681437583925616
98
1
10
3.629517071192367
20
33.92795499968543
450
0
451
0
460
0
461
0
452
1
462
1
453
2
463
0
63
5
421
255
463
1
63
7
421
16777215
470
LINEAR
1001
ACAD
1010
0
1020
0
1030
0
  0
CIRCLE
  5
831
330
1F
100
AcDbEntity
  8
BottomSolderMaskLayer
100
AcDbCircle
 10
53.70332740665481
 20
32.67038354076715
 30
0.0
 40
0.41930242590643924
  0
CIRCLE
  5
832
330
1F
100
AcDbEntity
  8
BottomSolderMaskLayer
100
AcDbCircle
 10
53.70332740665481
 20
32.67030734061461
 30
0.0
 40
0.8255016510033022
0
HATCH
5
833
100
AcDbEntity
8
BottomSolderMaskLayer
100
AcDbHatch
10
0
20
0
30
0
210
0
220
0
230
1
2
SOLID
70
1
71
0
91
1
92
7
72
1
73
1
93
2
10
52.87782575565151
20
32.67030734061461
42
1
10
54.52882905765811
20
32.67030734061461
42
1
97
1
330

75
0
76
1
47
0.8681437583925616
98
1
10
3.629517071192367
20
33.92795499968543
450
0
451
0
460
0
461
0
452
1
462
1
453
2
463
0
63
5
421
255
463
1
63
7
421
16777215
470
LINEAR
1001
ACAD
1010
0
1020
0
1030
0
  0
CIRCLE
  5
834
330
1F
100
AcDbEntity
  8
Multi-Layer
100
AcDbCircle
 10
53.70332740665481
 20
32.67038354076715
 30
0.0
 40
0.40640081280162565
  0
CIRCLE
  5
835
330
1F
100
AcDbEntity
  8
Multi-Layer
100
AcDbCircle
 10
53.70332740665481
 20
32.67030734061461
 30
0.0
 40
0.8001016002032005
0
HATCH
5
836
100
AcDbEntity
8
Multi-Layer
100
AcDbHatch
10
0
20
0
30
0
210
0
220
0
230
1
2
SOLID
70
1
71
0
91
1
92
7
72
1
73
1
93
2
10
52.90322580645161
20
32.67030734061461
42
1
10
54.503429006858006
20
32.67030734061461
42
1
97
1
330

75
0
76
1
47
0.8681437583925616
98
1
10
3.629517071192367
20
33.92795499968543
450
0
451
0
460
0
461
0
452
1
462
1
453
2
463
0
63
5
421
255
463
1
63
7
421
16777215
470
LINEAR
1001
ACAD
1010
0
1020
0
1030
0
  0
CIRCLE
  5
837
330
1F
100
AcDbEntity
  8
TopSolderMaskLayer
100
AcDbCircle
 10
51.163322326644675
 20
32.67038354076715
 30
0.0
 40
0.41930242590643924
  0
CIRCLE
  5
838
330
1F
100
AcDbEntity
  8
TopSolderMaskLayer
100
AcDbCircle
 10
51.163322326644675
 20
32.67030734061461
 30
0.0
 40
0.8255016510033022
0
HATCH
5
839
100
AcDbEntity
8
TopSolderMaskLayer
100
AcDbHatch
10
0
20
0
30
0
210
0
220
0
230
1
2
SOLID
70
1
71
0
91
1
92
7
72
1
73
1
93
2
10
50.337820675641375
20
32.67030734061461
42
1
10
51.988823977647975
20
32.67030734061461
42
1
97
1
330

75
0
76
1
47
0.8681437583925616
98
1
10
3.629517071192367
20
33.92795499968543
450
0
451
0
460
0
461
0
452
1
462
1
453
2
463
0
63
5
421
255
463
1
63
7
421
16777215
470
LINEAR
1001
ACAD
1010
0
1020
0
1030
0
  0
CIRCLE
  5
83a
330
1F
100
AcDbEntity
  8
BottomSolderMaskLayer
100
AcDbCircle
 10
51.163322326644675
 20
32.67038354076715
 30
0.0
 40
0.41930242590643924
  0
CIRCLE
  5
83b
330
1F
100
AcDbEntity
  8
BottomSolderMaskLayer
100
AcDbCircle
 10
51.163322326644675
 20
32.67030734061461
 30
0.0
 40
0.8255016510033022
0
HATCH
5
83c
100
AcDbEntity
8
BottomSolderMaskLayer
100
AcDbHatch
10
0
20
0
30
0
210
0
220
0
230
1
2
SOLID
70
1
71
0
91
1
92
7
72
1
73
1
93
2
10
50.337820675641375
20
32.67030734061461
42
1
10
51.988823977647975
20
32.67030734061461
42
1
97
1
330

75
0
76
1
47
0.8681437583925616
98
1
10
3.629517071192367
20
33.92795499968543
450
0
451
0
460
0
461
0
452
1
462
1
453
2
463
0
63
5
421
255
463
1
63
7
421
16777215
470
LINEAR
1001
ACAD
1010
0
1020
0
1030
0
  0
CIRCLE
  5
83d
330
1F
100
AcDbEntity
  8
Multi-Layer
100
AcDbCircle
 10
51.163322326644675
 20
32.67038354076715
 30
0.0
 40
0.40640081280162565
  0
CIRCLE
  5
83e
330
1F
100
AcDbEntity
  8
Multi-Layer
100
AcDbCircle
 10
51.163322326644675
 20
32.67030734061461
 30
0.0
 40
0.8001016002032005
0
HATCH
5
83f
100
AcDbEntity
8
Multi-Layer
100
AcDbHatch
10
0
20
0
30
0
210
0
220
0
230
1
2
SOLID
70
1
71
0
91
1
92
7
72
1
73
1
93
2
10
50.363220726441476
20
32.67030734061461
42
1
10
51.963423926847874
20
32.67030734061461
42
1
97
1
330

75
0
76
1
47
0.8681437583925616
98
1
10
3.629517071192367
20
33.92795499968543
450
0
451
0
460
0
461
0
452
1
462
1
453
2
463
0
63
5
421
255
463
1
63
7
421
16777215
470
LINEAR
1001
ACAD
1010
0
1020
0
1030
0
  0
CIRCLE
  5
840
330
1F
100
AcDbEntity
  8
TopSolderMaskLayer
100
AcDbCircle
 10
48.62331724663454
 20
32.67038354076715
 30
0.0
 40
0.41930242590643924
  0
CIRCLE
  5
841
330
1F
100
AcDbEntity
  8
TopSolderMaskLayer
100
AcDbCircle
 10
48.62331724663454
 20
32.67030734061461
 30
0.0
 40
0.8255016510033022
0
HATCH
5
842
100
AcDbEntity
8
TopSolderMaskLayer
100
AcDbHatch
10
0
20
0
30
0
210
0
220
0
230
1
2
SOLID
70
1
71
0
91
1
92
7
72
1
73
1
93
2
10
47.79781559563124
20
32.67030734061461
42
1
10
49.44881889763784
20
32.67030734061461
42
1
97
1
330

75
0
76
1
47
0.8681437583925616
98
1
10
3.629517071192367
20
33.92795499968543
450
0
451
0
460
0
461
0
452
1
462
1
453
2
463
0
63
5
421
255
463
1
63
7
421
16777215
470
LINEAR
1001
ACAD
1010
0
1020
0
1030
0
  0
CIRCLE
  5
843
330
1F
100
AcDbEntity
  8
BottomSolderMaskLayer
100
AcDbCircle
 10
48.62331724663454
 20
32.67038354076715
 30
0.0
 40
0.41930242590643924
  0
CIRCLE
  5
844
330
1F
100
AcDbEntity
  8
BottomSolderMaskLayer
100
AcDbCircle
 10
48.62331724663454
 20
32.67030734061461
 30
0.0
 40
0.8255016510033022
0
HATCH
5
845
100
AcDbEntity
8
BottomSolderMaskLayer
100
AcDbHatch
10
0
20
0
30
0
210
0
220
0
230
1
2
SOLID
70
1
71
0
91
1
92
7
72
1
73
1
93
2
10
47.79781559563124
20
32.67030734061461
42
1
10
49.44881889763784
20
32.67030734061461
42
1
97
1
330

75
0
76
1
47
0.8681437583925616
98
1
10
3.629517071192367
20
33.92795499968543
450
0
451
0
460
0
461
0
452
1
462
1
453
2
463
0
63
5
421
255
463
1
63
7
421
16777215
470
LINEAR
1001
ACAD
1010
0
1020
0
1030
0
  0
CIRCLE
  5
846
330
1F
100
AcDbEntity
  8
Multi-Layer
100
AcDbCircle
 10
48.62331724663454
 20
32.67038354076715
 30
0.0
 40
0.40640081280162565
  0
CIRCLE
  5
847
330
1F
100
AcDbEntity
  8
Multi-Layer
100
AcDbCircle
 10
48.62331724663454
 20
32.67030734061461
 30
0.0
 40
0.8001016002032005
0
HATCH
5
848
100
AcDbEntity
8
Multi-Layer
100
AcDbHatch
10
0
20
0
30
0
210
0
220
0
230
1
2
SOLID
70
1
71
0
91
1
92
7
72
1
73
1
93
2
10
47.82321564643134
20
32.67030734061461
42
1
10
49.42341884683774
20
32.67030734061461
42
1
97
1
330

75
0
76
1
47
0.8681437583925616
98
1
10
3.629517071192367
20
33.92795499968543
450
0
451
0
460
0
461
0
452
1
462
1
453
2
463
0
63
5
421
255
463
1
63
7
421
16777215
470
LINEAR
1001
ACAD
1010
0
1020
0
1030
0
  0
CIRCLE
  5
849
330
1F
100
AcDbEntity
  8
TopSolderMaskLayer
100
AcDbCircle
 10
58.529387858775635
 20
46.88544577089158
 30
0.0
 40
0.5158750317500634
  0
CIRCLE
  5
84a
330
1F
100
AcDbEntity
  8
TopSolderMaskLayer
100
AcDbCircle
 10
58.52933705867417
 20
46.88544577089158
 30
0.0
 40
0.8254000508001016
0
HATCH
5
84b
100
AcDbEntity
8
TopSolderMaskLayer
100
AcDbHatch
10
0
20
0
30
0
210
0
220
0
230
1
2
SOLID
70
1
71
0
91
1
92
7
72
1
73
1
93
2
10
57.703937007874075
20
46.88544577089158
42
1
10
59.35473710947427
20
46.88544577089158
42
1
97
1
330

75
0
76
1
47
0.8681437583925616
98
1
10
3.629517071192367
20
33.92795499968543
450
0
451
0
460
0
461
0
452
1
462
1
453
2
463
0
63
5
421
255
463
1
63
7
421
16777215
470
LINEAR
1001
ACAD
1010
0
1020
0
1030
0
  0
CIRCLE
  5
84c
330
1F
100
AcDbEntity
  8
BottomSolderMaskLayer
100
AcDbCircle
 10
58.529387858775635
 20
46.88544577089158
 30
0.0
 40
0.5158750317500634
  0
CIRCLE
  5
84d
330
1F
100
AcDbEntity
  8
BottomSolderMaskLayer
100
AcDbCircle
 10
58.52933705867417
 20
46.88544577089158
 30
0.0
 40
0.8254000508001016
0
HATCH
5
84e
100
AcDbEntity
8
BottomSolderMaskLayer
100
AcDbHatch
10
0
20
0
30
0
210
0
220
0
230
1
2
SOLID
70
1
71
0
91
1
92
7
72
1
73
1
93
2
10
57.703937007874075
20
46.88544577089158
42
1
10
59.35473710947427
20
46.88544577089158
42
1
97
1
330

75
0
76
1
47
0.8681437583925616
98
1
10
3.629517071192367
20
33.92795499968543
450
0
451
0
460
0
461
0
452
1
462
1
453
2
463
0
63
5
421
255
463
1
63
7
421
16777215
470
LINEAR
1001
ACAD
1010
0
1020
0
1030
0
  0
CIRCLE
  5
84f
330
1F
100
AcDbEntity
  8
Multi-Layer
100
AcDbCircle
 10
58.529387858775635
 20
46.88544577089158
 30
0.0
 40
0.5
  0
CIRCLE
  5
850
330
1F
100
AcDbEntity
  8
Multi-Layer
100
AcDbCircle
 10
58.52933705867417
 20
46.88544577089158
 30
0.0
 40
0.8
0
HATCH
5
851
100
AcDbEntity
8
Multi-Layer
100
AcDbHatch
10
0
20
0
30
0
210
0
220
0
230
1
2
SOLID
70
1
71
0
91
1
92
7
72
1
73
1
93
2
10
57.729337058674176
20
46.88544577089158
42
1
10
59.32933705867417
20
46.88544577089158
42
1
97
1
330

75
0
76
1
47
0.8681437583925616
98
1
10
3.629517071192367
20
33.92795499968543
450
0
451
0
460
0
461
0
452
1
462
1
453
2
463
0
63
5
421
255
463
1
63
7
421
16777215
470
LINEAR
1001
ACAD
1010
0
1020
0
1030
0
  0
CIRCLE
  5
852
330
1F
100
AcDbEntity
  8
TopSolderMaskLayer
100
AcDbCircle
 10
61.06939293878577
 20
46.88544577089158
 30
0.0
 40
0.5158750317500634
  0
CIRCLE
  5
853
330
1F
100
AcDbEntity
  8
TopSolderMaskLayer
100
AcDbCircle
 10
61.069342138684306
 20
46.88544577089158
 30
0.0
 40
0.8254000508001016
0
HATCH
5
854
100
AcDbEntity
8
TopSolderMaskLayer
100
AcDbHatch
10
0
20
0
30
0
210
0
220
0
230
1
2
SOLID
70
1
71
0
91
1
92
7
72
1
73
1
93
2
10
60.24394208788421
20
46.88544577089158
42
1
10
61.894742189484404
20
46.88544577089158
42
1
97
1
330

75
0
76
1
47
0.8681437583925616
98
1
10
3.629517071192367
20
33.92795499968543
450
0
451
0
460
0
461
0
452
1
462
1
453
2
463
0
63
5
421
255
463
1
63
7
421
16777215
470
LINEAR
1001
ACAD
1010
0
1020
0
1030
0
  0
CIRCLE
  5
855
330
1F
100
AcDbEntity
  8
BottomSolderMaskLayer
100
AcDbCircle
 10
61.06939293878577
 20
46.88544577089158
 30
0.0
 40
0.5158750317500634
  0
CIRCLE
  5
856
330
1F
100
AcDbEntity
  8
BottomSolderMaskLayer
100
AcDbCircle
 10
61.069342138684306
 20
46.88544577089158
 30
0.0
 40
0.8254000508001016
0
HATCH
5
857
100
AcDbEntity
8
BottomSolderMaskLayer
100
AcDbHatch
10
0
20
0
30
0
210
0
220
0
230
1
2
SOLID
70
1
71
0
91
1
92
7
72
1
73
1
93
2
10
60.24394208788421
20
46.88544577089158
42
1
10
61.894742189484404
20
46.88544577089158
42
1
97
1
330

75
0
76
1
47
0.8681437583925616
98
1
10
3.629517071192367
20
33.92795499968543
450
0
451
0
460
0
461
0
452
1
462
1
453
2
463
0
63
5
421
255
463
1
63
7
421
16777215
470
LINEAR
1001
ACAD
1010
0
1020
0
1030
0
  0
CIRCLE
  5
858
330
1F
100
AcDbEntity
  8
Multi-Layer
100
AcDbCircle
 10
61.06939293878577
 20
46.88544577089158
 30
0.0
 40
0.5
  0
CIRCLE
  5
859
330
1F
100
AcDbEntity
  8
Multi-Layer
100
AcDbCircle
 10
61.069342138684306
 20
46.88544577089158
 30
0.0
 40
0.8
0
HATCH
5
85a
100
AcDbEntity
8
Multi-Layer
100
AcDbHatch
10
0
20
0
30
0
210
0
220
0
230
1
2
SOLID
70
1
71
0
91
1
92
7
72
1
73
1
93
2
10
60.26934213868431
20
46.88544577089158
42
1
10
61.8693421386843
20
46.88544577089158
42
1
97
1
330

75
0
76
1
47
0.8681437583925616
98
1
10
3.629517071192367
20
33.92795499968543
450
0
451
0
460
0
461
0
452
1
462
1
453
2
463
0
63
5
421
255
463
1
63
7
421
16777215
470
LINEAR
1001
ACAD
1010
0
1020
0
1030
0
  0
CIRCLE
  5
85b
330
1F
100
AcDbEntity
  8
TopSolderMaskLayer
100
AcDbCircle
 10
63.6093980187959
 20
46.88544577089158
 30
0.0
 40
0.5158750317500634
  0
CIRCLE
  5
85c
330
1F
100
AcDbEntity
  8
TopSolderMaskLayer
100
AcDbCircle
 10
63.60934721869444
 20
46.88544577089158
 30
0.0
 40
0.8254000508001016
0
HATCH
5
85d
100
AcDbEntity
8
TopSolderMaskLayer
100
AcDbHatch
10
0
20
0
30
0
210
0
220
0
230
1
2
SOLID
70
1
71
0
91
1
92
7
72
1
73
1
93
2
10
62.78394716789434
20
46.88544577089158
42
1
10
64.43474726949454
20
46.88544577089158
42
1
97
1
330

75
0
76
1
47
0.8681437583925616
98
1
10
3.629517071192367
20
33.92795499968543
450
0
451
0
460
0
461
0
452
1
462
1
453
2
463
0
63
5
421
255
463
1
63
7
421
16777215
470
LINEAR
1001
ACAD
1010
0
1020
0
1030
0
  0
CIRCLE
  5
85e
330
1F
100
AcDbEntity
  8
BottomSolderMaskLayer
100
AcDbCircle
 10
63.6093980187959
 20
46.88544577089158
 30
0.0
 40
0.5158750317500634
  0
CIRCLE
  5
85f
330
1F
100
AcDbEntity
  8
BottomSolderMaskLayer
100
AcDbCircle
 10
63.60934721869444
 20
46.88544577089158
 30
0.0
 40
0.8254000508001016
0
HATCH
5
860
100
AcDbEntity
8
BottomSolderMaskLayer
100
AcDbHatch
10
0
20
0
30
0
210
0
220
0
230
1
2
SOLID
70
1
71
0
91
1
92
7
72
1
73
1
93
2
10
62.78394716789434
20
46.88544577089158
42
1
10
64.43474726949454
20
46.88544577089158
42
1
97
1
330

75
0
76
1
47
0.8681437583925616
98
1
10
3.629517071192367
20
33.92795499968543
450
0
451
0
460
0
461
0
452
1
462
1
453
2
463
0
63
5
421
255
463
1
63
7
421
16777215
470
LINEAR
1001
ACAD
1010
0
1020
0
1030
0
  0
CIRCLE
  5
861
330
1F
100
AcDbEntity
  8
Multi-Layer
100
AcDbCircle
 10
63.6093980187959
 20
46.88544577089158
 30
0.0
 40
0.5
  0
CIRCLE
  5
862
330
1F
100
AcDbEntity
  8
Multi-Layer
100
AcDbCircle
 10
63.60934721869444
 20
46.88544577089158
 30
0.0
 40
0.8
0
HATCH
5
863
100
AcDbEntity
8
Multi-Layer
100
AcDbHatch
10
0
20
0
30
0
210
0
220
0
230
1
2
SOLID
70
1
71
0
91
1
92
7
72
1
73
1
93
2
10
62.80934721869444
20
46.88544577089158
42
1
10
64.40934721869444
20
46.88544577089158
42
1
97
1
330

75
0
76
1
47
0.8681437583925616
98
1
10
3.629517071192367
20
33.92795499968543
450
0
451
0
460
0
461
0
452
1
462
1
453
2
463
0
63
5
421
255
463
1
63
7
421
16777215
470
LINEAR
1001
ACAD
1010
0
1020
0
1030
0
  0
CIRCLE
  5
864
330
1F
100
AcDbEntity
  8
TopSolderMaskLayer
100
AcDbCircle
 10
66.14940309880626
 20
46.88544577089158
 30
0.0
 40
0.5158750317500634
  0
CIRCLE
  5
865
330
1F
100
AcDbEntity
  8
TopSolderMaskLayer
100
AcDbCircle
 10
66.1493522987048
 20
46.88544577089158
 30
0.0
 40
0.8254000508001016
0
HATCH
5
866
100
AcDbEntity
8
TopSolderMaskLayer
100
AcDbHatch
10
0
20
0
30
0
210
0
220
0
230
1
2
SOLID
70
1
71
0
91
1
92
7
72
1
73
1
93
2
10
65.3239522479047
20
46.88544577089158
42
1
10
66.9747523495049
20
46.88544577089158
42
1
97
1
330

75
0
76
1
47
0.8681437583925616
98
1
10
3.629517071192367
20
33.92795499968543
450
0
451
0
460
0
461
0
452
1
462
1
453
2
463
0
63
5
421
255
463
1
63
7
421
16777215
470
LINEAR
1001
ACAD
1010
0
1020
0
1030
0
  0
CIRCLE
  5
867
330
1F
100
AcDbEntity
  8
BottomSolderMaskLayer
100
AcDbCircle
 10
66.14940309880626
 20
46.88544577089158
 30
0.0
 40
0.5158750317500634
  0
CIRCLE
  5
868
330
1F
100
AcDbEntity
  8
BottomSolderMaskLayer
100
AcDbCircle
 10
66.1493522987048
 20
46.88544577089158
 30
0.0
 40
0.8254000508001016
0
HATCH
5
869
100
AcDbEntity
8
BottomSolderMaskLayer
100
AcDbHatch
10
0
20
0
30
0
210
0
220
0
230
1
2
SOLID
70
1
71
0
91
1
92
7
72
1
73
1
93
2
10
65.3239522479047
20
46.88544577089158
42
1
10
66.9747523495049
20
46.88544577089158
42
1
97
1
330

75
0
76
1
47
0.8681437583925616
98
1
10
3.629517071192367
20
33.92795499968543
450
0
451
0
460
0
461
0
452
1
462
1
453
2
463
0
63
5
421
255
463
1
63
7
421
16777215
470
LINEAR
1001
ACAD
1010
0
1020
0
1030
0
  0
CIRCLE
  5
86a
330
1F
100
AcDbEntity
  8
Multi-Layer
100
AcDbCircle
 10
66.14940309880626
 20
46.88544577089158
 30
0.0
 40
0.5
  0
CIRCLE
  5
86b
330
1F
100
AcDbEntity
  8
Multi-Layer
100
AcDbCircle
 10
66.1493522987048
 20
46.88544577089158
 30
0.0
 40
0.8
0
HATCH
5
86c
100
AcDbEntity
8
Multi-Layer
100
AcDbHatch
10
0
20
0
30
0
210
0
220
0
230
1
2
SOLID
70
1
71
0
91
1
92
7
72
1
73
1
93
2
10
65.3493522987048
20
46.88544577089158
42
1
10
66.9493522987048
20
46.88544577089158
42
1
97
1
330

75
0
76
1
47
0.8681437583925616
98
1
10
3.629517071192367
20
33.92795499968543
450
0
451
0
460
0
461
0
452
1
462
1
453
2
463
0
63
5
421
255
463
1
63
7
421
16777215
470
LINEAR
1001
ACAD
1010
0
1020
0
1030
0
  0
CIRCLE
  5
86d
330
1F
100
AcDbEntity
  8
TopSolderMaskLayer
100
AcDbCircle
 10
68.68938277876555
 20
46.88544577089158
 30
0.0
 40
0.5158750317500634
  0
CIRCLE
  5
86e
330
1F
100
AcDbEntity
  8
TopSolderMaskLayer
100
AcDbCircle
 10
68.68935737871493
 20
46.88544577089158
 30
0.0
 40
0.8254000508001016
0
HATCH
5
86f
100
AcDbEntity
8
TopSolderMaskLayer
100
AcDbHatch
10
0
20
0
30
0
210
0
220
0
230
1
2
SOLID
70
1
71
0
91
1
92
7
72
1
73
1
93
2
10
67.86395732791483
20
46.88544577089158
42
1
10
69.51475742951503
20
46.88544577089158
42
1
97
1
330

75
0
76
1
47
0.8681437583925616
98
1
10
3.629517071192367
20
33.92795499968543
450
0
451
0
460
0
461
0
452
1
462
1
453
2
463
0
63
5
421
255
463
1
63
7
421
16777215
470
LINEAR
1001
ACAD
1010
0
1020
0
1030
0
  0
CIRCLE
  5
870
330
1F
100
AcDbEntity
  8
BottomSolderMaskLayer
100
AcDbCircle
 10
68.68938277876555
 20
46.88544577089158
 30
0.0
 40
0.5158750317500634
  0
CIRCLE
  5
871
330
1F
100
AcDbEntity
  8
BottomSolderMaskLayer
100
AcDbCircle
 10
68.68935737871493
 20
46.88544577089158
 30
0.0
 40
0.8254000508001016
0
HATCH
5
872
100
AcDbEntity
8
BottomSolderMaskLayer
100
AcDbHatch
10
0
20
0
30
0
210
0
220
0
230
1
2
SOLID
70
1
71
0
91
1
92
7
72
1
73
1
93
2
10
67.86395732791483
20
46.88544577089158
42
1
10
69.51475742951503
20
46.88544577089158
42
1
97
1
330

75
0
76
1
47
0.8681437583925616
98
1
10
3.629517071192367
20
33.92795499968543
450
0
451
0
460
0
461
0
452
1
462
1
453
2
463
0
63
5
421
255
463
1
63
7
421
16777215
470
LINEAR
1001
ACAD
1010
0
1020
0
1030
0
  0
CIRCLE
  5
873
330
1F
100
AcDbEntity
  8
Multi-Layer
100
AcDbCircle
 10
68.68938277876555
 20
46.88544577089158
 30
0.0
 40
0.5
  0
CIRCLE
  5
874
330
1F
100
AcDbEntity
  8
Multi-Layer
100
AcDbCircle
 10
68.68935737871493
 20
46.88544577089158
 30
0.0
 40
0.8
0
HATCH
5
875
100
AcDbEntity
8
Multi-Layer
100
AcDbHatch
10
0
20
0
30
0
210
0
220
0
230
1
2
SOLID
70
1
71
0
91
1
92
7
72
1
73
1
93
2
10
67.88935737871493
20
46.88544577089158
42
1
10
69.48935737871493
20
46.88544577089158
42
1
97
1
330

75
0
76
1
47
0.8681437583925616
98
1
10
3.629517071192367
20
33.92795499968543
450
0
451
0
460
0
461
0
452
1
462
1
453
2
463
0
63
5
421
255
463
1
63
7
421
16777215
470
LINEAR
1001
ACAD
1010
0
1020
0
1030
0
  0
CIRCLE
  5
876
330
1F
100
AcDbEntity
  8
TopSolderMaskLayer
100
AcDbCircle
 10
71.22938785877568
 20
46.88544577089158
 30
0.0
 40
0.5158750317500634
  0
CIRCLE
  5
877
330
1F
100
AcDbEntity
  8
TopSolderMaskLayer
100
AcDbCircle
 10
71.22936245872506
 20
46.88544577089158
 30
0.0
 40
0.8254000508001016
0
HATCH
5
878
100
AcDbEntity
8
TopSolderMaskLayer
100
AcDbHatch
10
0
20
0
30
0
210
0
220
0
230
1
2
SOLID
70
1
71
0
91
1
92
7
72
1
73
1
93
2
10
70.40396240792496
20
46.88544577089158
42
1
10
72.05476250952516
20
46.88544577089158
42
1
97
1
330

75
0
76
1
47
0.8681437583925616
98
1
10
3.629517071192367
20
33.92795499968543
450
0
451
0
460
0
461
0
452
1
462
1
453
2
463
0
63
5
421
255
463
1
63
7
421
16777215
470
LINEAR
1001
ACAD
1010
0
1020
0
1030
0
  0
CIRCLE
  5
879
330
1F
100
AcDbEntity
  8
BottomSolderMaskLayer
100
AcDbCircle
 10
71.22938785877568
 20
46.88544577089158
 30
0.0
 40
0.5158750317500634
  0
CIRCLE
  5
87a
330
1F
100
AcDbEntity
  8
BottomSolderMaskLayer
100
AcDbCircle
 10
71.22936245872506
 20
46.88544577089158
 30
0.0
 40
0.8254000508001016
0
HATCH
5
87b
100
AcDbEntity
8
BottomSolderMaskLayer
100
AcDbHatch
10
0
20
0
30
0
210
0
220
0
230
1
2
SOLID
70
1
71
0
91
1
92
7
72
1
73
1
93
2
10
70.40396240792496
20
46.88544577089158
42
1
10
72.05476250952516
20
46.88544577089158
42
1
97
1
330

75
0
76
1
47
0.8681437583925616
98
1
10
3.629517071192367
20
33.92795499968543
450
0
451
0
460
0
461
0
452
1
462
1
453
2
463
0
63
5
421
255
463
1
63
7
421
16777215
470
LINEAR
1001
ACAD
1010
0
1020
0
1030
0
  0
CIRCLE
  5
87c
330
1F
100
AcDbEntity
  8
Multi-Layer
100
AcDbCircle
 10
71.22938785877568
 20
46.88544577089158
 30
0.0
 40
0.5
  0
CIRCLE
  5
87d
330
1F
100
AcDbEntity
  8
Multi-Layer
100
AcDbCircle
 10
71.22936245872506
 20
46.88544577089158
 30
0.0
 40
0.8
0
HATCH
5
87e
100
AcDbEntity
8
Multi-Layer
100
AcDbHatch
10
0
20
0
30
0
210
0
220
0
230
1
2
SOLID
70
1
71
0
91
1
92
7
72
1
73
1
93
2
10
70.42936245872507
20
46.88544577089158
42
1
10
72.02936245872506
20
46.88544577089158
42
1
97
1
330

75
0
76
1
47
0.8681437583925616
98
1
10
3.629517071192367
20
33.92795499968543
450
0
451
0
460
0
461
0
452
1
462
1
453
2
463
0
63
5
421
255
463
1
63
7
421
16777215
470
LINEAR
1001
ACAD
1010
0
1020
0
1030
0
  0
CIRCLE
  5
87f
330
1F
100
AcDbEntity
  8
TopSolderMaskLayer
100
AcDbCircle
 10
73.76939293878581
 20
46.88544577089158
 30
0.0
 40
0.5158750317500634
  0
CIRCLE
  5
880
330
1F
100
AcDbEntity
  8
TopSolderMaskLayer
100
AcDbCircle
 10
73.7693675387352
 20
46.88544577089158
 30
0.0
 40
0.8254000508001016
0
HATCH
5
881
100
AcDbEntity
8
TopSolderMaskLayer
100
AcDbHatch
10
0
20
0
30
0
210
0
220
0
230
1
2
SOLID
70
1
71
0
91
1
92
7
72
1
73
1
93
2
10
72.9439674879351
20
46.88544577089158
42
1
10
74.5947675895353
20
46.88544577089158
42
1
97
1
330

75
0
76
1
47
0.8681437583925616
98
1
10
3.629517071192367
20
33.92795499968543
450
0
451
0
460
0
461
0
452
1
462
1
453
2
463
0
63
5
421
255
463
1
63
7
421
16777215
470
LINEAR
1001
ACAD
1010
0
1020
0
1030
0
  0
CIRCLE
  5
882
330
1F
100
AcDbEntity
  8
BottomSolderMaskLayer
100
AcDbCircle
 10
73.76939293878581
 20
46.88544577089158
 30
0.0
 40
0.5158750317500634
  0
CIRCLE
  5
883
330
1F
100
AcDbEntity
  8
BottomSolderMaskLayer
100
AcDbCircle
 10
73.7693675387352
 20
46.88544577089158
 30
0.0
 40
0.8254000508001016
0
HATCH
5
884
100
AcDbEntity
8
BottomSolderMaskLayer
100
AcDbHatch
10
0
20
0
30
0
210
0
220
0
230
1
2
SOLID
70
1
71
0
91
1
92
7
72
1
73
1
93
2
10
72.9439674879351
20
46.88544577089158
42
1
10
74.5947675895353
20
46.88544577089158
42
1
97
1
330

75
0
76
1
47
0.8681437583925616
98
1
10
3.629517071192367
20
33.92795499968543
450
0
451
0
460
0
461
0
452
1
462
1
453
2
463
0
63
5
421
255
463
1
63
7
421
16777215
470
LINEAR
1001
ACAD
1010
0
1020
0
1030
0
  0
CIRCLE
  5
885
330
1F
100
AcDbEntity
  8
Multi-Layer
100
AcDbCircle
 10
73.76939293878581
 20
46.88544577089158
 30
0.0
 40
0.5
  0
CIRCLE
  5
886
330
1F
100
AcDbEntity
  8
Multi-Layer
100
AcDbCircle
 10
73.7693675387352
 20
46.88544577089158
 30
0.0
 40
0.8
0
HATCH
5
887
100
AcDbEntity
8
Multi-Layer
100
AcDbHatch
10
0
20
0
30
0
210
0
220
0
230
1
2
SOLID
70
1
71
0
91
1
92
7
72
1
73
1
93
2
10
72.9693675387352
20
46.88544577089158
42
1
10
74.5693675387352
20
46.88544577089158
42
1
97
1
330

75
0
76
1
47
0.8681437583925616
98
1
10
3.629517071192367
20
33.92795499968543
450
0
451
0
460
0
461
0
452
1
462
1
453
2
463
0
63
5
421
255
463
1
63
7
421
16777215
470
LINEAR
1001
ACAD
1010
0
1020
0
1030
0
  0
CIRCLE
  5
888
330
1F
100
AcDbEntity
  8
TopSolderMaskLayer
100
AcDbCircle
 10
76.30939801879595
 20
46.88544577089158
 30
0.0
 40
0.5158750317500634
  0
CIRCLE
  5
889
330
1F
100
AcDbEntity
  8
TopSolderMaskLayer
100
AcDbCircle
 10
76.30937261874533
 20
46.88544577089158
 30
0.0
 40
0.8254000508001016
0
HATCH
5
88a
100
AcDbEntity
8
TopSolderMaskLayer
100
AcDbHatch
10
0
20
0
30
0
210
0
220
0
230
1
2
SOLID
70
1
71
0
91
1
92
7
72
1
73
1
93
2
10
75.48397256794523
20
46.88544577089158
42
1
10
77.13477266954543
20
46.88544577089158
42
1
97
1
330

75
0
76
1
47
0.8681437583925616
98
1
10
3.629517071192367
20
33.92795499968543
450
0
451
0
460
0
461
0
452
1
462
1
453
2
463
0
63
5
421
255
463
1
63
7
421
16777215
470
LINEAR
1001
ACAD
1010
0
1020
0
1030
0
  0
CIRCLE
  5
88b
330
1F
100
AcDbEntity
  8
BottomSolderMaskLayer
100
AcDbCircle
 10
76.30939801879595
 20
46.88544577089158
 30
0.0
 40
0.5158750317500634
  0
CIRCLE
  5
88c
330
1F
100
AcDbEntity
  8
BottomSolderMaskLayer
100
AcDbCircle
 10
76.30937261874533
 20
46.88544577089158
 30
0.0
 40
0.8254000508001016
0
HATCH
5
88d
100
AcDbEntity
8
BottomSolderMaskLayer
100
AcDbHatch
10
0
20
0
30
0
210
0
220
0
230
1
2
SOLID
70
1
71
0
91
1
92
7
72
1
73
1
93
2
10
75.48397256794523
20
46.88544577089158
42
1
10
77.13477266954543
20
46.88544577089158
42
1
97
1
330

75
0
76
1
47
0.8681437583925616
98
1
10
3.629517071192367
20
33.92795499968543
450
0
451
0
460
0
461
0
452
1
462
1
453
2
463
0
63
5
421
255
463
1
63
7
421
16777215
470
LINEAR
1001
ACAD
1010
0
1020
0
1030
0
  0
CIRCLE
  5
88e
330
1F
100
AcDbEntity
  8
Multi-Layer
100
AcDbCircle
 10
76.30939801879595
 20
46.88544577089158
 30
0.0
 40
0.5
  0
CIRCLE
  5
88f
330
1F
100
AcDbEntity
  8
Multi-Layer
100
AcDbCircle
 10
76.30937261874533
 20
46.88544577089158
 30
0.0
 40
0.8
0
HATCH
5
890
100
AcDbEntity
8
Multi-Layer
100
AcDbHatch
10
0
20
0
30
0
210
0
220
0
230
1
2
SOLID
70
1
71
0
91
1
92
7
72
1
73
1
93
2
10
75.50937261874533
20
46.88544577089158
42
1
10
77.10937261874533
20
46.88544577089158
42
1
97
1
330

75
0
76
1
47
0.8681437583925616
98
1
10
3.629517071192367
20
33.92795499968543
450
0
451
0
460
0
461
0
452
1
462
1
453
2
463
0
63
5
421
255
463
1
63
7
421
16777215
470
LINEAR
1001
ACAD
1010
0
1020
0
1030
0
  0
CIRCLE
  5
891
330
1F
100
AcDbEntity
  8
TopSolderMaskLayer
100
AcDbCircle
 10
78.84940309880608
 20
46.88544577089158
 30
0.0
 40
0.5158750317500634
  0
CIRCLE
  5
892
330
1F
100
AcDbEntity
  8
TopSolderMaskLayer
100
AcDbCircle
 10
78.84937769875546
 20
46.88544577089158
 30
0.0
 40
0.8254000508001016
0
HATCH
5
893
100
AcDbEntity
8
TopSolderMaskLayer
100
AcDbHatch
10
0
20
0
30
0
210
0
220
0
230
1
2
SOLID
70
1
71
0
91
1
92
7
72
1
73
1
93
2
10
78.02397764795536
20
46.88544577089158
42
1
10
79.67477774955556
20
46.88544577089158
42
1
97
1
330

75
0
76
1
47
0.8681437583925616
98
1
10
3.629517071192367
20
33.92795499968543
450
0
451
0
460
0
461
0
452
1
462
1
453
2
463
0
63
5
421
255
463
1
63
7
421
16777215
470
LINEAR
1001
ACAD
1010
0
1020
0
1030
0
  0
CIRCLE
  5
894
330
1F
100
AcDbEntity
  8
BottomSolderMaskLayer
100
AcDbCircle
 10
78.84940309880608
 20
46.88544577089158
 30
0.0
 40
0.5158750317500634
  0
CIRCLE
  5
895
330
1F
100
AcDbEntity
  8
BottomSolderMaskLayer
100
AcDbCircle
 10
78.84937769875546
 20
46.88544577089158
 30
0.0
 40
0.8254000508001016
0
HATCH
5
896
100
AcDbEntity
8
BottomSolderMaskLayer
100
AcDbHatch
10
0
20
0
30
0
210
0
220
0
230
1
2
SOLID
70
1
71
0
91
1
92
7
72
1
73
1
93
2
10
78.02397764795536
20
46.88544577089158
42
1
10
79.67477774955556
20
46.88544577089158
42
1
97
1
330

75
0
76
1
47
0.8681437583925616
98
1
10
3.629517071192367
20
33.92795499968543
450
0
451
0
460
0
461
0
452
1
462
1
453
2
463
0
63
5
421
255
463
1
63
7
421
16777215
470
LINEAR
1001
ACAD
1010
0
1020
0
1030
0
  0
CIRCLE
  5
897
330
1F
100
AcDbEntity
  8
Multi-Layer
100
AcDbCircle
 10
78.84940309880608
 20
46.88544577089158
 30
0.0
 40
0.5
  0
CIRCLE
  5
898
330
1F
100
AcDbEntity
  8
Multi-Layer
100
AcDbCircle
 10
78.84937769875546
 20
46.88544577089158
 30
0.0
 40
0.8
0
HATCH
5
899
100
AcDbEntity
8
Multi-Layer
100
AcDbHatch
10
0
20
0
30
0
210
0
220
0
230
1
2
SOLID
70
1
71
0
91
1
92
7
72
1
73
1
93
2
10
78.04937769875546
20
46.88544577089158
42
1
10
79.64937769875546
20
46.88544577089158
42
1
97
1
330

75
0
76
1
47
0.8681437583925616
98
1
10
3.629517071192367
20
33.92795499968543
450
0
451
0
460
0
461
0
452
1
462
1
453
2
463
0
63
5
421
255
463
1
63
7
421
16777215
470
LINEAR
1001
ACAD
1010
0
1020
0
1030
0
  0
CIRCLE
  5
89a
330
1F
100
AcDbEntity
  8
TopSolderMaskLayer
100
AcDbCircle
 10
81.3893827787656
 20
46.88544577089158
 30
0.0
 40
0.5158750317500634
  0
CIRCLE
  5
89b
330
1F
100
AcDbEntity
  8
TopSolderMaskLayer
100
AcDbCircle
 10
81.3893827787656
 20
46.88544577089158
 30
0.0
 40
0.8254000508001016
0
HATCH
5
89c
100
AcDbEntity
8
TopSolderMaskLayer
100
AcDbHatch
10
0
20
0
30
0
210
0
220
0
230
1
2
SOLID
70
1
71
0
91
1
92
7
72
1
73
1
93
2
10
80.5639827279655
20
46.88544577089158
42
1
10
82.21478282956569
20
46.88544577089158
42
1
97
1
330

75
0
76
1
47
0.8681437583925616
98
1
10
3.629517071192367
20
33.92795499968543
450
0
451
0
460
0
461
0
452
1
462
1
453
2
463
0
63
5
421
255
463
1
63
7
421
16777215
470
LINEAR
1001
ACAD
1010
0
1020
0
1030
0
  0
CIRCLE
  5
89d
330
1F
100
AcDbEntity
  8
BottomSolderMaskLayer
100
AcDbCircle
 10
81.3893827787656
 20
46.88544577089158
 30
0.0
 40
0.5158750317500634
  0
CIRCLE
  5
89e
330
1F
100
AcDbEntity
  8
BottomSolderMaskLayer
100
AcDbCircle
 10
81.3893827787656
 20
46.88544577089158
 30
0.0
 40
0.8254000508001016
0
HATCH
5
89f
100
AcDbEntity
8
BottomSolderMaskLayer
100
AcDbHatch
10
0
20
0
30
0
210
0
220
0
230
1
2
SOLID
70
1
71
0
91
1
92
7
72
1
73
1
93
2
10
80.5639827279655
20
46.88544577089158
42
1
10
82.21478282956569
20
46.88544577089158
42
1
97
1
330

75
0
76
1
47
0.8681437583925616
98
1
10
3.629517071192367
20
33.92795499968543
450
0
451
0
460
0
461
0
452
1
462
1
453
2
463
0
63
5
421
255
463
1
63
7
421
16777215
470
LINEAR
1001
ACAD
1010
0
1020
0
1030
0
  0
CIRCLE
  5
8a0
330
1F
100
AcDbEntity
  8
Multi-Layer
100
AcDbCircle
 10
81.3893827787656
 20
46.88544577089158
 30
0.0
 40
0.5
  0
CIRCLE
  5
8a1
330
1F
100
AcDbEntity
  8
Multi-Layer
100
AcDbCircle
 10
81.3893827787656
 20
46.88544577089158
 30
0.0
 40
0.8
0
HATCH
5
8a2
100
AcDbEntity
8
Multi-Layer
100
AcDbHatch
10
0
20
0
30
0
210
0
220
0
230
1
2
SOLID
70
1
71
0
91
1
92
7
72
1
73
1
93
2
10
80.5893827787656
20
46.88544577089158
42
1
10
82.18938277876559
20
46.88544577089158
42
1
97
1
330

75
0
76
1
47
0.8681437583925616
98
1
10
3.629517071192367
20
33.92795499968543
450
0
451
0
460
0
461
0
452
1
462
1
453
2
463
0
63
5
421
255
463
1
63
7
421
16777215
470
LINEAR
1001
ACAD
1010
0
1020
0
1030
0
  0
CIRCLE
  5
8a3
330
1F
100
AcDbEntity
  8
TopSolderMaskLayer
100
AcDbCircle
 10
83.92938785877573
 20
46.88544577089158
 30
0.0
 40
0.5158750317500634
  0
CIRCLE
  5
8a4
330
1F
100
AcDbEntity
  8
TopSolderMaskLayer
100
AcDbCircle
 10
83.92938785877573
 20
46.88544577089158
 30
0.0
 40
0.8254000508001016
0
HATCH
5
8a5
100
AcDbEntity
8
TopSolderMaskLayer
100
AcDbHatch
10
0
20
0
30
0
210
0
220
0
230
1
2
SOLID
70
1
71
0
91
1
92
7
72
1
73
1
93
2
10
83.10398780797563
20
46.88544577089158
42
1
10
84.75478790957582
20
46.88544577089158
42
1
97
1
330

75
0
76
1
47
0.8681437583925616
98
1
10
3.629517071192367
20
33.92795499968543
450
0
451
0
460
0
461
0
452
1
462
1
453
2
463
0
63
5
421
255
463
1
63
7
421
16777215
470
LINEAR
1001
ACAD
1010
0
1020
0
1030
0
  0
CIRCLE
  5
8a6
330
1F
100
AcDbEntity
  8
BottomSolderMaskLayer
100
AcDbCircle
 10
83.92938785877573
 20
46.88544577089158
 30
0.0
 40
0.5158750317500634
  0
CIRCLE
  5
8a7
330
1F
100
AcDbEntity
  8
BottomSolderMaskLayer
100
AcDbCircle
 10
83.92938785877573
 20
46.88544577089158
 30
0.0
 40
0.8254000508001016
0
HATCH
5
8a8
100
AcDbEntity
8
BottomSolderMaskLayer
100
AcDbHatch
10
0
20
0
30
0
210
0
220
0
230
1
2
SOLID
70
1
71
0
91
1
92
7
72
1
73
1
93
2
10
83.10398780797563
20
46.88544577089158
42
1
10
84.75478790957582
20
46.88544577089158
42
1
97
1
330

75
0
76
1
47
0.8681437583925616
98
1
10
3.629517071192367
20
33.92795499968543
450
0
451
0
460
0
461
0
452
1
462
1
453
2
463
0
63
5
421
255
463
1
63
7
421
16777215
470
LINEAR
1001
ACAD
1010
0
1020
0
1030
0
  0
CIRCLE
  5
8a9
330
1F
100
AcDbEntity
  8
Multi-Layer
100
AcDbCircle
 10
83.92938785877573
 20
46.88544577089158
 30
0.0
 40
0.5
  0
CIRCLE
  5
8aa
330
1F
100
AcDbEntity
  8
Multi-Layer
100
AcDbCircle
 10
83.92938785877573
 20
46.88544577089158
 30
0.0
 40
0.8
0
HATCH
5
8ab
100
AcDbEntity
8
Multi-Layer
100
AcDbHatch
10
0
20
0
30
0
210
0
220
0
230
1
2
SOLID
70
1
71
0
91
1
92
7
72
1
73
1
93
2
10
83.12938785877573
20
46.88544577089158
42
1
10
84.72938785877572
20
46.88544577089158
42
1
97
1
330

75
0
76
1
47
0.8681437583925616
98
1
10
3.629517071192367
20
33.92795499968543
450
0
451
0
460
0
461
0
452
1
462
1
453
2
463
0
63
5
421
255
463
1
63
7
421
16777215
470
LINEAR
1001
ACAD
1010
0
1020
0
1030
0
  0
CIRCLE
  5
8ac
330
1F
100
AcDbEntity
  8
TopSolderMaskLayer
100
AcDbCircle
 10
86.46939293878609
 20
46.88544577089158
 30
0.0
 40
0.5158750317500634
  0
CIRCLE
  5
8ad
330
1F
100
AcDbEntity
  8
TopSolderMaskLayer
100
AcDbCircle
 10
86.46939293878609
 20
46.88544577089158
 30
0.0
 40
0.8254000508001016
0
HATCH
5
8ae
100
AcDbEntity
8
TopSolderMaskLayer
100
AcDbHatch
10
0
20
0
30
0
210
0
220
0
230
1
2
SOLID
70
1
71
0
91
1
92
7
72
1
73
1
93
2
10
85.64399288798599
20
46.88544577089158
42
1
10
87.29479298958618
20
46.88544577089158
42
1
97
1
330

75
0
76
1
47
0.8681437583925616
98
1
10
3.629517071192367
20
33.92795499968543
450
0
451
0
460
0
461
0
452
1
462
1
453
2
463
0
63
5
421
255
463
1
63
7
421
16777215
470
LINEAR
1001
ACAD
1010
0
1020
0
1030
0
  0
CIRCLE
  5
8af
330
1F
100
AcDbEntity
  8
BottomSolderMaskLayer
100
AcDbCircle
 10
86.46939293878609
 20
46.88544577089158
 30
0.0
 40
0.5158750317500634
  0
CIRCLE
  5
8b0
330
1F
100
AcDbEntity
  8
BottomSolderMaskLayer
100
AcDbCircle
 10
86.46939293878609
 20
46.88544577089158
 30
0.0
 40
0.8254000508001016
0
HATCH
5
8b1
100
AcDbEntity
8
BottomSolderMaskLayer
100
AcDbHatch
10
0
20
0
30
0
210
0
220
0
230
1
2
SOLID
70
1
71
0
91
1
92
7
72
1
73
1
93
2
10
85.64399288798599
20
46.88544577089158
42
1
10
87.29479298958618
20
46.88544577089158
42
1
97
1
330

75
0
76
1
47
0.8681437583925616
98
1
10
3.629517071192367
20
33.92795499968543
450
0
451
0
460
0
461
0
452
1
462
1
453
2
463
0
63
5
421
255
463
1
63
7
421
16777215
470
LINEAR
1001
ACAD
1010
0
1020
0
1030
0
  0
CIRCLE
  5
8b2
330
1F
100
AcDbEntity
  8
Multi-Layer
100
AcDbCircle
 10
86.46939293878609
 20
46.88544577089158
 30
0.0
 40
0.5
  0
CIRCLE
  5
8b3
330
1F
100
AcDbEntity
  8
Multi-Layer
100
AcDbCircle
 10
86.46939293878609
 20
46.88544577089158
 30
0.0
 40
0.8
0
HATCH
5
8b4
100
AcDbEntity
8
Multi-Layer
100
AcDbHatch
10
0
20
0
30
0
210
0
220
0
230
1
2
SOLID
70
1
71
0
91
1
92
7
72
1
73
1
93
2
10
85.66939293878609
20
46.88544577089158
42
1
10
87.26939293878608
20
46.88544577089158
42
1
97
1
330

75
0
76
1
47
0.8681437583925616
98
1
10
3.629517071192367
20
33.92795499968543
450
0
451
0
460
0
461
0
452
1
462
1
453
2
463
0
63
5
421
255
463
1
63
7
421
16777215
470
LINEAR
1001
ACAD
1010
0
1020
0
1030
0
  0
CIRCLE
  5
8b5
330
1F
100
AcDbEntity
  8
TopSolderMaskLayer
100
AcDbCircle
 10
89.00939801879622
 20
46.88544577089158
 30
0.0
 40
0.5158750317500634
  0
CIRCLE
  5
8b6
330
1F
100
AcDbEntity
  8
TopSolderMaskLayer
100
AcDbCircle
 10
89.00939801879622
 20
46.88544577089158
 30
0.0
 40
0.8254000508001016
0
HATCH
5
8b7
100
AcDbEntity
8
TopSolderMaskLayer
100
AcDbHatch
10
0
20
0
30
0
210
0
220
0
230
1
2
SOLID
70
1
71
0
91
1
92
7
72
1
73
1
93
2
10
88.18399796799612
20
46.88544577089158
42
1
10
89.83479806959632
20
46.88544577089158
42
1
97
1
330

75
0
76
1
47
0.8681437583925616
98
1
10
3.629517071192367
20
33.92795499968543
450
0
451
0
460
0
461
0
452
1
462
1
453
2
463
0
63
5
421
255
463
1
63
7
421
16777215
470
LINEAR
1001
ACAD
1010
0
1020
0
1030
0
  0
CIRCLE
  5
8b8
330
1F
100
AcDbEntity
  8
BottomSolderMaskLayer
100
AcDbCircle
 10
89.00939801879622
 20
46.88544577089158
 30
0.0
 40
0.5158750317500634
  0
CIRCLE
  5
8b9
330
1F
100
AcDbEntity
  8
BottomSolderMaskLayer
100
AcDbCircle
 10
89.00939801879622
 20
46.88544577089158
 30
0.0
 40
0.8254000508001016
0
HATCH
5
8ba
100
AcDbEntity
8
BottomSolderMaskLayer
100
AcDbHatch
10
0
20
0
30
0
210
0
220
0
230
1
2
SOLID
70
1
71
0
91
1
92
7
72
1
73
1
93
2
10
88.18399796799612
20
46.88544577089158
42
1
10
89.83479806959632
20
46.88544577089158
42
1
97
1
330

75
0
76
1
47
0.8681437583925616
98
1
10
3.629517071192367
20
33.92795499968543
450
0
451
0
460
0
461
0
452
1
462
1
453
2
463
0
63
5
421
255
463
1
63
7
421
16777215
470
LINEAR
1001
ACAD
1010
0
1020
0
1030
0
  0
CIRCLE
  5
8bb
330
1F
100
AcDbEntity
  8
Multi-Layer
100
AcDbCircle
 10
89.00939801879622
 20
46.88544577089158
 30
0.0
 40
0.5
  0
CIRCLE
  5
8bc
330
1F
100
AcDbEntity
  8
Multi-Layer
100
AcDbCircle
 10
89.00939801879622
 20
46.88544577089158
 30
0.0
 40
0.8
0
HATCH
5
8bd
100
AcDbEntity
8
Multi-Layer
100
AcDbHatch
10
0
20
0
30
0
210
0
220
0
230
1
2
SOLID
70
1
71
0
91
1
92
7
72
1
73
1
93
2
10
88.20939801879622
20
46.88544577089158
42
1
10
89.80939801879622
20
46.88544577089158
42
1
97
1
330

75
0
76
1
47
0.8681437583925616
98
1
10
3.629517071192367
20
33.92795499968543
450
0
451
0
460
0
461
0
452
1
462
1
453
2
463
0
63
5
421
255
463
1
63
7
421
16777215
470
LINEAR
1001
ACAD
1010
0
1020
0
1030
0
  0
CIRCLE
  5
8be
330
1F
100
AcDbEntity
  8
TopSolderMaskLayer
100
AcDbCircle
 10
91.54940309880635
 20
46.88544577089158
 30
0.0
 40
0.5158750317500634
  0
CIRCLE
  5
8bf
330
1F
100
AcDbEntity
  8
TopSolderMaskLayer
100
AcDbCircle
 10
91.54940309880635
 20
46.88544577089158
 30
0.0
 40
0.8254000508001016
0
HATCH
5
8c0
100
AcDbEntity
8
TopSolderMaskLayer
100
AcDbHatch
10
0
20
0
30
0
210
0
220
0
230
1
2
SOLID
70
1
71
0
91
1
92
7
72
1
73
1
93
2
10
90.72400304800625
20
46.88544577089158
42
1
10
92.37480314960645
20
46.88544577089158
42
1
97
1
330

75
0
76
1
47
0.8681437583925616
98
1
10
3.629517071192367
20
33.92795499968543
450
0
451
0
460
0
461
0
452
1
462
1
453
2
463
0
63
5
421
255
463
1
63
7
421
16777215
470
LINEAR
1001
ACAD
1010
0
1020
0
1030
0
  0
CIRCLE
  5
8c1
330
1F
100
AcDbEntity
  8
BottomSolderMaskLayer
100
AcDbCircle
 10
91.54940309880635
 20
46.88544577089158
 30
0.0
 40
0.5158750317500634
  0
CIRCLE
  5
8c2
330
1F
100
AcDbEntity
  8
BottomSolderMaskLayer
100
AcDbCircle
 10
91.54940309880635
 20
46.88544577089158
 30
0.0
 40
0.8254000508001016
0
HATCH
5
8c3
100
AcDbEntity
8
BottomSolderMaskLayer
100
AcDbHatch
10
0
20
0
30
0
210
0
220
0
230
1
2
SOLID
70
1
71
0
91
1
92
7
72
1
73
1
93
2
10
90.72400304800625
20
46.88544577089158
42
1
10
92.37480314960645
20
46.88544577089158
42
1
97
1
330

75
0
76
1
47
0.8681437583925616
98
1
10
3.629517071192367
20
33.92795499968543
450
0
451
0
460
0
461
0
452
1
462
1
453
2
463
0
63
5
421
255
463
1
63
7
421
16777215
470
LINEAR
1001
ACAD
1010
0
1020
0
1030
0
  0
CIRCLE
  5
8c4
330
1F
100
AcDbEntity
  8
Multi-Layer
100
AcDbCircle
 10
91.54940309880635
 20
46.88544577089158
 30
0.0
 40
0.5
  0
CIRCLE
  5
8c5
330
1F
100
AcDbEntity
  8
Multi-Layer
100
AcDbCircle
 10
91.54940309880635
 20
46.88544577089158
 30
0.0
 40
0.8
0
HATCH
5
8c6
100
AcDbEntity
8
Multi-Layer
100
AcDbHatch
10
0
20
0
30
0
210
0
220
0
230
1
2
SOLID
70
1
71
0
91
1
92
7
72
1
73
1
93
2
10
90.74940309880635
20
46.88544577089158
42
1
10
92.34940309880635
20
46.88544577089158
42
1
97
1
330

75
0
76
1
47
0.8681437583925616
98
1
10
3.629517071192367
20
33.92795499968543
450
0
451
0
460
0
461
0
452
1
462
1
453
2
463
0
63
5
421
255
463
1
63
7
421
16777215
470
LINEAR
1001
ACAD
1010
0
1020
0
1030
0
  0
CIRCLE
  5
8c7
330
1F
100
AcDbEntity
  8
TopSolderMaskLayer
100
AcDbCircle
 10
94.08938277876564
 20
46.88544577089158
 30
0.0
 40
0.5158750317500634
  0
CIRCLE
  5
8c8
330
1F
100
AcDbEntity
  8
TopSolderMaskLayer
100
AcDbCircle
 10
94.08940817881648
 20
46.88544577089158
 30
0.0
 40
0.8254000508001016
0
HATCH
5
8c9
100
AcDbEntity
8
TopSolderMaskLayer
100
AcDbHatch
10
0
20
0
30
0
210
0
220
0
230
1
2
SOLID
70
1
71
0
91
1
92
7
72
1
73
1
93
2
10
93.26400812801639
20
46.88544577089158
42
1
10
94.91480822961658
20
46.88544577089158
42
1
97
1
330

75
0
76
1
47
0.8681437583925616
98
1
10
3.629517071192367
20
33.92795499968543
450
0
451
0
460
0
461
0
452
1
462
1
453
2
463
0
63
5
421
255
463
1
63
7
421
16777215
470
LINEAR
1001
ACAD
1010
0
1020
0
1030
0
  0
CIRCLE
  5
8ca
330
1F
100
AcDbEntity
  8
BottomSolderMaskLayer
100
AcDbCircle
 10
94.08938277876564
 20
46.88544577089158
 30
0.0
 40
0.5158750317500634
  0
CIRCLE
  5
8cb
330
1F
100
AcDbEntity
  8
BottomSolderMaskLayer
100
AcDbCircle
 10
94.08940817881648
 20
46.88544577089158
 30
0.0
 40
0.8254000508001016
0
HATCH
5
8cc
100
AcDbEntity
8
BottomSolderMaskLayer
100
AcDbHatch
10
0
20
0
30
0
210
0
220
0
230
1
2
SOLID
70
1
71
0
91
1
92
7
72
1
73
1
93
2
10
93.26400812801639
20
46.88544577089158
42
1
10
94.91480822961658
20
46.88544577089158
42
1
97
1
330

75
0
76
1
47
0.8681437583925616
98
1
10
3.629517071192367
20
33.92795499968543
450
0
451
0
460
0
461
0
452
1
462
1
453
2
463
0
63
5
421
255
463
1
63
7
421
16777215
470
LINEAR
1001
ACAD
1010
0
1020
0
1030
0
  0
CIRCLE
  5
8cd
330
1F
100
AcDbEntity
  8
Multi-Layer
100
AcDbCircle
 10
94.08938277876564
 20
46.88544577089158
 30
0.0
 40
0.5
  0
CIRCLE
  5
8ce
330
1F
100
AcDbEntity
  8
Multi-Layer
100
AcDbCircle
 10
94.08940817881648
 20
46.88544577089158
 30
0.0
 40
0.8
0
HATCH
5
8cf
100
AcDbEntity
8
Multi-Layer
100
AcDbHatch
10
0
20
0
30
0
210
0
220
0
230
1
2
SOLID
70
1
71
0
91
1
92
7
72
1
73
1
93
2
10
93.28940817881649
20
46.88544577089158
42
1
10
94.88940817881648
20
46.88544577089158
42
1
97
1
330

75
0
76
1
47
0.8681437583925616
98
1
10
3.629517071192367
20
33.92795499968543
450
0
451
0
460
0
461
0
452
1
462
1
453
2
463
0
63
5
421
255
463
1
63
7
421
16777215
470
LINEAR
1001
ACAD
1010
0
1020
0
1030
0
  0
CIRCLE
  5
8d0
330
1F
100
AcDbEntity
  8
TopSolderMaskLayer
100
AcDbCircle
 10
96.62938785877577
 20
46.88544577089158
 30
0.0
 40
0.5158750317500634
  0
CIRCLE
  5
8d1
330
1F
100
AcDbEntity
  8
TopSolderMaskLayer
100
AcDbCircle
 10
96.62941325882662
 20
46.88544577089158
 30
0.0
 40
0.8254000508001016
0
HATCH
5
8d2
100
AcDbEntity
8
TopSolderMaskLayer
100
AcDbHatch
10
0
20
0
30
0
210
0
220
0
230
1
2
SOLID
70
1
71
0
91
1
92
7
72
1
73
1
93
2
10
95.80401320802652
20
46.88544577089158
42
1
10
97.45481330962672
20
46.88544577089158
42
1
97
1
330

75
0
76
1
47
0.8681437583925616
98
1
10
3.629517071192367
20
33.92795499968543
450
0
451
0
460
0
461
0
452
1
462
1
453
2
463
0
63
5
421
255
463
1
63
7
421
16777215
470
LINEAR
1001
ACAD
1010
0
1020
0
1030
0
  0
CIRCLE
  5
8d3
330
1F
100
AcDbEntity
  8
BottomSolderMaskLayer
100
AcDbCircle
 10
96.62938785877577
 20
46.88544577089158
 30
0.0
 40
0.5158750317500634
  0
CIRCLE
  5
8d4
330
1F
100
AcDbEntity
  8
BottomSolderMaskLayer
100
AcDbCircle
 10
96.62941325882662
 20
46.88544577089158
 30
0.0
 40
0.8254000508001016
0
HATCH
5
8d5
100
AcDbEntity
8
BottomSolderMaskLayer
100
AcDbHatch
10
0
20
0
30
0
210
0
220
0
230
1
2
SOLID
70
1
71
0
91
1
92
7
72
1
73
1
93
2
10
95.80401320802652
20
46.88544577089158
42
1
10
97.45481330962672
20
46.88544577089158
42
1
97
1
330

75
0
76
1
47
0.8681437583925616
98
1
10
3.629517071192367
20
33.92795499968543
450
0
451
0
460
0
461
0
452
1
462
1
453
2
463
0
63
5
421
255
463
1
63
7
421
16777215
470
LINEAR
1001
ACAD
1010
0
1020
0
1030
0
  0
CIRCLE
  5
8d6
330
1F
100
AcDbEntity
  8
Multi-Layer
100
AcDbCircle
 10
96.62938785877577
 20
46.88544577089158
 30
0.0
 40
0.5
  0
CIRCLE
  5
8d7
330
1F
100
AcDbEntity
  8
Multi-Layer
100
AcDbCircle
 10
96.62941325882662
 20
46.88544577089158
 30
0.0
 40
0.8
0
HATCH
5
8d8
100
AcDbEntity
8
Multi-Layer
100
AcDbHatch
10
0
20
0
30
0
210
0
220
0
230
1
2
SOLID
70
1
71
0
91
1
92
7
72
1
73
1
93
2
10
95.82941325882662
20
46.88544577089158
42
1
10
97.42941325882661
20
46.88544577089158
42
1
97
1
330

75
0
76
1
47
0.8681437583925616
98
1
10
3.629517071192367
20
33.92795499968543
450
0
451
0
460
0
461
0
452
1
462
1
453
2
463
0
63
5
421
255
463
1
63
7
421
16777215
470
LINEAR
1001
ACAD
1010
0
1020
0
1030
0
  0
CIRCLE
  5
8d9
330
1F
100
AcDbEntity
  8
TopSolderMaskLayer
100
AcDbCircle
 10
99.1693929387859
 20
46.88544577089158
 30
0.0
 40
0.5158750317500634
  0
CIRCLE
  5
8da
330
1F
100
AcDbEntity
  8
TopSolderMaskLayer
100
AcDbCircle
 10
99.16941833883675
 20
46.88544577089158
 30
0.0
 40
0.8254000508001016
0
HATCH
5
8db
100
AcDbEntity
8
TopSolderMaskLayer
100
AcDbHatch
10
0
20
0
30
0
210
0
220
0
230
1
2
SOLID
70
1
71
0
91
1
92
7
72
1
73
1
93
2
10
98.34401828803665
20
46.88544577089158
42
1
10
99.99481838963685
20
46.88544577089158
42
1
97
1
330

75
0
76
1
47
0.8681437583925616
98
1
10
3.629517071192367
20
33.92795499968543
450
0
451
0
460
0
461
0
452
1
462
1
453
2
463
0
63
5
421
255
463
1
63
7
421
16777215
470
LINEAR
1001
ACAD
1010
0
1020
0
1030
0
  0
CIRCLE
  5
8dc
330
1F
100
AcDbEntity
  8
BottomSolderMaskLayer
100
AcDbCircle
 10
99.1693929387859
 20
46.88544577089158
 30
0.0
 40
0.5158750317500634
  0
CIRCLE
  5
8dd
330
1F
100
AcDbEntity
  8
BottomSolderMaskLayer
100
AcDbCircle
 10
99.16941833883675
 20
46.88544577089158
 30
0.0
 40
0.8254000508001016
0
HATCH
5
8de
100
AcDbEntity
8
BottomSolderMaskLayer
100
AcDbHatch
10
0
20
0
30
0
210
0
220
0
230
1
2
SOLID
70
1
71
0
91
1
92
7
72
1
73
1
93
2
10
98.34401828803665
20
46.88544577089158
42
1
10
99.99481838963685
20
46.88544577089158
42
1
97
1
330

75
0
76
1
47
0.8681437583925616
98
1
10
3.629517071192367
20
33.92795499968543
450
0
451
0
460
0
461
0
452
1
462
1
453
2
463
0
63
5
421
255
463
1
63
7
421
16777215
470
LINEAR
1001
ACAD
1010
0
1020
0
1030
0
  0
CIRCLE
  5
8df
330
1F
100
AcDbEntity
  8
Multi-Layer
100
AcDbCircle
 10
99.1693929387859
 20
46.88544577089158
 30
0.0
 40
0.5
  0
CIRCLE
  5
8e0
330
1F
100
AcDbEntity
  8
Multi-Layer
100
AcDbCircle
 10
99.16941833883675
 20
46.88544577089158
 30
0.0
 40
0.8
0
HATCH
5
8e1
100
AcDbEntity
8
Multi-Layer
100
AcDbHatch
10
0
20
0
30
0
210
0
220
0
230
1
2
SOLID
70
1
71
0
91
1
92
7
72
1
73
1
93
2
10
98.36941833883675
20
46.88544577089158
42
1
10
99.96941833883675
20
46.88544577089158
42
1
97
1
330

75
0
76
1
47
0.8681437583925616
98
1
10
3.629517071192367
20
33.92795499968543
450
0
451
0
460
0
461
0
452
1
462
1
453
2
463
0
63
5
421
255
463
1
63
7
421
16777215
470
LINEAR
1001
ACAD
1010
0
1020
0
1030
0
  0
CIRCLE
  5
8e2
330
1F
100
AcDbEntity
  8
TopSolderMaskLayer
100
AcDbCircle
 10
101.70939801879604
 20
46.88544577089158
 30
0.0
 40
0.5158750317500634
  0
CIRCLE
  5
8e3
330
1F
100
AcDbEntity
  8
TopSolderMaskLayer
100
AcDbCircle
 10
101.70942341884688
 20
46.88544577089158
 30
0.0
 40
0.8254000508001016
0
HATCH
5
8e4
100
AcDbEntity
8
TopSolderMaskLayer
100
AcDbHatch
10
0
20
0
30
0
210
0
220
0
230
1
2
SOLID
70
1
71
0
91
1
92
7
72
1
73
1
93
2
10
100.88402336804678
20
46.88544577089158
42
1
10
102.53482346964698
20
46.88544577089158
42
1
97
1
330

75
0
76
1
47
0.8681437583925616
98
1
10
3.629517071192367
20
33.92795499968543
450
0
451
0
460
0
461
0
452
1
462
1
453
2
463
0
63
5
421
255
463
1
63
7
421
16777215
470
LINEAR
1001
ACAD
1010
0
1020
0
1030
0
  0
CIRCLE
  5
8e5
330
1F
100
AcDbEntity
  8
BottomSolderMaskLayer
100
AcDbCircle
 10
101.70939801879604
 20
46.88544577089158
 30
0.0
 40
0.5158750317500634
  0
CIRCLE
  5
8e6
330
1F
100
AcDbEntity
  8
BottomSolderMaskLayer
100
AcDbCircle
 10
101.70942341884688
 20
46.88544577089158
 30
0.0
 40
0.8254000508001016
0
HATCH
5
8e7
100
AcDbEntity
8
BottomSolderMaskLayer
100
AcDbHatch
10
0
20
0
30
0
210
0
220
0
230
1
2
SOLID
70
1
71
0
91
1
92
7
72
1
73
1
93
2
10
100.88402336804678
20
46.88544577089158
42
1
10
102.53482346964698
20
46.88544577089158
42
1
97
1
330

75
0
76
1
47
0.8681437583925616
98
1
10
3.629517071192367
20
33.92795499968543
450
0
451
0
460
0
461
0
452
1
462
1
453
2
463
0
63
5
421
255
463
1
63
7
421
16777215
470
LINEAR
1001
ACAD
1010
0
1020
0
1030
0
  0
CIRCLE
  5
8e8
330
1F
100
AcDbEntity
  8
Multi-Layer
100
AcDbCircle
 10
101.70939801879604
 20
46.88544577089158
 30
0.0
 40
0.5
  0
CIRCLE
  5
8e9
330
1F
100
AcDbEntity
  8
Multi-Layer
100
AcDbCircle
 10
101.70942341884688
 20
46.88544577089158
 30
0.0
 40
0.8
0
HATCH
5
8ea
100
AcDbEntity
8
Multi-Layer
100
AcDbHatch
10
0
20
0
30
0
210
0
220
0
230
1
2
SOLID
70
1
71
0
91
1
92
7
72
1
73
1
93
2
10
100.90942341884688
20
46.88544577089158
42
1
10
102.50942341884688
20
46.88544577089158
42
1
97
1
330

75
0
76
1
47
0.8681437583925616
98
1
10
3.629517071192367
20
33.92795499968543
450
0
451
0
460
0
461
0
452
1
462
1
453
2
463
0
63
5
421
255
463
1
63
7
421
16777215
470
LINEAR
1001
ACAD
1010
0
1020
0
1030
0
  0
CIRCLE
  5
8eb
330
1F
100
AcDbEntity
  8
TopSolderMaskLayer
100
AcDbCircle
 10
104.24940309880617
 20
46.88544577089158
 30
0.0
 40
0.5158750317500634
  0
CIRCLE
  5
8ec
330
1F
100
AcDbEntity
  8
TopSolderMaskLayer
100
AcDbCircle
 10
104.24942849885701
 20
46.88544577089158
 30
0.0
 40
0.8254000508001016
0
HATCH
5
8ed
100
AcDbEntity
8
TopSolderMaskLayer
100
AcDbHatch
10
0
20
0
30
0
210
0
220
0
230
1
2
SOLID
70
1
71
0
91
1
92
7
72
1
73
1
93
2
10
103.42402844805692
20
46.88544577089158
42
1
10
105.07482854965711
20
46.88544577089158
42
1
97
1
330

75
0
76
1
47
0.8681437583925616
98
1
10
3.629517071192367
20
33.92795499968543
450
0
451
0
460
0
461
0
452
1
462
1
453
2
463
0
63
5
421
255
463
1
63
7
421
16777215
470
LINEAR
1001
ACAD
1010
0
1020
0
1030
0
  0
CIRCLE
  5
8ee
330
1F
100
AcDbEntity
  8
BottomSolderMaskLayer
100
AcDbCircle
 10
104.24940309880617
 20
46.88544577089158
 30
0.0
 40
0.5158750317500634
  0
CIRCLE
  5
8ef
330
1F
100
AcDbEntity
  8
BottomSolderMaskLayer
100
AcDbCircle
 10
104.24942849885701
 20
46.88544577089158
 30
0.0
 40
0.8254000508001016
0
HATCH
5
8f0
100
AcDbEntity
8
BottomSolderMaskLayer
100
AcDbHatch
10
0
20
0
30
0
210
0
220
0
230
1
2
SOLID
70
1
71
0
91
1
92
7
72
1
73
1
93
2
10
103.42402844805692
20
46.88544577089158
42
1
10
105.07482854965711
20
46.88544577089158
42
1
97
1
330

75
0
76
1
47
0.8681437583925616
98
1
10
3.629517071192367
20
33.92795499968543
450
0
451
0
460
0
461
0
452
1
462
1
453
2
463
0
63
5
421
255
463
1
63
7
421
16777215
470
LINEAR
1001
ACAD
1010
0
1020
0
1030
0
  0
CIRCLE
  5
8f1
330
1F
100
AcDbEntity
  8
Multi-Layer
100
AcDbCircle
 10
104.24940309880617
 20
46.88544577089158
 30
0.0
 40
0.5
  0
CIRCLE
  5
8f2
330
1F
100
AcDbEntity
  8
Multi-Layer
100
AcDbCircle
 10
104.24942849885701
 20
46.88544577089158
 30
0.0
 40
0.8
0
HATCH
5
8f3
100
AcDbEntity
8
Multi-Layer
100
AcDbHatch
10
0
20
0
30
0
210
0
220
0
230
1
2
SOLID
70
1
71
0
91
1
92
7
72
1
73
1
93
2
10
103.44942849885702
20
46.88544577089158
42
1
10
105.04942849885701
20
46.88544577089158
42
1
97
1
330

75
0
76
1
47
0.8681437583925616
98
1
10
3.629517071192367
20
33.92795499968543
450
0
451
0
460
0
461
0
452
1
462
1
453
2
463
0
63
5
421
255
463
1
63
7
421
16777215
470
LINEAR
1001
ACAD
1010
0
1020
0
1030
0
  0
CIRCLE
  5
8f4
330
1F
100
AcDbEntity
  8
TopSolderMaskLayer
100
AcDbCircle
 10
106.78938277876546
 20
46.88544577089158
 30
0.0
 40
0.5158750317500634
  0
CIRCLE
  5
8f5
330
1F
100
AcDbEntity
  8
TopSolderMaskLayer
100
AcDbCircle
 10
106.78943357886737
 20
46.88544577089158
 30
0.0
 40
0.8254000508001016
0
HATCH
5
8f6
100
AcDbEntity
8
TopSolderMaskLayer
100
AcDbHatch
10
0
20
0
30
0
210
0
220
0
230
1
2
SOLID
70
1
71
0
91
1
92
7
72
1
73
1
93
2
10
105.96403352806728
20
46.88544577089158
42
1
10
107.61483362966747
20
46.88544577089158
42
1
97
1
330

75
0
76
1
47
0.8681437583925616
98
1
10
3.629517071192367
20
33.92795499968543
450
0
451
0
460
0
461
0
452
1
462
1
453
2
463
0
63
5
421
255
463
1
63
7
421
16777215
470
LINEAR
1001
ACAD
1010
0
1020
0
1030
0
  0
CIRCLE
  5
8f7
330
1F
100
AcDbEntity
  8
BottomSolderMaskLayer
100
AcDbCircle
 10
106.78938277876546
 20
46.88544577089158
 30
0.0
 40
0.5158750317500634
  0
CIRCLE
  5
8f8
330
1F
100
AcDbEntity
  8
BottomSolderMaskLayer
100
AcDbCircle
 10
106.78943357886737
 20
46.88544577089158
 30
0.0
 40
0.8254000508001016
0
HATCH
5
8f9
100
AcDbEntity
8
BottomSolderMaskLayer
100
AcDbHatch
10
0
20
0
30
0
210
0
220
0
230
1
2
SOLID
70
1
71
0
91
1
92
7
72
1
73
1
93
2
10
105.96403352806728
20
46.88544577089158
42
1
10
107.61483362966747
20
46.88544577089158
42
1
97
1
330

75
0
76
1
47
0.8681437583925616
98
1
10
3.629517071192367
20
33.92795499968543
450
0
451
0
460
0
461
0
452
1
462
1
453
2
463
0
63
5
421
255
463
1
63
7
421
16777215
470
LINEAR
1001
ACAD
1010
0
1020
0
1030
0
  0
CIRCLE
  5
8fa
330
1F
100
AcDbEntity
  8
Multi-Layer
100
AcDbCircle
 10
106.78938277876546
 20
46.88544577089158
 30
0.0
 40
0.5
  0
CIRCLE
  5
8fb
330
1F
100
AcDbEntity
  8
Multi-Layer
100
AcDbCircle
 10
106.78943357886737
 20
46.88544577089158
 30
0.0
 40
0.8
0
HATCH
5
8fc
100
AcDbEntity
8
Multi-Layer
100
AcDbHatch
10
0
20
0
30
0
210
0
220
0
230
1
2
SOLID
70
1
71
0
91
1
92
7
72
1
73
1
93
2
10
105.98943357886738
20
46.88544577089158
42
1
10
107.58943357886737
20
46.88544577089158
42
1
97
1
330

75
0
76
1
47
0.8681437583925616
98
1
10
3.629517071192367
20
33.92795499968543
450
0
451
0
460
0
461
0
452
1
462
1
453
2
463
0
63
5
421
255
463
1
63
7
421
16777215
470
LINEAR
1001
ACAD
1010
0
1020
0
1030
0
  0
CIRCLE
  5
8fd
330
1F
100
AcDbEntity
  8
TopSolderMaskLayer
100
AcDbCircle
 10
106.78938277876546
 20
62.12545085090164
 30
0.0
 40
0.5158750317500634
  0
CIRCLE
  5
8fe
330
1F
100
AcDbEntity
  8
TopSolderMaskLayer
100
AcDbCircle
 10
106.78943357886737
 20
62.12547625095249
 30
0.0
 40
0.8254000508001016
0
HATCH
5
8ff
100
AcDbEntity
8
TopSolderMaskLayer
100
AcDbHatch
10
0
20
0
30
0
210
0
220
0
230
1
2
SOLID
70
1
71
0
91
1
92
7
72
1
73
1
93
2
10
105.96403352806728
20
62.12547625095249
42
1
10
107.61483362966747
20
62.12547625095249
42
1
97
1
330

75
0
76
1
47
0.8681437583925616
98
1
10
3.629517071192367
20
33.92795499968543
450
0
451
0
460
0
461
0
452
1
462
1
453
2
463
0
63
5
421
255
463
1
63
7
421
16777215
470
LINEAR
1001
ACAD
1010
0
1020
0
1030
0
  0
CIRCLE
  5
900
330
1F
100
AcDbEntity
  8
BottomSolderMaskLayer
100
AcDbCircle
 10
106.78938277876546
 20
62.12545085090164
 30
0.0
 40
0.5158750317500634
  0
CIRCLE
  5
901
330
1F
100
AcDbEntity
  8
BottomSolderMaskLayer
100
AcDbCircle
 10
106.78943357886737
 20
62.12547625095249
 30
0.0
 40
0.8254000508001016
0
HATCH
5
902
100
AcDbEntity
8
BottomSolderMaskLayer
100
AcDbHatch
10
0
20
0
30
0
210
0
220
0
230
1
2
SOLID
70
1
71
0
91
1
92
7
72
1
73
1
93
2
10
105.96403352806728
20
62.12547625095249
42
1
10
107.61483362966747
20
62.12547625095249
42
1
97
1
330

75
0
76
1
47
0.8681437583925616
98
1
10
3.629517071192367
20
33.92795499968543
450
0
451
0
460
0
461
0
452
1
462
1
453
2
463
0
63
5
421
255
463
1
63
7
421
16777215
470
LINEAR
1001
ACAD
1010
0
1020
0
1030
0
  0
CIRCLE
  5
903
330
1F
100
AcDbEntity
  8
Multi-Layer
100
AcDbCircle
 10
106.78938277876546
 20
62.12545085090164
 30
0.0
 40
0.5
  0
CIRCLE
  5
904
330
1F
100
AcDbEntity
  8
Multi-Layer
100
AcDbCircle
 10
106.78943357886737
 20
62.12547625095249
 30
0.0
 40
0.8
0
HATCH
5
905
100
AcDbEntity
8
Multi-Layer
100
AcDbHatch
10
0
20
0
30
0
210
0
220
0
230
1
2
SOLID
70
1
71
0
91
1
92
7
72
1
73
1
93
2
10
105.98943357886738
20
62.12547625095249
42
1
10
107.58943357886737
20
62.12547625095249
42
1
97
1
330

75
0
76
1
47
0.8681437583925616
98
1
10
3.629517071192367
20
33.92795499968543
450
0
451
0
460
0
461
0
452
1
462
1
453
2
463
0
63
5
421
255
463
1
63
7
421
16777215
470
LINEAR
1001
ACAD
1010
0
1020
0
1030
0
  0
CIRCLE
  5
906
330
1F
100
AcDbEntity
  8
TopSolderMaskLayer
100
AcDbCircle
 10
104.24940309880617
 20
62.12545085090164
 30
0.0
 40
0.5158750317500634
  0
CIRCLE
  5
907
330
1F
100
AcDbEntity
  8
TopSolderMaskLayer
100
AcDbCircle
 10
104.24942849885701
 20
62.12547625095249
 30
0.0
 40
0.8254000508001016
0
HATCH
5
908
100
AcDbEntity
8
TopSolderMaskLayer
100
AcDbHatch
10
0
20
0
30
0
210
0
220
0
230
1
2
SOLID
70
1
71
0
91
1
92
7
72
1
73
1
93
2
10
103.42402844805692
20
62.12547625095249
42
1
10
105.07482854965711
20
62.12547625095249
42
1
97
1
330

75
0
76
1
47
0.8681437583925616
98
1
10
3.629517071192367
20
33.92795499968543
450
0
451
0
460
0
461
0
452
1
462
1
453
2
463
0
63
5
421
255
463
1
63
7
421
16777215
470
LINEAR
1001
ACAD
1010
0
1020
0
1030
0
  0
CIRCLE
  5
909
330
1F
100
AcDbEntity
  8
BottomSolderMaskLayer
100
AcDbCircle
 10
104.24940309880617
 20
62.12545085090164
 30
0.0
 40
0.5158750317500634
  0
CIRCLE
  5
90a
330
1F
100
AcDbEntity
  8
BottomSolderMaskLayer
100
AcDbCircle
 10
104.24942849885701
 20
62.12547625095249
 30
0.0
 40
0.8254000508001016
0
HATCH
5
90b
100
AcDbEntity
8
BottomSolderMaskLayer
100
AcDbHatch
10
0
20
0
30
0
210
0
220
0
230
1
2
SOLID
70
1
71
0
91
1
92
7
72
1
73
1
93
2
10
103.42402844805692
20
62.12547625095249
42
1
10
105.07482854965711
20
62.12547625095249
42
1
97
1
330

75
0
76
1
47
0.8681437583925616
98
1
10
3.629517071192367
20
33.92795499968543
450
0
451
0
460
0
461
0
452
1
462
1
453
2
463
0
63
5
421
255
463
1
63
7
421
16777215
470
LINEAR
1001
ACAD
1010
0
1020
0
1030
0
  0
CIRCLE
  5
90c
330
1F
100
AcDbEntity
  8
Multi-Layer
100
AcDbCircle
 10
104.24940309880617
 20
62.12545085090164
 30
0.0
 40
0.5
  0
CIRCLE
  5
90d
330
1F
100
AcDbEntity
  8
Multi-Layer
100
AcDbCircle
 10
104.24942849885701
 20
62.12547625095249
 30
0.0
 40
0.8
0
HATCH
5
90e
100
AcDbEntity
8
Multi-Layer
100
AcDbHatch
10
0
20
0
30
0
210
0
220
0
230
1
2
SOLID
70
1
71
0
91
1
92
7
72
1
73
1
93
2
10
103.44942849885702
20
62.12547625095249
42
1
10
105.04942849885701
20
62.12547625095249
42
1
97
1
330

75
0
76
1
47
0.8681437583925616
98
1
10
3.629517071192367
20
33.92795499968543
450
0
451
0
460
0
461
0
452
1
462
1
453
2
463
0
63
5
421
255
463
1
63
7
421
16777215
470
LINEAR
1001
ACAD
1010
0
1020
0
1030
0
  0
CIRCLE
  5
90f
330
1F
100
AcDbEntity
  8
TopSolderMaskLayer
100
AcDbCircle
 10
101.70939801879604
 20
62.12545085090164
 30
0.0
 40
0.5158750317500634
  0
CIRCLE
  5
910
330
1F
100
AcDbEntity
  8
TopSolderMaskLayer
100
AcDbCircle
 10
101.70942341884688
 20
62.12547625095249
 30
0.0
 40
0.8254000508001016
0
HATCH
5
911
100
AcDbEntity
8
TopSolderMaskLayer
100
AcDbHatch
10
0
20
0
30
0
210
0
220
0
230
1
2
SOLID
70
1
71
0
91
1
92
7
72
1
73
1
93
2
10
100.88402336804678
20
62.12547625095249
42
1
10
102.53482346964698
20
62.12547625095249
42
1
97
1
330

75
0
76
1
47
0.8681437583925616
98
1
10
3.629517071192367
20
33.92795499968543
450
0
451
0
460
0
461
0
452
1
462
1
453
2
463
0
63
5
421
255
463
1
63
7
421
16777215
470
LINEAR
1001
ACAD
1010
0
1020
0
1030
0
  0
CIRCLE
  5
912
330
1F
100
AcDbEntity
  8
BottomSolderMaskLayer
100
AcDbCircle
 10
101.70939801879604
 20
62.12545085090164
 30
0.0
 40
0.5158750317500634
  0
CIRCLE
  5
913
330
1F
100
AcDbEntity
  8
BottomSolderMaskLayer
100
AcDbCircle
 10
101.70942341884688
 20
62.12547625095249
 30
0.0
 40
0.8254000508001016
0
HATCH
5
914
100
AcDbEntity
8
BottomSolderMaskLayer
100
AcDbHatch
10
0
20
0
30
0
210
0
220
0
230
1
2
SOLID
70
1
71
0
91
1
92
7
72
1
73
1
93
2
10
100.88402336804678
20
62.12547625095249
42
1
10
102.53482346964698
20
62.12547625095249
42
1
97
1
330

75
0
76
1
47
0.8681437583925616
98
1
10
3.629517071192367
20
33.92795499968543
450
0
451
0
460
0
461
0
452
1
462
1
453
2
463
0
63
5
421
255
463
1
63
7
421
16777215
470
LINEAR
1001
ACAD
1010
0
1020
0
1030
0
  0
CIRCLE
  5
915
330
1F
100
AcDbEntity
  8
Multi-Layer
100
AcDbCircle
 10
101.70939801879604
 20
62.12545085090164
 30
0.0
 40
0.5
  0
CIRCLE
  5
916
330
1F
100
AcDbEntity
  8
Multi-Layer
100
AcDbCircle
 10
101.70942341884688
 20
62.12547625095249
 30
0.0
 40
0.8
0
HATCH
5
917
100
AcDbEntity
8
Multi-Layer
100
AcDbHatch
10
0
20
0
30
0
210
0
220
0
230
1
2
SOLID
70
1
71
0
91
1
92
7
72
1
73
1
93
2
10
100.90942341884688
20
62.12547625095249
42
1
10
102.50942341884688
20
62.12547625095249
42
1
97
1
330

75
0
76
1
47
0.8681437583925616
98
1
10
3.629517071192367
20
33.92795499968543
450
0
451
0
460
0
461
0
452
1
462
1
453
2
463
0
63
5
421
255
463
1
63
7
421
16777215
470
LINEAR
1001
ACAD
1010
0
1020
0
1030
0
  0
CIRCLE
  5
918
330
1F
100
AcDbEntity
  8
TopSolderMaskLayer
100
AcDbCircle
 10
99.1693929387859
 20
62.12545085090164
 30
0.0
 40
0.5158750317500634
  0
CIRCLE
  5
919
330
1F
100
AcDbEntity
  8
TopSolderMaskLayer
100
AcDbCircle
 10
99.16941833883675
 20
62.12547625095249
 30
0.0
 40
0.8254000508001016
0
HATCH
5
91a
100
AcDbEntity
8
TopSolderMaskLayer
100
AcDbHatch
10
0
20
0
30
0
210
0
220
0
230
1
2
SOLID
70
1
71
0
91
1
92
7
72
1
73
1
93
2
10
98.34401828803665
20
62.12547625095249
42
1
10
99.99481838963685
20
62.12547625095249
42
1
97
1
330

75
0
76
1
47
0.8681437583925616
98
1
10
3.629517071192367
20
33.92795499968543
450
0
451
0
460
0
461
0
452
1
462
1
453
2
463
0
63
5
421
255
463
1
63
7
421
16777215
470
LINEAR
1001
ACAD
1010
0
1020
0
1030
0
  0
CIRCLE
  5
91b
330
1F
100
AcDbEntity
  8
BottomSolderMaskLayer
100
AcDbCircle
 10
99.1693929387859
 20
62.12545085090164
 30
0.0
 40
0.5158750317500634
  0
CIRCLE
  5
91c
330
1F
100
AcDbEntity
  8
BottomSolderMaskLayer
100
AcDbCircle
 10
99.16941833883675
 20
62.12547625095249
 30
0.0
 40
0.8254000508001016
0
HATCH
5
91d
100
AcDbEntity
8
BottomSolderMaskLayer
100
AcDbHatch
10
0
20
0
30
0
210
0
220
0
230
1
2
SOLID
70
1
71
0
91
1
92
7
72
1
73
1
93
2
10
98.34401828803665
20
62.12547625095249
42
1
10
99.99481838963685
20
62.12547625095249
42
1
97
1
330

75
0
76
1
47
0.8681437583925616
98
1
10
3.629517071192367
20
33.92795499968543
450
0
451
0
460
0
461
0
452
1
462
1
453
2
463
0
63
5
421
255
463
1
63
7
421
16777215
470
LINEAR
1001
ACAD
1010
0
1020
0
1030
0
  0
CIRCLE
  5
91e
330
1F
100
AcDbEntity
  8
Multi-Layer
100
AcDbCircle
 10
99.1693929387859
 20
62.12545085090164
 30
0.0
 40
0.5
  0
CIRCLE
  5
91f
330
1F
100
AcDbEntity
  8
Multi-Layer
100
AcDbCircle
 10
99.16941833883675
 20
62.12547625095249
 30
0.0
 40
0.8
0
HATCH
5
920
100
AcDbEntity
8
Multi-Layer
100
AcDbHatch
10
0
20
0
30
0
210
0
220
0
230
1
2
SOLID
70
1
71
0
91
1
92
7
72
1
73
1
93
2
10
98.36941833883675
20
62.12547625095249
42
1
10
99.96941833883675
20
62.12547625095249
42
1
97
1
330

75
0
76
1
47
0.8681437583925616
98
1
10
3.629517071192367
20
33.92795499968543
450
0
451
0
460
0
461
0
452
1
462
1
453
2
463
0
63
5
421
255
463
1
63
7
421
16777215
470
LINEAR
1001
ACAD
1010
0
1020
0
1030
0
  0
CIRCLE
  5
921
330
1F
100
AcDbEntity
  8
TopSolderMaskLayer
100
AcDbCircle
 10
96.62938785877577
 20
62.12545085090164
 30
0.0
 40
0.5158750317500634
  0
CIRCLE
  5
922
330
1F
100
AcDbEntity
  8
TopSolderMaskLayer
100
AcDbCircle
 10
96.62941325882662
 20
62.12547625095249
 30
0.0
 40
0.8254000508001016
0
HATCH
5
923
100
AcDbEntity
8
TopSolderMaskLayer
100
AcDbHatch
10
0
20
0
30
0
210
0
220
0
230
1
2
SOLID
70
1
71
0
91
1
92
7
72
1
73
1
93
2
10
95.80401320802652
20
62.12547625095249
42
1
10
97.45481330962672
20
62.12547625095249
42
1
97
1
330

75
0
76
1
47
0.8681437583925616
98
1
10
3.629517071192367
20
33.92795499968543
450
0
451
0
460
0
461
0
452
1
462
1
453
2
463
0
63
5
421
255
463
1
63
7
421
16777215
470
LINEAR
1001
ACAD
1010
0
1020
0
1030
0
  0
CIRCLE
  5
924
330
1F
100
AcDbEntity
  8
BottomSolderMaskLayer
100
AcDbCircle
 10
96.62938785877577
 20
62.12545085090164
 30
0.0
 40
0.5158750317500634
  0
CIRCLE
  5
925
330
1F
100
AcDbEntity
  8
BottomSolderMaskLayer
100
AcDbCircle
 10
96.62941325882662
 20
62.12547625095249
 30
0.0
 40
0.8254000508001016
0
HATCH
5
926
100
AcDbEntity
8
BottomSolderMaskLayer
100
AcDbHatch
10
0
20
0
30
0
210
0
220
0
230
1
2
SOLID
70
1
71
0
91
1
92
7
72
1
73
1
93
2
10
95.80401320802652
20
62.12547625095249
42
1
10
97.45481330962672
20
62.12547625095249
42
1
97
1
330

75
0
76
1
47
0.8681437583925616
98
1
10
3.629517071192367
20
33.92795499968543
450
0
451
0
460
0
461
0
452
1
462
1
453
2
463
0
63
5
421
255
463
1
63
7
421
16777215
470
LINEAR
1001
ACAD
1010
0
1020
0
1030
0
  0
CIRCLE
  5
927
330
1F
100
AcDbEntity
  8
Multi-Layer
100
AcDbCircle
 10
96.62938785877577
 20
62.12545085090164
 30
0.0
 40
0.5
  0
CIRCLE
  5
928
330
1F
100
AcDbEntity
  8
Multi-Layer
100
AcDbCircle
 10
96.62941325882662
 20
62.12547625095249
 30
0.0
 40
0.8
0
HATCH
5
929
100
AcDbEntity
8
Multi-Layer
100
AcDbHatch
10
0
20
0
30
0
210
0
220
0
230
1
2
SOLID
70
1
71
0
91
1
92
7
72
1
73
1
93
2
10
95.82941325882662
20
62.12547625095249
42
1
10
97.42941325882661
20
62.12547625095249
42
1
97
1
330

75
0
76
1
47
0.8681437583925616
98
1
10
3.629517071192367
20
33.92795499968543
450
0
451
0
460
0
461
0
452
1
462
1
453
2
463
0
63
5
421
255
463
1
63
7
421
16777215
470
LINEAR
1001
ACAD
1010
0
1020
0
1030
0
  0
CIRCLE
  5
92a
330
1F
100
AcDbEntity
  8
TopSolderMaskLayer
100
AcDbCircle
 10
94.08938277876564
 20
62.12545085090164
 30
0.0
 40
0.5158750317500634
  0
CIRCLE
  5
92b
330
1F
100
AcDbEntity
  8
TopSolderMaskLayer
100
AcDbCircle
 10
94.08940817881648
 20
62.12547625095249
 30
0.0
 40
0.8254000508001016
0
HATCH
5
92c
100
AcDbEntity
8
TopSolderMaskLayer
100
AcDbHatch
10
0
20
0
30
0
210
0
220
0
230
1
2
SOLID
70
1
71
0
91
1
92
7
72
1
73
1
93
2
10
93.26400812801639
20
62.12547625095249
42
1
10
94.91480822961658
20
62.12547625095249
42
1
97
1
330

75
0
76
1
47
0.8681437583925616
98
1
10
3.629517071192367
20
33.92795499968543
450
0
451
0
460
0
461
0
452
1
462
1
453
2
463
0
63
5
421
255
463
1
63
7
421
16777215
470
LINEAR
1001
ACAD
1010
0
1020
0
1030
0
  0
CIRCLE
  5
92d
330
1F
100
AcDbEntity
  8
BottomSolderMaskLayer
100
AcDbCircle
 10
94.08938277876564
 20
62.12545085090164
 30
0.0
 40
0.5158750317500634
  0
CIRCLE
  5
92e
330
1F
100
AcDbEntity
  8
BottomSolderMaskLayer
100
AcDbCircle
 10
94.08940817881648
 20
62.12547625095249
 30
0.0
 40
0.8254000508001016
0
HATCH
5
92f
100
AcDbEntity
8
BottomSolderMaskLayer
100
AcDbHatch
10
0
20
0
30
0
210
0
220
0
230
1
2
SOLID
70
1
71
0
91
1
92
7
72
1
73
1
93
2
10
93.26400812801639
20
62.12547625095249
42
1
10
94.91480822961658
20
62.12547625095249
42
1
97
1
330

75
0
76
1
47
0.8681437583925616
98
1
10
3.629517071192367
20
33.92795499968543
450
0
451
0
460
0
461
0
452
1
462
1
453
2
463
0
63
5
421
255
463
1
63
7
421
16777215
470
LINEAR
1001
ACAD
1010
0
1020
0
1030
0
  0
CIRCLE
  5
930
330
1F
100
AcDbEntity
  8
Multi-Layer
100
AcDbCircle
 10
94.08938277876564
 20
62.12545085090164
 30
0.0
 40
0.5
  0
CIRCLE
  5
931
330
1F
100
AcDbEntity
  8
Multi-Layer
100
AcDbCircle
 10
94.08940817881648
 20
62.12547625095249
 30
0.0
 40
0.8
0
HATCH
5
932
100
AcDbEntity
8
Multi-Layer
100
AcDbHatch
10
0
20
0
30
0
210
0
220
0
230
1
2
SOLID
70
1
71
0
91
1
92
7
72
1
73
1
93
2
10
93.28940817881649
20
62.12547625095249
42
1
10
94.88940817881648
20
62.12547625095249
42
1
97
1
330

75
0
76
1
47
0.8681437583925616
98
1
10
3.629517071192367
20
33.92795499968543
450
0
451
0
460
0
461
0
452
1
462
1
453
2
463
0
63
5
421
255
463
1
63
7
421
16777215
470
LINEAR
1001
ACAD
1010
0
1020
0
1030
0
  0
CIRCLE
  5
933
330
1F
100
AcDbEntity
  8
TopSolderMaskLayer
100
AcDbCircle
 10
91.54940309880635
 20
62.12545085090164
 30
0.0
 40
0.5158750317500634
  0
CIRCLE
  5
934
330
1F
100
AcDbEntity
  8
TopSolderMaskLayer
100
AcDbCircle
 10
91.54940309880635
 20
62.12547625095249
 30
0.0
 40
0.8254000508001016
0
HATCH
5
935
100
AcDbEntity
8
TopSolderMaskLayer
100
AcDbHatch
10
0
20
0
30
0
210
0
220
0
230
1
2
SOLID
70
1
71
0
91
1
92
7
72
1
73
1
93
2
10
90.72400304800625
20
62.12547625095249
42
1
10
92.37480314960645
20
62.12547625095249
42
1
97
1
330

75
0
76
1
47
0.8681437583925616
98
1
10
3.629517071192367
20
33.92795499968543
450
0
451
0
460
0
461
0
452
1
462
1
453
2
463
0
63
5
421
255
463
1
63
7
421
16777215
470
LINEAR
1001
ACAD
1010
0
1020
0
1030
0
  0
CIRCLE
  5
936
330
1F
100
AcDbEntity
  8
BottomSolderMaskLayer
100
AcDbCircle
 10
91.54940309880635
 20
62.12545085090164
 30
0.0
 40
0.5158750317500634
  0
CIRCLE
  5
937
330
1F
100
AcDbEntity
  8
BottomSolderMaskLayer
100
AcDbCircle
 10
91.54940309880635
 20
62.12547625095249
 30
0.0
 40
0.8254000508001016
0
HATCH
5
938
100
AcDbEntity
8
BottomSolderMaskLayer
100
AcDbHatch
10
0
20
0
30
0
210
0
220
0
230
1
2
SOLID
70
1
71
0
91
1
92
7
72
1
73
1
93
2
10
90.72400304800625
20
62.12547625095249
42
1
10
92.37480314960645
20
62.12547625095249
42
1
97
1
330

75
0
76
1
47
0.8681437583925616
98
1
10
3.629517071192367
20
33.92795499968543
450
0
451
0
460
0
461
0
452
1
462
1
453
2
463
0
63
5
421
255
463
1
63
7
421
16777215
470
LINEAR
1001
ACAD
1010
0
1020
0
1030
0
  0
CIRCLE
  5
939
330
1F
100
AcDbEntity
  8
Multi-Layer
100
AcDbCircle
 10
91.54940309880635
 20
62.12545085090164
 30
0.0
 40
0.5
  0
CIRCLE
  5
93a
330
1F
100
AcDbEntity
  8
Multi-Layer
100
AcDbCircle
 10
91.54940309880635
 20
62.12547625095249
 30
0.0
 40
0.8
0
HATCH
5
93b
100
AcDbEntity
8
Multi-Layer
100
AcDbHatch
10
0
20
0
30
0
210
0
220
0
230
1
2
SOLID
70
1
71
0
91
1
92
7
72
1
73
1
93
2
10
90.74940309880635
20
62.12547625095249
42
1
10
92.34940309880635
20
62.12547625095249
42
1
97
1
330

75
0
76
1
47
0.8681437583925616
98
1
10
3.629517071192367
20
33.92795499968543
450
0
451
0
460
0
461
0
452
1
462
1
453
2
463
0
63
5
421
255
463
1
63
7
421
16777215
470
LINEAR
1001
ACAD
1010
0
1020
0
1030
0
  0
CIRCLE
  5
93c
330
1F
100
AcDbEntity
  8
TopSolderMaskLayer
100
AcDbCircle
 10
89.00939801879622
 20
62.12545085090164
 30
0.0
 40
0.5158750317500634
  0
CIRCLE
  5
93d
330
1F
100
AcDbEntity
  8
TopSolderMaskLayer
100
AcDbCircle
 10
89.00939801879622
 20
62.12547625095249
 30
0.0
 40
0.8254000508001016
0
HATCH
5
93e
100
AcDbEntity
8
TopSolderMaskLayer
100
AcDbHatch
10
0
20
0
30
0
210
0
220
0
230
1
2
SOLID
70
1
71
0
91
1
92
7
72
1
73
1
93
2
10
88.18399796799612
20
62.12547625095249
42
1
10
89.83479806959632
20
62.12547625095249
42
1
97
1
330

75
0
76
1
47
0.8681437583925616
98
1
10
3.629517071192367
20
33.92795499968543
450
0
451
0
460
0
461
0
452
1
462
1
453
2
463
0
63
5
421
255
463
1
63
7
421
16777215
470
LINEAR
1001
ACAD
1010
0
1020
0
1030
0
  0
CIRCLE
  5
93f
330
1F
100
AcDbEntity
  8
BottomSolderMaskLayer
100
AcDbCircle
 10
89.00939801879622
 20
62.12545085090164
 30
0.0
 40
0.5158750317500634
  0
CIRCLE
  5
940
330
1F
100
AcDbEntity
  8
BottomSolderMaskLayer
100
AcDbCircle
 10
89.00939801879622
 20
62.12547625095249
 30
0.0
 40
0.8254000508001016
0
HATCH
5
941
100
AcDbEntity
8
BottomSolderMaskLayer
100
AcDbHatch
10
0
20
0
30
0
210
0
220
0
230
1
2
SOLID
70
1
71
0
91
1
92
7
72
1
73
1
93
2
10
88.18399796799612
20
62.12547625095249
42
1
10
89.83479806959632
20
62.12547625095249
42
1
97
1
330

75
0
76
1
47
0.8681437583925616
98
1
10
3.629517071192367
20
33.92795499968543
450
0
451
0
460
0
461
0
452
1
462
1
453
2
463
0
63
5
421
255
463
1
63
7
421
16777215
470
LINEAR
1001
ACAD
1010
0
1020
0
1030
0
  0
CIRCLE
  5
942
330
1F
100
AcDbEntity
  8
Multi-Layer
100
AcDbCircle
 10
89.00939801879622
 20
62.12545085090164
 30
0.0
 40
0.5
  0
CIRCLE
  5
943
330
1F
100
AcDbEntity
  8
Multi-Layer
100
AcDbCircle
 10
89.00939801879622
 20
62.12547625095249
 30
0.0
 40
0.8
0
HATCH
5
944
100
AcDbEntity
8
Multi-Layer
100
AcDbHatch
10
0
20
0
30
0
210
0
220
0
230
1
2
SOLID
70
1
71
0
91
1
92
7
72
1
73
1
93
2
10
88.20939801879622
20
62.12547625095249
42
1
10
89.80939801879622
20
62.12547625095249
42
1
97
1
330

75
0
76
1
47
0.8681437583925616
98
1
10
3.629517071192367
20
33.92795499968543
450
0
451
0
460
0
461
0
452
1
462
1
453
2
463
0
63
5
421
255
463
1
63
7
421
16777215
470
LINEAR
1001
ACAD
1010
0
1020
0
1030
0
  0
CIRCLE
  5
945
330
1F
100
AcDbEntity
  8
TopSolderMaskLayer
100
AcDbCircle
 10
86.46939293878609
 20
62.12545085090164
 30
0.0
 40
0.5158750317500634
  0
CIRCLE
  5
946
330
1F
100
AcDbEntity
  8
TopSolderMaskLayer
100
AcDbCircle
 10
86.46939293878609
 20
62.12547625095249
 30
0.0
 40
0.8254000508001016
0
HATCH
5
947
100
AcDbEntity
8
TopSolderMaskLayer
100
AcDbHatch
10
0
20
0
30
0
210
0
220
0
230
1
2
SOLID
70
1
71
0
91
1
92
7
72
1
73
1
93
2
10
85.64399288798599
20
62.12547625095249
42
1
10
87.29479298958618
20
62.12547625095249
42
1
97
1
330

75
0
76
1
47
0.8681437583925616
98
1
10
3.629517071192367
20
33.92795499968543
450
0
451
0
460
0
461
0
452
1
462
1
453
2
463
0
63
5
421
255
463
1
63
7
421
16777215
470
LINEAR
1001
ACAD
1010
0
1020
0
1030
0
  0
CIRCLE
  5
948
330
1F
100
AcDbEntity
  8
BottomSolderMaskLayer
100
AcDbCircle
 10
86.46939293878609
 20
62.12545085090164
 30
0.0
 40
0.5158750317500634
  0
CIRCLE
  5
949
330
1F
100
AcDbEntity
  8
BottomSolderMaskLayer
100
AcDbCircle
 10
86.46939293878609
 20
62.12547625095249
 30
0.0
 40
0.8254000508001016
0
HATCH
5
94a
100
AcDbEntity
8
BottomSolderMaskLayer
100
AcDbHatch
10
0
20
0
30
0
210
0
220
0
230
1
2
SOLID
70
1
71
0
91
1
92
7
72
1
73
1
93
2
10
85.64399288798599
20
62.12547625095249
42
1
10
87.29479298958618
20
62.12547625095249
42
1
97
1
330

75
0
76
1
47
0.8681437583925616
98
1
10
3.629517071192367
20
33.92795499968543
450
0
451
0
460
0
461
0
452
1
462
1
453
2
463
0
63
5
421
255
463
1
63
7
421
16777215
470
LINEAR
1001
ACAD
1010
0
1020
0
1030
0
  0
CIRCLE
  5
94b
330
1F
100
AcDbEntity
  8
Multi-Layer
100
AcDbCircle
 10
86.46939293878609
 20
62.12545085090164
 30
0.0
 40
0.5
  0
CIRCLE
  5
94c
330
1F
100
AcDbEntity
  8
Multi-Layer
100
AcDbCircle
 10
86.46939293878609
 20
62.12547625095249
 30
0.0
 40
0.8
0
HATCH
5
94d
100
AcDbEntity
8
Multi-Layer
100
AcDbHatch
10
0
20
0
30
0
210
0
220
0
230
1
2
SOLID
70
1
71
0
91
1
92
7
72
1
73
1
93
2
10
85.66939293878609
20
62.12547625095249
42
1
10
87.26939293878608
20
62.12547625095249
42
1
97
1
330

75
0
76
1
47
0.8681437583925616
98
1
10
3.629517071192367
20
33.92795499968543
450
0
451
0
460
0
461
0
452
1
462
1
453
2
463
0
63
5
421
255
463
1
63
7
421
16777215
470
LINEAR
1001
ACAD
1010
0
1020
0
1030
0
  0
CIRCLE
  5
94e
330
1F
100
AcDbEntity
  8
TopSolderMaskLayer
100
AcDbCircle
 10
83.92938785877573
 20
62.12545085090164
 30
0.0
 40
0.5158750317500634
  0
CIRCLE
  5
94f
330
1F
100
AcDbEntity
  8
TopSolderMaskLayer
100
AcDbCircle
 10
83.92938785877573
 20
62.12547625095249
 30
0.0
 40
0.8254000508001016
0
HATCH
5
950
100
AcDbEntity
8
TopSolderMaskLayer
100
AcDbHatch
10
0
20
0
30
0
210
0
220
0
230
1
2
SOLID
70
1
71
0
91
1
92
7
72
1
73
1
93
2
10
83.10398780797563
20
62.12547625095249
42
1
10
84.75478790957582
20
62.12547625095249
42
1
97
1
330

75
0
76
1
47
0.8681437583925616
98
1
10
3.629517071192367
20
33.92795499968543
450
0
451
0
460
0
461
0
452
1
462
1
453
2
463
0
63
5
421
255
463
1
63
7
421
16777215
470
LINEAR
1001
ACAD
1010
0
1020
0
1030
0
  0
CIRCLE
  5
951
330
1F
100
AcDbEntity
  8
BottomSolderMaskLayer
100
AcDbCircle
 10
83.92938785877573
 20
62.12545085090164
 30
0.0
 40
0.5158750317500634
  0
CIRCLE
  5
952
330
1F
100
AcDbEntity
  8
BottomSolderMaskLayer
100
AcDbCircle
 10
83.92938785877573
 20
62.12547625095249
 30
0.0
 40
0.8254000508001016
0
HATCH
5
953
100
AcDbEntity
8
BottomSolderMaskLayer
100
AcDbHatch
10
0
20
0
30
0
210
0
220
0
230
1
2
SOLID
70
1
71
0
91
1
92
7
72
1
73
1
93
2
10
83.10398780797563
20
62.12547625095249
42
1
10
84.75478790957582
20
62.12547625095249
42
1
97
1
330

75
0
76
1
47
0.8681437583925616
98
1
10
3.629517071192367
20
33.92795499968543
450
0
451
0
460
0
461
0
452
1
462
1
453
2
463
0
63
5
421
255
463
1
63
7
421
16777215
470
LINEAR
1001
ACAD
1010
0
1020
0
1030
0
  0
CIRCLE
  5
954
330
1F
100
AcDbEntity
  8
Multi-Layer
100
AcDbCircle
 10
83.92938785877573
 20
62.12545085090164
 30
0.0
 40
0.5
  0
CIRCLE
  5
955
330
1F
100
AcDbEntity
  8
Multi-Layer
100
AcDbCircle
 10
83.92938785877573
 20
62.12547625095249
 30
0.0
 40
0.8
0
HATCH
5
956
100
AcDbEntity
8
Multi-Layer
100
AcDbHatch
10
0
20
0
30
0
210
0
220
0
230
1
2
SOLID
70
1
71
0
91
1
92
7
72
1
73
1
93
2
10
83.12938785877573
20
62.12547625095249
42
1
10
84.72938785877572
20
62.12547625095249
42
1
97
1
330

75
0
76
1
47
0.8681437583925616
98
1
10
3.629517071192367
20
33.92795499968543
450
0
451
0
460
0
461
0
452
1
462
1
453
2
463
0
63
5
421
255
463
1
63
7
421
16777215
470
LINEAR
1001
ACAD
1010
0
1020
0
1030
0
  0
CIRCLE
  5
957
330
1F
100
AcDbEntity
  8
TopSolderMaskLayer
100
AcDbCircle
 10
81.3893827787656
 20
62.12545085090164
 30
0.0
 40
0.5158750317500634
  0
CIRCLE
  5
958
330
1F
100
AcDbEntity
  8
TopSolderMaskLayer
100
AcDbCircle
 10
81.3893827787656
 20
62.12547625095249
 30
0.0
 40
0.8254000508001016
0
HATCH
5
959
100
AcDbEntity
8
TopSolderMaskLayer
100
AcDbHatch
10
0
20
0
30
0
210
0
220
0
230
1
2
SOLID
70
1
71
0
91
1
92
7
72
1
73
1
93
2
10
80.5639827279655
20
62.12547625095249
42
1
10
82.21478282956569
20
62.12547625095249
42
1
97
1
330

75
0
76
1
47
0.8681437583925616
98
1
10
3.629517071192367
20
33.92795499968543
450
0
451
0
460
0
461
0
452
1
462
1
453
2
463
0
63
5
421
255
463
1
63
7
421
16777215
470
LINEAR
1001
ACAD
1010
0
1020
0
1030
0
  0
CIRCLE
  5
95a
330
1F
100
AcDbEntity
  8
BottomSolderMaskLayer
100
AcDbCircle
 10
81.3893827787656
 20
62.12545085090164
 30
0.0
 40
0.5158750317500634
  0
CIRCLE
  5
95b
330
1F
100
AcDbEntity
  8
BottomSolderMaskLayer
100
AcDbCircle
 10
81.3893827787656
 20
62.12547625095249
 30
0.0
 40
0.8254000508001016
0
HATCH
5
95c
100
AcDbEntity
8
BottomSolderMaskLayer
100
AcDbHatch
10
0
20
0
30
0
210
0
220
0
230
1
2
SOLID
70
1
71
0
91
1
92
7
72
1
73
1
93
2
10
80.5639827279655
20
62.12547625095249
42
1
10
82.21478282956569
20
62.12547625095249
42
1
97
1
330

75
0
76
1
47
0.8681437583925616
98
1
10
3.629517071192367
20
33.92795499968543
450
0
451
0
460
0
461
0
452
1
462
1
453
2
463
0
63
5
421
255
463
1
63
7
421
16777215
470
LINEAR
1001
ACAD
1010
0
1020
0
1030
0
  0
CIRCLE
  5
95d
330
1F
100
AcDbEntity
  8
Multi-Layer
100
AcDbCircle
 10
81.3893827787656
 20
62.12545085090164
 30
0.0
 40
0.5
  0
CIRCLE
  5
95e
330
1F
100
AcDbEntity
  8
Multi-Layer
100
AcDbCircle
 10
81.3893827787656
 20
62.12547625095249
 30
0.0
 40
0.8
0
HATCH
5
95f
100
AcDbEntity
8
Multi-Layer
100
AcDbHatch
10
0
20
0
30
0
210
0
220
0
230
1
2
SOLID
70
1
71
0
91
1
92
7
72
1
73
1
93
2
10
80.5893827787656
20
62.12547625095249
42
1
10
82.18938277876559
20
62.12547625095249
42
1
97
1
330

75
0
76
1
47
0.8681437583925616
98
1
10
3.629517071192367
20
33.92795499968543
450
0
451
0
460
0
461
0
452
1
462
1
453
2
463
0
63
5
421
255
463
1
63
7
421
16777215
470
LINEAR
1001
ACAD
1010
0
1020
0
1030
0
  0
CIRCLE
  5
960
330
1F
100
AcDbEntity
  8
TopSolderMaskLayer
100
AcDbCircle
 10
78.84940309880608
 20
62.12545085090164
 30
0.0
 40
0.5158750317500634
  0
CIRCLE
  5
961
330
1F
100
AcDbEntity
  8
TopSolderMaskLayer
100
AcDbCircle
 10
78.84937769875546
 20
62.12547625095249
 30
0.0
 40
0.8254000508001016
0
HATCH
5
962
100
AcDbEntity
8
TopSolderMaskLayer
100
AcDbHatch
10
0
20
0
30
0
210
0
220
0
230
1
2
SOLID
70
1
71
0
91
1
92
7
72
1
73
1
93
2
10
78.02397764795536
20
62.12547625095249
42
1
10
79.67477774955556
20
62.12547625095249
42
1
97
1
330

75
0
76
1
47
0.8681437583925616
98
1
10
3.629517071192367
20
33.92795499968543
450
0
451
0
460
0
461
0
452
1
462
1
453
2
463
0
63
5
421
255
463
1
63
7
421
16777215
470
LINEAR
1001
ACAD
1010
0
1020
0
1030
0
  0
CIRCLE
  5
963
330
1F
100
AcDbEntity
  8
BottomSolderMaskLayer
100
AcDbCircle
 10
78.84940309880608
 20
62.12545085090164
 30
0.0
 40
0.5158750317500634
  0
CIRCLE
  5
964
330
1F
100
AcDbEntity
  8
BottomSolderMaskLayer
100
AcDbCircle
 10
78.84937769875546
 20
62.12547625095249
 30
0.0
 40
0.8254000508001016
0
HATCH
5
965
100
AcDbEntity
8
BottomSolderMaskLayer
100
AcDbHatch
10
0
20
0
30
0
210
0
220
0
230
1
2
SOLID
70
1
71
0
91
1
92
7
72
1
73
1
93
2
10
78.02397764795536
20
62.12547625095249
42
1
10
79.67477774955556
20
62.12547625095249
42
1
97
1
330

75
0
76
1
47
0.8681437583925616
98
1
10
3.629517071192367
20
33.92795499968543
450
0
451
0
460
0
461
0
452
1
462
1
453
2
463
0
63
5
421
255
463
1
63
7
421
16777215
470
LINEAR
1001
ACAD
1010
0
1020
0
1030
0
  0
CIRCLE
  5
966
330
1F
100
AcDbEntity
  8
Multi-Layer
100
AcDbCircle
 10
78.84940309880608
 20
62.12545085090164
 30
0.0
 40
0.5
  0
CIRCLE
  5
967
330
1F
100
AcDbEntity
  8
Multi-Layer
100
AcDbCircle
 10
78.84937769875546
 20
62.12547625095249
 30
0.0
 40
0.8
0
HATCH
5
968
100
AcDbEntity
8
Multi-Layer
100
AcDbHatch
10
0
20
0
30
0
210
0
220
0
230
1
2
SOLID
70
1
71
0
91
1
92
7
72
1
73
1
93
2
10
78.04937769875546
20
62.12547625095249
42
1
10
79.64937769875546
20
62.12547625095249
42
1
97
1
330

75
0
76
1
47
0.8681437583925616
98
1
10
3.629517071192367
20
33.92795499968543
450
0
451
0
460
0
461
0
452
1
462
1
453
2
463
0
63
5
421
255
463
1
63
7
421
16777215
470
LINEAR
1001
ACAD
1010
0
1020
0
1030
0
  0
CIRCLE
  5
969
330
1F
100
AcDbEntity
  8
TopSolderMaskLayer
100
AcDbCircle
 10
76.30939801879595
 20
62.12545085090164
 30
0.0
 40
0.5158750317500634
  0
CIRCLE
  5
96a
330
1F
100
AcDbEntity
  8
TopSolderMaskLayer
100
AcDbCircle
 10
76.30937261874533
 20
62.12547625095249
 30
0.0
 40
0.8254000508001016
0
HATCH
5
96b
100
AcDbEntity
8
TopSolderMaskLayer
100
AcDbHatch
10
0
20
0
30
0
210
0
220
0
230
1
2
SOLID
70
1
71
0
91
1
92
7
72
1
73
1
93
2
10
75.48397256794523
20
62.12547625095249
42
1
10
77.13477266954543
20
62.12547625095249
42
1
97
1
330

75
0
76
1
47
0.8681437583925616
98
1
10
3.629517071192367
20
33.92795499968543
450
0
451
0
460
0
461
0
452
1
462
1
453
2
463
0
63
5
421
255
463
1
63
7
421
16777215
470
LINEAR
1001
ACAD
1010
0
1020
0
1030
0
  0
CIRCLE
  5
96c
330
1F
100
AcDbEntity
  8
BottomSolderMaskLayer
100
AcDbCircle
 10
76.30939801879595
 20
62.12545085090164
 30
0.0
 40
0.5158750317500634
  0
CIRCLE
  5
96d
330
1F
100
AcDbEntity
  8
BottomSolderMaskLayer
100
AcDbCircle
 10
76.30937261874533
 20
62.12547625095249
 30
0.0
 40
0.8254000508001016
0
HATCH
5
96e
100
AcDbEntity
8
BottomSolderMaskLayer
100
AcDbHatch
10
0
20
0
30
0
210
0
220
0
230
1
2
SOLID
70
1
71
0
91
1
92
7
72
1
73
1
93
2
10
75.48397256794523
20
62.12547625095249
42
1
10
77.13477266954543
20
62.12547625095249
42
1
97
1
330

75
0
76
1
47
0.8681437583925616
98
1
10
3.629517071192367
20
33.92795499968543
450
0
451
0
460
0
461
0
452
1
462
1
453
2
463
0
63
5
421
255
463
1
63
7
421
16777215
470
LINEAR
1001
ACAD
1010
0
1020
0
1030
0
  0
CIRCLE
  5
96f
330
1F
100
AcDbEntity
  8
Multi-Layer
100
AcDbCircle
 10
76.30939801879595
 20
62.12545085090164
 30
0.0
 40
0.5
  0
CIRCLE
  5
970
330
1F
100
AcDbEntity
  8
Multi-Layer
100
AcDbCircle
 10
76.30937261874533
 20
62.12547625095249
 30
0.0
 40
0.8
0
HATCH
5
971
100
AcDbEntity
8
Multi-Layer
100
AcDbHatch
10
0
20
0
30
0
210
0
220
0
230
1
2
SOLID
70
1
71
0
91
1
92
7
72
1
73
1
93
2
10
75.50937261874533
20
62.12547625095249
42
1
10
77.10937261874533
20
62.12547625095249
42
1
97
1
330

75
0
76
1
47
0.8681437583925616
98
1
10
3.629517071192367
20
33.92795499968543
450
0
451
0
460
0
461
0
452
1
462
1
453
2
463
0
63
5
421
255
463
1
63
7
421
16777215
470
LINEAR
1001
ACAD
1010
0
1020
0
1030
0
  0
CIRCLE
  5
972
330
1F
100
AcDbEntity
  8
TopSolderMaskLayer
100
AcDbCircle
 10
73.76939293878581
 20
62.12545085090164
 30
0.0
 40
0.5158750317500634
  0
CIRCLE
  5
973
330
1F
100
AcDbEntity
  8
TopSolderMaskLayer
100
AcDbCircle
 10
73.7693675387352
 20
62.12547625095249
 30
0.0
 40
0.8254000508001016
0
HATCH
5
974
100
AcDbEntity
8
TopSolderMaskLayer
100
AcDbHatch
10
0
20
0
30
0
210
0
220
0
230
1
2
SOLID
70
1
71
0
91
1
92
7
72
1
73
1
93
2
10
72.9439674879351
20
62.12547625095249
42
1
10
74.5947675895353
20
62.12547625095249
42
1
97
1
330

75
0
76
1
47
0.8681437583925616
98
1
10
3.629517071192367
20
33.92795499968543
450
0
451
0
460
0
461
0
452
1
462
1
453
2
463
0
63
5
421
255
463
1
63
7
421
16777215
470
LINEAR
1001
ACAD
1010
0
1020
0
1030
0
  0
CIRCLE
  5
975
330
1F
100
AcDbEntity
  8
BottomSolderMaskLayer
100
AcDbCircle
 10
73.76939293878581
 20
62.12545085090164
 30
0.0
 40
0.5158750317500634
  0
CIRCLE
  5
976
330
1F
100
AcDbEntity
  8
BottomSolderMaskLayer
100
AcDbCircle
 10
73.7693675387352
 20
62.12547625095249
 30
0.0
 40
0.8254000508001016
0
HATCH
5
977
100
AcDbEntity
8
BottomSolderMaskLayer
100
AcDbHatch
10
0
20
0
30
0
210
0
220
0
230
1
2
SOLID
70
1
71
0
91
1
92
7
72
1
73
1
93
2
10
72.9439674879351
20
62.12547625095249
42
1
10
74.5947675895353
20
62.12547625095249
42
1
97
1
330

75
0
76
1
47
0.8681437583925616
98
1
10
3.629517071192367
20
33.92795499968543
450
0
451
0
460
0
461
0
452
1
462
1
453
2
463
0
63
5
421
255
463
1
63
7
421
16777215
470
LINEAR
1001
ACAD
1010
0
1020
0
1030
0
  0
CIRCLE
  5
978
330
1F
100
AcDbEntity
  8
Multi-Layer
100
AcDbCircle
 10
73.76939293878581
 20
62.12545085090164
 30
0.0
 40
0.5
  0
CIRCLE
  5
979
330
1F
100
AcDbEntity
  8
Multi-Layer
100
AcDbCircle
 10
73.7693675387352
 20
62.12547625095249
 30
0.0
 40
0.8
0
HATCH
5
97a
100
AcDbEntity
8
Multi-Layer
100
AcDbHatch
10
0
20
0
30
0
210
0
220
0
230
1
2
SOLID
70
1
71
0
91
1
92
7
72
1
73
1
93
2
10
72.9693675387352
20
62.12547625095249
42
1
10
74.5693675387352
20
62.12547625095249
42
1
97
1
330

75
0
76
1
47
0.8681437583925616
98
1
10
3.629517071192367
20
33.92795499968543
450
0
451
0
460
0
461
0
452
1
462
1
453
2
463
0
63
5
421
255
463
1
63
7
421
16777215
470
LINEAR
1001
ACAD
1010
0
1020
0
1030
0
  0
CIRCLE
  5
97b
330
1F
100
AcDbEntity
  8
TopSolderMaskLayer
100
AcDbCircle
 10
71.22938785877568
 20
62.12545085090164
 30
0.0
 40
0.5158750317500634
  0
CIRCLE
  5
97c
330
1F
100
AcDbEntity
  8
TopSolderMaskLayer
100
AcDbCircle
 10
71.22936245872506
 20
62.12547625095249
 30
0.0
 40
0.8254000508001016
0
HATCH
5
97d
100
AcDbEntity
8
TopSolderMaskLayer
100
AcDbHatch
10
0
20
0
30
0
210
0
220
0
230
1
2
SOLID
70
1
71
0
91
1
92
7
72
1
73
1
93
2
10
70.40396240792496
20
62.12547625095249
42
1
10
72.05476250952516
20
62.12547625095249
42
1
97
1
330

75
0
76
1
47
0.8681437583925616
98
1
10
3.629517071192367
20
33.92795499968543
450
0
451
0
460
0
461
0
452
1
462
1
453
2
463
0
63
5
421
255
463
1
63
7
421
16777215
470
LINEAR
1001
ACAD
1010
0
1020
0
1030
0
  0
CIRCLE
  5
97e
330
1F
100
AcDbEntity
  8
BottomSolderMaskLayer
100
AcDbCircle
 10
71.22938785877568
 20
62.12545085090164
 30
0.0
 40
0.5158750317500634
  0
CIRCLE
  5
97f
330
1F
100
AcDbEntity
  8
BottomSolderMaskLayer
100
AcDbCircle
 10
71.22936245872506
 20
62.12547625095249
 30
0.0
 40
0.8254000508001016
0
HATCH
5
980
100
AcDbEntity
8
BottomSolderMaskLayer
100
AcDbHatch
10
0
20
0
30
0
210
0
220
0
230
1
2
SOLID
70
1
71
0
91
1
92
7
72
1
73
1
93
2
10
70.40396240792496
20
62.12547625095249
42
1
10
72.05476250952516
20
62.12547625095249
42
1
97
1
330

75
0
76
1
47
0.8681437583925616
98
1
10
3.629517071192367
20
33.92795499968543
450
0
451
0
460
0
461
0
452
1
462
1
453
2
463
0
63
5
421
255
463
1
63
7
421
16777215
470
LINEAR
1001
ACAD
1010
0
1020
0
1030
0
  0
CIRCLE
  5
981
330
1F
100
AcDbEntity
  8
Multi-Layer
100
AcDbCircle
 10
71.22938785877568
 20
62.12545085090164
 30
0.0
 40
0.5
  0
CIRCLE
  5
982
330
1F
100
AcDbEntity
  8
Multi-Layer
100
AcDbCircle
 10
71.22936245872506
 20
62.12547625095249
 30
0.0
 40
0.8
0
HATCH
5
983
100
AcDbEntity
8
Multi-Layer
100
AcDbHatch
10
0
20
0
30
0
210
0
220
0
230
1
2
SOLID
70
1
71
0
91
1
92
7
72
1
73
1
93
2
10
70.42936245872507
20
62.12547625095249
42
1
10
72.02936245872506
20
62.12547625095249
42
1
97
1
330

75
0
76
1
47
0.8681437583925616
98
1
10
3.629517071192367
20
33.92795499968543
450
0
451
0
460
0
461
0
452
1
462
1
453
2
463
0
63
5
421
255
463
1
63
7
421
16777215
470
LINEAR
1001
ACAD
1010
0
1020
0
1030
0
  0
CIRCLE
  5
984
330
1F
100
AcDbEntity
  8
TopSolderMaskLayer
100
AcDbCircle
 10
68.68938277876555
 20
62.12545085090164
 30
0.0
 40
0.5158750317500634
  0
CIRCLE
  5
985
330
1F
100
AcDbEntity
  8
TopSolderMaskLayer
100
AcDbCircle
 10
68.68935737871493
 20
62.12547625095249
 30
0.0
 40
0.8254000508001016
0
HATCH
5
986
100
AcDbEntity
8
TopSolderMaskLayer
100
AcDbHatch
10
0
20
0
30
0
210
0
220
0
230
1
2
SOLID
70
1
71
0
91
1
92
7
72
1
73
1
93
2
10
67.86395732791483
20
62.12547625095249
42
1
10
69.51475742951503
20
62.12547625095249
42
1
97
1
330

75
0
76
1
47
0.8681437583925616
98
1
10
3.629517071192367
20
33.92795499968543
450
0
451
0
460
0
461
0
452
1
462
1
453
2
463
0
63
5
421
255
463
1
63
7
421
16777215
470
LINEAR
1001
ACAD
1010
0
1020
0
1030
0
  0
CIRCLE
  5
987
330
1F
100
AcDbEntity
  8
BottomSolderMaskLayer
100
AcDbCircle
 10
68.68938277876555
 20
62.12545085090164
 30
0.0
 40
0.5158750317500634
  0
CIRCLE
  5
988
330
1F
100
AcDbEntity
  8
BottomSolderMaskLayer
100
AcDbCircle
 10
68.68935737871493
 20
62.12547625095249
 30
0.0
 40
0.8254000508001016
0
HATCH
5
989
100
AcDbEntity
8
BottomSolderMaskLayer
100
AcDbHatch
10
0
20
0
30
0
210
0
220
0
230
1
2
SOLID
70
1
71
0
91
1
92
7
72
1
73
1
93
2
10
67.86395732791483
20
62.12547625095249
42
1
10
69.51475742951503
20
62.12547625095249
42
1
97
1
330

75
0
76
1
47
0.8681437583925616
98
1
10
3.629517071192367
20
33.92795499968543
450
0
451
0
460
0
461
0
452
1
462
1
453
2
463
0
63
5
421
255
463
1
63
7
421
16777215
470
LINEAR
1001
ACAD
1010
0
1020
0
1030
0
  0
CIRCLE
  5
98a
330
1F
100
AcDbEntity
  8
Multi-Layer
100
AcDbCircle
 10
68.68938277876555
 20
62.12545085090164
 30
0.0
 40
0.5
  0
CIRCLE
  5
98b
330
1F
100
AcDbEntity
  8
Multi-Layer
100
AcDbCircle
 10
68.68935737871493
 20
62.12547625095249
 30
0.0
 40
0.8
0
HATCH
5
98c
100
AcDbEntity
8
Multi-Layer
100
AcDbHatch
10
0
20
0
30
0
210
0
220
0
230
1
2
SOLID
70
1
71
0
91
1
92
7
72
1
73
1
93
2
10
67.88935737871493
20
62.12547625095249
42
1
10
69.48935737871493
20
62.12547625095249
42
1
97
1
330

75
0
76
1
47
0.8681437583925616
98
1
10
3.629517071192367
20
33.92795499968543
450
0
451
0
460
0
461
0
452
1
462
1
453
2
463
0
63
5
421
255
463
1
63
7
421
16777215
470
LINEAR
1001
ACAD
1010
0
1020
0
1030
0
  0
CIRCLE
  5
98d
330
1F
100
AcDbEntity
  8
TopSolderMaskLayer
100
AcDbCircle
 10
66.14940309880626
 20
62.12545085090164
 30
0.0
 40
0.5158750317500634
  0
CIRCLE
  5
98e
330
1F
100
AcDbEntity
  8
TopSolderMaskLayer
100
AcDbCircle
 10
66.1493522987048
 20
62.12547625095249
 30
0.0
 40
0.8254000508001016
0
HATCH
5
98f
100
AcDbEntity
8
TopSolderMaskLayer
100
AcDbHatch
10
0
20
0
30
0
210
0
220
0
230
1
2
SOLID
70
1
71
0
91
1
92
7
72
1
73
1
93
2
10
65.3239522479047
20
62.12547625095249
42
1
10
66.9747523495049
20
62.12547625095249
42
1
97
1
330

75
0
76
1
47
0.8681437583925616
98
1
10
3.629517071192367
20
33.92795499968543
450
0
451
0
460
0
461
0
452
1
462
1
453
2
463
0
63
5
421
255
463
1
63
7
421
16777215
470
LINEAR
1001
ACAD
1010
0
1020
0
1030
0
  0
CIRCLE
  5
990
330
1F
100
AcDbEntity
  8
BottomSolderMaskLayer
100
AcDbCircle
 10
66.14940309880626
 20
62.12545085090164
 30
0.0
 40
0.5158750317500634
  0
CIRCLE
  5
991
330
1F
100
AcDbEntity
  8
BottomSolderMaskLayer
100
AcDbCircle
 10
66.1493522987048
 20
62.12547625095249
 30
0.0
 40
0.8254000508001016
0
HATCH
5
992
100
AcDbEntity
8
BottomSolderMaskLayer
100
AcDbHatch
10
0
20
0
30
0
210
0
220
0
230
1
2
SOLID
70
1
71
0
91
1
92
7
72
1
73
1
93
2
10
65.3239522479047
20
62.12547625095249
42
1
10
66.9747523495049
20
62.12547625095249
42
1
97
1
330

75
0
76
1
47
0.8681437583925616
98
1
10
3.629517071192367
20
33.92795499968543
450
0
451
0
460
0
461
0
452
1
462
1
453
2
463
0
63
5
421
255
463
1
63
7
421
16777215
470
LINEAR
1001
ACAD
1010
0
1020
0
1030
0
  0
CIRCLE
  5
993
330
1F
100
AcDbEntity
  8
Multi-Layer
100
AcDbCircle
 10
66.14940309880626
 20
62.12545085090164
 30
0.0
 40
0.5
  0
CIRCLE
  5
994
330
1F
100
AcDbEntity
  8
Multi-Layer
100
AcDbCircle
 10
66.1493522987048
 20
62.12547625095249
 30
0.0
 40
0.8
0
HATCH
5
995
100
AcDbEntity
8
Multi-Layer
100
AcDbHatch
10
0
20
0
30
0
210
0
220
0
230
1
2
SOLID
70
1
71
0
91
1
92
7
72
1
73
1
93
2
10
65.3493522987048
20
62.12547625095249
42
1
10
66.9493522987048
20
62.12547625095249
42
1
97
1
330

75
0
76
1
47
0.8681437583925616
98
1
10
3.629517071192367
20
33.92795499968543
450
0
451
0
460
0
461
0
452
1
462
1
453
2
463
0
63
5
421
255
463
1
63
7
421
16777215
470
LINEAR
1001
ACAD
1010
0
1020
0
1030
0
  0
CIRCLE
  5
996
330
1F
100
AcDbEntity
  8
TopSolderMaskLayer
100
AcDbCircle
 10
63.6093980187959
 20
62.12545085090164
 30
0.0
 40
0.5158750317500634
  0
CIRCLE
  5
997
330
1F
100
AcDbEntity
  8
TopSolderMaskLayer
100
AcDbCircle
 10
63.60934721869444
 20
62.12547625095249
 30
0.0
 40
0.8254000508001016
0
HATCH
5
998
100
AcDbEntity
8
TopSolderMaskLayer
100
AcDbHatch
10
0
20
0
30
0
210
0
220
0
230
1
2
SOLID
70
1
71
0
91
1
92
7
72
1
73
1
93
2
10
62.78394716789434
20
62.12547625095249
42
1
10
64.43474726949454
20
62.12547625095249
42
1
97
1
330

75
0
76
1
47
0.8681437583925616
98
1
10
3.629517071192367
20
33.92795499968543
450
0
451
0
460
0
461
0
452
1
462
1
453
2
463
0
63
5
421
255
463
1
63
7
421
16777215
470
LINEAR
1001
ACAD
1010
0
1020
0
1030
0
  0
CIRCLE
  5
999
330
1F
100
AcDbEntity
  8
BottomSolderMaskLayer
100
AcDbCircle
 10
63.6093980187959
 20
62.12545085090164
 30
0.0
 40
0.5158750317500634
  0
CIRCLE
  5
99a
330
1F
100
AcDbEntity
  8
BottomSolderMaskLayer
100
AcDbCircle
 10
63.60934721869444
 20
62.12547625095249
 30
0.0
 40
0.8254000508001016
0
HATCH
5
99b
100
AcDbEntity
8
BottomSolderMaskLayer
100
AcDbHatch
10
0
20
0
30
0
210
0
220
0
230
1
2
SOLID
70
1
71
0
91
1
92
7
72
1
73
1
93
2
10
62.78394716789434
20
62.12547625095249
42
1
10
64.43474726949454
20
62.12547625095249
42
1
97
1
330

75
0
76
1
47
0.8681437583925616
98
1
10
3.629517071192367
20
33.92795499968543
450
0
451
0
460
0
461
0
452
1
462
1
453
2
463
0
63
5
421
255
463
1
63
7
421
16777215
470
LINEAR
1001
ACAD
1010
0
1020
0
1030
0
  0
CIRCLE
  5
99c
330
1F
100
AcDbEntity
  8
Multi-Layer
100
AcDbCircle
 10
63.6093980187959
 20
62.12545085090164
 30
0.0
 40
0.5
  0
CIRCLE
  5
99d
330
1F
100
AcDbEntity
  8
Multi-Layer
100
AcDbCircle
 10
63.60934721869444
 20
62.12547625095249
 30
0.0
 40
0.8
0
HATCH
5
99e
100
AcDbEntity
8
Multi-Layer
100
AcDbHatch
10
0
20
0
30
0
210
0
220
0
230
1
2
SOLID
70
1
71
0
91
1
92
7
72
1
73
1
93
2
10
62.80934721869444
20
62.12547625095249
42
1
10
64.40934721869444
20
62.12547625095249
42
1
97
1
330

75
0
76
1
47
0.8681437583925616
98
1
10
3.629517071192367
20
33.92795499968543
450
0
451
0
460
0
461
0
452
1
462
1
453
2
463
0
63
5
421
255
463
1
63
7
421
16777215
470
LINEAR
1001
ACAD
1010
0
1020
0
1030
0
  0
CIRCLE
  5
99f
330
1F
100
AcDbEntity
  8
TopSolderMaskLayer
100
AcDbCircle
 10
61.06939293878577
 20
62.12545085090164
 30
0.0
 40
0.5158750317500634
  0
CIRCLE
  5
9a0
330
1F
100
AcDbEntity
  8
TopSolderMaskLayer
100
AcDbCircle
 10
61.069342138684306
 20
62.12547625095249
 30
0.0
 40
0.8254000508001016
0
HATCH
5
9a1
100
AcDbEntity
8
TopSolderMaskLayer
100
AcDbHatch
10
0
20
0
30
0
210
0
220
0
230
1
2
SOLID
70
1
71
0
91
1
92
7
72
1
73
1
93
2
10
60.24394208788421
20
62.12547625095249
42
1
10
61.894742189484404
20
62.12547625095249
42
1
97
1
330

75
0
76
1
47
0.8681437583925616
98
1
10
3.629517071192367
20
33.92795499968543
450
0
451
0
460
0
461
0
452
1
462
1
453
2
463
0
63
5
421
255
463
1
63
7
421
16777215
470
LINEAR
1001
ACAD
1010
0
1020
0
1030
0
  0
CIRCLE
  5
9a2
330
1F
100
AcDbEntity
  8
BottomSolderMaskLayer
100
AcDbCircle
 10
61.06939293878577
 20
62.12545085090164
 30
0.0
 40
0.5158750317500634
  0
CIRCLE
  5
9a3
330
1F
100
AcDbEntity
  8
BottomSolderMaskLayer
100
AcDbCircle
 10
61.069342138684306
 20
62.12547625095249
 30
0.0
 40
0.8254000508001016
0
HATCH
5
9a4
100
AcDbEntity
8
BottomSolderMaskLayer
100
AcDbHatch
10
0
20
0
30
0
210
0
220
0
230
1
2
SOLID
70
1
71
0
91
1
92
7
72
1
73
1
93
2
10
60.24394208788421
20
62.12547625095249
42
1
10
61.894742189484404
20
62.12547625095249
42
1
97
1
330

75
0
76
1
47
0.8681437583925616
98
1
10
3.629517071192367
20
33.92795499968543
450
0
451
0
460
0
461
0
452
1
462
1
453
2
463
0
63
5
421
255
463
1
63
7
421
16777215
470
LINEAR
1001
ACAD
1010
0
1020
0
1030
0
  0
CIRCLE
  5
9a5
330
1F
100
AcDbEntity
  8
Multi-Layer
100
AcDbCircle
 10
61.06939293878577
 20
62.12545085090164
 30
0.0
 40
0.5
  0
CIRCLE
  5
9a6
330
1F
100
AcDbEntity
  8
Multi-Layer
100
AcDbCircle
 10
61.069342138684306
 20
62.12547625095249
 30
0.0
 40
0.8
0
HATCH
5
9a7
100
AcDbEntity
8
Multi-Layer
100
AcDbHatch
10
0
20
0
30
0
210
0
220
0
230
1
2
SOLID
70
1
71
0
91
1
92
7
72
1
73
1
93
2
10
60.26934213868431
20
62.12547625095249
42
1
10
61.8693421386843
20
62.12547625095249
42
1
97
1
330

75
0
76
1
47
0.8681437583925616
98
1
10
3.629517071192367
20
33.92795499968543
450
0
451
0
460
0
461
0
452
1
462
1
453
2
463
0
63
5
421
255
463
1
63
7
421
16777215
470
LINEAR
1001
ACAD
1010
0
1020
0
1030
0
  0
CIRCLE
  5
9a8
330
1F
100
AcDbEntity
  8
TopSolderMaskLayer
100
AcDbCircle
 10
58.529387858775635
 20
62.12545085090164
 30
0.0
 40
0.5158750317500634
  0
CIRCLE
  5
9a9
330
1F
100
AcDbEntity
  8
TopSolderMaskLayer
100
AcDbCircle
 10
58.52933705867417
 20
62.12547625095249
 30
0.0
 40
0.8254000508001016
0
HATCH
5
9aa
100
AcDbEntity
8
TopSolderMaskLayer
100
AcDbHatch
10
0
20
0
30
0
210
0
220
0
230
1
2
SOLID
70
1
71
0
91
1
92
7
72
1
73
1
93
2
10
57.703937007874075
20
62.12547625095249
42
1
10
59.35473710947427
20
62.12547625095249
42
1
97
1
330

75
0
76
1
47
0.8681437583925616
98
1
10
3.629517071192367
20
33.92795499968543
450
0
451
0
460
0
461
0
452
1
462
1
453
2
463
0
63
5
421
255
463
1
63
7
421
16777215
470
LINEAR
1001
ACAD
1010
0
1020
0
1030
0
  0
CIRCLE
  5
9ab
330
1F
100
AcDbEntity
  8
BottomSolderMaskLayer
100
AcDbCircle
 10
58.529387858775635
 20
62.12545085090164
 30
0.0
 40
0.5158750317500634
  0
CIRCLE
  5
9ac
330
1F
100
AcDbEntity
  8
BottomSolderMaskLayer
100
AcDbCircle
 10
58.52933705867417
 20
62.12547625095249
 30
0.0
 40
0.8254000508001016
0
HATCH
5
9ad
100
AcDbEntity
8
BottomSolderMaskLayer
100
AcDbHatch
10
0
20
0
30
0
210
0
220
0
230
1
2
SOLID
70
1
71
0
91
1
92
7
72
1
73
1
93
2
10
57.703937007874075
20
62.12547625095249
42
1
10
59.35473710947427
20
62.12547625095249
42
1
97
1
330

75
0
76
1
47
0.8681437583925616
98
1
10
3.629517071192367
20
33.92795499968543
450
0
451
0
460
0
461
0
452
1
462
1
453
2
463
0
63
5
421
255
463
1
63
7
421
16777215
470
LINEAR
1001
ACAD
1010
0
1020
0
1030
0
  0
CIRCLE
  5
9ae
330
1F
100
AcDbEntity
  8
Multi-Layer
100
AcDbCircle
 10
58.529387858775635
 20
62.12545085090164
 30
0.0
 40
0.5
  0
CIRCLE
  5
9af
330
1F
100
AcDbEntity
  8
Multi-Layer
100
AcDbCircle
 10
58.52933705867417
 20
62.12547625095249
 30
0.0
 40
0.8
0
HATCH
5
9b0
100
AcDbEntity
8
Multi-Layer
100
AcDbHatch
10
0
20
0
30
0
210
0
220
0
230
1
2
SOLID
70
1
71
0
91
1
92
7
72
1
73
1
93
2
10
57.729337058674176
20
62.12547625095249
42
1
10
59.32933705867417
20
62.12547625095249
42
1
97
1
330

75
0
76
1
47
0.8681437583925616
98
1
10
3.629517071192367
20
33.92795499968543
450
0
451
0
460
0
461
0
452
1
462
1
453
2
463
0
63
5
421
255
463
1
63
7
421
16777215
470
LINEAR
1001
ACAD
1010
0
1020
0
1030
0
  0
CIRCLE
  5
74d
330
1F
100
AcDbEntity
  8
TopSolderMaskLayer
100
AcDbCircle
 10
48.242316484632966
 20
69.9904749809499
 30
0.0
 40
0.41930242590643924
0
HATCH
5
74f
100
AcDbEntity
8
TopSolderMaskLayer
100
AcDbHatch
10
0
20
0
30
0
210
0
220
0
230
1
2
SOLID
70
1
71
0
91
1
92
7
72
0
73
1
93
4
10
47.41681483362959
20
70.81598066370725
10
49.067818135636344
20
70.81598066370725
10
49.067818135636344
20
69.16497736170072
10
47.41681483362959
20
69.16497736170072
97
1
330

75
0
76
1
47
0.4128176842155181
98
1
10
34.90568961886538
20
22.81183545379326
450
0
451
0
460
0
461
0
452
1
462
1
453
2
463
0
63
5
421
255
463
1
63
7
421
16777215
470
LINEAR
1001
ACAD
1010
0
1020
0
1030
0
  0
CIRCLE
  5
750
330
1F
100
AcDbEntity
  8
BottomSolderMaskLayer
100
AcDbCircle
 10
48.242316484632966
 20
69.9904749809499
 30
0.0
 40
0.41930242590643924
0
HATCH
5
752
100
AcDbEntity
8
BottomSolderMaskLayer
100
AcDbHatch
10
0
20
0
30
0
210
0
220
0
230
1
2
SOLID
70
1
71
0
91
1
92
7
72
0
73
1
93
4
10
47.41681483362959
20
70.81598066370725
10
49.067818135636344
20
70.81598066370725
10
49.067818135636344
20
69.16497736170072
10
47.41681483362959
20
69.16497736170072
97
1
330

75
0
76
1
47
0.4128176842155181
98
1
10
34.90568961886538
20
22.81183545379326
450
0
451
0
460
0
461
0
452
1
462
1
453
2
463
0
63
5
421
255
463
1
63
7
421
16777215
470
LINEAR
1001
ACAD
1010
0
1020
0
1030
0
  0
CIRCLE
  5
753
330
1F
100
AcDbEntity
  8
Multi-Layer
100
AcDbCircle
 10
48.242316484632966
 20
69.9904749809499
 30
0.0
 40
0.40640081280162565
0
HATCH
5
755
100
AcDbEntity
8
Multi-Layer
100
AcDbHatch
10
0
20
0
30
0
210
0
220
0
230
1
2
SOLID
70
1
71
0
91
1
92
7
72
0
73
1
93
4
10
47.44221488442963
20
70.79057658115312
10
49.04241808483607
20
70.79057658115312
10
49.04241808483607
20
69.19037338074679
10
47.44221488442963
20
69.19037338074679
97
1
330

75
0
76
1
47
0.4128176842155181
98
1
10
34.90568961886538
20
22.81183545379326
450
0
451
0
460
0
461
0
452
1
462
1
453
2
463
0
63
5
421
255
463
1
63
7
421
16777215
470
LINEAR
1001
ACAD
1010
0
1020
0
1030
0
  0
CIRCLE
  5
7cb
330
1F
100
AcDbEntity
  8
TopSolderMaskLayer
100
AcDbCircle
 10
48.62331724663454
 20
24.270383540766943
 30
0.0
 40
0.41930242590643924
0
HATCH
5
7cd
100
AcDbEntity
8
TopSolderMaskLayer
100
AcDbHatch
10
0
20
0
30
0
210
0
220
0
230
1
2
SOLID
70
1
71
0
91
1
92
7
72
0
73
1
93
4
10
47.797815595631164
20
25.09588922352441
10
49.44881889763792
20
25.09588922352441
10
49.44881889763792
20
23.44488592151788
10
47.797815595631164
20
23.44488592151788
97
1
330

75
0
76
1
47
0.4128176842155181
98
1
10
34.90568961886538
20
22.81183545379326
450
0
451
0
460
0
461
0
452
1
462
1
453
2
463
0
63
5
421
255
463
1
63
7
421
16777215
470
LINEAR
1001
ACAD
1010
0
1020
0
1030
0
  0
CIRCLE
  5
7ce
330
1F
100
AcDbEntity
  8
BottomSolderMaskLayer
100
AcDbCircle
 10
48.62331724663454
 20
24.270383540766943
 30
0.0
 40
0.41930242590643924
0
HATCH
5
7d0
100
AcDbEntity
8
BottomSolderMaskLayer
100
AcDbHatch
10
0
20
0
30
0
210
0
220
0
230
1
2
SOLID
70
1
71
0
91
1
92
7
72
0
73
1
93
4
10
47.797815595631164
20
25.09588922352441
10
49.44881889763792
20
25.09588922352441
10
49.44881889763792
20
23.44488592151788
10
47.797815595631164
20
23.44488592151788
97
1
330

75
0
76
1
47
0.4128176842155181
98
1
10
34.90568961886538
20
22.81183545379326
450
0
451
0
460
0
461
0
452
1
462
1
453
2
463
0
63
5
421
255
463
1
63
7
421
16777215
470
LINEAR
1001
ACAD
1010
0
1020
0
1030
0
  0
CIRCLE
  5
7d1
330
1F
100
AcDbEntity
  8
Multi-Layer
100
AcDbCircle
 10
48.62331724663454
 20
24.270383540766943
 30
0.0
 40
0.40640081280162565
0
HATCH
5
7d3
100
AcDbEntity
8
Multi-Layer
100
AcDbHatch
10
0
20
0
30
0
210
0
220
0
230
1
2
SOLID
70
1
71
0
91
1
92
7
72
0
73
1
93
4
10
47.82321564643121
20
25.070485140970163
10
49.42341884683765
20
25.070485140970163
10
49.42341884683765
20
23.470281940563837
10
47.82321564643121
20
23.470281940563837
97
1
330

75
0
76
1
47
0.4128176842155181
98
1
10
34.90568961886538
20
22.81183545379326
450
0
451
0
460
0
461
0
452
1
462
1
453
2
463
0
63
5
421
255
463
1
63
7
421
16777215
470
LINEAR
1001
ACAD
1010
0
1020
0
1030
0
  0
CIRCLE
  5
9fe
330
1F
100
AcDbEntity
  8
Multi-Layer
100
AcDbCircle
 10
83.14097028194055
 20
11.068326136652217
 30
0.0
 40
0.30500381000762006
  0
CIRCLE
  5
9ff
330
1F
100
AcDbEntity
  8
Hole
100
AcDbCircle
 10
83.14097028194055
 20
11.068326136652217
 30
0.0
 40
0.15250190500381003
  0
CIRCLE
  5
a00
330
1F
100
AcDbEntity
  8
Multi-Layer
100
AcDbCircle
 10
67.14909829819658
 20
23.424688849377617
 30
0.0
 40
0.30500381000762006
  0
CIRCLE
  5
a01
330
1F
100
AcDbEntity
  8
Hole
100
AcDbCircle
 10
67.14909829819658
 20
23.424688849377617
 30
0.0
 40
0.15250190500381003
  0
CIRCLE
  5
a02
330
1F
100
AcDbEntity
  8
Multi-Layer
100
AcDbCircle
 10
69.18872237744472
 20
40.45694691389383
 30
0.0
 40
0.30500381000762006
  0
CIRCLE
  5
a03
330
1F
100
AcDbEntity
  8
Hole
100
AcDbCircle
 10
69.18872237744472
 20
40.45694691389383
 30
0.0
 40
0.15250190500381003
  0
CIRCLE
  5
a04
330
1F
100
AcDbEntity
  8
Multi-Layer
100
AcDbCircle
 10
70.11887223774443
 20
64.31623063246127
 30
0.0
 40
0.30500381000762006
  0
CIRCLE
  5
a05
330
1F
100
AcDbEntity
  8
Hole
100
AcDbCircle
 10
70.11887223774443
 20
64.31623063246127
 30
0.0
 40
0.15250190500381003
  0
CIRCLE
  5
a06
330
1F
100
AcDbEntity
  8
Multi-Layer
100
AcDbCircle
 10
73.15290830581648
 20
52.16002032004053
 30
0.0
 40
0.30500381000762006
  0
CIRCLE
  5
a07
330
1F
100
AcDbEntity
  8
Hole
100
AcDbCircle
 10
73.15290830581648
 20
52.16002032004053
 30
0.0
 40
0.15250190500381003
  0
CIRCLE
  5
a08
330
1F
100
AcDbEntity
  8
Multi-Layer
100
AcDbCircle
 10
70.02921005842018
 20
66.96037592075186
 30
0.0
 40
0.30500381000762006
  0
CIRCLE
  5
a09
330
1F
100
AcDbEntity
  8
Hole
100
AcDbCircle
 10
70.02921005842018
 20
66.96037592075186
 30
0.0
 40
0.15250190500381003
  0
CIRCLE
  5
a0a
330
1F
100
AcDbEntity
  8
Multi-Layer
100
AcDbCircle
 10
69.62712725425467
 20
52.20040640081277
 30
0.0
 40
0.30500381000762006
  0
CIRCLE
  5
a0b
330
1F
100
AcDbEntity
  8
Hole
100
AcDbCircle
 10
69.62712725425467
 20
52.20040640081277
 30
0.0
 40
0.15250190500381003
  0
CIRCLE
  5
a0c
330
1F
100
AcDbEntity
  8
Multi-Layer
100
AcDbCircle
 10
74.63296926593853
 20
49.147574295148615
 30
0.0
 40
0.30500381000762006
  0
CIRCLE
  5
a0d
330
1F
100
AcDbEntity
  8
Hole
100
AcDbCircle
 10
74.63296926593853
 20
49.147574295148615
 30
0.0
 40
0.15250190500381003
  0
CIRCLE
  5
a0e
330
1F
100
AcDbEntity
  8
Multi-Layer
100
AcDbCircle
 10
101.20574041148097
 20
75.79806959613916
 30
0.0
 40
0.30500381000762006
  0
CIRCLE
  5
a0f
330
1F
100
AcDbEntity
  8
Hole
100
AcDbCircle
 10
101.20574041148097
 20
75.79806959613916
 30
0.0
 40
0.15250190500381003
  0
CIRCLE
  5
a10
330
1F
100
AcDbEntity
  8
Multi-Layer
100
AcDbCircle
 10
48.416052832105606
 20
73.87604775209547
 30
0.0
 40
0.30500381000762006
  0
CIRCLE
  5
a11
330
1F
100
AcDbEntity
  8
Hole
100
AcDbCircle
 10
48.416052832105606
 20
73.87604775209547
 30
0.0
 40
0.15250190500381003
  0
CIRCLE
  5
a12
330
1F
100
AcDbEntity
  8
Multi-Layer
100
AcDbCircle
 10
60.555245110490205
 20
49.72644145288291
 30
0.0
 40
0.30500381000762006
  0
CIRCLE
  5
a13
330
1F
100
AcDbEntity
  8
Hole
100
AcDbCircle
 10
60.555245110490205
 20
49.72644145288291
 30
0.0
 40
0.15250190500381003
  0
CIRCLE
  5
a14
330
1F
100
AcDbEntity
  8
Multi-Layer
100
AcDbCircle
 10
80.35915671831344
 20
32.693421386842715
 30
0.0
 40
0.30500381000762006
  0
CIRCLE
  5
a15
330
1F
100
AcDbEntity
  8
Hole
100
AcDbCircle
 10
80.35915671831344
 20
32.693421386842715
 30
0.0
 40
0.15250190500381003
  0
CIRCLE
  5
a16
330
1F
100
AcDbEntity
  8
Multi-Layer
100
AcDbCircle
 10
71.96062992125985
 20
72.01244602489203
 30
0.0
 40
0.30500381000762006
  0
CIRCLE
  5
a17
330
1F
100
AcDbEntity
  8
Hole
100
AcDbCircle
 10
71.96062992125985
 20
72.01244602489203
 30
0.0
 40
0.15250190500381003
  0
CIRCLE
  5
a18
330
1F
100
AcDbEntity
  8
Multi-Layer
100
AcDbCircle
 10
72.56794513589034
 20
72.749809499619
 30
0.0
 40
0.30500381000762006
  0
CIRCLE
  5
a19
330
1F
100
AcDbEntity
  8
Hole
100
AcDbCircle
 10
72.56794513589034
 20
72.749809499619
 30
0.0
 40
0.15250190500381003
  0
CIRCLE
  5
a1a
330
1F
100
AcDbEntity
  8
Multi-Layer
100
AcDbCircle
 10
98.09169418338843
 20
39.04495808991612
 30
0.0
 40
0.30500381000762006
  0
CIRCLE
  5
a1b
330
1F
100
AcDbEntity
  8
Hole
100
AcDbCircle
 10
98.09169418338843
 20
39.04495808991612
 30
0.0
 40
0.15250190500381003
  0
CIRCLE
  5
a1c
330
1F
100
AcDbEntity
  8
Multi-Layer
100
AcDbCircle
 10
98.04368808737604
 20
89.95097790195587
 30
0.0
 40
0.30500381000762006
  0
CIRCLE
  5
a1d
330
1F
100
AcDbEntity
  8
Hole
100
AcDbCircle
 10
98.04368808737604
 20
89.95097790195587
 30
0.0
 40
0.15250190500381003
  0
CIRCLE
  5
a1e
330
1F
100
AcDbEntity
  8
Multi-Layer
100
AcDbCircle
 10
100.36245872491759
 20
42.25704851409694
 30
0.0
 40
0.30500381000762006
  0
CIRCLE
  5
a1f
330
1F
100
AcDbEntity
  8
Hole
100
AcDbCircle
 10
100.36245872491759
 20
42.25704851409694
 30
0.0
 40
0.15250190500381003
  0
CIRCLE
  5
a20
330
1F
100
AcDbEntity
  8
Multi-Layer
100
AcDbCircle
 10
76.15519431038865
 20
1.910337820675636
 30
0.0
 40
0.30500381000762006
  0
CIRCLE
  5
a21
330
1F
100
AcDbEntity
  8
Hole
100
AcDbCircle
 10
76.15519431038865
 20
1.910337820675636
 30
0.0
 40
0.15250190500381003
  0
CIRCLE
  5
a22
330
1F
100
AcDbEntity
  8
Multi-Layer
100
AcDbCircle
 10
103.6852933705868
 20
42.8750317500635
 30
0.0
 40
0.30500381000762006
  0
CIRCLE
  5
a23
330
1F
100
AcDbEntity
  8
Hole
100
AcDbCircle
 10
103.6852933705868
 20
42.8750317500635
 30
0.0
 40
0.15250190500381003
  0
CIRCLE
  5
a24
330
1F
100
AcDbEntity
  8
Multi-Layer
100
AcDbCircle
 10
100.43916687833371
 20
89.95097790195587
 30
0.0
 40
0.30500381000762006
  0
CIRCLE
  5
a25
330
1F
100
AcDbEntity
  8
Hole
100
AcDbCircle
 10
100.43916687833371
 20
89.95097790195587
 30
0.0
 40
0.15250190500381003
  0
CIRCLE
  5
a26
330
1F
100
AcDbEntity
  8
Multi-Layer
100
AcDbCircle
 10
77.66497332994663
 20
52.23952247904492
 30
0.0
 40
0.30500381000762006
  0
CIRCLE
  5
a27
330
1F
100
AcDbEntity
  8
Hole
100
AcDbCircle
 10
77.66497332994663
 20
52.23952247904492
 30
0.0
 40
0.15250190500381003
  0
CIRCLE
  5
a28
330
1F
100
AcDbEntity
  8
Multi-Layer
100
AcDbCircle
 10
76.36906273812542
 20
50.32232664465323
 30
0.0
 40
0.30500381000762006
  0
CIRCLE
  5
a29
330
1F
100
AcDbEntity
  8
Hole
100
AcDbCircle
 10
76.36906273812542
 20
50.32232664465323
 30
0.0
 40
0.15250190500381003
  0
CIRCLE
  5
a2a
330
1F
100
AcDbEntity
  8
Multi-Layer
100
AcDbCircle
 10
104.97917195834384
 20
56.080772161544246
 30
0.0
 40
0.30500381000762006
  0
CIRCLE
  5
a2b
330
1F
100
AcDbEntity
  8
Hole
100
AcDbCircle
 10
104.97917195834384
 20
56.080772161544246
 30
0.0
 40
0.15250190500381003
  0
CIRCLE
  5
a2c
330
1F
100
AcDbEntity
  8
Multi-Layer
100
AcDbCircle
 10
102.02692405384823
 20
40.8422656845313
 30
0.0
 40
0.30500381000762006
  0
CIRCLE
  5
a2d
330
1F
100
AcDbEntity
  8
Hole
100
AcDbCircle
 10
102.02692405384823
 20
40.8422656845313
 30
0.0
 40
0.15250190500381003
  0
CIRCLE
  5
a2e
330
1F
100
AcDbEntity
  8
Multi-Layer
100
AcDbCircle
 10
85.19964439928867
 20
58.334518669037266
 30
0.0
 40
0.30500381000762006
  0
CIRCLE
  5
a2f
330
1F
100
AcDbEntity
  8
Hole
100
AcDbCircle
 10
85.19964439928867
 20
58.334518669037266
 30
0.0
 40
0.15250190500381003
  0
CIRCLE
  5
a30
330
1F
100
AcDbEntity
  8
Multi-Layer
100
AcDbCircle
 10
91.93218186436366
 20
83.99872999745992
 30
0.0
 40
0.30500381000762006
  0
CIRCLE
  5
a31
330
1F
100
AcDbEntity
  8
Hole
100
AcDbCircle
 10
91.93218186436366
 20
83.99872999745992
 30
0.0
 40
0.15250190500381003
  0
CIRCLE
  5
a32
330
1F
100
AcDbEntity
  8
Multi-Layer
100
AcDbCircle
 10
86.46558293116595
 20
63.614427228854424
 30
0.0
 40
0.30500381000762006
  0
CIRCLE
  5
a33
330
1F
100
AcDbEntity
  8
Hole
100
AcDbCircle
 10
86.46558293116595
 20
63.614427228854424
 30
0.0
 40
0.15250190500381003
  0
CIRCLE
  5
a34
330
1F
100
AcDbEntity
  8
Multi-Layer
100
AcDbCircle
 10
72.88239776479554
 20
50.28371856743718
 30
0.0
 40
0.30500381000762006
  0
CIRCLE
  5
a35
330
1F
100
AcDbEntity
  8
Hole
100
AcDbCircle
 10
72.88239776479554
 20
50.28371856743718
 30
0.0
 40
0.15250190500381003
  0
CIRCLE
  5
a36
330
1F
100
AcDbEntity
  8
Multi-Layer
100
AcDbCircle
 10
102.91948183896375
 20
31
 30
0.0
 40
0.30500381000762006
  0
CIRCLE
  5
a37
330
1F
100
AcDbEntity
  8
Hole
100
AcDbCircle
 10
102.91948183896375
 20
31
 30
0.0
 40
0.15250190500381003
  0
CIRCLE
  5
a38
330
1F
100
AcDbEntity
  8
Multi-Layer
100
AcDbCircle
 10
94.86868173736343
 20
68.07950215900428
 30
0.0
 40
0.30500381000762006
  0
CIRCLE
  5
a39
330
1F
100
AcDbEntity
  8
Hole
100
AcDbCircle
 10
94.86868173736343
 20
68.07950215900428
 30
0.0
 40
0.15250190500381003
  0
CIRCLE
  5
a3a
330
1F
100
AcDbEntity
  8
Multi-Layer
100
AcDbCircle
 10
94.86868173736343
 20
87.0508001016002
 30
0.0
 40
0.30500381000762006
  0
CIRCLE
  5
a3b
330
1F
100
AcDbEntity
  8
Hole
100
AcDbCircle
 10
94.86868173736343
 20
87.0508001016002
 30
0.0
 40
0.15250190500381003
  0
CIRCLE
  5
a3c
330
1F
100
AcDbEntity
  8
Multi-Layer
100
AcDbCircle
 10
71.75184150368295
 20
42.755905511810965
 30
0.0
 40
0.30500381000762006
  0
CIRCLE
  5
a3d
330
1F
100
AcDbEntity
  8
Hole
100
AcDbCircle
 10
71.75184150368295
 20
42.755905511810965
 30
0.0
 40
0.15250190500381003
  0
CIRCLE
  5
a3e
330
1F
100
AcDbEntity
  8
Multi-Layer
100
AcDbCircle
 10
121.1856743713488
 20
82.53162306324612
 30
0.0
 40
0.30500381000762006
  0
CIRCLE
  5
a3f
330
1F
100
AcDbEntity
  8
Hole
100
AcDbCircle
 10
121.1856743713488
 20
82.53162306324612
 30
0.0
 40
0.15250190500381003
  0
CIRCLE
  5
a40
330
1F
100
AcDbEntity
  8
Multi-Layer
100
AcDbCircle
 10
109.17754635509277
 20
67.9634239268479
 30
0.0
 40
0.30500381000762006
  0
CIRCLE
  5
a41
330
1F
100
AcDbEntity
  8
Hole
100
AcDbCircle
 10
109.17754635509277
 20
67.9634239268479
 30
0.0
 40
0.15250190500381003
  0
CIRCLE
  5
a42
330
1F
100
AcDbEntity
  8
Multi-Layer
100
AcDbCircle
 10
53.96621793243594
 20
73.90576581153164
 30
0.0
 40
0.30500381000762006
  0
CIRCLE
  5
a43
330
1F
100
AcDbEntity
  8
Hole
100
AcDbCircle
 10
53.96621793243594
 20
73.90576581153164
 30
0.0
 40
0.15250190500381003
  0
CIRCLE
  5
a44
330
1F
100
AcDbEntity
  8
Multi-Layer
100
AcDbCircle
 10
53.65100330200676
 20
56.10998221996442
 30
0.0
 40
0.30500381000762006
  0
CIRCLE
  5
a45
330
1F
100
AcDbEntity
  8
Hole
100
AcDbCircle
 10
53.65100330200676
 20
56.10998221996442
 30
0.0
 40
0.15250190500381003
  0
CIRCLE
  5
a46
330
1F
100
AcDbEntity
  8
Multi-Layer
100
AcDbCircle
 10
57.72796545593087
 20
49.26187452374904
 30
0.0
 40
0.30500381000762006
  0
CIRCLE
  5
a47
330
1F
100
AcDbEntity
  8
Hole
100
AcDbCircle
 10
57.72796545593087
 20
49.26187452374904
 30
0.0
 40
0.15250190500381003
  0
CIRCLE
  5
a48
330
1F
100
AcDbEntity
  8
Multi-Layer
100
AcDbCircle
 10
105.06197612395226
 20
30.241046482092997
 30
0.0
 40
0.30500381000762006
  0
CIRCLE
  5
a49
330
1F
100
AcDbEntity
  8
Hole
100
AcDbCircle
 10
105.06197612395226
 20
30.241046482092997
 30
0.0
 40
0.15250190500381003
  0
CIRCLE
  5
a4a
330
1F
100
AcDbEntity
  8
Multi-Layer
100
AcDbCircle
 10
80.85623571247152
 20
35.34518669037334
 30
0.0
 40
0.30500381000762006
  0
CIRCLE
  5
a4b
330
1F
100
AcDbEntity
  8
Hole
100
AcDbCircle
 10
80.85623571247152
 20
35.34518669037334
 30
0.0
 40
0.15250190500381003
  0
CIRCLE
  5
a4c
330
1F
100
AcDbEntity
  8
Multi-Layer
100
AcDbCircle
 10
80.39674879349764
 20
33.61468122936242
 30
0.0
 40
0.30500381000762006
  0
CIRCLE
  5
a4d
330
1F
100
AcDbEntity
  8
Hole
100
AcDbCircle
 10
80.39674879349764
 20
33.61468122936242
 30
0.0
 40
0.15250190500381003
  0
CIRCLE
  5
a4e
330
1F
100
AcDbEntity
  8
Multi-Layer
100
AcDbCircle
 10
80.23952247904504
 20
31.73761747523497
 30
0.0
 40
0.30500381000762006
  0
CIRCLE
  5
a4f
330
1F
100
AcDbEntity
  8
Hole
100
AcDbCircle
 10
80.23952247904504
 20
31.73761747523497
 30
0.0
 40
0.15250190500381003
  0
CIRCLE
  5
a50
330
1F
100
AcDbEntity
  8
Multi-Layer
100
AcDbCircle
 10
75.81381762763544
 20
33.58699517399032
 30
0.0
 40
0.30500381000762006
  0
CIRCLE
  5
a51
330
1F
100
AcDbEntity
  8
Hole
100
AcDbCircle
 10
75.81381762763544
 20
33.58699517399032
 30
0.0
 40
0.15250190500381003
  0
CIRCLE
  5
a52
330
1F
100
AcDbEntity
  8
Multi-Layer
100
AcDbCircle
 10
57.13462026924071
 20
56.517907035814005
 30
0.0
 40
0.30500381000762006
  0
CIRCLE
  5
a53
330
1F
100
AcDbEntity
  8
Hole
100
AcDbCircle
 10
57.13462026924071
 20
56.517907035814005
 30
0.0
 40
0.15250190500381003
  0
CIRCLE
  5
a54
330
1F
100
AcDbEntity
  8
Multi-Layer
100
AcDbCircle
 10
54.04013208026436
 20
9.183134366268632
 30
0.0
 40
0.30500381000762006
  0
CIRCLE
  5
a55
330
1F
100
AcDbEntity
  8
Hole
100
AcDbCircle
 10
54.04013208026436
 20
9.183134366268632
 30
0.0
 40
0.15250190500381003
  0
CIRCLE
  5
a56
330
1F
100
AcDbEntity
  8
Multi-Layer
100
AcDbCircle
 10
27.05105410210831
 20
94.86918973837942
 30
0.0
 40
1.6
  0
CIRCLE
  5
a57
330
1F
100
AcDbEntity
  8
Multi-Layer
100
AcDbCircle
 10
137.03327406654807
 20
95.50419100838201
 30
0.0
 40
1.6
  0
CIRCLE
  5
a58
330
1F
100
AcDbEntity
  8
Multi-Layer
100
AcDbCircle
 10
137.03327406654807
 20
4.191008382016776
 30
0.0
 40
1.6
  0
CIRCLE
  5
a59
330
1F
100
AcDbEntity
  8
Multi-Layer
100
AcDbCircle
 10
27.17805435610876
 20
3.9370078740156487
 30
0.0
 40
1.6
0
HATCH
5
a5b
100
AcDbEntity
8
Document
100
AcDbHatch
10
0
20
0
30
0
210
0
220
0
230
1
2
SOLID
70
1
71
0
91
1
92
7
72
0
73
1
93
12
10
139.84427228854452
20
88.56614173228343
10
138.44427228854443
20
88.56614173228343
10
138.2442722885446
20
88.76614173228336
10
138.2442722885446
20
90.26614173228347
10
138.44427228854443
20
90.4661417322834
10
139.84427228854452
20
90.4661417322834
10
139.84427228854452
20
90.26614173228347
10
138.54427228854456
20
90.26614173228347
10
138.44427228854443
20
90.16614173228345
10
138.44427228854443
20
88.86614173228338
10
138.54427228854456
20
88.76614173228336
10
139.84427228854452
20
88.76614173228336
97
1
330

75
0
76
1
47
0.4128176842155181
98
1
10
34.90568961886538
20
22.81183545379326
450
0
451
0
460
0
461
0
452
1
462
1
453
2
463
0
63
5
421
255
463
1
63
7
421
16777215
470
LINEAR
1001
ACAD
1010
0
1020
0
1030
0
0
HATCH
5
a5d
100
AcDbEntity
8
Document
100
AcDbHatch
10
0
20
0
30
0
210
0
220
0
230
1
2
SOLID
70
1
71
0
91
1
92
7
72
0
73
1
93
12
10
139.84427228854452
20
83.56614173228343
10
138.44427228854443
20
83.56614173228343
10
138.2442722885446
20
83.76614173228347
10
138.2442722885446
20
85.26614173228336
10
138.44427228854443
20
85.4661417322834
10
139.84427228854452
20
85.4661417322834
10
139.84427228854452
20
85.26614173228336
10
138.54427228854456
20
85.26614173228336
10
138.44427228854443
20
85.16614173228345
10
138.44427228854443
20
83.8661417322835
10
138.54427228854456
20
83.76614173228347
10
139.84427228854452
20
83.76614173228347
97
1
330

75
0
76
1
47
0.4128176842155181
98
1
10
34.90568961886538
20
22.81183545379326
450
0
451
0
460
0
461
0
452
1
462
1
453
2
463
0
63
5
421
255
463
1
63
7
421
16777215
470
LINEAR
1001
ACAD
1010
0
1020
0
1030
0
0
HATCH
5
a5f
100
AcDbEntity
8
Document
100
AcDbHatch
10
0
20
0
30
0
210
0
220
0
230
1
2
SOLID
70
1
71
0
91
1
92
7
72
0
73
1
93
12
10
139.84427228854452
20
78.56614173228343
10
138.44427228854443
20
78.56614173228343
10
138.2442722885446
20
78.76614173228347
10
138.2442722885446
20
80.26614173228336
10
138.44427228854443
20
80.4661417322834
10
139.84427228854452
20
80.4661417322834
10
139.84427228854452
20
80.26614173228336
10
138.54427228854456
20
80.26614173228336
10
138.44427228854443
20
80.16614173228334
10
138.44427228854443
20
78.8661417322835
10
138.54427228854456
20
78.76614173228347
10
139.84427228854452
20
78.76614173228347
97
1
330

75
0
76
1
47
0.4128176842155181
98
1
10
34.90568961886538
20
22.81183545379326
450
0
451
0
460
0
461
0
452
1
462
1
453
2
463
0
63
5
421
255
463
1
63
7
421
16777215
470
LINEAR
1001
ACAD
1010
0
1020
0
1030
0
0
HATCH
5
a61
100
AcDbEntity
8
Document
100
AcDbHatch
10
0
20
0
30
0
210
0
220
0
230
1
2
SOLID
70
1
71
0
91
1
92
7
72
0
73
1
93
12
10
139.84427228854452
20
73.56614173228343
10
138.44427228854443
20
73.56614173228343
10
138.2442722885446
20
73.76614173228347
10
138.2442722885446
20
75.26614173228336
10
138.44427228854443
20
75.4661417322834
10
139.84427228854452
20
75.4661417322834
10
139.84427228854452
20
75.26614173228336
10
138.54427228854456
20
75.26614173228336
10
138.44427228854443
20
75.16614173228334
10
138.44427228854443
20
73.8661417322835
10
138.54427228854456
20
73.76614173228347
10
139.84427228854452
20
73.76614173228347
97
1
330

75
0
76
1
47
0.4128176842155181
98
1
10
34.90568961886538
20
22.81183545379326
450
0
451
0
460
0
461
0
452
1
462
1
453
2
463
0
63
5
421
255
463
1
63
7
421
16777215
470
LINEAR
1001
ACAD
1010
0
1020
0
1030
0
0
HATCH
5
a63
100
AcDbEntity
8
Document
100
AcDbHatch
10
0
20
0
30
0
210
0
220
0
230
1
2
SOLID
70
1
71
0
91
1
92
7
72
0
73
1
93
12
10
139.84427228854452
20
68.56614173228343
10
138.44427228854443
20
68.56614173228343
10
138.2442722885446
20
68.76614173228347
10
138.2442722885446
20
70.26614173228347
10
138.44427228854443
20
70.46614173228352
10
139.84427228854452
20
70.46614173228352
10
139.84427228854452
20
70.26614173228347
10
138.54427228854456
20
70.26614173228347
10
138.44427228854443
20
70.16614173228345
10
138.44427228854443
20
68.8661417322835
10
138.54427228854456
20
68.76614173228347
10
139.84427228854452
20
68.76614173228347
97
1
330

75
0
76
1
47
0.4128176842155181
98
1
10
34.90568961886538
20
22.81183545379326
450
0
451
0
460
0
461
0
452
1
462
1
453
2
463
0
63
5
421
255
463
1
63
7
421
16777215
470
LINEAR
1001
ACAD
1010
0
1020
0
1030
0
0
HATCH
5
a65
100
AcDbEntity
8
Document
100
AcDbHatch
10
0
20
0
30
0
210
0
220
0
230
1
2
SOLID
70
1
71
0
91
1
92
7
72
0
73
1
93
12
10
139.84427228854452
20
63.56614173228343
10
138.44427228854443
20
63.56614173228343
10
138.2442722885446
20
63.76614173228347
10
138.2442722885446
20
65.26614173228347
10
138.44427228854443
20
65.46614173228352
10
139.84427228854452
20
65.46614173228352
10
139.84427228854452
20
65.26614173228347
10
138.54427228854456
20
65.26614173228347
10
138.44427228854443
20
65.16614173228345
10
138.44427228854443
20
63.86614173228338
10
138.54427228854456
20
63.76614173228347
10
139.84427228854452
20
63.76614173228347
97
1
330

75
0
76
1
47
0.4128176842155181
98
1
10
34.90568961886538
20
22.81183545379326
450
0
451
0
460
0
461
0
452
1
462
1
453
2
463
0
63
5
421
255
463
1
63
7
421
16777215
470
LINEAR
1001
ACAD
1010
0
1020
0
1030
0
0
HATCH
5
a67
100
AcDbEntity
8
Document
100
AcDbHatch
10
0
20
0
30
0
210
0
220
0
230
1
2
SOLID
70
1
71
0
91
1
92
7
72
0
73
1
93
12
10
139.84427228854452
20
58.56614173228343
10
138.44427228854443
20
58.56614173228343
10
138.2442722885446
20
58.76614173228336
10
138.2442722885446
20
60.26614173228347
10
138.44427228854443
20
60.466141732283404
10
139.84427228854452
20
60.466141732283404
10
139.84427228854452
20
60.26614173228347
10
138.54427228854456
20
60.26614173228347
10
138.44427228854443
20
60.16614173228345
10
138.44427228854443
20
58.86614173228338
10
138.54427228854456
20
58.76614173228336
10
139.84427228854452
20
58.76614173228336
97
1
330

75
0
76
1
47
0.4128176842155181
98
1
10
34.90568961886538
20
22.81183545379326
450
0
451
0
460
0
461
0
452
1
462
1
453
2
463
0
63
5
421
255
463
1
63
7
421
16777215
470
LINEAR
1001
ACAD
1010
0
1020
0
1030
0
0
HATCH
5
a69
100
AcDbEntity
8
Document
100
AcDbHatch
10
0
20
0
30
0
210
0
220
0
230
1
2
SOLID
70
1
71
0
91
1
92
7
72
0
73
1
93
12
10
139.84427228854452
20
53.56614173228343
10
138.44427228854443
20
53.56614173228343
10
138.2442722885446
20
53.76614173228336
10
138.2442722885446
20
55.26614173228347
10
138.44427228854443
20
55.466141732283404
10
139.84427228854452
20
55.466141732283404
10
139.84427228854452
20
55.26614173228347
10
138.54427228854456
20
55.26614173228347
10
138.44427228854443
20
55.16614173228345
10
138.44427228854443
20
53.86614173228338
10
138.54427228854456
20
53.76614173228336
10
139.84427228854452
20
53.76614173228336
97
1
330

75
0
76
1
47
0.4128176842155181
98
1
10
34.90568961886538
20
22.81183545379326
450
0
451
0
460
0
461
0
452
1
462
1
453
2
463
0
63
5
421
255
463
1
63
7
421
16777215
470
LINEAR
1001
ACAD
1010
0
1020
0
1030
0
0
HATCH
5
a6b
100
AcDbEntity
8
Document
100
AcDbHatch
10
0
20
0
30
0
210
0
220
0
230
1
2
SOLID
70
1
71
0
91
1
92
7
72
0
73
1
93
12
10
139.84427228854452
20
48.56614173228343
10
138.44427228854443
20
48.56614173228343
10
138.2442722885446
20
48.76614173228336
10
138.2442722885446
20
50.26614173228347
10
138.44427228854443
20
50.466141732283404
10
139.84427228854452
20
50.466141732283404
10
139.84427228854452
20
50.26614173228347
10
138.54427228854456
20
50.26614173228347
10
138.44427228854443
20
50.16614173228345
10
138.44427228854443
20
48.86614173228338
10
138.54427228854456
20
48.76614173228336
10
139.84427228854452
20
48.76614173228336
97
1
330

75
0
76
1
47
0.4128176842155181
98
1
10
34.90568961886538
20
22.81183545379326
450
0
451
0
460
0
461
0
452
1
462
1
453
2
463
0
63
5
421
255
463
1
63
7
421
16777215
470
LINEAR
1001
ACAD
1010
0
1020
0
1030
0
0
HATCH
5
a6d
100
AcDbEntity
8
Document
100
AcDbHatch
10
0
20
0
30
0
210
0
220
0
230
1
2
SOLID
70
1
71
0
91
1
92
7
72
0
73
1
93
12
10
139.84427228854452
20
43.56614173228331
10
138.44427228854443
20
43.56614173228331
10
138.2442722885446
20
43.76614173228336
10
138.2442722885446
20
45.26614173228336
10
138.44427228854443
20
45.466141732283404
10
139.84427228854452
20
45.466141732283404
10
139.84427228854452
20
45.26614173228336
10
138.54427228854456
20
45.26614173228336
10
138.44427228854443
20
45.16614173228345
10
138.44427228854443
20
43.86614173228338
10
138.54427228854456
20
43.76614173228336
10
139.84427228854452
20
43.76614173228336
97
1
330

75
0
76
1
47
0.4128176842155181
98
1
10
34.90568961886538
20
22.81183545379326
450
0
451
0
460
0
461
0
452
1
462
1
453
2
463
0
63
5
421
255
463
1
63
7
421
16777215
470
LINEAR
1001
ACAD
1010
0
1020
0
1030
0
0
HATCH
5
a6f
100
AcDbEntity
8
Document
100
AcDbHatch
10
0
20
0
30
0
210
0
220
0
230
1
2
SOLID
70
1
71
0
91
1
92
7
72
0
73
1
93
12
10
139.84427228854452
20
38.56614173228343
10
138.44427228854443
20
38.56614173228343
10
138.2442722885446
20
38.76614173228347
10
138.2442722885446
20
40.26614173228336
10
138.44427228854443
20
40.466141732283404
10
139.84427228854452
20
40.466141732283404
10
139.84427228854452
20
40.26614173228336
10
138.54427228854456
20
40.26614173228336
10
138.44427228854443
20
40.16614173228345
10
138.44427228854443
20
38.866141732283495
10
138.54427228854456
20
38.76614173228347
10
139.84427228854452
20
38.76614173228347
97
1
330

75
0
76
1
47
0.4128176842155181
98
1
10
34.90568961886538
20
22.81183545379326
450
0
451
0
460
0
461
0
452
1
462
1
453
2
463
0
63
5
421
255
463
1
63
7
421
16777215
470
LINEAR
1001
ACAD
1010
0
1020
0
1030
0
0
HATCH
5
a71
100
AcDbEntity
8
Document
100
AcDbHatch
10
0
20
0
30
0
210
0
220
0
230
1
2
SOLID
70
1
71
0
91
1
92
7
72
0
73
1
93
12
10
115.45214630429268
20
97.5531877063753
10
115.45214630429268
20
96.15318770637543
10
115.25214630429264
20
95.95318770637539
10
113.75214630429264
20
95.95318770637539
10
113.55214630429259
20
96.15318770637543
10
113.55214630429259
20
97.5531877063753
10
113.75214630429264
20
97.5531877063753
10
113.75214630429264
20
96.25318770637546
10
113.85214630429255
20
96.15318770637543
10
115.15214630429273
20
96.15318770637543
10
115.25214630429264
20
96.25318770637546
10
115.25214630429264
20
97.5531877063753
97
1
330

75
0
76
1
47
0.4128176842155181
98
1
10
34.90568961886538
20
22.81183545379326
450
0
451
0
460
0
461
0
452
1
462
1
453
2
463
0
63
5
421
255
463
1
63
7
421
16777215
470
LINEAR
1001
ACAD
1010
0
1020
0
1030
0
0
HATCH
5
a73
100
AcDbEntity
8
Document
100
AcDbHatch
10
0
20
0
30
0
210
0
220
0
230
1
2
SOLID
70
1
71
0
91
1
92
7
72
0
73
1
93
12
10
110.45214630429246
20
97.5531877063753
10
110.45214630429246
20
96.15318770637543
10
110.25214630429264
20
95.95318770637539
10
108.75214630429264
20
95.95318770637539
10
108.55214630429282
20
96.15318770637543
10
108.55214630429282
20
97.5531877063753
10
108.75214630429264
20
97.5531877063753
10
108.75214630429264
20
96.25318770637546
10
108.85214630429277
20
96.15318770637543
10
110.1521463042925
20
96.15318770637543
10
110.25214630429264
20
96.25318770637546
10
110.25214630429264
20
97.5531877063753
97
1
330

75
0
76
1
47
0.4128176842155181
98
1
10
34.90568961886538
20
22.81183545379326
450
0
451
0
460
0
461
0
452
1
462
1
453
2
463
0
63
5
421
255
463
1
63
7
421
16777215
470
LINEAR
1001
ACAD
1010
0
1020
0
1030
0
0
HATCH
5
a75
100
AcDbEntity
8
Document
100
AcDbHatch
10
0
20
0
30
0
210
0
220
0
230
1
2
SOLID
70
1
71
0
91
1
92
7
72
0
73
1
93
12
10
105.45214630429268
20
97.5531877063753
10
105.45214630429268
20
96.15318770637543
10
105.25214630429264
20
95.95318770637539
10
103.75214630429264
20
95.95318770637539
10
103.55214630429259
20
96.15318770637543
10
103.55214630429259
20
97.5531877063753
10
103.75214630429264
20
97.5531877063753
10
103.75214630429264
20
96.25318770637546
10
103.85214630429255
20
96.15318770637543
10
105.15214630429273
20
96.15318770637543
10
105.25214630429264
20
96.25318770637546
10
105.25214630429264
20
97.5531877063753
97
1
330

75
0
76
1
47
0.4128176842155181
98
1
10
34.90568961886538
20
22.81183545379326
450
0
451
0
460
0
461
0
452
1
462
1
453
2
463
0
63
5
421
255
463
1
63
7
421
16777215
470
LINEAR
1001
ACAD
1010
0
1020
0
1030
0
0
HATCH
5
a77
100
AcDbEntity
8
Document
100
AcDbHatch
10
0
20
0
30
0
210
0
220
0
230
1
2
SOLID
70
1
71
0
91
1
92
7
72
0
73
1
93
12
10
100.45214630429268
20
97.5531877063753
10
100.45214630429268
20
96.15318770637543
10
100.25214630429264
20
95.95318770637539
10
98.75214630429264
20
95.95318770637539
10
98.55214630429259
20
96.15318770637543
10
98.55214630429259
20
97.5531877063753
10
98.75214630429264
20
97.5531877063753
10
98.75214630429264
20
96.25318770637546
10
98.85214630429277
20
96.15318770637543
10
100.15214630429273
20
96.15318770637543
10
100.25214630429264
20
96.25318770637546
10
100.25214630429264
20
97.5531877063753
97
1
330

75
0
76
1
47
0.4128176842155181
98
1
10
34.90568961886538
20
22.81183545379326
450
0
451
0
460
0
461
0
452
1
462
1
453
2
463
0
63
5
421
255
463
1
63
7
421
16777215
470
LINEAR
1001
ACAD
1010
0
1020
0
1030
0
0
HATCH
5
a79
100
AcDbEntity
8
Document
100
AcDbHatch
10
0
20
0
30
0
210
0
220
0
230
1
2
SOLID
70
1
71
0
91
1
92
7
72
0
73
1
93
12
10
95.45214630429268
20
97.5531877063753
10
95.45214630429268
20
96.15318770637543
10
95.25214630429264
20
95.95318770637539
10
93.75214630429264
20
95.95318770637539
10
93.55214630429259
20
96.15318770637543
10
93.55214630429259
20
97.5531877063753
10
93.75214630429264
20
97.5531877063753
10
93.75214630429264
20
96.25318770637546
10
93.85214630429255
20
96.15318770637543
10
95.1521463042925
20
96.15318770637543
10
95.25214630429264
20
96.25318770637546
10
95.25214630429264
20
97.5531877063753
97
1
330

75
0
76
1
47
0.4128176842155181
98
1
10
34.90568961886538
20
22.81183545379326
450
0
451
0
460
0
461
0
452
1
462
1
453
2
463
0
63
5
421
255
463
1
63
7
421
16777215
470
LINEAR
1001
ACAD
1010
0
1020
0
1030
0
0
HATCH
5
a7b
100
AcDbEntity
8
Document
100
AcDbHatch
10
0
20
0
30
0
210
0
220
0
230
1
2
SOLID
70
1
71
0
91
1
92
7
72
0
73
1
93
12
10
90.45214630429268
20
97.5531877063753
10
90.45214630429268
20
96.15318770637543
10
90.25214630429264
20
95.95318770637539
10
88.75214630429264
20
95.95318770637539
10
88.55214630429259
20
96.15318770637543
10
88.55214630429259
20
97.5531877063753
10
88.75214630429264
20
97.5531877063753
10
88.75214630429264
20
96.25318770637546
10
88.85214630429277
20
96.15318770637543
10
90.15214630429273
20
96.15318770637543
10
90.25214630429264
20
96.25318770637546
10
90.25214630429264
20
97.5531877063753
97
1
330

75
0
76
1
47
0.4128176842155181
98
1
10
34.90568961886538
20
22.81183545379326
450
0
451
0
460
0
461
0
452
1
462
1
453
2
463
0
63
5
421
255
463
1
63
7
421
16777215
470
LINEAR
1001
ACAD
1010
0
1020
0
1030
0
0
HATCH
5
a7d
100
AcDbEntity
8
Document
100
AcDbHatch
10
0
20
0
30
0
210
0
220
0
230
1
2
SOLID
70
1
71
0
91
1
92
7
72
0
73
1
93
12
10
85.45214630429268
20
97.5531877063753
10
85.45214630429268
20
96.15318770637543
10
85.25214630429264
20
95.95318770637539
10
83.75214630429264
20
95.95318770637539
10
83.55214630429259
20
96.15318770637543
10
83.55214630429259
20
97.5531877063753
10
83.75214630429264
20
97.5531877063753
10
83.75214630429264
20
96.25318770637546
10
83.85214630429255
20
96.15318770637543
10
85.1521463042925
20
96.15318770637543
10
85.25214630429264
20
96.25318770637546
10
85.25214630429264
20
97.5531877063753
97
1
330

75
0
76
1
47
0.4128176842155181
98
1
10
34.90568961886538
20
22.81183545379326
450
0
451
0
460
0
461
0
452
1
462
1
453
2
463
0
63
5
421
255
463
1
63
7
421
16777215
470
LINEAR
1001
ACAD
1010
0
1020
0
1030
0
0
HATCH
5
a7f
100
AcDbEntity
8
Document
100
AcDbHatch
10
0
20
0
30
0
210
0
220
0
230
1
2
SOLID
70
1
71
0
91
1
92
7
72
0
73
1
93
12
10
80.45214630429268
20
97.5531877063753
10
80.45214630429268
20
96.15318770637543
10
80.25214630429264
20
95.95318770637539
10
78.75214630429264
20
95.95318770637539
10
78.55214630429259
20
96.15318770637543
10
78.55214630429259
20
97.5531877063753
10
78.75214630429264
20
97.5531877063753
10
78.75214630429264
20
96.25318770637546
10
78.85214630429255
20
96.15318770637543
10
80.15214630429273
20
96.15318770637543
10
80.25214630429264
20
96.25318770637546
10
80.25214630429264
20
97.5531877063753
97
1
330

75
0
76
1
47
0.4128176842155181
98
1
10
34.90568961886538
20
22.81183545379326
450
0
451
0
460
0
461
0
452
1
462
1
453
2
463
0
63
5
421
255
463
1
63
7
421
16777215
470
LINEAR
1001
ACAD
1010
0
1020
0
1030
0
0
HATCH
5
a81
100
AcDbEntity
8
Document
100
AcDbHatch
10
0
20
0
30
0
210
0
220
0
230
1
2
SOLID
70
1
71
0
91
1
92
7
72
0
73
1
93
12
10
75.45214630429246
20
97.5531877063753
10
75.45214630429246
20
96.15318770637543
10
75.25214630429264
20
95.95318770637539
10
73.75214630429264
20
95.95318770637539
10
73.55214630429282
20
96.15318770637543
10
73.55214630429282
20
97.5531877063753
10
73.75214630429264
20
97.5531877063753
10
73.75214630429264
20
96.25318770637546
10
73.85214630429277
20
96.15318770637543
10
75.1521463042925
20
96.15318770637543
10
75.25214630429264
20
96.25318770637546
10
75.25214630429264
20
97.5531877063753
97
1
330

75
0
76
1
47
0.4128176842155181
98
1
10
34.90568961886538
20
22.81183545379326
450
0
451
0
460
0
461
0
452
1
462
1
453
2
463
0
63
5
421
255
463
1
63
7
421
16777215
470
LINEAR
1001
ACAD
1010
0
1020
0
1030
0
0
HATCH
5
a83
100
AcDbEntity
8
Document
100
AcDbHatch
10
0
20
0
30
0
210
0
220
0
230
1
2
SOLID
70
1
71
0
91
1
92
7
72
0
73
1
93
12
10
70.45214630429268
20
97.5531877063753
10
70.45214630429268
20
96.15318770637543
10
70.25214630429264
20
95.95318770637539
10
68.75214630429264
20
95.95318770637539
10
68.55214630429259
20
96.15318770637543
10
68.55214630429259
20
97.5531877063753
10
68.75214630429264
20
97.5531877063753
10
68.75214630429264
20
96.25318770637546
10
68.85214630429255
20
96.15318770637543
10
70.15214630429273
20
96.15318770637543
10
70.25214630429264
20
96.25318770637546
10
70.25214630429264
20
97.5531877063753
97
1
330

75
0
76
1
47
0.4128176842155181
98
1
10
34.90568961886538
20
22.81183545379326
450
0
451
0
460
0
461
0
452
1
462
1
453
2
463
0
63
5
421
255
463
1
63
7
421
16777215
470
LINEAR
1001
ACAD
1010
0
1020
0
1030
0
0
HATCH
5
a85
100
AcDbEntity
8
Document
100
AcDbHatch
10
0
20
0
30
0
210
0
220
0
230
1
2
SOLID
70
1
71
0
91
1
92
7
72
0
73
1
93
12
10
65.45214630429246
20
97.5531877063753
10
65.45214630429246
20
96.15318770637543
10
65.25214630429264
20
95.95318770637539
10
63.75214630429264
20
95.95318770637539
10
63.55214630429282
20
96.15318770637543
10
63.55214630429282
20
97.5531877063753
10
63.75214630429264
20
97.5531877063753
10
63.75214630429264
20
96.25318770637546
10
63.85214630429277
20
96.15318770637543
10
65.1521463042925
20
96.15318770637543
10
65.25214630429264
20
96.25318770637546
10
65.25214630429264
20
97.5531877063753
97
1
330

75
0
76
1
47
0.4128176842155181
98
1
10
34.90568961886538
20
22.81183545379326
450
0
451
0
460
0
461
0
452
1
462
1
453
2
463
0
63
5
421
255
463
1
63
7
421
16777215
470
LINEAR
1001
ACAD
1010
0
1020
0
1030
0
0
HATCH
5
a87
100
AcDbEntity
8
Document
100
AcDbHatch
10
0
20
0
30
0
210
0
220
0
230
1
2
SOLID
70
1
71
0
91
1
92
7
72
0
73
1
93
12
10
60.45214630429268
20
97.5531877063753
10
60.45214630429268
20
96.15318770637543
10
60.25214630429264
20
95.95318770637539
10
58.75214630429264
20
95.95318770637539
10
58.55214630429259
20
96.15318770637543
10
58.55214630429259
20
97.5531877063753
10
58.75214630429264
20
97.5531877063753
10
58.75214630429264
20
96.25318770637546
10
58.852146304292546
20
96.15318770637543
10
60.15214630429273
20
96.15318770637543
10
60.25214630429264
20
96.25318770637546
10
60.25214630429264
20
97.5531877063753
97
1
330

75
0
76
1
47
0.4128176842155181
98
1
10
34.90568961886538
20
22.81183545379326
450
0
451
0
460
0
461
0
452
1
462
1
453
2
463
0
63
5
421
255
463
1
63
7
421
16777215
470
LINEAR
1001
ACAD
1010
0
1020
0
1030
0
0
HATCH
5
a89
100
AcDbEntity
8
Document
100
AcDbHatch
10
0
20
0
30
0
210
0
220
0
230
1
2
SOLID
70
1
71
0
91
1
92
7
72
0
73
1
93
12
10
55.45214630429268
20
97.5531877063753
10
55.45214630429268
20
96.15318770637543
10
55.25214630429264
20
95.95318770637539
10
53.75214630429264
20
95.95318770637539
10
53.55214630429259
20
96.15318770637543
10
53.55214630429259
20
97.5531877063753
10
53.75214630429264
20
97.5531877063753
10
53.75214630429264
20
96.25318770637546
10
53.85214630429277
20
96.15318770637543
10
55.15214630429273
20
96.15318770637543
10
55.25214630429264
20
96.25318770637546
10
55.25214630429264
20
97.5531877063753
97
1
330

75
0
76
1
47
0.4128176842155181
98
1
10
34.90568961886538
20
22.81183545379326
450
0
451
0
460
0
461
0
452
1
462
1
453
2
463
0
63
5
421
255
463
1
63
7
421
16777215
470
LINEAR
1001
ACAD
1010
0
1020
0
1030
0
0
HATCH
5
a8b
100
AcDbEntity
8
Document
100
AcDbHatch
10
0
20
0
30
0
210
0
220
0
230
1
2
SOLID
70
1
71
0
91
1
92
7
72
0
73
1
93
12
10
50.45214630429268
20
97.5531877063753
10
50.45214630429268
20
96.15318770637543
10
50.25214630429264
20
95.95318770637539
10
48.75214630429264
20
95.95318770637539
10
48.55214630429259
20
96.15318770637543
10
48.55214630429259
20
97.5531877063753
10
48.75214630429264
20
97.5531877063753
10
48.75214630429264
20
96.25318770637546
10
48.852146304292546
20
96.15318770637543
10
50.1521463042925
20
96.15318770637543
10
50.25214630429264
20
96.25318770637546
10
50.25214630429264
20
97.5531877063753
97
1
330

75
0
76
1
47
0.4128176842155181
98
1
10
34.90568961886538
20
22.81183545379326
450
0
451
0
460
0
461
0
452
1
462
1
453
2
463
0
63
5
421
255
463
1
63
7
421
16777215
470
LINEAR
1001
ACAD
1010
0
1020
0
1030
0
0
HATCH
5
a8d
100
AcDbEntity
8
Document
100
AcDbHatch
10
0
20
0
30
0
210
0
220
0
230
1
2
SOLID
70
1
71
0
91
1
92
7
72
0
73
1
93
12
10
45.45214630429268
20
97.5531877063753
10
45.45214630429268
20
96.15318770637543
10
45.25214630429264
20
95.95318770637539
10
43.75214630429264
20
95.95318770637539
10
43.55214630429259
20
96.15318770637543
10
43.55214630429259
20
97.5531877063753
10
43.75214630429264
20
97.5531877063753
10
43.75214630429264
20
96.25318770637546
10
43.85214630429277
20
96.15318770637543
10
45.15214630429273
20
96.15318770637543
10
45.25214630429264
20
96.25318770637546
10
45.25214630429264
20
97.5531877063753
97
1
330

75
0
76
1
47
0.4128176842155181
98
1
10
34.90568961886538
20
22.81183545379326
450
0
451
0
460
0
461
0
452
1
462
1
453
2
463
0
63
5
421
255
463
1
63
7
421
16777215
470
LINEAR
1001
ACAD
1010
0
1020
0
1030
0
0
HATCH
5
a8f
100
AcDbEntity
8
Document
100
AcDbHatch
10
0
20
0
30
0
210
0
220
0
230
1
2
SOLID
70
1
71
0
91
1
92
7
72
0
73
1
93
12
10
43.552171704343436
20
0.23700787401571688
10
43.552171704343436
20
1.6370078740156941
10
43.75217170434348
20
1.8370078740157396
10
45.25217170434348
20
1.8370078740157396
10
45.45217170434353
20
1.6370078740156941
10
45.45217170434353
20
0.23700787401571688
10
45.25217170434348
20
0.23700787401571688
10
45.25217170434348
20
1.5370078740156714
10
45.15217170434357
20
1.6370078740156941
10
43.85217170434339
20
1.6370078740156941
10
43.75217170434348
20
1.5370078740156714
10
43.75217170434348
20
0.23700787401571688
97
1
330

75
0
76
1
47
0.4128176842155181
98
1
10
34.90568961886538
20
22.81183545379326
450
0
451
0
460
0
461
0
452
1
462
1
453
2
463
0
63
5
421
255
463
1
63
7
421
16777215
470
LINEAR
1001
ACAD
1010
0
1020
0
1030
0
0
HATCH
5
a91
100
AcDbEntity
8
Document
100
AcDbHatch
10
0
20
0
30
0
210
0
220
0
230
1
2
SOLID
70
1
71
0
91
1
92
7
72
0
73
1
93
12
10
48.552171704343436
20
0.23700787401571688
10
48.552171704343436
20
1.6370078740156941
10
48.752171704343255
20
1.8370078740157396
10
50.25217170434348
20
1.8370078740157396
10
50.4521717043433
20
1.6370078740156941
10
50.4521717043433
20
0.23700787401571688
10
50.25217170434348
20
0.23700787401571688
10
50.25217170434348
20
1.5370078740156714
10
50.152171704343345
20
1.6370078740156941
10
48.85217170434339
20
1.6370078740156941
10
48.752171704343255
20
1.5370078740156714
10
48.752171704343255
20
0.23700787401571688
97
1
330

75
0
76
1
47
0.4128176842155181
98
1
10
34.90568961886538
20
22.81183545379326
450
0
451
0
460
0
461
0
452
1
462
1
453
2
463
0
63
5
421
255
463
1
63
7
421
16777215
470
LINEAR
1001
ACAD
1010
0
1020
0
1030
0
0
HATCH
5
a93
100
AcDbEntity
8
Document
100
AcDbHatch
10
0
20
0
30
0
210
0
220
0
230
1
2
SOLID
70
1
71
0
91
1
92
7
72
0
73
1
93
12
10
53.552171704343436
20
0.23700787401571688
10
53.552171704343436
20
1.6370078740156941
10
53.75217170434348
20
1.8370078740157396
10
55.25217170434348
20
1.8370078740157396
10
55.45217170434353
20
1.6370078740156941
10
55.45217170434353
20
0.23700787401571688
10
55.25217170434348
20
0.23700787401571688
10
55.25217170434348
20
1.5370078740156714
10
55.15217170434357
20
1.6370078740156941
10
53.85217170434339
20
1.6370078740156941
10
53.75217170434348
20
1.5370078740156714
10
53.75217170434348
20
0.23700787401571688
97
1
330

75
0
76
1
47
0.4128176842155181
98
1
10
34.90568961886538
20
22.81183545379326
450
0
451
0
460
0
461
0
452
1
462
1
453
2
463
0
63
5
421
255
463
1
63
7
421
16777215
470
LINEAR
1001
ACAD
1010
0
1020
0
1030
0
0
HATCH
5
a95
100
AcDbEntity
8
Document
100
AcDbHatch
10
0
20
0
30
0
210
0
220
0
230
1
2
SOLID
70
1
71
0
91
1
92
7
72
0
73
1
93
12
10
58.552171704343436
20
0.23700787401571688
10
58.552171704343436
20
1.6370078740156941
10
58.75217170434348
20
1.8370078740157396
10
60.25217170434348
20
1.8370078740157396
10
60.45217170434353
20
1.6370078740156941
10
60.45217170434353
20
0.23700787401571688
10
60.25217170434348
20
0.23700787401571688
10
60.25217170434348
20
1.5370078740156714
10
60.152171704343345
20
1.6370078740156941
10
58.85217170434339
20
1.6370078740156941
10
58.75217170434348
20
1.5370078740156714
10
58.75217170434348
20
0.23700787401571688
97
1
330

75
0
76
1
47
0.4128176842155181
98
1
10
34.90568961886538
20
22.81183545379326
450
0
451
0
460
0
461
0
452
1
462
1
453
2
463
0
63
5
421
255
463
1
63
7
421
16777215
470
LINEAR
1001
ACAD
1010
0
1020
0
1030
0
0
HATCH
5
a97
100
AcDbEntity
8
Document
100
AcDbHatch
10
0
20
0
30
0
210
0
220
0
230
1
2
SOLID
70
1
71
0
91
1
92
7
72
0
73
1
93
12
10
63.552171704343436
20
0.23700787401571688
10
63.552171704343436
20
1.6370078740156941
10
63.75217170434348
20
1.8370078740157396
10
65.25217170434325
20
1.8370078740157396
10
65.4521717043433
20
1.6370078740156941
10
65.4521717043433
20
0.23700787401571688
10
65.25217170434325
20
0.23700787401571688
10
65.25217170434325
20
1.5370078740156714
10
65.15217170434357
20
1.6370078740156941
10
63.85217170434362
20
1.6370078740156941
10
63.75217170434348
20
1.5370078740156714
10
63.75217170434348
20
0.23700787401571688
97
1
330

75
0
76
1
47
0.4128176842155181
98
1
10
34.90568961886538
20
22.81183545379326
450
0
451
0
460
0
461
0
452
1
462
1
453
2
463
0
63
5
421
255
463
1
63
7
421
16777215
470
LINEAR
1001
ACAD
1010
0
1020
0
1030
0
0
HATCH
5
a99
100
AcDbEntity
8
Document
100
AcDbHatch
10
0
20
0
30
0
210
0
220
0
230
1
2
SOLID
70
1
71
0
91
1
92
7
72
0
73
1
93
12
10
68.55217170434344
20
0.23700787401571688
10
68.55217170434344
20
1.6370078740156941
10
68.75217170434348
20
1.8370078740157396
10
70.25217170434348
20
1.8370078740157396
10
70.45217170434353
20
1.6370078740156941
10
70.45217170434353
20
0.23700787401571688
10
70.25217170434348
20
0.23700787401571688
10
70.25217170434348
20
1.5370078740156714
10
70.15217170434335
20
1.6370078740156941
10
68.85217170434339
20
1.6370078740156941
10
68.75217170434348
20
1.5370078740156714
10
68.75217170434348
20
0.23700787401571688
97
1
330

75
0
76
1
47
0.4128176842155181
98
1
10
34.90568961886538
20
22.81183545379326
450
0
451
0
460
0
461
0
452
1
462
1
453
2
463
0
63
5
421
255
463
1
63
7
421
16777215
470
LINEAR
1001
ACAD
1010
0
1020
0
1030
0
0
HATCH
5
a9b
100
AcDbEntity
8
Document
100
AcDbHatch
10
0
20
0
30
0
210
0
220
0
230
1
2
SOLID
70
1
71
0
91
1
92
7
72
0
73
1
93
12
10
73.55217170434344
20
0.23700787401571688
10
73.55217170434344
20
1.6370078740156941
10
73.75217170434348
20
1.8370078740157396
10
75.25217170434325
20
1.8370078740157396
10
75.4521717043433
20
1.6370078740156941
10
75.4521717043433
20
0.23700787401571688
10
75.25217170434325
20
0.23700787401571688
10
75.25217170434325
20
1.5370078740156714
10
75.15217170434335
20
1.6370078740156941
10
73.85217170434362
20
1.6370078740156941
10
73.75217170434348
20
1.5370078740156714
10
73.75217170434348
20
0.23700787401571688
97
1
330

75
0
76
1
47
0.4128176842155181
98
1
10
34.90568961886538
20
22.81183545379326
450
0
451
0
460
0
461
0
452
1
462
1
453
2
463
0
63
5
421
255
463
1
63
7
421
16777215
470
LINEAR
1001
ACAD
1010
0
1020
0
1030
0
0
HATCH
5
a9d
100
AcDbEntity
8
Document
100
AcDbHatch
10
0
20
0
30
0
210
0
220
0
230
1
2
SOLID
70
1
71
0
91
1
92
7
72
0
73
1
93
12
10
78.55217170434344
20
0.23700787401571688
10
78.55217170434344
20
1.6370078740156941
10
78.75217170434348
20
1.8370078740157396
10
80.25217170434348
20
1.8370078740157396
10
80.45217170434353
20
1.6370078740156941
10
80.45217170434353
20
0.23700787401571688
10
80.25217170434348
20
0.23700787401571688
10
80.25217170434348
20
1.5370078740156714
10
80.15217170434357
20
1.6370078740156941
10
78.85217170434339
20
1.6370078740156941
10
78.75217170434348
20
1.5370078740156714
10
78.75217170434348
20
0.23700787401571688
97
1
330

75
0
76
1
47
0.4128176842155181
98
1
10
34.90568961886538
20
22.81183545379326
450
0
451
0
460
0
461
0
452
1
462
1
453
2
463
0
63
5
421
255
463
1
63
7
421
16777215
470
LINEAR
1001
ACAD
1010
0
1020
0
1030
0
0
HATCH
5
a9f
100
AcDbEntity
8
Document
100
AcDbHatch
10
0
20
0
30
0
210
0
220
0
230
1
2
SOLID
70
1
71
0
91
1
92
7
72
0
73
1
93
12
10
83.55217170434344
20
0.23700787401571688
10
83.55217170434344
20
1.6370078740156941
10
83.75217170434325
20
1.8370078740157396
10
85.25217170434348
20
1.8370078740157396
10
85.4521717043433
20
1.6370078740156941
10
85.4521717043433
20
0.23700787401571688
10
85.25217170434348
20
0.23700787401571688
10
85.25217170434348
20
1.5370078740156714
10
85.15217170434335
20
1.6370078740156941
10
83.85217170434339
20
1.6370078740156941
10
83.75217170434325
20
1.5370078740156714
10
83.75217170434325
20
0.23700787401571688
97
1
330

75
0
76
1
47
0.4128176842155181
98
1
10
34.90568961886538
20
22.81183545379326
450
0
451
0
460
0
461
0
452
1
462
1
453
2
463
0
63
5
421
255
463
1
63
7
421
16777215
470
LINEAR
1001
ACAD
1010
0
1020
0
1030
0
0
HATCH
5
aa1
100
AcDbEntity
8
Document
100
AcDbHatch
10
0
20
0
30
0
210
0
220
0
230
1
2
SOLID
70
1
71
0
91
1
92
7
72
0
73
1
93
12
10
88.55217170434344
20
0.23700787401571688
10
88.55217170434344
20
1.6370078740156941
10
88.75217170434348
20
1.8370078740157396
10
90.25217170434348
20
1.8370078740157396
10
90.45217170434353
20
1.6370078740156941
10
90.45217170434353
20
0.23700787401571688
10
90.25217170434348
20
0.23700787401571688
10
90.25217170434348
20
1.5370078740156714
10
90.15217170434357
20
1.6370078740156941
10
88.85217170434339
20
1.6370078740156941
10
88.75217170434348
20
1.5370078740156714
10
88.75217170434348
20
0.23700787401571688
97
1
330

75
0
76
1
47
0.4128176842155181
98
1
10
34.90568961886538
20
22.81183545379326
450
0
451
0
460
0
461
0
452
1
462
1
453
2
463
0
63
5
421
255
463
1
63
7
421
16777215
470
LINEAR
1001
ACAD
1010
0
1020
0
1030
0
0
HATCH
5
aa3
100
AcDbEntity
8
Document
100
AcDbHatch
10
0
20
0
30
0
210
0
220
0
230
1
2
SOLID
70
1
71
0
91
1
92
7
72
0
73
1
93
12
10
93.55217170434344
20
0.23700787401571688
10
93.55217170434344
20
1.6370078740156941
10
93.75217170434325
20
1.8370078740157396
10
95.25217170434348
20
1.8370078740157396
10
95.4521717043433
20
1.6370078740156941
10
95.4521717043433
20
0.23700787401571688
10
95.25217170434348
20
0.23700787401571688
10
95.25217170434348
20
1.5370078740156714
10
95.15217170434335
20
1.6370078740156941
10
93.85217170434339
20
1.6370078740156941
10
93.75217170434325
20
1.5370078740156714
10
93.75217170434325
20
0.23700787401571688
97
1
330

75
0
76
1
47
0.4128176842155181
98
1
10
34.90568961886538
20
22.81183545379326
450
0
451
0
460
0
461
0
452
1
462
1
453
2
463
0
63
5
421
255
463
1
63
7
421
16777215
470
LINEAR
1001
ACAD
1010
0
1020
0
1030
0
0
HATCH
5
aa5
100
AcDbEntity
8
Document
100
AcDbHatch
10
0
20
0
30
0
210
0
220
0
230
1
2
SOLID
70
1
71
0
91
1
92
7
72
0
73
1
93
12
10
98.55217170434344
20
0.23700787401571688
10
98.55217170434344
20
1.6370078740156941
10
98.75217170434348
20
1.8370078740157396
10
100.25217170434348
20
1.8370078740157396
10
100.45217170434353
20
1.6370078740156941
10
100.45217170434353
20
0.23700787401571688
10
100.25217170434348
20
0.23700787401571688
10
100.25217170434348
20
1.5370078740156714
10
100.15217170434357
20
1.6370078740156941
10
98.85217170434339
20
1.6370078740156941
10
98.75217170434348
20
1.5370078740156714
10
98.75217170434348
20
0.23700787401571688
97
1
330

75
0
76
1
47
0.4128176842155181
98
1
10
34.90568961886538
20
22.81183545379326
450
0
451
0
460
0
461
0
452
1
462
1
453
2
463
0
63
5
421
255
463
1
63
7
421
16777215
470
LINEAR
1001
ACAD
1010
0
1020
0
1030
0
0
HATCH
5
aa7
100
AcDbEntity
8
Document
100
AcDbHatch
10
0
20
0
30
0
210
0
220
0
230
1
2
SOLID
70
1
71
0
91
1
92
7
72
0
73
1
93
12
10
103.55217170434344
20
0.23700787401571688
10
103.55217170434344
20
1.6370078740156941
10
103.75217170434348
20
1.8370078740157396
10
105.25217170434348
20
1.8370078740157396
10
105.45217170434353
20
1.6370078740156941
10
105.45217170434353
20
0.23700787401571688
10
105.25217170434348
20
0.23700787401571688
10
105.25217170434348
20
1.5370078740156714
10
105.15217170434335
20
1.6370078740156941
10
103.85217170434339
20
1.6370078740156941
10
103.75217170434348
20
1.5370078740156714
10
103.75217170434348
20
0.23700787401571688
97
1
330

75
0
76
1
47
0.4128176842155181
98
1
10
34.90568961886538
20
22.81183545379326
450
0
451
0
460
0
461
0
452
1
462
1
453
2
463
0
63
5
421
255
463
1
63
7
421
16777215
470
LINEAR
1001
ACAD
1010
0
1020
0
1030
0
0
HATCH
5
aa9
100
AcDbEntity
8
Document
100
AcDbHatch
10
0
20
0
30
0
210
0
220
0
230
1
2
SOLID
70
1
71
0
91
1
92
7
72
0
73
1
93
12
10
108.55217170434344
20
0.23700787401571688
10
108.55217170434344
20
1.6370078740156941
10
108.75217170434348
20
1.8370078740157396
10
110.25217170434325
20
1.8370078740157396
10
110.4521717043433
20
1.6370078740156941
10
110.4521717043433
20
0.23700787401571688
10
110.25217170434325
20
0.23700787401571688
10
110.25217170434325
20
1.5370078740156714
10
110.15217170434335
20
1.6370078740156941
10
108.85217170434362
20
1.6370078740156941
10
108.75217170434348
20
1.5370078740156714
10
108.75217170434348
20
0.23700787401571688
97
1
330

75
0
76
1
47
0.4128176842155181
98
1
10
34.90568961886538
20
22.81183545379326
450
0
451
0
460
0
461
0
452
1
462
1
453
2
463
0
63
5
421
255
463
1
63
7
421
16777215
470
LINEAR
1001
ACAD
1010
0
1020
0
1030
0
0
HATCH
5
aab
100
AcDbEntity
8
Document
100
AcDbHatch
10
0
20
0
30
0
210
0
220
0
230
1
2
SOLID
70
1
71
0
91
1
92
7
72
0
73
1
93
12
10
113.55217170434344
20
0.23700787401571688
10
113.55217170434344
20
1.6370078740156941
10
113.75217170434348
20
1.8370078740157396
10
115.25217170434348
20
1.8370078740157396
10
115.45217170434353
20
1.6370078740156941
10
115.45217170434353
20
0.23700787401571688
10
115.25217170434348
20
0.23700787401571688
10
115.25217170434348
20
1.5370078740156714
10
115.15217170434335
20
1.6370078740156941
10
113.85217170434339
20
1.6370078740156941
10
113.75217170434348
20
1.5370078740156714
10
113.75217170434348
20
0.23700787401571688
97
1
330

75
0
76
1
47
0.4128176842155181
98
1
10
34.90568961886538
20
22.81183545379326
450
0
451
0
460
0
461
0
452
1
462
1
453
2
463
0
63
5
421
255
463
1
63
7
421
16777215
470
LINEAR
1001
ACAD
1010
0
1020
0
1030
0
0
HATCH
5
aad
100
AcDbEntity
8
Document
100
AcDbHatch
10
0
20
0
30
0
210
0
220
0
230
1
2
SOLID
70
1
71
0
91
1
92
7
72
0
73
1
93
4
10
55.9893827787655
20
60.47350774701545
10
57.159385318770774
20
59.30350520701029
10
57.159385318770774
20
49.73088646177291
10
55.9893827787655
20
48.56088392176787
97
1
330

75
0
76
1
47
0.4128176842155181
98
1
10
34.90568961886538
20
22.81183545379326
450
0
451
0
460
0
461
0
452
1
462
1
453
2
463
0
63
5
421
255
463
1
63
7
421
16777215
470
LINEAR
1001
ACAD
1010
0
1020
0
1030
0
  0
ENDSEC
  0
SECTION
  2
OBJECTS
  0
DICTIONARY
  5
C
330
0
100
AcDbDictionary
281
     1
  3
ACAD_CIP_PREVIOUS_PRODUCT_INFO
350
216
  3
ACAD_COLOR
350
6B
  3
ACAD_DETAILVIEWSTYLE
350
21B
  3
ACAD_GROUP
350
D
  3
ACAD_LAYOUT
350
1A
  3
ACAD_MATERIAL
350
6A
  3
ACAD_MLEADERSTYLE
350
12D
  3
ACAD_MLINESTYLE
350
17
  3
ACAD_PLOTSETTINGS
350
19
  3
ACAD_PLOTSTYLENAME
350
E
  3
ACAD_SCALELIST
350
10C
  3
ACAD_SECTIONVIEWSTYLE
350
219
  3
ACAD_TABLESTYLE
350
7E
  3
ACAD_VISUALSTYLE
350
EF
  3
ACDB_RECOMPOSE_DATA
350
27D
  3
AcDbVariableDictionary
350
5E
  3
AcDsDecomposeData
350
283
  0
DICTIONARY
  5
1FF
330
2
100
AcDbDictionary
280
     1
281
     1
  3
ACAD_LAYERSTATES
360
200
  0
DICTIONARY
  5
13C
330
10
100
AcDbDictionary
280
     1
281
     1
  0
DICTIONARY
  5
1CE
330
1F
100
AcDbDictionary
280
     1
281
     1
  0
XRECORD
  5
216
102
{ACAD_REACTORS
330
C
102
}
330
C
100
AcDbXrecord
280
     1
300
ACD
300
2017
300
ACD_F_S
  0
DICTIONARY
  5
6B
102
{ACAD_REACTORS
330
C
102
}
330
C
100
AcDbDictionary
281
     1
  0
DICTIONARY
  5
21B
102
{ACAD_REACTORS
330
C
102
}
330
C
100
AcDbDictionary
281
     1
  3
Metric50
350
21C
  0
DICTIONARY
  5
D
102
{ACAD_REACTORS
330
C
102
}
330
C
100
AcDbDictionary
281
     1
  0
DICTIONARY
  5
1A
102
{ACAD_REACTORS
330
C
102
}
330
C
100
AcDbDictionary
281
     1
  3
Model
350
22
  3
布局1
350
D3
  3
布局2
350
D7
  0
DICTIONARY
  5
6A
102
{ACAD_REACTORS
330
C
102
}
330
C
100
AcDbDictionary
281
     1
  3
ByBlock
350
ED
  3
ByLayer
350
EC
  3
Global
350
EE
  0
DICTIONARY
  5
12D
102
{ACAD_REACTORS
330
C
102
}
330
C
100
AcDbDictionary
281
     1
  3
Annotative
350
13B
  3
Standard
350
12E
  0
DICTIONARY
  5
17
102
{ACAD_REACTORS
330
C
102
}
330
C
100
AcDbDictionary
281
     1
  3
Standard
350
18
  0
DICTIONARY
  5
19
102
{ACAD_REACTORS
330
C
102
}
330
C
100
AcDbDictionary
281
     1
  0
ACDBDICTIONARYWDFLT
  5
E
102
{ACAD_REACTORS
330
C
102
}
330
C
100
AcDbDictionary
281
     1
  3
Normal
350
F
100
AcDbDictionaryWithDefault
340
F
  0
DICTIONARY
  5
10C
102
{ACAD_REACTORS
330
C
102
}
330
C
100
AcDbDictionary
281
     1
  3
A0
350
10D
  3
A1
350
1BE
  3
A2
350
1BF
  3
A3
350
1C0
  3
A4
350
1C1
  3
A5
350
1C2
  3
A6
350
1C3
  3
A7
350
1C4
  3
A8
350
1C5
  3
A9
350
1C6
  3
B0
350
1C7
  3
B1
350
1C8
  3
B2
350
1C9
  3
B3
350
1CA
  3
B4
350
1CB
  3
B5
350
1CC
  3
B6
350
1CD
  0
DICTIONARY
  5
219
102
{ACAD_REACTORS
330
C
102
}
330
C
100
AcDbDictionary
281
     1
  3
Metric50
350
21A
  0
DICTIONARY
  5
7E
102
{ACAD_REACTORS
330
C
102
}
330
C
100
AcDbDictionary
281
     1
  3
Standard
350
7F
  0
DICTIONARY
  5
EF
102
{ACAD_REACTORS
330
C
102
}
330
C
100
AcDbDictionary
281
     1
  3
2dWireframe
350
F5
  3
Basic
350
F4
  3
Brighten
350
FB
  3
ColorChange
350
FF
  3
Conceptual
350
F8
  3
Dim
350
FA
  3
EdgeColorOff
350
1E6
  3
Facepattern
350
FE
  3
Flat
350
F0
  3
FlatWithEdges
350
F1
  3
Gouraud
350
F2
  3
GouraudWithEdges
350
F3
  3
Hidden
350
F7
  3
JitterOff
350
1E4
  3
Linepattern
350
FD
  3
OverhangOff
350
1E5
  3
Realistic
350
F9
  3
Shaded
350
1F3
  3
Shaded with edges
350
1F2
  3
Shades of Gray
350
1EF
  3
Sketchy
350
1F0
  3
Thicken
350
FC
  3
Wireframe
350
F6
  3
X-Ray
350
1F1
  0
XRECORD
  5
27D
102
{ACAD_REACTORS
330
C
102
}
330
C
100
AcDbXrecord
280
     1
 90
        1
330
7F
  0
DICTIONARY
  5
5E
102
{ACAD_REACTORS
330
C
102
}
330
C
100
AcDbDictionary
281
     1
  3
CANNOSCALE
350
146
  3
CENTEREXE
350
259
  3
CENTERLTYPEFILE
350
25A
  3
CMLEADERSTYLE
350
145
  3
CTABLESTYLE
350
84
  3
CVIEWDETAILSTYLE
350
227
  3
CVIEWSECTIONSTYLE
350
228
  3
DIMASSOC
350
5F
  3
HIDETEXT
350
63
  3
LAYEREVAL
350
1AE
  3
LAYERNOTIFY
350
1AF
  3
XCLIPFRAME
350
27B
  0
DICTIONARY
  5
283
102
{ACAD_REACTORS
330
C
102
}
330
C
100
AcDbDictionary
281
     1
  3
AcDsRecords
350
285
  3
AcDsSchemas
350
284
1001
ACAD
1070
     2
  0
DICTIONARY
  5
200
102
{ACAD_REACTORS
330
1FF
102
}
330
1FF
100
AcDbDictionary
281
     1
  0
ACDBDETAILVIEWSTYLE
  5
21C
102
{ACAD_XDICTIONARY
360
236
102
}
102
{ACAD_REACTORS
330
21B
102
}
330
21B
100
AcDbModelDocViewStyle
 70
     0
  3
Metric50
290
     0
100
AcDbDetailViewStyle
 70
     0
 71
     0
 90
        3
 71
     1
340
11
 62
   256
 40
5.0
340
0
 62
   256
 40
5.0
300

 40
0.0
280
     1
 71
     2
340
16
 90
       25
 62
   256
 71
     3
340
11
 62
   256
 40
5.0
 90
        0
 40
15.0
 90
        1
300
%<AcVar ViewDetailId>% (%<AcVar ViewScale  "%sn">%)
 71
     4
340
16
 90
       25
 62
   256
340
16
 90
       25
 62
   256
280
     0
  0
LAYOUT
  5
22
102
{ACAD_XDICTIONARY
360
205
102
}
102
{ACAD_REACTORS
330
1A
102
}
330
1A
100
AcDbPlotSettings
  1

  2
none_device
  4
ISO_A4_(210.00_x_297.00_MM)
  6

 40
7.5
 41
20.0
 42
7.5
 43
20.0
 44
210.0
 45
297.0
 46
11.54999923706054
 47
-13.65000009536743
 48
0.0
 49
0.0
140
0.0
141
0.0
142
1.0
143
8.704084754739808
 70
 11952
 72
     1
 73
     0
 74
     0
  7

 75
     0
147
0.1148885871608098
 76
     0
 77
     2
 78
   300
148
0.0
149
0.0
100
AcDbLayout
  1
Model
 70
     1
 71
     0
 10
0.0
 20
0.0
 11
12.0
 21
9.0
 12
0.0
 22
0.0
 32
0.0
 14
0.0
 24
0.0
 34
0.0
 15
0.0
 25
0.0
 35
0.0
146
0.0
 13
0.0
 23
0.0
 33
0.0
 16
1.0
 26
0.0
 36
0.0
 17
0.0
 27
1.0
 37
0.0
 76
     0
330
1F
331
EA
1001
ACAD_PSEXT
1000
None
1000
None
1000
Not applicable
1000
The layout will not be plotted unless a new plotter configuration name is selected.
1070
     0
  0
LAYOUT
  5
D3
102
{ACAD_REACTORS
330
1A
102
}
330
1A
100
AcDbPlotSettings
  1

  2
C:Documents and SettingsasasApplication DataAutodeskAutoCAD 2005R16.1enuplottersDefault Windows System Printer.pc3
  4

  6

 40
0.0
 41
0.0
 42
0.0
 43
0.0
 44
0.0
 45
0.0
 46
0.0
 47
0.0
 48
0.0
 49
0.0
140
0.0
141
0.0
142
1.0
143
1.0
 70
   688
 72
     0
 73
     0
 74
     5
  7

 75
    16
147
1.0
 76
     0
 77
     2
 78
   300
148
0.0
149
0.0
100
AcDbLayout
  1
布局1
 70
     1
 71
     1
 10
0.0
 20
0.0
 11
12.0
 21
9.0
 12
0.0
 22
0.0
 32
0.0
 14
0.0
 24
0.0
 34
0.0
 15
0.0
 25
0.0
 35
0.0
146
0.0
 13
0.0
 23
0.0
 33
0.0
 16
1.0
 26
0.0
 36
0.0
 17
0.0
 27
1.0
 37
0.0
 76
     0
330
D2
  0
LAYOUT
  5
D7
102
{ACAD_REACTORS
330
1A
102
}
330
1A
100
AcDbPlotSettings
  1

  2
C:Documents and SettingsasasApplication DataAutodeskAutoCAD 2005R16.1enuplottersDefault Windows System Printer.pc3
  4

  6

 40
0.0
 41
0.0
 42
0.0
 43
0.0
 44
0.0
 45
0.0
 46
0.0
 47
0.0
 48
0.0
 49
0.0
140
0.0
141
0.0
142
1.0
143
1.0
 70
   688
 72
     0
 73
     0
 74
     5
  7

 75
    16
147
1.0
 76
     0
 77
     2
 78
   300
148
0.0
149
0.0
100
AcDbLayout
  1
布局2
 70
     1
 71
     2
 10
0.0
 20
0.0
 11
12.0
 21
9.0
 12
0.0
 22
0.0
 32
0.0
 14
0.0
 24
0.0
 34
0.0
 15
0.0
 25
0.0
 35
0.0
146
0.0
 13
0.0
 23
0.0
 33
0.0
 16
1.0
 26
0.0
 36
0.0
 17
0.0
 27
1.0
 37
0.0
 76
     0
330
D6
  0
MATERIAL
  5
ED
102
{ACAD_XDICTIONARY
360
1F9
102
}
102
{ACAD_REACTORS
330
6A
102
}
330
6A
100
AcDbMaterial
  1
ByBlock
 94
       63
  0
MATERIAL
  5
EC
102
{ACAD_XDICTIONARY
360
1F7
102
}
102
{ACAD_REACTORS
330
6A
102
}
330
6A
100
AcDbMaterial
  1
ByLayer
 94
       63
  0
MATERIAL
  5
EE
102
{ACAD_XDICTIONARY
360
173
102
}
102
{ACAD_REACTORS
330
6A
102
}
330
6A
100
AcDbMaterial
  1
Global
 43
0.0007999999797903
 43
0.0
 43
0.0
 43
0.0
 43
0.0
 43
0.0007999999797903
 43
0.0
 43
0.0
 43
0.0
 43
0.0
 43
1.0
 43
0.0
 43
0.0
 43
0.0
 43
0.0
 43
1.0
 49
0.0007999999797903
 49
0.0
 49
0.0
 49
0.0
 49
0.0
 49
0.0007999999797903
 49
0.0
 49
0.0
 49
0.0
 49
0.0
 49
1.0
 49
0.0
 49
0.0
 49
0.0
 49
0.0
 49
1.0
142
0.0007999999797903
142
0.0
142
0.0
142
0.0
142
0.0
142
0.0007999999797903
142
0.0
142
0.0
142
0.0
142
0.0
142
1.0
142
0.0
142
0.0
142
0.0
142
0.0
142
1.0
144
0.0007999999797903
144
0.0
144
0.0
144
0.0
144
0.0
144
0.0007999999797903
144
0.0
144
0.0
144
0.0
144
0.0
144
1.0
144
0.0
144
0.0
144
0.0
144
0.0
144
1.0
 94
       63
1001
ACAD
1070
    -1
1070
     3
1070
     0
1000

1071
        0
1070
     0
  0
MLEADERSTYLE
  5
13B
102
{ACAD_REACTORS
330
12D
102
}
330
12D
100
AcDbMLeaderStyle
170
     2
171
     1
172
     0
 90
        2
 40
0.0
 41
0.0
173
     1
 91
-1056964608
340
14
 92
       -2
290
     1
 42
2.0
291
     1
 43
8.0
  3
Standard
 44
4.0
300

342
11
174
     1
178
     1
175
     1
176
     0
 93
-1056964608
 45
4.0
292
     0
297
     0
 46
4.0
 94
-1056964608
 47
1.0
 49
1.0
140
1.0
293
     1
141
0.0
294
     1
177
     0
142
1.0
295
     0
296
     1
143
3.75
1001
ACAD_MLEADERVER
1070
     2
  0
MLEADERSTYLE
  5
12E
102
{ACAD_REACTORS
330
12D
102
}
330
12D
100
AcDbMLeaderStyle
170
     2
171
     1
172
     0
 90
        2
 40
0.0
 41
0.0
173
     1
 91
-1056964608
340
14
 92
       -2
290
     1
 42
2.0
291
     1
 43
8.0
  3
Standard
 44
4.0
300

342
11
174
     1
178
     1
175
     1
176
     0
 93
-1056964608
 45
4.0
292
     0
297
     0
 46
4.0
 94
-1056964608
 47
1.0
 49
1.0
140
1.0
293
     1
141
0.0
294
     1
177
     0
142
1.0
295
     0
296
     0
143
3.75
1001
ACAD_MLEADERVER
1070
     2
  0
MLINESTYLE
  5
18
102
{ACAD_REACTORS
330
17
102
}
330
17
100
AcDbMlineStyle
  2
STANDARD
 70
     0
  3

 62
   256
 51
90.0
 52
90.0
 71
     2
 49
0.5
 62
   256
  6
BYLAYER
 49
-0.5
 62
   256
  6
BYLAYER
  0
ACDBPLACEHOLDER
  5
F
102
{ACAD_REACTORS
330
E
102
}
330
E
  0
SCALE
  5
10D
102
{ACAD_REACTORS
330
10C
102
}
330
10C
100
AcDbScale
 70
     0
300
1:1
140
1.0
141
1.0
290
     1
  0
SCALE
  5
1BE
102
{ACAD_REACTORS
330
10C
102
}
330
10C
100
AcDbScale
 70
     0
300
1:2
140
1.0
141
2.0
290
     0
  0
SCALE
  5
1BF
102
{ACAD_REACTORS
330
10C
102
}
330
10C
100
AcDbScale
 70
     0
300
1:4
140
1.0
141
4.0
290
     0
  0
SCALE
  5
1C0
102
{ACAD_REACTORS
330
10C
102
}
330
10C
100
AcDbScale
 70
     0
300
1:5
140
1.0
141
5.0
290
     0
  0
SCALE
  5
1C1
102
{ACAD_REACTORS
330
10C
102
}
330
10C
100
AcDbScale
 70
     0
300
1:8
140
1.0
141
8.0
290
     0
  0
SCALE
  5
1C2
102
{ACAD_REACTORS
330
10C
102
}
330
10C
100
AcDbScale
 70
     0
300
1:10
140
1.0
141
10.0
290
     0
  0
SCALE
  5
1C3
102
{ACAD_REACTORS
330
10C
102
}
330
10C
100
AcDbScale
 70
     0
300
1:16
140
1.0
141
16.0
290
     0
  0
SCALE
  5
1C4
102
{ACAD_REACTORS
330
10C
102
}
330
10C
100
AcDbScale
 70
     0
300
1:20
140
1.0
141
20.0
290
     0
  0
SCALE
  5
1C5
102
{ACAD_REACTORS
330
10C
102
}
330
10C
100
AcDbScale
 70
     0
300
1:30
140
1.0
141
30.0
290
     0
  0
SCALE
  5
1C6
102
{ACAD_REACTORS
330
10C
102
}
330
10C
100
AcDbScale
 70
     0
300
1:40
140
1.0
141
40.0
290
     0
  0
SCALE
  5
1C7
102
{ACAD_REACTORS
330
10C
102
}
330
10C
100
AcDbScale
 70
     0
300
1:50
140
1.0
141
50.0
290
     0
  0
SCALE
  5
1C8
102
{ACAD_REACTORS
330
10C
102
}
330
10C
100
AcDbScale
 70
     0
300
1:100
140
1.0
141
100.0
290
     0
  0
SCALE
  5
1C9
102
{ACAD_REACTORS
330
10C
102
}
330
10C
100
AcDbScale
 70
     0
300
2:1
140
2.0
141
1.0
290
     0
  0
SCALE
  5
1CA
102
{ACAD_REACTORS
330
10C
102
}
330
10C
100
AcDbScale
 70
     0
300
4:1
140
4.0
141
1.0
290
     0
  0
SCALE
  5
1CB
102
{ACAD_REACTORS
330
10C
102
}
330
10C
100
AcDbScale
 70
     0
300
8:1
140
8.0
141
1.0
290
     0
  0
SCALE
  5
1CC
102
{ACAD_REACTORS
330
10C
102
}
330
10C
100
AcDbScale
 70
     0
300
10:1
140
10.0
141
1.0
290
     0
  0
SCALE
  5
1CD
102
{ACAD_REACTORS
330
10C
102
}
330
10C
100
AcDbScale
 70
     0
300
100:1
140
100.0
141
1.0
290
     0
  0
ACDBSECTIONVIEWSTYLE
  5
21A
102
{ACAD_XDICTIONARY
360
234
102
}
102
{ACAD_REACTORS
330
219
102
}
330
219
100
AcDbModelDocViewStyle
 70
     0
  3
Metric50
290
     0
100
AcDbSectionViewStyle
 70
     0
 71
     0
 90
      102
 71
     1
340
11
 62
   256
 40
5.0
340
0
340
0
 62
   256
 40
5.0
300
I, O, Q, S, X, Z
 40
10.0
 90
        0
 40
2.5
 90
        0
 71
     2
340
16
 90
       25
 62
   256
340
16
 90
       50
 62
   256
 40
5.0
 40
2.5
 40
5.0
 71
     3
340
11
 62
   256
 40
5.0
 90
        0
 40
15.0
 90
        1
300
%<AcVar ViewSectionStartId>%-%<AcVar ViewSectionEndId>% (%<AcVar ViewScale  "%sn">%)
 71
     4
 62
   256
 62
   257
300
ANSI31
 40
1.0
 90
        0
290
     0
290
     0
 90
        6
 40
0.0
 40
1.570796326794896
 40
0.2617993877991494
 40
1.308996938995747
 40
-0.2617993877991494
 40
1.832595714594046
  0
TABLESTYLE
  5
7F
102
{ACAD_XDICTIONARY
360
162
102
}
102
{ACAD_REACTORS
330
7E
102
}
330
7E
100
AcDbTableStyle
  3
Standard
 70
     0
 71
     0
 40
1.5
 41
1.5
280
     0
281
     0
  7
Standard
140
4.5
170
     2
 62
     0
 63
     7
283
     0
 90
      512
 91
        0
  1

274
    -2
284
     1
 64
     0
275
    -2
285
     1
 65
     0
276
    -2
286
     1
 66
     0
277
    -2
287
     1
 67
     0
278
    -2
288
     1
 68
     0
279
    -2
289
     1
 69
     0
  7
Standard
140
6.0
170
     5
 62
     0
 63
     7
283
     0
 90
      512
 91
        0
  1

274
    -2
284
     1
 64
     0
275
    -2
285
     1
 65
     0
276
    -2
286
     1
 66
     0
277
    -2
287
     1
 67
     0
278
    -2
288
     1
 68
     0
279
    -2
289
     1
 69
     0
  7
Standard
140
4.5
170
     5
 62
     0
 63
     7
283
     0
 90
      512
 91
        0
  1

274
    -2
284
     1
 64
     0
275
    -2
285
     1
 65
     0
276
    -2
286
     1
 66
     0
277
    -2
287
     1
 67
     0
278
    -2
288
     1
 68
     0
279
    -2
289
     1
 69
     0
  0
VISUALSTYLE
  5
F5
102
{ACAD_XDICTIONARY
360
290
102
}
102
{ACAD_REACTORS
330
EF
102
}
330
EF
100
AcDbVisualStyle
  2
2dWireframe
 70
     4
 71
     0
 72
     2
 73
     1
 90
        0
 40
-0.6
 41
-30.0
 62
     5
 63
     7
421
 16777215
 74
     1
 91
        4
 64
     7
 65
   257
 75
     1
175
     1
 42
1.0
 92
        0
 66
   257
 43
1.0
 76
     1
 77
     6
 78
     2
 67
     7
 79
     5
170
     0
171
     0
290
     0
174
     0
 93
        1
 44
0.0
173
     0
291
     0
 45
0.0
1001
ACAD
1000
AcDbSavedByObjectVersion
1070
     0
  0
VISUALSTYLE
  5
F4
102
{ACAD_XDICTIONARY
360
28E
102
}
102
{ACAD_REACTORS
330
EF
102
}
330
EF
100
AcDbVisualStyle
  2
Basic
 70
     7
 71
     1
 72
     0
 73
     1
 90
        0
 40
-0.6
 41
-30.0
 62
     5
 63
     7
421
 16777215
 74
     0
 91
        4
 64
     7
 65
   257
 75
     1
175
     1
 42
1.0
 92
        8
 66
     7
 43
1.0
 76
     1
 77
     6
 78
     2
 67
     7
 79
     5
170
     0
171
     0
290
     0
174
     0
 93
        1
 44
0.0
173
     0
291
     1
 45
0.0
1001
ACAD
1000
AcDbSavedByObjectVersion
1070
     0
  0
VISUALSTYLE
  5
FB
102
{ACAD_XDICTIONARY
360
29C
102
}
102
{ACAD_REACTORS
330
EF
102
}
330
EF
100
AcDbVisualStyle
  2
Brighten
 70
    12
 71
     2
 72
     2
 73
     1
 90
        0
 40
-0.6
 41
-30.0
 62
     5
 63
     7
421
 16777215
 74
     1
 91
        4
 64
     7
 65
   257
 75
     1
175
     1
 42
1.0
 92
        8
 66
     7
 43
1.0
 76
     1
 77
     6
 78
     2
 67
     7
 79
     5
170
     0
171
     0
290
     0
174
     0
 93
        1
 44
50.0
173
     0
291
     1
 45
0.0
1001
ACAD
1000
AcDbSavedByObjectVersion
1070
     0
  0
VISUALSTYLE
  5
FF
102
{ACAD_XDICTIONARY
360
2A4
102
}
102
{ACAD_REACTORS
330
EF
102
}
330
EF
100
AcDbVisualStyle
  2
ColorChange
 70
    16
 71
     2
 72
     2
 73
     3
 90
        0
 40
-0.6
 41
-30.0
 62
     5
 63
     8
421
  8421504
 74
     1
 91
        4
 64
     7
 65
   257
 75
     1
175
     1
 42
1.0
 92
        8
 66
     8
424
  8421504
 43
1.0
 76
     1
 77
     6
 78
     2
 67
     7
 79
     5
170
     0
171
     0
290
     0
174
     0
 93
        1
 44
0.0
173
     0
291
     1
 45
0.0
1001
ACAD
1000
AcDbSavedByObjectVersion
1070
     0
  0
VISUALSTYLE
  5
F8
102
{ACAD_XDICTIONARY
360
296
102
}
102
{ACAD_REACTORS
330
EF
102
}
330
EF
100
AcDbVisualStyle
  2
Conceptual
 70
     9
 71
     3
 72
     2
 73
     1
 90
        0
 40
-0.6
 41
-30.0
 62
     5
 63
     7
421
 16777215
 74
     2
 91
        2
 64
     7
 65
   257
 75
     1
175
     1
 42
40.0
 92
        8
 66
     7
 43
1.0
 76
     1
 77
     6
 78
     2
 67
     7
 79
     3
170
     0
171
     0
290
     0
174
     0
 93
        1
 44
0.0
173
     0
291
     0
 45
0.0
1001
ACAD
1000
AcDbSavedByObjectVersion
1070
     0
  0
VISUALSTYLE
  5
FA
102
{ACAD_XDICTIONARY
360
29A
102
}
102
{ACAD_REACTORS
330
EF
102
}
330
EF
100
AcDbVisualStyle
  2
Dim
 70
    11
 71
     2
 72
     2
 73
     1
 90
        0
 40
-0.6
 41
-30.0
 62
     5
 63
     7
421
 16777215
 74
     1
 91
        4
 64
     7
 65
   257
 75
     1
175
     1
 42
1.0
 92
        8
 66
     7
 43
1.0
 76
     1
 77
     6
 78
     2
 67
     7
 79
     5
170
     0
171
     0
290
     0
174
     0
 93
        1
 44
-50.0
173
     0
291
     1
 45
0.0
1001
ACAD
1000
AcDbSavedByObjectVersion
1070
     0
  0
VISUALSTYLE
  5
1E6
102
{ACAD_XDICTIONARY
360
2AA
102
}
102
{ACAD_REACTORS
330
EF
102
}
330
EF
100
AcDbVisualStyle
  2
EdgeColorOff
 70
    22
 71
     2
 72
     2
 73
     0
 90
        0
 40
-0.6
 41
-30.0
 62
     5
 63
     7
421
 16777215
 74
     1
 91
        4
 64
     7
 65
   257
 75
     1
175
     1
 42
1.0
 92
        8
 66
     7
 43
1.0
 76
     1
 77
     6
 78
     2
 67
     7
 79
     5
170
     0
171
     0
290
     0
174
     0
 93
        1
 44
0.0
173
     0
291
     1
 45
0.0
1001
ACAD
1000
AcDbSavedByObjectVersion
1070
     0
  0
VISUALSTYLE
  5
FE
102
{ACAD_XDICTIONARY
360
2A2
102
}
102
{ACAD_REACTORS
330
EF
102
}
330
EF
100
AcDbVisualStyle
  2
Facepattern
 70
    15
 71
     2
 72
     2
 73
     1
 90
        0
 40
-0.6
 41
-30.0
 62
     5
 63
     7
421
 16777215
 74
     1
 91
        4
 64
     7
 65
   257
 75
     1
175
     1
 42
1.0
 92
        8
 66
     7
 43
1.0
 76
     1
 77
     6
 78
     2
 67
     7
 79
     5
170
     0
171
     0
290
     0
174
     0
 93
        1
 44
0.0
173
     0
291
     1
 45
0.0
1001
ACAD
1000
AcDbSavedByObjectVersion
1070
     0
  0
VISUALSTYLE
  5
F0
102
{ACAD_XDICTIONARY
360
286
102
}
102
{ACAD_REACTORS
330
EF
102
}
330
EF
100
AcDbVisualStyle
  2
Flat
 70
     0
 71
     2
 72
     1
 73
     1
 90
        2
 40
-0.6
 41
30.0
 62
     5
 63
     7
421
 16777215
 74
     0
 91
        0
 64
     7
 65
   257
 75
     1
175
     1
 42
1.0
 92
        8
 66
     7
 43
1.0
 76
     1
 77
     6
 78
     2
 67
     7
 79
     5
170
     0
171
     0
290
     0
174
     0
 93
       13
 44
0.0
173
     0
291
     1
 45
0.0
1001
ACAD
1000
AcDbSavedByObjectVersion
1070
     0
  0
VISUALSTYLE
  5
F1
102
{ACAD_XDICTIONARY
360
288
102
}
102
{ACAD_REACTORS
330
EF
102
}
330
EF
100
AcDbVisualStyle
  2
FlatWithEdges
 70
     1
 71
     2
 72
     1
 73
     1
 90
        2
 40
-0.6
 41
30.0
 62
     5
 63
     7
421
 16777215
 74
     1
 91
        0
 64
     7
 65
   257
 75
     1
175
     1
 42
1.0
 92
        0
 66
   257
 43
1.0
 76
     1
 77
     6
 78
     2
 67
     7
 79
     5
170
     0
171
     0
290
     0
174
     0
 93
       13
 44
0.0
173
     0
291
     1
 45
0.0
1001
ACAD
1000
AcDbSavedByObjectVersion
1070
     0
  0
VISUALSTYLE
  5
F2
102
{ACAD_XDICTIONARY
360
28A
102
}
102
{ACAD_REACTORS
330
EF
102
}
330
EF
100
AcDbVisualStyle
  2
Gouraud
 70
     2
 71
     2
 72
     2
 73
     1
 90
        2
 40
-0.6
 41
30.0
 62
     5
 63
     7
421
 16777215
 74
     0
 91
        0
 64
     7
 65
   257
 75
     1
175
     1
 42
1.0
 92
        0
 66
     7
 43
1.0
 76
     1
 77
     6
 78
     2
 67
     7
 79
     5
170
     0
171
     0
290
     0
174
     0
 93
       13
 44
0.0
173
     0
291
     1
 45
0.0
1001
ACAD
1000
AcDbSavedByObjectVersion
1070
     0
  0
VISUALSTYLE
  5
F3
102
{ACAD_XDICTIONARY
360
28C
102
}
102
{ACAD_REACTORS
330
EF
102
}
330
EF
100
AcDbVisualStyle
  2
GouraudWithEdges
 70
     3
 71
     2
 72
     2
 73
     1
 90
        2
 40
-0.6
 41
30.0
 62
     5
 63
     7
421
 16777215
 74
     1
 91
        0
 64
     7
 65
   257
 75
     1
175
     1
 42
1.0
 92
        0
 66
   257
 43
1.0
 76
     1
 77
     6
 78
     2
 67
     7
 79
     5
170
     0
171
     0
290
     0
174
     0
 93
       13
 44
0.0
173
     0
291
     1
 45
0.0
1001
ACAD
1000
AcDbSavedByObjectVersion
1070
     0
  0
VISUALSTYLE
  5
F7
102
{ACAD_XDICTIONARY
360
294
102
}
102
{ACAD_REACTORS
330
EF
102
}
330
EF
100
AcDbVisualStyle
  2
Hidden
 70
     6
 71
     1
 72
     2
 73
     2
 90
        0
 40
-0.6
 41
-30.0
 62
     5
 63
     7
421
 16777215
 74
     2
 91
        2
 64
     7
 65
   257
 75
     2
175
     1
 42
40.0
 92
        0
 66
   257
 43
1.0
 76
     1
 77
     6
 78
     2
 67
     7
 79
     3
170
     0
171
     0
290
     0
174
     0
 93
        1
 44
0.0
173
     0
291
     0
 45
0.0
1001
ACAD
1000
AcDbSavedByObjectVersion
1070
     0
  0
VISUALSTYLE
  5
1E4
102
{ACAD_XDICTIONARY
360
2A6
102
}
102
{ACAD_REACTORS
330
EF
102
}
330
EF
100
AcDbVisualStyle
  2
JitterOff
 70
    20
 71
     2
 72
     2
 73
     0
 90
        0
 40
-0.6
 41
-30.0
 62
     5
 63
     7
421
 16777215
 74
     1
 91
        4
 64
     7
 65
   257
 75
     1
175
     1
 42
1.0
 92
       10
 66
     7
 43
1.0
 76
     1
 77
     6
 78
     2
 67
     7
 79
     5
170
     0
171
     0
290
     0
174
     0
 93
        1
 44
0.0
173
     0
291
     1
 45
0.0
1001
ACAD
1000
AcDbSavedByObjectVersion
1070
     0
  0
VISUALSTYLE
  5
FD
102
{ACAD_XDICTIONARY
360
2A0
102
}
102
{ACAD_REACTORS
330
EF
102
}
330
EF
100
AcDbVisualStyle
  2
Linepattern
 70
    14
 71
     2
 72
     2
 73
     1
 90
        0
 40
-0.6
 41
-30.0
 62
     5
 63
     7
421
 16777215
 74
     1
 91
        4
 64
     7
 65
   257
 75
     7
175
     7
 42
1.0
 92
        8
 66
     7
 43
1.0
 76
     1
 77
     6
 78
     2
 67
     7
 79
     5
170
     0
171
     0
290
     0
174
     0
 93
        1
 44
0.0
173
     0
291
     1
 45
0.0
1001
ACAD
1000
AcDbSavedByObjectVersion
1070
     0
  0
VISUALSTYLE
  5
1E5
102
{ACAD_XDICTIONARY
360
2A8
102
}
102
{ACAD_REACTORS
330
EF
102
}
330
EF
100
AcDbVisualStyle
  2
OverhangOff
 70
    21
 71
     2
 72
     2
 73
     0
 90
        0
 40
-0.6
 41
-30.0
 62
     5
 63
     7
421
 16777215
 74
     1
 91
        4
 64
     7
 65
   257
 75
     1
175
     1
 42
1.0
 92
        9
 66
     7
 43
1.0
 76
     1
 77
     6
 78
     2
 67
     7
 79
     5
170
     0
171
     0
290
     0
174
     0
 93
        1
 44
0.0
173
     0
291
     1
 45
0.0
1001
ACAD
1000
AcDbSavedByObjectVersion
1070
     0
  0
VISUALSTYLE
  5
F9
102
{ACAD_XDICTIONARY
360
298
102
}
102
{ACAD_REACTORS
330
EF
102
}
330
EF
100
AcDbVisualStyle
  2
Realistic
 70
     8
 71
     2
 72
     3
 73
     0
 90
        2
 40
-0.6
 41
30.0
 62
     5
 63
     7
421
 16777215
 74
     0
 91
        0
 64
     7
 65
   257
 75
     1
175
     1
 42
1.0
 92
        8
 66
   257
 43
1.0
 76
     1
 77
     6
 78
     2
 67
     7
 79
     3
170
     0
171
     0
290
     0
174
     0
 93
       13
 44
0.0
173
     0
291
     0
 45
0.0
1001
ACAD
1000
AcDbSavedByObjectVersion
1070
     0
  0
VISUALSTYLE
  5
1F3
102
{ACAD_XDICTIONARY
360
2B4
102
}
102
{ACAD_REACTORS
330
EF
102
}
330
EF
100
AcDbVisualStyle
  2
Shaded
 70
    27
 71
     2
 72
     2
 73
     1
 90
        2
 40
-0.6
 41
30.0
 62
     5
 63
     7
421
 16777215
 74
     0
 91
        4
 64
     7
 65
   257
 75
     1
175
     1
 42
1.0
 92
        8
 66
   257
 43
1.0
 76
     1
 77
     6
 78
     2
 67
     8
425
  7895160
 79
     3
170
     0
171
     0
290
     0
174
     0
 93
        5
 44
0.0
173
     0
291
     0
 45
0.0
1001
ACAD
1000
AcDbSavedByObjectVersion
1070
     0
  0
VISUALSTYLE
  5
1F2
102
{ACAD_XDICTIONARY
360
2B2
102
}
102
{ACAD_REACTORS
330
EF
102
}
330
EF
100
AcDbVisualStyle
  2
Shaded with edges
 70
    26
 71
     2
 72
     2
 73
     1
 90
        2
 40
-0.6
 41
30.0
 62
     5
 63
     7
421
 16777215
 74
     1
 91
        2
 64
     7
 65
   257
 75
     2
175
     1
 42
1.0
 92
        8
 66
   257
 43
1.0
 76
     1
 77
     6
 78
     2
 67
     7
 79
     3
170
     0
171
     0
290
     0
174
     0
 93
        5
 44
0.0
173
     0
291
     0
 45
0.0
1001
ACAD
1000
AcDbSavedByObjectVersion
1070
     0
  0
VISUALSTYLE
  5
1EF
102
{ACAD_XDICTIONARY
360
2AC
102
}
102
{ACAD_REACTORS
330
EF
102
}
330
EF
100
AcDbVisualStyle
  2
Shades of Gray
 70
    23
 71
     2
 72
     2
 73
     3
 90
        0
 40
-0.6
 41
-30.0
 62
     5
 63
     7
421
 16777215
 74
     2
 91
        2
 64
     7
 65
     7
 75
     1
175
     1
 42
40.0
 92
        8
 66
     7
 43
1.0
 76
     1
 77
     6
 78
     2
 67
     7
 79
     3
170
     0
171
     0
290
     0
174
     0
 93
        1
 44
0.0
173
     0
291
     0
 45
0.0
1001
ACAD
1000
AcDbSavedByObjectVersion
1070
     0
  0
VISUALSTYLE
  5
1F0
102
{ACAD_XDICTIONARY
360
2AE
102
}
102
{ACAD_REACTORS
330
EF
102
}
330
EF
100
AcDbVisualStyle
  2
Sketchy
 70
    24
 71
     1
 72
     2
 73
     2
 90
        0
 40
-0.6
 41
-30.0
 62
     5
 63
     7
421
 16777215
 74
     2
 91
        2
 64
     7
 65
     7
 75
     1
175
     1
 42
40.0
 92
       11
 66
     7
 43
1.0
 76
     1
 77
     6
 78
     2
 67
     7
 79
     6
170
     0
171
     0
290
     0
174
     0
 93
        1
 44
0.0
173
     0
291
     0
 45
0.0
1001
ACAD
1000
AcDbSavedByObjectVersion
1070
     0
  0
VISUALSTYLE
  5
FC
102
{ACAD_XDICTIONARY
360
29E
102
}
102
{ACAD_REACTORS
330
EF
102
}
330
EF
100
AcDbVisualStyle
  2
Thicken
 70
    13
 71
     2
 72
     2
 73
     1
 90
        0
 40
-0.6
 41
-30.0
 62
     5
 63
     7
421
 16777215
 74
     1
 91
        4
 64
     7
 65
   257
 75
     1
175
     1
 42
1.0
 92
       12
 66
     7
 43
1.0
 76
     1
 77
     6
 78
     2
 67
     7
 79
     5
170
     0
171
     0
290
     0
174
     0
 93
        1
 44
0.0
173
     0
291
     1
 45
0.0
1001
ACAD
1000
AcDbSavedByObjectVersion
1070
     0
  0
VISUALSTYLE
  5
F6
102
{ACAD_XDICTIONARY
360
292
102
}
102
{ACAD_REACTORS
330
EF
102
}
330
EF
100
AcDbVisualStyle
  2
Wireframe
 70
     5
 71
     0
 72
     2
 73
     0
 90
        0
 40
-0.6
 41
-30.0
 62
     5
 63
     7
421
 16777215
 74
     1
 91
        4
 64
     7
 65
   257
 75
     1
175
     1
 42
1.0
 92
        0
 66
   257
 43
1.0
 76
     1
 77
     6
 78
     2
 67
     7
 79
     3
170
     0
171
     0
290
     0
174
     0
 93
        1
 44
0.0
173
     0
291
     0
 45
0.0
1001
ACAD
1000
AcDbSavedByObjectVersion
1070
     0
  0
VISUALSTYLE
  5
1F1
102
{ACAD_XDICTIONARY
360
2B0
102
}
102
{ACAD_REACTORS
330
EF
102
}
330
EF
100
AcDbVisualStyle
  2
X-Ray
 70
    25
 71
     2
 72
     2
 73
     1
 90
        1
 40
0.5
 41
-30.0
 62
     5
 63
     7
421
 16777215
 74
     1
 91
        0
 64
     7
 65
   257
 75
     1
175
     1
 42
1.0
 92
        8
 66
     7
 43
1.0
 76
     1
 77
     6
 78
     2
 67
     7
 79
     3
170
     0
171
     0
290
     0
174
     0
 93
       13
 44
0.0
173
     0
291
     0
 45
0.0
1001
ACAD
1000
AcDbSavedByObjectVersion
1070
     0
  0
DICTIONARYVAR
  5
146
102
{ACAD_REACTORS
330
5E
102
}
330
5E
100
DictionaryVariables
280
     0
  1
1:1
  0
DICTIONARYVAR
  5
259
102
{ACAD_REACTORS
330
5E
102
}
330
5E
100
DictionaryVariables
280
     0
  1
3.500000
  0
DICTIONARYVAR
  5
25A
102
{ACAD_REACTORS
330
5E
102
}
330
5E
100
DictionaryVariables
280
     0
  1
acadiso.lin
  0
DICTIONARYVAR
  5
145
102
{ACAD_REACTORS
330
5E
102
}
330
5E
100
DictionaryVariables
280
     0
  1
STANDARD
  0
DICTIONARYVAR
  5
84
102
{ACAD_REACTORS
330
5E
102
}
330
5E
100
DictionaryVariables
280
     0
  1
STANDARD
  0
DICTIONARYVAR
  5
227
102
{ACAD_REACTORS
330
5E
102
}
330
5E
100
DictionaryVariables
280
     0
  1
Metric50
  0
DICTIONARYVAR
  5
228
102
{ACAD_REACTORS
330
5E
102
}
330
5E
100
DictionaryVariables
280
     0
  1
Metric50
  0
DICTIONARYVAR
  5
5F
102
{ACAD_REACTORS
330
5E
102
}
330
5E
100
DictionaryVariables
280
     0
  1
2
  0
DICTIONARYVAR
  5
63
102
{ACAD_REACTORS
330
5E
102
}
330
5E
100
DictionaryVariables
280
     0
  1
1
  0
DICTIONARYVAR
  5
1AE
102
{ACAD_REACTORS
330
5E
102
}
330
5E
100
DictionaryVariables
280
     0
  1
0
  0
DICTIONARYVAR
  5
1AF
102
{ACAD_REACTORS
330
5E
102
}
330
5E
100
DictionaryVariables
280
     0
  1
0
  0
DICTIONARYVAR
  5
27B
102
{ACAD_REACTORS
330
5E
102
}
330
5E
100
DictionaryVariables
280
     0
  1
2
  0
DICTIONARY
  5
285
102
{ACAD_REACTORS
330
283
102
}
330
283
100
AcDbDictionary
281
     1
  0
DICTIONARY
  5
284
102
{ACAD_REACTORS
330
283
102
}
330
283
100
AcDbDictionary
281
     1
  3
1923465580128
350
27E
  3
1923465580144
350
27F
  3
1923465580160
350
280
  3
1923465580176
350
281
  3
1923465580192
350
282
  0
DICTIONARY
  5
236
330
21C
100
AcDbDictionary
280
     1
281
     1
  3
ACAD_XREC_ROUNDTRIP
360
2B7
  0
DICTIONARY
  5
205
330
22
100
AcDbDictionary
280
     1
281
     1
  0
DICTIONARY
  5
1F9
330
ED
100
AcDbDictionary
280
     1
281
     1
  3
FBXASSET
360
1FA
  0
DICTIONARY
  5
1F7
330
EC
100
AcDbDictionary
280
     1
281
     1
  3
FBXASSET
360
1F8
  0
DICTIONARY
  5
173
330
EE
100
AcDbDictionary
280
     1
281
     1
  3
BUMPTILE
360
175
  3
DIFFUSETILE
360
174
  3
FBXASSET
360
1FB
  3
OPACITYTILE
360
176
  3
REFLECTIONTILE
360
177
  0
DICTIONARY
  5
234
330
21A
100
AcDbDictionary
280
     1
281
     1
  3
ACAD_XREC_ROUNDTRIP
360
2B6
  0
DICTIONARY
  5
162
330
7F
100
AcDbDictionary
280
     1
281
     1
  3
ACAD_ROUNDTRIP_2008_TABLESTYLE_CELLSTYLEMAP
360
27C
  0
DICTIONARY
  5
290
330
F5
100
AcDbDictionary
280
     1
281
     1
  3
ACAD_XREC_ROUNDTRIP
360
291
  0
DICTIONARY
  5
28E
330
F4
100
AcDbDictionary
280
     1
281
     1
  3
ACAD_XREC_ROUNDTRIP
360
28F
  0
DICTIONARY
  5
29C
330
FB
100
AcDbDictionary
280
     1
281
     1
  3
ACAD_XREC_ROUNDTRIP
360
29D
  0
DICTIONARY
  5
2A4
330
FF
100
AcDbDictionary
280
     1
281
     1
  3
ACAD_XREC_ROUNDTRIP
360
2A5
  0
DICTIONARY
  5
296
330
F8
100
AcDbDictionary
280
     1
281
     1
  3
ACAD_XREC_ROUNDTRIP
360
297
  0
DICTIONARY
  5
29A
330
FA
100
AcDbDictionary
280
     1
281
     1
  3
ACAD_XREC_ROUNDTRIP
360
29B
  0
DICTIONARY
  5
2AA
330
1E6
100
AcDbDictionary
280
     1
281
     1
  3
ACAD_XREC_ROUNDTRIP
360
2AB
  0
DICTIONARY
  5
2A2
330
FE
100
AcDbDictionary
280
     1
281
     1
  3
ACAD_XREC_ROUNDTRIP
360
2A3
  0
DICTIONARY
  5
286
330
F0
100
AcDbDictionary
280
     1
281
     1
  3
ACAD_XREC_ROUNDTRIP
360
287
  0
DICTIONARY
  5
288
330
F1
100
AcDbDictionary
280
     1
281
     1
  3
ACAD_XREC_ROUNDTRIP
360
289
  0
DICTIONARY
  5
28A
330
F2
100
AcDbDictionary
280
     1
281
     1
  3
ACAD_XREC_ROUNDTRIP
360
28B
  0
DICTIONARY
  5
28C
330
F3
100
AcDbDictionary
280
     1
281
     1
  3
ACAD_XREC_ROUNDTRIP
360
28D
  0
DICTIONARY
  5
294
330
F7
100
AcDbDictionary
280
     1
281
     1
  3
ACAD_XREC_ROUNDTRIP
360
295
  0
DICTIONARY
  5
2A6
330
1E4
100
AcDbDictionary
280
     1
281
     1
  3
ACAD_XREC_ROUNDTRIP
360
2A7
  0
DICTIONARY
  5
2A0
330
FD
100
AcDbDictionary
280
     1
281
     1
  3
ACAD_XREC_ROUNDTRIP
360
2A1
  0
DICTIONARY
  5
2A8
330
1E5
100
AcDbDictionary
280
     1
281
     1
  3
ACAD_XREC_ROUNDTRIP
360
2A9
  0
DICTIONARY
  5
298
330
F9
100
AcDbDictionary
280
     1
281
     1
  3
ACAD_XREC_ROUNDTRIP
360
299
  0
DICTIONARY
  5
2B4
330
1F3
100
AcDbDictionary
280
     1
281
     1
  3
ACAD_XREC_ROUNDTRIP
360
2B5
  0
DICTIONARY
  5
2B2
330
1F2
100
AcDbDictionary
280
     1
281
     1
  3
ACAD_XREC_ROUNDTRIP
360
2B3
  0
DICTIONARY
  5
2AC
330
1EF
100
AcDbDictionary
280
     1
281
     1
  3
ACAD_XREC_ROUNDTRIP
360
2AD
  0
DICTIONARY
  5
2AE
330
1F0
100
AcDbDictionary
280
     1
281
     1
  3
ACAD_XREC_ROUNDTRIP
360
2AF
  0
DICTIONARY
  5
29E
330
FC
100
AcDbDictionary
280
     1
281
     1
  3
ACAD_XREC_ROUNDTRIP
360
29F
  0
DICTIONARY
  5
292
330
F6
100
AcDbDictionary
280
     1
281
     1
  3
ACAD_XREC_ROUNDTRIP
360
293
  0
DICTIONARY
  5
2B0
330
1F1
100
AcDbDictionary
280
     1
281
     1
  3
ACAD_XREC_ROUNDTRIP
360
2B1
  0
XRECORD
  5
27E
102
{ACAD_REACTORS
330
284
102
}
330
284
100
AcDbXrecord
280
     1
  1
AcDb_Thumbnail_Schema
102
{ATTRRECORD
341
27F
  2
AcDbDs::TreatedAsObjectData
280
     1
291
     1
102
ATTRRECORD}
102
{ATTRRECORD
341
280
  2
AcDbDs::Legacy
280
     1
291
     1
102
ATTRRECORD}
  2
AcDbDs::ID
280
    10
 91
        8
102
{ATTRRECORD
341
281
  2
AcDs:Indexable
280
     1
291
     1
102
ATTRRECORD}
102
{ATTRRECORD
341
282
  2
AcDbDs::HandleAttribute
280
     7
282
     1
102
ATTRRECORD}
  2
Thumbnail_Data
280
    15
 91
        0
  0
XRECORD
  5
27F
102
{ACAD_REACTORS
330
284
102
}
330
284
100
AcDbXrecord
280
     1
  1
AcDbDs::TreatedAsObjectDataSchema
  2
AcDbDs::TreatedAsObjectData
280
     1
 91
        0
  0
XRECORD
  5
280
102
{ACAD_REACTORS
330
284
102
}
330
284
100
AcDbXrecord
280
     1
  1
AcDbDs::LegacySchema
  2
AcDbDs::Legacy
280
     1
 91
        0
  0
XRECORD
  5
281
102
{ACAD_REACTORS
330
284
102
}
330
284
100
AcDbXrecord
280
     1
  1
AcDbDs::IndexedPropertySchema
  2
AcDs:Indexable
280
     1
 91
        0
  0
XRECORD
  5
282
102
{ACAD_REACTORS
330
284
102
}
330
284
100
AcDbXrecord
280
     1
  1
AcDbDs::HandleAttributeSchema
  2
AcDbDs::HandleAttribute
280
     7
 91
        1
284
     1
  0
XRECORD
  5
2B7
102
{ACAD_REACTORS
330
236
102
}
330
236
100
AcDbXrecord
280
     1
102
DISPLAYNAME
  1
Metric50
102
FLAGS
 90
        0
  0
XRECORD
  5
1FA
102
{ACAD_REACTORS
330
1F9
102
}
330
1F9
100
AcDbXrecord
280
     1
 70
     1
 90
429727718
  1
D62C5603-E3A1-4AEA-B7FB-FE5D8D0755AF
310
504B03040A0000080000CC70623B3DEE336E79000000790000001B0000006175746F6465736B2D64657369676E2D7061636B6167652E786D6C3C3F786D6C2076657273696F6E3D22312E302220656E636F64696E673D227574662D3822203F3E3C666F726D6174733E3C666F726D61743E687474703A2F2F736368656D612E
310
6175746F6465736B2E636F6D2F64657369676E2D7061636B6167652F323030393C2F666F726D61743E3C2F666F726D6174733E504B0304140006080800CC70623BD486FD9CA0000000F4000000130000005B436F6E74656E745F54797065735D2E786D6C7D8EC10E82300C865F65E91D8A1E8C310C0EEA1BF002731658846E
310
D98AC1B77784ABF1D8FE5FBFBF75BBCE937A534CCEB38643598122B6FEE978D0B0485F9C41B54DDD7D022595594E1A469170414C76A4D9A4D207E29CF43ECE46F218070CC6BECC4078ACAA135ACF422C856C0E68EA1BF5669944DDD7BCDE7B1F8E415D77AECB980613C2E4AC91FC167A2B244592486606FC29C8FD7F045B9A
310
EF7053A7E60B504B0304140006080800CC70623B853B8169EB0000007C01000008000000636F72652E786D6C8D90416EC3201045AF62CDB6C206821CC7C244919D9CA01740401C94182C03558F5F9C3852BBEB6A467FFE9B197D7EFC9E1EC5975982F5AE035262288C535E5B377690E21535501C055FBC8FBF6C503839990E
310
5619041F179FE64D52DE45E362569DD7661365082642A11EB9E920A89B99642953CC8E702F67A9EE7234257977194EC9EAE275C4EABCCF5EAD5940D4AC6F0E35A568B8F43562CD7046CD199FD07E60174276A7BE677B5EADB0E0D14EEFFB6A31321A0D82627C4084204C3F096B71DD52F6819B16635EADF63F509AF53FA164
310
5DDCD1EDDD17164090FCC8732078B56691CB33A85CD7DCC40F504B0304140006080800CC70623B55019EA25F0000007C00000007000000636E782E786D6C4DCB3B0E80201045D1AD90E915ED2CF8AC45050C11660C8261F98AB1B07AC9C97D42D718D865D3E909258CFD00CCE24AC6E326A164D74DC0B4128928FF32603847
310
2BA13128B1252AC747C6BAB984FC68F0B87FE8960A5C09FE86CFB69FBA01504B0304140006080800CC70623BDBABAAF470010000D40300000C0000006662782F636F72652E786D6CC553D16E823014FD95A6AF4B694182CC941A83FA05FB810A9511A125A5257EFE2E82712ECEB8A7F100CD39F7F69E734AF9FADC366850B6
310
AF8DCE7018308C942E4C59EB2AC3DE1D498AD15A706B8CFB56869196ADCAF00863C12B6B7C374385D14E6907A836A59A41D9F7CA615434B0C8705F7CAA5606D23BA8E84F41278B93AC54100640439DE0BDB320004D43C63716C7C399D30917DCFBBA9CD9BA8469F5B156168B24CED3F7248AC8769F27244EB73B92EED8862C
310
B7F13E0C179B3C8F979C8ECD82BBBABDAA2BAC924E9558448CBD9330242CFA08E3154B5651FCC6D215639C8EE5774DBE2B5F6CF2B5768B68963BB5F5588420E442FC700B1139D4CB01F450C1E918227C2E09DF070D8140C84E1E9AAB8F1340832A9CB13130A5F1376A908D57309505ECF2A0DF179C4E9D30F5B239B87E3823
310
7A79C6F31DE1A8A5AEC08474B03C7837EAE4938639B44E5932B833D2C6B6B279CDC613877FA26EE21F4A2A4C63EC7F29A2F301D1F9F7A0E37D145F504B0304140006080800CC70623B9C113CC27E0000009D0000000B0000006662782F636E782E786D6C4DCCDF0A83201C86E15B91DFB94BFB330DD428C8FB886521330DA7
310
6397BF1A1DECE883878F57749FCDA1B7892F1BBC047A23808C7F84D9FA55424E0BE6803A256208E9EF06C84F9B91703228B1C690F78B66B34CD9A5439DF5CF0BFBF65E35BCA1B8D6A5C6F540381E886698B5741C695F9503EBA150A2F8958E3DC3EA0B504B0304140006080800CC70623B7DF2F77C2A010000120200003100
310
00006662782F41393633353835312D344632462D344230382D423046372D3739314545314133324237412F636F72652E786D6C8D51DB8EC22014FC15C2939B0D2DB4B45643319AE817EC0F6041255A68B86CFCFC856D4D76DF7CE190393373060EDB3DC707F856CE6B6B7A480A0C81328395DA5C7B18C3057510EC3873D686
310
3F34088C18550F330C39BB3A1BA7051AAC09CA84841A2BD5020AEF55806078A44B0FFD7053A328440C89E1EFC52486BBB8AA8214A99D789CF9E05200300FC927E4FB4D5B375D43103D5527440FB843077C5AA3F5861C8F645F5787F59E95B390B318B55CE45AA638FAA2957BD7248B390B7A7CC51F9C124149C82B8C378810
310
84AB2F42B7B8DD56F413775B8C5999E9FF4471926F8AA236A1AE96B8B3CC434E5839373893369E1FAF30EA395917409EB7F26AF8801C171837A4A6AC9C89E9F9C9B1A58BA30FD6A5EF5DDDCF894B9AD9B6A59C957943A9FCAE2FD5BC4DFE03504B0304140006080800CC70623BAD7543B64E01000033030000300000006662
310
782F41393633353835312D344632462D344230382D423046372D3739314545314133324237412F636E782E786D6CD593CD6EC32010845F0571AD6CE3D48AD20813A9873E410FBD12D82434182C7EAAE6EDBB2424CD25871E7B41D6EC30B3FA84F9E67BB2E40B4234DE8DB46F1925E094D7C6ED479AD3AE5951B2113C789FEE
310
6C943839C1488B4C05DF079FE72A69D8C96C13AAD6B8631503449F83828872B949AC57D26200B826A308D316B4064D6E46FCDA41C05550DC9E483A00797BFD207EFB092A45DE9514C1BBD22178396BD39D891265658C238DEA00936C654E5E433CB65A26D9F6EDB5EBC14EBF49A45CB856E66048291F6939A9A81BB5C89177
310
38143CA680F4AA299D66A042CEB3354A2684DC9D8D178FE0D9B8B41CAAD720F880EE7EF93C0C18769E099ECC04D5A102C8049A8A05632F4DDF376CF1DE0F6BB65C2F8627B65A33C6BB62177CEBBDAD973006829F89F22E814B54F4BC2BE347F8AA8F681390B50FA73F804400B5F542E796F19FF974E7F78DB802FE05E20750
310
4B0304140006080800CC70623BE75B7789680500003C100000340000006662782F41393633353835312D344632462D344230382D423046372D3739314545314133324237412F6F626A656374732E786D6CAD575B8F9B3818FD2B887D06C22499CB8AA1CA655245D5B455A356FB305264C061D8018C6C3393D95FBFC7600890
310
A4CD5EF210B0B1BFEBF98E3F7B1FF6596ABC522E1296DF9BAE3D320D9A872C4AF2F8DE2CE5CEBA358D0FBEC719939D65A691938CDE9B6ADAF4BD98B3B2D05311DD91329583D9D5FC0F438434A7A611A644887B5384CF34233629258BA878B12322891DEFF6B66BD70BFB62634E8AE781D082709A4B588AF91C528CDA28B73F
310
1C998EEF39EABBEFA97FBD6A7C7E9553F9D3D79FE442923C3C523610337627CB87ABE99D359D4CC6D6E4FACAB5E6ABF9D2726FC6A3C5F56271377BB88362213924694B38DD99FE47C48627A1E7D49F5A8BB5E1A74C0A599ED3B0F21F1E56366B89112D681E218F0915D0D6F17AD41FBA2A369DCF6335D62ABBD39779D5DDD1
310
11D4D8DE3CBB96B2E04FB8202E41051754A1AA8E8F76B4C6DFE810B580B1547F4B84911149794252234D024EF8BBE963A95AE27B3D310A9D5C215C7960FAEE415ED75694C6AFB17BCACA5D99A60A9AA65F217B0BFC53292ACB92BF283FAD0D3621576592CB5BED907C2FA8E9DF794E35E97BEA31BED21FEB401ABB94C44839
310
DCACBF0E1C5DA8DA5B2F4DFFD32AD86F543D9E565E7056502E157C00AD2671CD534549AB752FCA9CDA00677A313F04E51B22FF19E57B300579E3C97EB29F682D92935CEC18CF901B7B54FD8C51F362B56FC72FE0B3C1EAE335EDCCBF5AEC39ADB17DC238973F804BA5E6F6BFE7AF1FB32E523BE9F3BD571418E3631DCA4D48
310
5250CF639223210A9446CA30052EDF057BD35F8329C1ECD84552BF0DC8D18BE7BCE23BFE6BD960AB4A7DE79923A103BEBD80F911CBAA2C60DB19B01CF164A5583B772EE6D3FFA56666CBCDA74DC97724A48F9A58967497E489C4D979006FD7A05E227A1EBDD0F737C623387A9C844D3709995625106D157315F8B8392CD4E0
310
A0B9A720C4BE9829CEF37EA1E13111214D53925356365ADA634861B52519DD27A00AEB808EAF0628E6F435519D446F45CF2C9CF5214F0A15B2F6D06B79DA3EE3CBF7F56780D2F4E7EF73A0F5E5B02A38D07DC852C6B7C1FBB6664213E0C39E3EBA7FF4E1AD23EA2829407C85E586727488B751B2DB9502BC7B228A3FD68B6E
310
A65A22397E690AA8D158D7E404EC8CDA235CC3B7D1898680131CEC2CDF2638C65196279577750F15884AEE19F94199155B92B13297978469D4F8D358DF0AEF7631E28DC8F0D9F437D5D39A83B2231A1D52D543813A824EF8D44BCFF2FA6A31BD1E8DAD87F1CCB526B3879935BF59CDADD5C37479BB1CDD4CA7B3556B516589
310
EF352754B706114D9C885EC9131DE6EFEB43D99AFE2391C2F958179413D7CFEF6B1B6DB1E7600F00DE6E5C67454A339A4BA2E0FBA85ED26F045D454F463DBFCE484C2F90F2E5E3666003662ED8F755951A7D1BECD5B30B550B2785C8E7320B7292A4838DDA71BBC863ED7613CAF659337A3354231D4FF4A182A54904C2898C
310
98B28C4AD0CE056CCF332A80986E571EE9DBC305BB5FEB7E509220A58D25CF042D712A806AC0AD0C657FDEF80D2D9CEAA2EE4D1C76F60BFE74219A06527D6F82DF6412526107381E55E353090704D085B52408A8913C4ED159D79BDA71BB4BC506F4831350EB6F975CD22D69BF7AC49B91A2C0A9DDA3D5CA36AD20FC478E37
310
E61844E2352865EBCB61A275A65283CAAA9DD27703B4102F5AF51EF5F573B75CBB5AD38BC845F7A49F82A0966A49C2E3EA5EA0ECD326CD965F1DB402C6FA8B51A4658C5C5E2EC9E214602E55810345408596591009A82E7E7FFACA19EEA299B14A0081A705CB3296EBC14CDF658DCD336EA6D1136881AAEB87B81AB9EE53D5
310
F5EB8BC8362082DA24122F98680A4E7930C01A0079749CEA14382A0783E5EBA5A10F8C098456A03D6A4AEB6BB881E2513747552A5DB22C7EDAF83BD5528081A365F7FF06504B0304140006080000CC70623B000000000000000000000000350000006662782F41393633353835312D344632462D344230382D423046372D37
310
39314545314133324237412F76657274696365732E62696E504B0304140006080800CC70623BF270F1330600000004000000360000006662782F41393633353835312D344632462D344230382D423046372D3739314545314133324237412F747269616E676C65732E62696E636660600000504B0304140006080000CC7062
310
3B000000000000000000000000370000006662782F41393633353835312D344632462D344230382D423046372D3739314545314133324237412F617474726962757465732E62696E504B0304140006080800CC70623B08DA0BD19000000041010000360000006662782F41393633353835312D344632462D344230382D4230
310
46372D3739314545314133324237412F6469726563746F72792E786D6C858F410AC3201045AF22B36F53E9A60B35CBEEBAE80D244E44489C6234F4F835464A48035D0DF398FF9F8AF63D0E6CC63039F212F8F9020C7D47C6792B21C5FE7403D62A1188E2E60C98D7234A5830286103A55745067B9D86B8A3CF9C7F90C11DE6
310
07FB144396D7B6A82D282E9A152AD114D5EF2CB866EEE831B8EEA07A7BB5A8D7D61A2BAAEB7FD5F70921FF497D00504B0304140006080800CC70623BEDD1DC58FD000000A00100003B0000006662782F41393633353835312D344632462D344230382D423046372D3739314545314133324237412F7265736F75726365732F
310
636F72652E786D6C8D504B6E833010BD0A9A6D65B00922041947112427E8052C33A156828DFCA97AFC9A40A576D7CDCCE87D344F8F9FBFE667F689CE6B6B3A6039850C8DB2A336530731DC4903D95970676DF82583CCC8193B5861107C72362E3BA4AC096842428D1D7107A5F7182053CF7474E0D507CE32973124857FE48B
310
540F3961CEF244279DE03EB81420DB9EAC1384436FA353E879B1B182C7A8C75DA3C7F453DF353A1075D537A7BA6464B8F535A99AE14A9A2BBD90E350DD183B5CFABE3AF262350B1EF4FC9351399401471025A527C218A1E53BAB5A5AB765F5469B96525EACF23FA6B88CFF34456DC2A1DCE36E360F82A5202F42F062ED2BAD
310
579969AFDD8A6F504B010214000A0000080000CC70623B3DEE336E79000000790000001B00000000000000000000000000000000006175746F6465736B2D64657369676E2D7061636B6167652E786D6C504B01021400140006080800CC70623BD486FD9CA0000000F40000001300000000000000000000000000B20000005B
310
436F6E74656E745F54797065735D2E786D6C504B01021400140006080800CC70623B853B8169EB0000007C010000080000000000000000000000000083010000636F72652E786D6C504B01021400140006080800CC70623B55019EA25F0000007C000000070000000000000000000000000094020000636E782E786D6C504B
310
01021400140006080800CC70623BDBABAAF470010000D40300000C00000000000000000000000000180300006662782F636F72652E786D6C504B01021400140006080800CC70623B9C113CC27E0000009D0000000B00000000000000000000000000B20400006662782F636E782E786D6C504B01021400140006080800CC70
310
623B7DF2F77C2A010000120200003100000000000000000000000000590500006662782F41393633353835312D344632462D344230382D423046372D3739314545314133324237412F636F72652E786D6C504B01021400140006080800CC70623BAD7543B64E010000330300003000000000000000000000000000D2060000
310
6662782F41393633353835312D344632462D344230382D423046372D3739314545314133324237412F636E782E786D6C504B01021400140006080800CC70623BE75B7789680500003C10000034000000000000000000000000006E0800006662782F41393633353835312D344632462D344230382D423046372D3739314545
310
314133324237412F6F626A656374732E786D6C504B01021400140006080000CC70623B0000000000000000000000003500000000000000000000000000280E00006662782F41393633353835312D344632462D344230382D423046372D3739314545314133324237412F76657274696365732E62696E504B01021400140006
310
080800CC70623BF270F133060000000400000036000000000000000000000000007B0E00006662782F41393633353835312D344632462D344230382D423046372D3739314545314133324237412F747269616E676C65732E62696E504B01021400140006080000CC70623B0000000000000000000000003700000000000000
310
000000000000D50E00006662782F41393633353835312D344632462D344230382D423046372D3739314545314133324237412F617474726962757465732E62696E504B01021400140006080800CC70623B08DA0BD1900000004101000036000000000000000000000000002A0F00006662782F41393633353835312D344632
310
462D344230382D423046372D3739314545314133324237412F6469726563746F72792E786D6C504B01021400140006080800CC70623BEDD1DC58FD000000A00100003B000000000000000000000000000E1000006662782F41393633353835312D344632462D344230382D423046372D3739314545314133324237412F7265
310
736F75726365732F636F72652E786D6C504B0506000000000E000E0080040000641100000000
  0
XRECORD
  5
1F8
102
{ACAD_REACTORS
330
1F7
102
}
330
1F7
100
AcDbXrecord
280
     1
 70
     1
 90
429727718
  1
30362254-06B7-45E0-A893-8CFA70E3D6BC
310
504B03040A0000080000CC70623B3DEE336E79000000790000001B0000006175746F6465736B2D64657369676E2D7061636B6167652E786D6C3C3F786D6C2076657273696F6E3D22312E302220656E636F64696E673D227574662D3822203F3E3C666F726D6174733E3C666F726D61743E687474703A2F2F736368656D612E
310
6175746F6465736B2E636F6D2F64657369676E2D7061636B6167652F323030393C2F666F726D61743E3C2F666F726D6174733E504B0304140006080800CC70623BD486FD9CA0000000F4000000130000005B436F6E74656E745F54797065735D2E786D6C7D8EC10E82300C865F65E91D8A1E8C310C0EEA1BF002731658846E
310
D98AC1B77784ABF1D8FE5FBFBF75BBCE937A534CCEB38643598122B6FEE978D0B0485F9C41B54DDD7D022595594E1A469170414C76A4D9A4D207E29CF43ECE46F218070CC6BECC4078ACAA135ACF422C856C0E68EA1BF5669944DDD7BCDE7B1F8E415D77AECB980613C2E4AC91FC167A2B244592486606FC29C8FD7F045B9A
310
EF7053A7E60B504B0304140006080800CC70623B1EC5D7A3EB0000007C01000008000000636F72652E786D6C8D90416EC3201045AF82665B6103C6756C6122AB4D4ED00B204C5C94182C03558F5F9C3852BBEB6A467FFE9B197D71FC9E6FE8CBACC17AD7032D0820E3B41FAD9B7A48F1820F808E52ACDEC75F36404ECDA687
310
4D0629A6D5A76597B477D1B89855E747B38B2A041301E95B6E7A08FAD3CCAA50296647B8168BD2573599823EBB0CA76447F43862C7BCCF5EAC59410E4DDD9C7973C2755553CCCFA4C603E3040F1565ED3B1FDE4E432BCA0D9622DAF9795FAF464533826484B498524CD807E51D79ED187F21878E10516EF63F505AC67F42C9
310
BA58B1FDDD071640D2FCC87D2045B96591CB3DA85CB7DCE40F504B0304140006080800CC70623B55019EA25F0000007C00000007000000636E782E786D6C4DCB3B0E80201045D1AD90E915ED2CF8AC45050C11660C8261F98AB1B07AC9C97D42D718D865D3E909258CFD00CCE24AC6E326A164D74DC0B4128928FF32603847
310
2BA13128B1252AC747C6BAB984FC68F0B87FE8960A5C09FE86CFB69FBA01504B0304140006080800CC70623B8C9102E971010000D40300000C0000006662782F636F72652E786D6CC5535B6E833010BC8AE5DF0A6C08340F1947A84D4ED00B38C6A128602363A31CBFCB234A53A551FA553EC09AD9F5CE8C31DB9E9B1AF5CA
310
7695D1198E428A91D2D214952E33ECDD315861B4E5CC1AE3BE9561A445A3323CC098B3D21ADFCE9034DA29ED00D5A6503328BA4E398C640D8B0C77F253352214DE4145770A5B214FA2546114020D759C75CE8200340D19DE981F0F6746269C33EFAB6266AB02A655C74A59CCF365BADC27CB5D902ED22848F6340DF238A141
310
BE88E2F57B92BFEDF23523433367AE6A2EEAA455C2A902F398D2751045018D3FA264435F3771F242571B4A1919CA6F9A7C5B3CD9E42BED16F12C776AEB308F40C848FC700B1139D4891EF410CEC810227CC6846F8386402064270EF5C5C709A05E49676C024C61FC95EA45ED154CA5211D1FF4FB8291A913A68E9B83EBBB33
310
E2A7673CDE118E5AE8124C0807CB8377834E366998436B950D7A7746DAD846D4CFD978E0F04FD455FC5D49D2D4C6FE9722321F10997F0F32DC47FE05504B0304140006080800CC70623BFFEA85907E0000009D0000000B0000006662782F636E782E786D6C4DCCD10A83201886E15B91FFDC95D95A811AB6F23E625948A6C3
310
E9D8E5AF46073BFAE0E1E365ED67B3E8ADC3CB78C7815C7240DA3DFC64DCC221C519D7805AC182F7F1EF06C88D9BE6703008B6049F9E274D7A1E938DBB5AE3D6131B2589BA0D3D965551E0B2EA732C9B9A624AAEB41E3A557677029960D9AFB4EF11165F504B0304140006080800CC70623B4FEEA4082C0100001202000031
310
0000006662782F39464131463745442D413632322D343644302D413938332D3331353338454246344243312F636F72652E786D6C8D515B6EC32010BC0AE2AB55850DD871ED0813254D72825EC00192A2C460F1A872FC42ED48ED5F7E00CDCECCCEB26C731F6FE05B39AFADE921293004CA082BB5B9F43086336A21D870E6AC
310
0D7F68109861543DCC30E4ECE26C9C164858139409093556AA051CBC570102714B8F1E7AF1A5C6A11862480C7F2DA6415C878B2A4891CA89C7990F2E050073937C42DE1DB7E4F87ED8A36D4329AA9B3D46DBAEAD504556557BD81DEBDD0761E52CE42C462D17B996298E3E6BE59E35C962CE821E1FF18553435012728A7187
310
0841987E927A8D9B35ADDF70BBC6989599FE4F1427F9A4286A132ABAC49D651EF234CD5CE04CDA78BA3DC2A8FB645D00B9DF8B57E215725C60BCA2A463E54C4CE327C7A65E1C7DB02E7DEFCBF594B864C5CA6CDBD49C957943E9FA5D5FBAF336F90F504B0304140006080800CC70623BAD7543B64E01000033030000300000
310
006662782F39464131463745442D413632322D343644302D413938332D3331353338454246344243312F636E782E786D6CD593CD6EC32010845F0571AD6CE3D48AD20813A9873E410FBD12D82434182C7EAAE6EDBB2424CD25871E7B41D6EC30B3FA84F9E67BB2E40B4234DE8DB46F1925E094D7C6ED479AD3AE5951B2113C
310
789FEE6C943839C1488B4C05DF079FE72A69D8C96C13AAD6B8631503449F83828872B949AC57D26200B826A308D316B4064D6E46FCDA41C05550DC9E483A00797BFD207EFB092A45DE9514C1BBD22178396BD39D891265658C238DEA00936C654E5E433CB65A26D9F6EDB5EBC14EBF49A45CB856E66048291F6939A9A81BB5
310
C8917738143CA680F4AA299D66A042CEB3354A2684DC9D8D178FE0D9B8B41CAAD720F880EE7EF93C0C18769E099ECC04D5A102C8049A8A05632F4DDF376CF1DE0F6BB65C2F8627B65A33C6BB62177CEBBDAD973006829F89F22E814B54F4BC2BE347F8AA8F681390B50FA73F804400B5F542E796F19FF974E7F78DB802FE05
310
E207504B0304140006080800CC70623B16AB87BA640500003C100000340000006662782F39464131463745442D413632322D343644302D413938332D3331353338454246344243312F6F626A656374732E786D6CAD575B6FA33818FD2B887DE6924B3BED8A326A92B68A663B534DD4D13E548A0C38942D60649B369D5FBFC7
310
600890A493BDE42160637FD7F31D7FF63E6FB3D478A55C242CBF3247B66B1A340F5994E4F19559CA8D75611A9F7D8F33263BCB4C232719BD32D5B4E97B316765A1A722BA21652A07B3B7B33F0D11D29C9A46981221AE4C113ED38CD8A4942CA2E2C58E882476BCD9DA23BB5ED8171B73523C0F841684D35CC252CCE79062D4
310
468DFA43D7747CCF51DF7D4FFDEB5593E3AB9CCA9FBEFE241792E4E19EB28198C968BAB8199F5D5A67D3E9C49A9E8F47D6EC76B6B0469F26EEFC7C3EBFBCBEB98462213924694B38DD98FE1D62C393D073EA4FADC5DAF04326852CCF6958F90F0F2B9BB5C48816348F90C7840A68EB78EDF68723159BCEE7891A6B95DDE9D3
310
BCEAEEE8086A6C6F9E5D4B59F0175C10A7A0820BAA5055C7473B5AE3CFDD452D602CD5DF12616444529E90D448938013FE6EFA58AA96F85E4F8C42275708571E98FE6827AF6B2B4AE3D7D83D64E5A64C53054DD3AF90BD06FEA9149565C94FCA0F6B834DC85599E4F2423B24DF0B6AFA979E534DFA9E7A4CC6FA631D486393
310
921829879BF5D781A373557BCB85E97FB90DB62B558F8795179C15944B051F40AB495CF35451D26A4727654E6D8033BD98EF82F21D91FF8AF2DD9982BCF1643BDD4EB516C9492E368C67C88DED563FC36D5EACF66DFF057C3658BDBFA69DF9578B3DA735B64F18C7F20770A9D45CFCF7FCF563D6456A277DBEF78A02637CA2
310
43B90A490AEAB94F72244481D24819A6C0E59B606BFA4B3025981DBB48EAB701D97BF19C577CC77F2D1B6C55A9EF3C732474C0B727303F625995056C3B02963D9EAC146BE78EC5FCEC7FA999EBC5EACBAAE41B12D27B4D2C0BBA49F244E2ECDC81B76B502F113D8F5EE8FB1BE3111CDD4FC2AA9B844CAB1288B68AB90A7CDC
310
1C166AB0D3DC5310625FCC14E779BFD0709F8890A629C9292B1B2DED31A4B0DA928CEE135085754027E3018A397D4D5427D15BD1330B677DC8934285AC3DF45A9EB68FF8F2B8FC0A509AFEECFD0FF2DE25CC6047F7214B195F07EFEB9A094D800F7BFAE8FED187B78EA8A3A400F115961BCAD1215E47C966530AF0EE8128FE
310
58CEBB996A8964FFA529A046635D9353B0336A8F700DDF46271A024E70B0B37C9DE01847591E54DED53D54202AB947E4076556AC49C6CA5C9E1226B7F1A7B1BE15DEED62C41B91E1B3E9AFAAA735036547343A925075041DF0A9979E893B391F8FCFA6967B3EFB644DCF6E5CEBFAE272625DCC6FAF3FB93793C5F90CE1EF57
310
407342756B10D1C489E8953CD1617E5CEECAD6F4EF8914CE5D5D504E5C3F1F9736DA62CFC11E00BCDDB8CC8A9466349744C1F75EBDA4DF09BA8A9E8C7A7E9991989E20E5DBDD6A6003664ED8F7A04A8DBE0DF6EAD9B9AA858342E47399053949D2C146EDB85DE4B176BB0965FBAC19BD19AA918E27FA50C1D22402E144464C
310
59462568E704B6E71915404CB72B8FF4EDE184DDAF753F284990D2C6926782963815403548A70C657FDEF80D2D9CEAA2AE4C1C76F60BFE74219A06527D6582DF6412526107381E55E353090704D085B52408D0933C4ED159D79BDA71BB4BC506F4831350EB6F979CD22D69BF7AC49B91A2C0A9DDA3D5CA36AD20FC478E37E6
310
1844E2352865EBCB6EA275A652E3836BE04EFB400BF1A2556F515F1FBB35B2AB35BD889C744FFA1004B5544B121E57F70215746DD2F5E2C1412B602CBF19455AC6C8E5E9922C4E01E65215385004546899059180EAFCF7A707CE7017CD8CDB0410789AB32C63B91E5CEBBBACB17AC6CD347A022D5075FD106377347AAABA7E
310
7D11590744509B44E205134DC1290F06580320F78E537D3D73540E06CB970B431F185308AD40BBD794D6D77003C5A36E8EAA54BA64597CD8F83BD552A080A365F7FF06504B0304140006080000CC70623B000000000000000000000000350000006662782F39464131463745442D413632322D343644302D413938332D3331
310
353338454246344243312F76657274696365732E62696E504B0304140006080800CC70623BF270F1330600000004000000360000006662782F39464131463745442D413632322D343644302D413938332D3331353338454246344243312F747269616E676C65732E62696E636660600000504B0304140006080000CC70623B
310
000000000000000000000000370000006662782F39464131463745442D413632322D343644302D413938332D3331353338454246344243312F617474726962757465732E62696E504B0304140006080800CC70623B08DA0BD19000000041010000360000006662782F39464131463745442D413632322D343644302D413938
310
332D3331353338454246344243312F6469726563746F72792E786D6C858F410AC3201045AF22B36F53E9A60B35CBEEBAE80D244E44489C6234F4F835464A48035D0DF398FF9F8AF63D0E6CC63039F212F8F9020C7D47C6792B21C5FE7403D62A1188E2E60C98D7234A5830286103A55745067B9D86B8A3CF9C7F90C11DE607
310
FB144396D7B6A82D282E9A152AD114D5EF2CB866EEE831B8EEA07A7BB5A8D7D61A2BAAEB7FD5F70921FF497D00504B0304140006080800CC70623B0D6EF93BFE000000A00100003B0000006662782F39464131463745442D413632322D343644302D413938332D3331353338454246344243312F7265736F75726365732F63
310
6F72652E786D6C8D50596E833010BD0A9ADFCA60B334011947A8694ED00B586642AC041B79A97AFC9A40A5F6AF3F33A3B7689E1E3F7DCD8FEC139DD7D6F4C0720A191A65476DA61E62B892236427C19DB5E1970C322367EC618541F0C9D9B8EC90B226A009093576C41D94DE63804C3DD2D18357379C652E63480A7FCF17A9
310
EE72C29CE5894E3AC17D702940B63D59270887DE46A7D0F36263058F518FBB468FE9A7BE6A7420864373B8D4873369AA8691FA421B3294352543C5CAF65C0F6FEF43CB8BD52C78D0F34F46E550061C419494B6843142CB0F5677F4B52BEB177AEC28E5C52AFF638ACBF84F53D42654E51E77B379102C05791282176B5F693D
310
CB4C7BED567C03504B010214000A0000080000CC70623B3DEE336E79000000790000001B00000000000000000000000000000000006175746F6465736B2D64657369676E2D7061636B6167652E786D6C504B01021400140006080800CC70623BD486FD9CA0000000F40000001300000000000000000000000000B20000005B
310
436F6E74656E745F54797065735D2E786D6C504B01021400140006080800CC70623B1EC5D7A3EB0000007C010000080000000000000000000000000083010000636F72652E786D6C504B01021400140006080800CC70623B55019EA25F0000007C000000070000000000000000000000000094020000636E782E786D6C504B
310
01021400140006080800CC70623B8C9102E971010000D40300000C00000000000000000000000000180300006662782F636F72652E786D6C504B01021400140006080800CC70623BFFEA85907E0000009D0000000B00000000000000000000000000B30400006662782F636E782E786D6C504B01021400140006080800CC70
310
623B4FEEA4082C0100001202000031000000000000000000000000005A0500006662782F39464131463745442D413632322D343644302D413938332D3331353338454246344243312F636F72652E786D6C504B01021400140006080800CC70623BAD7543B64E010000330300003000000000000000000000000000D5060000
310
6662782F39464131463745442D413632322D343644302D413938332D3331353338454246344243312F636E782E786D6C504B01021400140006080800CC70623B16AB87BA640500003C1000003400000000000000000000000000710800006662782F39464131463745442D413632322D343644302D413938332D3331353338
310
454246344243312F6F626A656374732E786D6C504B01021400140006080000CC70623B0000000000000000000000003500000000000000000000000000270E00006662782F39464131463745442D413632322D343644302D413938332D3331353338454246344243312F76657274696365732E62696E504B01021400140006
310
080800CC70623BF270F133060000000400000036000000000000000000000000007A0E00006662782F39464131463745442D413632322D343644302D413938332D3331353338454246344243312F747269616E676C65732E62696E504B01021400140006080000CC70623B0000000000000000000000003700000000000000
310
000000000000D40E00006662782F39464131463745442D413632322D343644302D413938332D3331353338454246344243312F617474726962757465732E62696E504B01021400140006080800CC70623B08DA0BD190000000410100003600000000000000000000000000290F00006662782F39464131463745442D413632
310
322D343644302D413938332D3331353338454246344243312F6469726563746F72792E786D6C504B01021400140006080800CC70623B0D6EF93BFE000000A00100003B000000000000000000000000000D1000006662782F39464131463745442D413632322D343644302D413938332D3331353338454246344243312F7265
310
736F75726365732F636F72652E786D6C504B0506000000000E000E0080040000641100000000
  0
XRECORD
  5
175
102
{ACAD_REACTORS
330
173
102
}
330
173
100
AcDbXrecord
280
     1
270
     1
271
     1
  0
XRECORD
  5
174
102
{ACAD_REACTORS
330
173
102
}
330
173
100
AcDbXrecord
280
     1
270
     1
271
     1
  0
XRECORD
  5
1FB
102
{ACAD_REACTORS
330
173
102
}
330
173
100
AcDbXrecord
280
     1
 70
     0
 90
1673772943
  1
ECE7A1D2-D628-4531-984C-D00F80459256
310
504B03040A0000080000CC70623B3DEE336E79000000790000001B0000006175746F6465736B2D64657369676E2D7061636B6167652E786D6C3C3F786D6C2076657273696F6E3D22312E302220656E636F64696E673D227574662D3822203F3E3C666F726D6174733E3C666F726D61743E687474703A2F2F736368656D612E
310
6175746F6465736B2E636F6D2F64657369676E2D7061636B6167652F323030393C2F666F726D61743E3C2F666F726D6174733E504B0304140006080800CC70623BD486FD9CA0000000F4000000130000005B436F6E74656E745F54797065735D2E786D6C7D8EC10E82300C865F65E91D8A1E8C310C0EEA1BF002731658846E
310
D98AC1B77784ABF1D8FE5FBFBF75BBCE937A534CCEB38643598122B6FEE978D0B0485F9C41B54DDD7D022595594E1A469170414C76A4D9A4D207E29CF43ECE46F218070CC6BECC4078ACAA135ACF422C856C0E68EA1BF5669944DDD7BCDE7B1F8E415D77AECB980613C2E4AC91FC167A2B244592486606FC29C8FD7F045B9A
310
EF7053A7E60B504B0304140006080800CC70623BD9DDAED0EC0000007C01000008000000636F72652E786D6C8D90416EC3201045AF82665B61836D9CD8C2444DD39CA01740405C94182C03558F5F9C3852BBEB6A467FFE9B197D7EF89E6EE8CB2CC17A37002D0820E394D7D68D03A478C17B4007C117EFE32F1B20272733C0
310
2A83E0E3E2D3BC49CABB685CCCAAF3DA6CA20CC14440EA969B0182FA34932C648AD911AEC52CD5558EA6A0CF2EC329598D1E47ACCEFBECC59A050463A7EA5833865FEBDD0E37353BE3EE8DBDE3F6786A48D375FBF6CC78B9C282473B3DEFABC5C86834888A900E538A49F5419B9EB47DD5BC907D4F082F57FB1F28CDFA9F50
310
B22ED6D5F6EE030B20687EE43E10BC5CB3C8E51E54AE6B6EE207504B0304140006080800CC70623B55019EA25F0000007C00000007000000636E782E786D6C4DCB3B0E80201045D1AD90E915ED2CF8AC45050C11660C8261F98AB1B07AC9C97D42D718D865D3E909258CFD00CCE24AC6E326A164D74DC0B4128928FF326038
310
472BA13128B1252AC747C6BAB984FC68F0B87FE8960A5C09FE86CFB69FBA01504B0304140006080800CC70623BA24EB22D72010000D40300000C0000006662782F636F72652E786D6CC5535B6E833010BC8AE5DF0A6C5E49888CA3A6694ED00B38E05014B091B1518EDFE511A5A9D228FD2A1F60CDEC7A67C6986DCE4D8D7A
310
69BA4AAB0C073EC548AA5C17952A33ECECD15B61B4E1CC686DBF9561A44423333CC098B3D268D7CE50AE9595CA02AA74216750749DB418E5352C32DCE59FB211BE70162ABA93DF8AFC244AE9073ED050C759670D0840D390E18DF9F1706664C23973AE2A66B62A605A75ACA4C13C4976E1364A12EF355A2EBD384AF65EFA96
310
BC7B8BED2EA6719AAE16FB8491A199335B351775B991C2CA02F390D2D40B028F861F41BCA68B7518BFD0D59A524686F29B26D7164F36B94AD9289CE54E6D1DE6010819891F6E21228B3AD1831EC219194284CF98F06DD01008846CC5A1BEF83801D4CBDC6A1303536877A57A513B0953A94FC707FDBE6064EA84A9E3E6E0FA
310
EE8CF0E9198F7784A316AA0413C2C2F2E0ECA0934D1AE6D05A69BCDE9E91D2A611F573361E38FC1375157F5752AE6B6DFE4B11990F88CCBF0719EE23FF02504B0304140006080800CC70623B408A7D3B7C0000009D0000000B0000006662782F636E782E786D6C4DCCD10A83201886E15B91FFDC552A92A0064DBC8F581632
310
D3703A76F9ABD1C18E3E78F878E5F0D9027ABBFCF2292AE86E2D20171F69F6715550CB827B40839639A5F2770314A7CD293819B45C73AAFB45B35BA61ACAA1C1C7E7855C58C15BC331339661262CC762340413D68D77DA5B42298546CBE6573AF60CEB2F504B0304140006080800CC70623B449FB9BD290100001202000031
310
0000006662782F36394639363044362D344446342D343946362D394244322D3234314243333846323333332F636F72652E786D6C8D515B6EC32010BC0AE22B55850D98B871848994463E412FE002495162B07854397EA176A4F62F3F2C9A9D991D587EB84F37F0AD7D30CEF6905418026DA553C65E7A98E219ED203808EE9D
310
8B7F6810D871D23D2C3014FCE25D9A57483A1BB58D19B54EE9151C43D0110279CB971E06F9A5A7B11A53CC8C70ADE6515EC78BAE4895DB992778883E0700CB907242D17643D7E2538BD869608875438BBAE38922CAC8F1BDD90DB4691A5E2F42C153326A951B95E398B3D1FE599322163C9AE9115F7A3D46ADA0A018778810
310
84E907617BDCEE297BC5BB3DC6BC2EF47FA234AB2745C9D8D8D035EE220B50105E2F0DC1954B9FB747187D9F9D8FA0CCDB042D5FA0C015C65B42DF78BD10F3F3B363CB56C7109DCFDFBBB97E662ED92EB62D13BC2E1BCAE5777DB9966D8A1F504B0304140006080800CC70623BAD7543B64E01000033030000300000006662
310
782F36394639363044362D344446342D343946362D394244322D3234314243333846323333332F636E782E786D6CD593CD6EC32010845F0571AD6CE3D48AD20813A9873E410FBD12D82434182C7EAAE6EDBB2424CD25871E7B41D6EC30B3FA84F9E67BB2E40B4234DE8DB46F1925E094D7C6ED479AD3AE5951B2113C789FEE
310
6C943839C1488B4C05DF079FE72A69D8C96C13AAD6B8631503449F83828872B949AC57D26200B826A308D316B4064D6E46FCDA41C05550DC9E483A00797BFD207EFB092A45DE9514C1BBD22178396BD39D891265658C238DEA00936C654E5E433CB65A26D9F6EDB5EBC14EBF49A45CB856E66048291F6939A9A81BB5C89177
310
38143CA680F4AA299D66A042CEB3354A2684DC9D8D178FE0D9B8B41CAAD720F880EE7EF93C0C18769E099ECC04D5A102C8049A8A05632F4DDF376CF1DE0F6BB65C2F8627B65A33C6BB62177CEBBDAD973006829F89F22E814B54F4BC2BE347F8AA8F681390B50FA73F804400B5F542E796F19FF974E7F78DB802FE05E20750
310
4B0304140006080800CC70623B8D05915C650500003B100000340000006662782F36394639363044362D344446342D343946362D394244322D3234314243333846323333332F6F626A656374732E786D6CAD575B6FA33814FE2B887D06429276DA1565D4266D158D3A339A6846FB502932E050B66023DB74D2FDF5FB190C01
310
9276B2973C046C8ECFF53B17071F77456EBD502133CEAE6CDF9DD81665314F32965ED995DA3A17B6F5310C04E7AA47665B8C14F4CAD6DB7618A48257A5D94AE89654B91AEDDEDDFC61C998326A5B714EA4BCB265FC440BE2924AF184CA6737218AB8E976E7FA6E4338649B0A523E8D98964450A6A029F619B8588D52FE7039
310
B1BD30F0F4F730D0FF866AF6369557DB33949F31A9088B0F848DD8CCFCF9F2767A76E99CCDE733677E3EF59D9BBB9BA5E37F984D16E78BC5E5F5ED25044B25C0C96822E8D60EEFE11B91C581D77CEA34368A1F5329E68CD1B8B61F16D63A1B8E092D294B10C78C4A48EB593D192E7DED9BDEE7995E1B91FDEDD3ACEA9FE831
310
6A756F9F7D4D79F4274C90A7A04248AA51D5F8C718DAE06FB2F75AC4796EBE65D22A88A22223B995679120E2D50E41AA49C260C046A35368846B0BECD0DFF3EBEB8AD4F835768F69B9ADF25C43D30E6B646F807FAA64AD59F61715C7A54127C4AACA98BA3006A9D792DAE165E0D59B61A01FB3A9F9D838D2DAE62445C86166
310
F37564E842E7DE6A69879FEEA2DD5AE7E371E1A5E025154AC307D06A03D73EB5978C58FFA4C8E9033066E0F3BD53BEC1F39F91BE7B55103791EDE6BBB991A2046172CB4581D8B893FA674DDA17A77B3B7C413D1B511FD2743BFF8A38F03A658705E3ADF8015C3A3417FF3D7E439FF591DA0B5F18BC20C1B8981957AE6392A3
310
F43C640C01D1A0B4728E2DD4F26DB4B3C3152A252A3B4E913CEC1C72F012782FF88EFF8637AA552DBEF76408E8A8DE9E50F9E1CB3A2DA0DB1B6039A893B56063DC5B3E3FFB5F72E67AB9FEB4AEC496C4F4C1149625DD662C53E89D7BF0F6151A046260D1337DFDC94502430F83B0EE07A130A224BCAD7DAE1D9FB6CD422FF6
310
920702629C4BB9AE79C12F243C6432A6794E18E5552BA56B431AAB5D91317302B2B071E86C3A42B1A02F999E24061403B5D0EB639195DA655DD3EBEAB4FB862DDF579F014AD0E73C22F99E28DA57FB98E75C6CA2D74D53086D600F4786E0FE3144B771A8A7B900F03594DB8A633CBC49B2EDB69228BB479CF863B5E807AAAB
310
23872F6DFEB4129B949CA33823F58830E86D65621E10047D9DB34D862E8EAC3C2ABC2F7B2C40D67CDFE01F5545B92105AF983AC54D93D69E56FB8E797F88913F898A9FEC705D3F9D1B54EC8426FB500D40A03BD0119B06E1B95DDC7EB8F6975367793EBD70E66733DFB9BC982F9CE564727731999F5D4ECFCE3B8D6A4DC2A0
310
6D50FD148437D110834A64C6CDDF57FBACB5C307A2A477DFE4939736CFEF2B175371E0E10CF0DD1D5C15654E0BCA14D1E87DD02FF93782A162C0A3D95F1524A52770F972BF1EE9809D13CE7DD599467F8ECE9ADD85CE85A34CD45355448C64F9E8A031DC2D596ACC6E5DD93D9B82DE2EF5CAF81363A8E47996A0DE24564A79
310
4115AACE09C55E14540231FDA13C319787134EBF34E3A022514E5B4D9E0826E25C02D5805B15ABE1BEF51B26383D445DD9E875EE33FE4C22DA16427D65A3BCA92CA6D28DD01DF5DC53330704308475351050232CCD31583787BA75774AFB06E5070DD0C8EF484E19968C5D83BA5B90B244D31E54D55A372320FE4786B7EA58
310
44E135AA5467CB7EA333A61683CC6A8C3257034C10CF46F40EF9F5BE59BE5BD30C3C72D235E95D10345C1D45445A5F0BB47E46A5EBE5570F9380B5FA629579952296A773720405982B9DE04011506178964401AA8BDF1FBF0A8EAB6861DD6580C0E38217056766716DAEB2D6FA0917D3E4116581EADB879C4E7CFFB11EFACD
310
3D641311495D92C8676CB409A72D18610D803CE8A626049E8EC1887CB5B44CC39883690DDA8399B4B9855B481E7D71D4A9D22F96E5BB73BF5793020C02137BF837504B0304140006080000CC70623B000000000000000000000000350000006662782F36394639363044362D344446342D343946362D394244322D32343142
310
43333846323333332F76657274696365732E62696E504B0304140006080800CC70623BF270F1330600000004000000360000006662782F36394639363044362D344446342D343946362D394244322D3234314243333846323333332F747269616E676C65732E62696E636660600000504B0304140006080000CC70623B0000
310
00000000000000000000370000006662782F36394639363044362D344446342D343946362D394244322D3234314243333846323333332F617474726962757465732E62696E504B0304140006080800CC70623B08DA0BD19000000041010000360000006662782F36394639363044362D344446342D343946362D394244322D
310
3234314243333846323333332F6469726563746F72792E786D6C858F410AC3201045AF22B36F53E9A60B35CBEEBAE80D244E44489C6234F4F835464A48035D0DF398FF9F8AF63D0E6CC63039F212F8F9020C7D47C6792B21C5FE7403D62A1188E2E60C98D7234A5830286103A55745067B9D86B8A3CF9C7F90C11DE607FB14
310
4396D7B6A82D282E9A152AD114D5EF2CB866EEE831B8EEA07A7BB5A8D7D61A2BAAEB7FD5F70921FF497D00504B0304140006080800CC70623BCA768048FE000000A00100003B0000006662782F36394639363044362D344446342D343946362D394244322D3234314243333846323333332F7265736F75726365732F636F72
310
652E786D6C8D50596E833010BD0A9ADFCA60D600328E9AA639412F609909B1126CE4A5EAF16B0295DABFFECC8CDEA2797AECF8353F924FB44E193D409E5248504B332A3D0D10FC95B4901C39B3C6F85F3248B49871801506CE266BC2B243D2688FDA47549B11775038871E12F988C7004EDE7016A9083E2ADC3D5D84BC8B09
310
D33C8D74D471E6BC8D0192EDC93A815B742658898E651BCB59086ADC356A8C3FD555A1055ED7E7E254D615792D0F075295F585746FF53B694EE78A565DD736979A65AB9933AFE69F8CD2A2F038022F28ED489E135A7CE4554F9BBEA85E68DB53CAB255FEC71496F19FA6A0B42F8B3DEE6673C0F318E4497096AD7DC5F52C33
310
EEB55BFE0D504B010214000A0000080000CC70623B3DEE336E79000000790000001B00000000000000000000000000000000006175746F6465736B2D64657369676E2D7061636B6167652E786D6C504B01021400140006080800CC70623BD486FD9CA0000000F40000001300000000000000000000000000B20000005B436F
310
6E74656E745F54797065735D2E786D6C504B01021400140006080800CC70623BD9DDAED0EC0000007C010000080000000000000000000000000083010000636F72652E786D6C504B01021400140006080800CC70623B55019EA25F0000007C000000070000000000000000000000000095020000636E782E786D6C504B0102
310
1400140006080800CC70623BA24EB22D72010000D40300000C00000000000000000000000000190300006662782F636F72652E786D6C504B01021400140006080800CC70623B408A7D3B7C0000009D0000000B00000000000000000000000000B50400006662782F636E782E786D6C504B01021400140006080800CC70623B
310
449FB9BD290100001202000031000000000000000000000000005A0500006662782F36394639363044362D344446342D343946362D394244322D3234314243333846323333332F636F72652E786D6C504B01021400140006080800CC70623BAD7543B64E010000330300003000000000000000000000000000D20600006662
310
782F36394639363044362D344446342D343946362D394244322D3234314243333846323333332F636E782E786D6C504B01021400140006080800CC70623B8D05915C650500003B10000034000000000000000000000000006E0800006662782F36394639363044362D344446342D343946362D394244322D32343142433338
310
46323333332F6F626A656374732E786D6C504B01021400140006080000CC70623B0000000000000000000000003500000000000000000000000000250E00006662782F36394639363044362D344446342D343946362D394244322D3234314243333846323333332F76657274696365732E62696E504B010214001400060808
310
00CC70623BF270F13306000000040000003600000000000000000000000000780E00006662782F36394639363044362D344446342D343946362D394244322D3234314243333846323333332F747269616E676C65732E62696E504B01021400140006080000CC70623B00000000000000000000000037000000000000000000
310
00000000D20E00006662782F36394639363044362D344446342D343946362D394244322D3234314243333846323333332F617474726962757465732E62696E504B01021400140006080800CC70623B08DA0BD190000000410100003600000000000000000000000000270F00006662782F36394639363044362D344446342D
310
343946362D394244322D3234314243333846323333332F6469726563746F72792E786D6C504B01021400140006080800CC70623BCA768048FE000000A00100003B000000000000000000000000000B1000006662782F36394639363044362D344446342D343946362D394244322D3234314243333846323333332F7265736F
310
75726365732F636F72652E786D6C504B0506000000000E000E0080040000621100000000
  0
XRECORD
  5
176
102
{ACAD_REACTORS
330
173
102
}
330
173
100
AcDbXrecord
280
     1
270
     1
271
     1
  0
XRECORD
  5
177
102
{ACAD_REACTORS
330
173
102
}
330
173
100
AcDbXrecord
280
     1
270
     1
271
     1
  0
XRECORD
  5
2B6
102
{ACAD_REACTORS
330
234
102
}
330
234
100
AcDbXrecord
280
     1
102
DISPLAYNAME
  1
Metric50
102
FLAGS
 90
        0
  0
CELLSTYLEMAP
  5
27C
102
{ACAD_REACTORS
330
162
102
}
330
162
100
AcDbCellStyleMap
 90
        3
300
CELLSTYLE
  1
TABLEFORMAT_BEGIN
 90
        5
170
     1
 91
        0
 92
    32768
 62
   257
 93
        1
300
CONTENTFORMAT
  1
CONTENTFORMAT_BEGIN
 90
        0
 91
        0
 92
      512
 93
        0
300

 40
0.0
140
1.0
 94
        5
 62
     0
340
11
144
6.0
309
CONTENTFORMAT_END
171
     1
301
MARGIN
  1
CELLMARGIN_BEGIN
 40
1.5
 40
1.5
 40
1.5
 40
1.5
 40
4.5
 40
4.5
309
CELLMARGIN_END
 94
        6
 95
        1
302
GRIDFORMAT
  1
GRIDFORMAT_BEGIN
 90
        0
 91
        1
 62
     0
 92
       -2
340
14
 93
        0
 40
1.125
309
GRIDFORMAT_END
 95
        2
302
GRIDFORMAT
  1
GRIDFORMAT_BEGIN
 90
        0
 91
        1
 62
     0
 92
       -2
340
14
 93
        0
 40
1.125
309
GRIDFORMAT_END
 95
        4
302
GRIDFORMAT
  1
GRIDFORMAT_BEGIN
 90
        0
 91
        1
 62
     0
 92
       -2
340
14
 93
        0
 40
1.125
309
GRIDFORMAT_END
 95
        8
302
GRIDFORMAT
  1
GRIDFORMAT_BEGIN
 90
        0
 91
        1
 62
     0
 92
       -2
340
14
 93
        0
 40
1.125
309
GRIDFORMAT_END
 95
       16
302
GRIDFORMAT
  1
GRIDFORMAT_BEGIN
 90
        0
 91
        1
 62
     0
 92
       -2
340
14
 93
        0
 40
1.125
309
GRIDFORMAT_END
 95
       32
302
GRIDFORMAT
  1
GRIDFORMAT_BEGIN
 90
        0
 91
        1
 62
     0
 92
       -2
340
14
 93
        0
 40
1.125
309
GRIDFORMAT_END
309
TABLEFORMAT_END
  1
CELLSTYLE_BEGIN
 90
        1
 91
        1
300
_TITLE
309
CELLSTYLE_END
300
CELLSTYLE
  1
TABLEFORMAT_BEGIN
 90
        5
170
     1
 91
        0
 92
        0
 62
   257
 93
        1
300
CONTENTFORMAT
  1
CONTENTFORMAT_BEGIN
 90
        0
 91
        0
 92
      512
 93
        0
300

 40
0.0
140
1.0
 94
        5
 62
     0
340
11
144
4.5
309
CONTENTFORMAT_END
171
     1
301
MARGIN
  1
CELLMARGIN_BEGIN
 40
1.5
 40
1.5
 40
1.5
 40
1.5
 40
4.5
 40
4.5
309
CELLMARGIN_END
 94
        6
 95
        1
302
GRIDFORMAT
  1
GRIDFORMAT_BEGIN
 90
        0
 91
        1
 62
     0
 92
       -2
340
14
 93
        0
 40
1.125
309
GRIDFORMAT_END
 95
        2
302
GRIDFORMAT
  1
GRIDFORMAT_BEGIN
 90
        0
 91
        1
 62
     0
 92
       -2
340
14
 93
        0
 40
1.125
309
GRIDFORMAT_END
 95
        4
302
GRIDFORMAT
  1
GRIDFORMAT_BEGIN
 90
        0
 91
        1
 62
     0
 92
       -2
340
14
 93
        0
 40
1.125
309
GRIDFORMAT_END
 95
        8
302
GRIDFORMAT
  1
GRIDFORMAT_BEGIN
 90
        0
 91
        1
 62
     0
 92
       -2
340
14
 93
        0
 40
1.125
309
GRIDFORMAT_END
 95
       16
302
GRIDFORMAT
  1
GRIDFORMAT_BEGIN
 90
        0
 91
        1
 62
     0
 92
       -2
340
14
 93
        0
 40
1.125
309
GRIDFORMAT_END
 95
       32
302
GRIDFORMAT
  1
GRIDFORMAT_BEGIN
 90
        0
 91
        1
 62
     0
 92
       -2
340
14
 93
        0
 40
1.125
309
GRIDFORMAT_END
309
TABLEFORMAT_END
  1
CELLSTYLE_BEGIN
 90
        2
 91
        1
300
_HEADER
309
CELLSTYLE_END
300
CELLSTYLE
  1
TABLEFORMAT_BEGIN
 90
        5
170
     1
 91
        0
 92
        0
 62
   257
 93
        1
300
CONTENTFORMAT
  1
CONTENTFORMAT_BEGIN
 90
        0
 91
        0
 92
      512
 93
        0
300

 40
0.0
140
1.0
 94
        2
 62
     0
340
11
144
4.5
309
CONTENTFORMAT_END
171
     1
301
MARGIN
  1
CELLMARGIN_BEGIN
 40
1.5
 40
1.5
 40
1.5
 40
1.5
 40
4.5
 40
4.5
309
CELLMARGIN_END
 94
        6
 95
        1
302
GRIDFORMAT
  1
GRIDFORMAT_BEGIN
 90
        0
 91
        1
 62
     0
 92
       -2
340
14
 93
        0
 40
1.125
309
GRIDFORMAT_END
 95
        2
302
GRIDFORMAT
  1
GRIDFORMAT_BEGIN
 90
        0
 91
        1
 62
     0
 92
       -2
340
14
 93
        0
 40
1.125
309
GRIDFORMAT_END
 95
        4
302
GRIDFORMAT
  1
GRIDFORMAT_BEGIN
 90
        0
 91
        1
 62
     0
 92
       -2
340
14
 93
        0
 40
1.125
309
GRIDFORMAT_END
 95
        8
302
GRIDFORMAT
  1
GRIDFORMAT_BEGIN
 90
        0
 91
        1
 62
     0
 92
       -2
340
14
 93
        0
 40
1.125
309
GRIDFORMAT_END
 95
       16
302
GRIDFORMAT
  1
GRIDFORMAT_BEGIN
 90
        0
 91
        1
 62
     0
 92
       -2
340
14
 93
        0
 40
1.125
309
GRIDFORMAT_END
 95
       32
302
GRIDFORMAT
  1
GRIDFORMAT_BEGIN
 90
        0
 91
        1
 62
     0
 92
       -2
340
14
 93
        0
 40
1.125
309
GRIDFORMAT_END
309
TABLEFORMAT_END
  1
CELLSTYLE_BEGIN
 90
        3
 91
        2
300
_DATA
309
CELLSTYLE_END
  0
XRECORD
  5
291
102
{ACAD_REACTORS
330
290
102
}
330
290
100
AcDbXrecord
280
     1
102
RTVSPost2010Prop28
280
     1
102
RTVSPost2010PropOp28
 70
     1
102
RTVSPost2010Prop29
280
     1
102
RTVSPost2010PropOp29
 70
     1
102
RTVSPost2010Prop30
280
     0
102
RTVSPost2010PropOp30
 70
     1
102
RTVSPost2010Prop31
280
     0
102
RTVSPost2010PropOp31
 70
     1
102
RTVSPost2010Prop32
280
     0
102
RTVSPost2010PropOp32
 70
     1
102
RTVSPost2010Prop33
280
     0
102
RTVSPost2010PropOp33
 70
     1
102
RTVSPost2010Prop34
280
     0
102
RTVSPost2010PropOp34
 70
     1
102
RTVSPost2010Prop35
280
     0
102
RTVSPost2010PropOp35
 70
     1
102
RTVSPost2010Prop36
280
     0
102
RTVSPost2010PropOp36
 70
     1
102
RTVSPost2010Prop37
 90
       50
102
RTVSPost2010PropOp37
 70
     1
102
RTVSPost2010Prop38
140
0.0
102
RTVSPost2010PropOp38
 70
     1
102
RTVSPost2010Prop39
140
1.0
102
RTVSPost2010PropOp39
 70
     1
102
RTVSPost2010Prop40
 90
        0
102
RTVSPost2010PropOp40
 70
     1
102
RTVSPost2010Prop41ColorIndex
 90
       18
102
RTVSPost2010Prop41ColorRGB
 90
        0
102
RTVSPost2010PropOp41
 70
     1
102
RTVSPost2010Prop42
 90
       50
102
RTVSPost2010PropOp42
 70
     1
102
RTVSPost2010Prop43
 90
        3
102
RTVSPost2010PropOp43
 70
     1
102
RTVSPost2010Prop44ColorIndex
 90
        5
102
RTVSPost2010Prop44ColorRGB
 90
      255
102
RTVSPost2010PropOp44
 70
     1
102
RTVSPost2010Prop45
280
     0
102
RTVSPost2010PropOp45
 70
     1
102
RTVSPost2010Prop46
 90
       50
102
RTVSPost2010PropOp46
 70
     1
102
RTVSPost2010Prop47
 90
       50
102
RTVSPost2010PropOp47
 70
     1
102
RTVSPost2010Prop48
 90
       50
102
RTVSPost2010PropOp48
 70
     1
102
RTVSPost2010Prop49
280
     0
102
RTVSPost2010PropOp49
 70
     1
102
RTVSPost2010Prop50
 90
       50
102
RTVSPost2010PropOp50
 70
     1
102
RTVSPost2010Prop51ColorIndex
 90
      256
102
RTVSPost2010Prop51ColorRGB
 90
-16777216
102
RTVSPost2010PropOp51
 70
     0
102
RTVSPost2010Prop52
140
1.0
102
RTVSPost2010PropOp52
 70
     0
102
RTVSPost2010Prop53
 90
        2
102
RTVSPost2010PropOp53
 70
     1
102
RTVSPost2010Prop54
  1
strokes_ogs.tif
102
RTVSPost2010PropOp54
 70
     1
102
RTVSPost2010Prop55
280
     0
102
RTVSPost2010PropOp55
 70
     1
102
RTVSPost2010Prop56
140
1.0
102
RTVSPost2010PropOp56
 70
     1
102
RTVSPost2010Prop57
140
1.0
102
RTVSPost2010PropOp57
 70
     1
102
RTVSPropertyOp0
 70
     1
102
RTVSPropertyOp1
 70
     1
102
RTVSPropertyOp2
 70
     1
102
RTVSPropertyOp3
 70
     1
102
RTVSPropertyOp4
 70
     1
102
RTVSPropertyOp5
 70
     1
102
RTVSPropertyOp6
 70
     1
102
RTVSPropertyOp7
 70
     1
102
RTVSPropertyOp8
 70
     1
102
RTVSPropertyOp9
 70
     1
102
RTVSPropertyOp10
 70
     1
102
RTVSPropertyOp11
 70
     1
102
RTVSPropertyOp12
 70
     1
102
RTVSPropertyOp13
 70
     1
102
RTVSPropertyOp14
 70
     1
102
RTVSPropertyOp15
 70
     1
102
RTVSPropertyOp16
 70
     1
102
RTVSPropertyOp17
 70
     1
102
RTVSPropertyOp18
 70
     1
102
RTVSPropertyOp19
 70
     1
102
RTVSPropertyOp20
 70
     1
102
RTVSPropertyOp21
 70
     1
102
RTVSPropertyOp22
 70
     1
102
RTVSPropertyOp23
 70
     1
102
RTVSPropertyOp24
 70
     1
102
RTVSPropertyOp25
 70
     1
102
RTVSPropertyOp26
 70
     1
102
RTVSPropertyOp27
 70
     1
102
RTVSPropertyOp28
 70
     1
102
RTVSPropertyOp29
 70
     1
102
RTVSPropertyOp30
 70
     1
102
RTVSPropertyOp31
 70
     1
102
RTVSPropertyOp32
 70
     1
102
RTVSPropertyOp33
 70
     1
102
RTVSPropertyOp34
 70
     1
102
RTVSPropertyOp35
 70
     1
102
RTVSPropertyOp36
 70
     1
102
RTVSPropertyOp37
 70
     1
102
RTVSPropertyOp38
 70
     1
102
RTVSPropertyOp39
 70
     1
102
RTVSPropertyOp40
 70
     1
102
RTVSPropertyOp41
 70
     1
102
RTVSPropertyOp42
 70
     1
102
RTVSPropertyOp43
 70
     1
102
RTVSPropertyOp44
 70
     1
102
RTVSPropertyOp45
 70
     1
102
RTVSPropertyOp46
 70
     1
102
RTVSPropertyOp47
 70
     1
102
RTVSPropertyOp48
 70
     1
102
RTVSPropertyOp49
 70
     1
102
RTVSPropertyOp50
 70
     1
102
RTVSPropertyOp51
 70
     0
102
RTVSPropertyOp52
 70
     0
102
RTVSPropertyOp53
 70
     1
102
RTVSPropertyOp54
 70
     1
102
RTVSPropertyOp55
 70
     1
102
RTVSPropertyOp56
 70
     1
102
RTVSPropertyOp57
 70
     1
102
RTVSPropertyOp58
 70
     1
102
RTVSPropertyOp59
 70
     1
102
RTVSPropertyOp60
 70
     1
102
RTVSPropertyOp61
 70
     1
102
RTVSPropertyOp62
 70
     1
  0
XRECORD
  5
28F
102
{ACAD_REACTORS
330
28E
102
}
330
28E
100
AcDbXrecord
280
     1
102
RTVSPost2010Prop28
280
     0
102
RTVSPost2010PropOp28
 70
     1
102
RTVSPost2010Prop29
280
     1
102
RTVSPost2010PropOp29
 70
     1
102
RTVSPost2010Prop30
280
     1
102
RTVSPost2010PropOp30
 70
     1
102
RTVSPost2010Prop31
280
     0
102
RTVSPost2010PropOp31
 70
     1
102
RTVSPost2010Prop32
280
     0
102
RTVSPost2010PropOp32
 70
     1
102
RTVSPost2010Prop33
280
     0
102
RTVSPost2010PropOp33
 70
     1
102
RTVSPost2010Prop34
280
     0
102
RTVSPost2010PropOp34
 70
     1
102
RTVSPost2010Prop35
280
     0
102
RTVSPost2010PropOp35
 70
     1
102
RTVSPost2010Prop36
280
     0
102
RTVSPost2010PropOp36
 70
     1
102
RTVSPost2010Prop37
 90
       50
102
RTVSPost2010PropOp37
 70
     1
102
RTVSPost2010Prop38
140
0.0
102
RTVSPost2010PropOp38
 70
     1
102
RTVSPost2010Prop39
140
1.0
102
RTVSPost2010PropOp39
 70
     1
102
RTVSPost2010Prop40
 90
        0
102
RTVSPost2010PropOp40
 70
     1
102
RTVSPost2010Prop41ColorIndex
 90
       18
102
RTVSPost2010Prop41ColorRGB
 90
        0
102
RTVSPost2010PropOp41
 70
     1
102
RTVSPost2010Prop42
 90
       50
102
RTVSPost2010PropOp42
 70
     1
102
RTVSPost2010Prop43
 90
        3
102
RTVSPost2010PropOp43
 70
     1
102
RTVSPost2010Prop44ColorIndex
 90
        5
102
RTVSPost2010Prop44ColorRGB
 90
      255
102
RTVSPost2010PropOp44
 70
     1
102
RTVSPost2010Prop45
280
     0
102
RTVSPost2010PropOp45
 70
     1
102
RTVSPost2010Prop46
 90
       50
102
RTVSPost2010PropOp46
 70
     1
102
RTVSPost2010Prop47
 90
       50
102
RTVSPost2010PropOp47
 70
     1
102
RTVSPost2010Prop48
 90
       50
102
RTVSPost2010PropOp48
 70
     1
102
RTVSPost2010Prop49
280
     0
102
RTVSPost2010PropOp49
 70
     1
102
RTVSPost2010Prop50
 90
       50
102
RTVSPost2010PropOp50
 70
     1
102
RTVSPost2010Prop51ColorIndex
 90
      256
102
RTVSPost2010Prop51ColorRGB
 90
-16777216
102
RTVSPost2010PropOp51
 70
     0
102
RTVSPost2010Prop52
140
1.0
102
RTVSPost2010PropOp52
 70
     0
102
RTVSPost2010Prop53
 90
        2
102
RTVSPost2010PropOp53
 70
     1
102
RTVSPost2010Prop54
  1
strokes_ogs.tif
102
RTVSPost2010PropOp54
 70
     1
102
RTVSPost2010Prop55
280
     0
102
RTVSPost2010PropOp55
 70
     1
102
RTVSPost2010Prop56
140
1.0
102
RTVSPost2010PropOp56
 70
     1
102
RTVSPost2010Prop57
140
1.0
102
RTVSPost2010PropOp57
 70
     1
102
RTVSPropertyOp0
 70
     1
102
RTVSPropertyOp1
 70
     1
102
RTVSPropertyOp2
 70
     1
102
RTVSPropertyOp3
 70
     1
102
RTVSPropertyOp4
 70
     1
102
RTVSPropertyOp5
 70
     1
102
RTVSPropertyOp6
 70
     1
102
RTVSPropertyOp7
 70
     1
102
RTVSPropertyOp8
 70
     1
102
RTVSPropertyOp9
 70
     1
102
RTVSPropertyOp10
 70
     1
102
RTVSPropertyOp11
 70
     1
102
RTVSPropertyOp12
 70
     1
102
RTVSPropertyOp13
 70
     1
102
RTVSPropertyOp14
 70
     1
102
RTVSPropertyOp15
 70
     1
102
RTVSPropertyOp16
 70
     1
102
RTVSPropertyOp17
 70
     1
102
RTVSPropertyOp18
 70
     1
102
RTVSPropertyOp19
 70
     1
102
RTVSPropertyOp20
 70
     1
102
RTVSPropertyOp21
 70
     1
102
RTVSPropertyOp22
 70
     1
102
RTVSPropertyOp23
 70
     1
102
RTVSPropertyOp24
 70
     1
102
RTVSPropertyOp25
 70
     1
102
RTVSPropertyOp26
 70
     1
102
RTVSPropertyOp27
 70
     1
102
RTVSPropertyOp28
 70
     1
102
RTVSPropertyOp29
 70
     1
102
RTVSPropertyOp30
 70
     1
102
RTVSPropertyOp31
 70
     1
102
RTVSPropertyOp32
 70
     1
102
RTVSPropertyOp33
 70
     1
102
RTVSPropertyOp34
 70
     1
102
RTVSPropertyOp35
 70
     1
102
RTVSPropertyOp36
 70
     1
102
RTVSPropertyOp37
 70
     1
102
RTVSPropertyOp38
 70
     1
102
RTVSPropertyOp39
 70
     1
102
RTVSPropertyOp40
 70
     1
102
RTVSPropertyOp41
 70
     1
102
RTVSPropertyOp42
 70
     1
102
RTVSPropertyOp43
 70
     1
102
RTVSPropertyOp44
 70
     1
102
RTVSPropertyOp45
 70
     1
102
RTVSPropertyOp46
 70
     1
102
RTVSPropertyOp47
 70
     1
102
RTVSPropertyOp48
 70
     1
102
RTVSPropertyOp49
 70
     1
102
RTVSPropertyOp50
 70
     1
102
RTVSPropertyOp51
 70
     0
102
RTVSPropertyOp52
 70
     0
102
RTVSPropertyOp53
 70
     1
102
RTVSPropertyOp54
 70
     1
102
RTVSPropertyOp55
 70
     1
102
RTVSPropertyOp56
 70
     1
102
RTVSPropertyOp57
 70
     1
102
RTVSPropertyOp58
 70
     1
102
RTVSPropertyOp59
 70
     1
102
RTVSPropertyOp60
 70
     1
102
RTVSPropertyOp61
 70
     1
102
RTVSPropertyOp62
 70
     1
  0
XRECORD
  5
29D
102
{ACAD_REACTORS
330
29C
102
}
330
29C
100
AcDbXrecord
280
     1
102
RTVSPost2010Prop28
280
     0
102
RTVSPost2010PropOp28
 70
     1
102
RTVSPost2010Prop29
280
     1
102
RTVSPost2010PropOp29
 70
     1
102
RTVSPost2010Prop30
280
     1
102
RTVSPost2010PropOp30
 70
     1
102
RTVSPost2010Prop31
280
     0
102
RTVSPost2010PropOp31
 70
     1
102
RTVSPost2010Prop32
280
     0
102
RTVSPost2010PropOp32
 70
     1
102
RTVSPost2010Prop33
280
     0
102
RTVSPost2010PropOp33
 70
     1
102
RTVSPost2010Prop34
280
     0
102
RTVSPost2010PropOp34
 70
     1
102
RTVSPost2010Prop35
280
     0
102
RTVSPost2010PropOp35
 70
     1
102
RTVSPost2010Prop36
280
     0
102
RTVSPost2010PropOp36
 70
     1
102
RTVSPost2010Prop37
 90
       50
102
RTVSPost2010PropOp37
 70
     1
102
RTVSPost2010Prop38
140
0.0
102
RTVSPost2010PropOp38
 70
     1
102
RTVSPost2010Prop39
140
1.0
102
RTVSPost2010PropOp39
 70
     1
102
RTVSPost2010Prop40
 90
        0
102
RTVSPost2010PropOp40
 70
     1
102
RTVSPost2010Prop41ColorIndex
 90
       18
102
RTVSPost2010Prop41ColorRGB
 90
        0
102
RTVSPost2010PropOp41
 70
     1
102
RTVSPost2010Prop42
 90
       50
102
RTVSPost2010PropOp42
 70
     1
102
RTVSPost2010Prop43
 90
        3
102
RTVSPost2010PropOp43
 70
     1
102
RTVSPost2010Prop44ColorIndex
 90
        5
102
RTVSPost2010Prop44ColorRGB
 90
      255
102
RTVSPost2010PropOp44
 70
     1
102
RTVSPost2010Prop45
280
     0
102
RTVSPost2010PropOp45
 70
     1
102
RTVSPost2010Prop46
 90
       50
102
RTVSPost2010PropOp46
 70
     1
102
RTVSPost2010Prop47
 90
       50
102
RTVSPost2010PropOp47
 70
     1
102
RTVSPost2010Prop48
 90
       50
102
RTVSPost2010PropOp48
 70
     1
102
RTVSPost2010Prop49
280
     0
102
RTVSPost2010PropOp49
 70
     1
102
RTVSPost2010Prop50
 90
       50
102
RTVSPost2010PropOp50
 70
     1
102
RTVSPost2010Prop51ColorIndex
 90
      256
102
RTVSPost2010Prop51ColorRGB
 90
-16777216
102
RTVSPost2010PropOp51
 70
     0
102
RTVSPost2010Prop52
140
1.0
102
RTVSPost2010PropOp52
 70
     0
102
RTVSPost2010Prop53
 90
        2
102
RTVSPost2010PropOp53
 70
     1
102
RTVSPost2010Prop54
  1
strokes_ogs.tif
102
RTVSPost2010PropOp54
 70
     1
102
RTVSPost2010Prop55
280
     0
102
RTVSPost2010PropOp55
 70
     1
102
RTVSPost2010Prop56
140
1.0
102
RTVSPost2010PropOp56
 70
     1
102
RTVSPost2010Prop57
140
1.0
102
RTVSPost2010PropOp57
 70
     1
102
RTVSPropertyOp0
 70
     1
102
RTVSPropertyOp1
 70
     1
102
RTVSPropertyOp2
 70
     1
102
RTVSPropertyOp3
 70
     1
102
RTVSPropertyOp4
 70
     1
102
RTVSPropertyOp5
 70
     1
102
RTVSPropertyOp6
 70
     1
102
RTVSPropertyOp7
 70
     1
102
RTVSPropertyOp8
 70
     1
102
RTVSPropertyOp9
 70
     1
102
RTVSPropertyOp10
 70
     1
102
RTVSPropertyOp11
 70
     1
102
RTVSPropertyOp12
 70
     1
102
RTVSPropertyOp13
 70
     1
102
RTVSPropertyOp14
 70
     1
102
RTVSPropertyOp15
 70
     1
102
RTVSPropertyOp16
 70
     1
102
RTVSPropertyOp17
 70
     1
102
RTVSPropertyOp18
 70
     1
102
RTVSPropertyOp19
 70
     1
102
RTVSPropertyOp20
 70
     1
102
RTVSPropertyOp21
 70
     1
102
RTVSPropertyOp22
 70
     1
102
RTVSPropertyOp23
 70
     1
102
RTVSPropertyOp24
 70
     1
102
RTVSPropertyOp25
 70
     1
102
RTVSPropertyOp26
 70
     1
102
RTVSPropertyOp27
 70
     1
102
RTVSPropertyOp28
 70
     1
102
RTVSPropertyOp29
 70
     1
102
RTVSPropertyOp30
 70
     1
102
RTVSPropertyOp31
 70
     1
102
RTVSPropertyOp32
 70
     1
102
RTVSPropertyOp33
 70
     1
102
RTVSPropertyOp34
 70
     1
102
RTVSPropertyOp35
 70
     1
102
RTVSPropertyOp36
 70
     1
102
RTVSPropertyOp37
 70
     1
102
RTVSPropertyOp38
 70
     1
102
RTVSPropertyOp39
 70
     1
102
RTVSPropertyOp40
 70
     1
102
RTVSPropertyOp41
 70
     1
102
RTVSPropertyOp42
 70
     1
102
RTVSPropertyOp43
 70
     1
102
RTVSPropertyOp44
 70
     1
102
RTVSPropertyOp45
 70
     1
102
RTVSPropertyOp46
 70
     1
102
RTVSPropertyOp47
 70
     1
102
RTVSPropertyOp48
 70
     1
102
RTVSPropertyOp49
 70
     1
102
RTVSPropertyOp50
 70
     1
102
RTVSPropertyOp51
 70
     0
102
RTVSPropertyOp52
 70
     0
102
RTVSPropertyOp53
 70
     1
102
RTVSPropertyOp54
 70
     1
102
RTVSPropertyOp55
 70
     1
102
RTVSPropertyOp56
 70
     1
102
RTVSPropertyOp57
 70
     1
102
RTVSPropertyOp58
 70
     1
102
RTVSPropertyOp59
 70
     1
102
RTVSPropertyOp60
 70
     1
102
RTVSPropertyOp61
 70
     1
102
RTVSPropertyOp62
 70
     1
  0
XRECORD
  5
2A5
102
{ACAD_REACTORS
330
2A4
102
}
330
2A4
100
AcDbXrecord
280
     1
102
RTVSPost2010Prop28
280
     0
102
RTVSPost2010PropOp28
 70
     1
102
RTVSPost2010Prop29
280
     1
102
RTVSPost2010PropOp29
 70
     1
102
RTVSPost2010Prop30
280
     1
102
RTVSPost2010PropOp30
 70
     1
102
RTVSPost2010Prop31
280
     0
102
RTVSPost2010PropOp31
 70
     1
102
RTVSPost2010Prop32
280
     0
102
RTVSPost2010PropOp32
 70
     1
102
RTVSPost2010Prop33
280
     0
102
RTVSPost2010PropOp33
 70
     1
102
RTVSPost2010Prop34
280
     0
102
RTVSPost2010PropOp34
 70
     1
102
RTVSPost2010Prop35
280
     0
102
RTVSPost2010PropOp35
 70
     1
102
RTVSPost2010Prop36
280
     0
102
RTVSPost2010PropOp36
 70
     1
102
RTVSPost2010Prop37
 90
       50
102
RTVSPost2010PropOp37
 70
     1
102
RTVSPost2010Prop38
140
0.0
102
RTVSPost2010PropOp38
 70
     1
102
RTVSPost2010Prop39
140
1.0
102
RTVSPost2010PropOp39
 70
     1
102
RTVSPost2010Prop40
 90
        0
102
RTVSPost2010PropOp40
 70
     1
102
RTVSPost2010Prop41ColorIndex
 90
       18
102
RTVSPost2010Prop41ColorRGB
 90
        0
102
RTVSPost2010PropOp41
 70
     1
102
RTVSPost2010Prop42
 90
       50
102
RTVSPost2010PropOp42
 70
     1
102
RTVSPost2010Prop43
 90
        3
102
RTVSPost2010PropOp43
 70
     1
102
RTVSPost2010Prop44ColorIndex
 90
        5
102
RTVSPost2010Prop44ColorRGB
 90
      255
102
RTVSPost2010PropOp44
 70
     1
102
RTVSPost2010Prop45
280
     0
102
RTVSPost2010PropOp45
 70
     1
102
RTVSPost2010Prop46
 90
       50
102
RTVSPost2010PropOp46
 70
     1
102
RTVSPost2010Prop47
 90
       50
102
RTVSPost2010PropOp47
 70
     1
102
RTVSPost2010Prop48
 90
       50
102
RTVSPost2010PropOp48
 70
     1
102
RTVSPost2010Prop49
280
     0
102
RTVSPost2010PropOp49
 70
     1
102
RTVSPost2010Prop50
 90
       50
102
RTVSPost2010PropOp50
 70
     1
102
RTVSPost2010Prop51ColorIndex
 90
      256
102
RTVSPost2010Prop51ColorRGB
 90
-16777216
102
RTVSPost2010PropOp51
 70
     0
102
RTVSPost2010Prop52
140
1.0
102
RTVSPost2010PropOp52
 70
     0
102
RTVSPost2010Prop53
 90
        2
102
RTVSPost2010PropOp53
 70
     1
102
RTVSPost2010Prop54
  1
strokes_ogs.tif
102
RTVSPost2010PropOp54
 70
     1
102
RTVSPost2010Prop55
280
     0
102
RTVSPost2010PropOp55
 70
     1
102
RTVSPost2010Prop56
140
1.0
102
RTVSPost2010PropOp56
 70
     1
102
RTVSPost2010Prop57
140
1.0
102
RTVSPost2010PropOp57
 70
     1
102
RTVSPropertyOp0
 70
     1
102
RTVSPropertyOp1
 70
     1
102
RTVSPropertyOp2
 70
     1
102
RTVSPropertyOp3
 70
     1
102
RTVSPropertyOp4
 70
     1
102
RTVSPropertyOp5
 70
     1
102
RTVSPropertyOp6
 70
     1
102
RTVSPropertyOp7
 70
     1
102
RTVSPropertyOp8
 70
     1
102
RTVSPropertyOp9
 70
     1
102
RTVSPropertyOp10
 70
     1
102
RTVSPropertyOp11
 70
     1
102
RTVSPropertyOp12
 70
     1
102
RTVSPropertyOp13
 70
     1
102
RTVSPropertyOp14
 70
     1
102
RTVSPropertyOp15
 70
     1
102
RTVSPropertyOp16
 70
     1
102
RTVSPropertyOp17
 70
     1
102
RTVSPropertyOp18
 70
     1
102
RTVSPropertyOp19
 70
     1
102
RTVSPropertyOp20
 70
     1
102
RTVSPropertyOp21
 70
     1
102
RTVSPropertyOp22
 70
     1
102
RTVSPropertyOp23
 70
     1
102
RTVSPropertyOp24
 70
     1
102
RTVSPropertyOp25
 70
     1
102
RTVSPropertyOp26
 70
     1
102
RTVSPropertyOp27
 70
     1
102
RTVSPropertyOp28
 70
     1
102
RTVSPropertyOp29
 70
     1
102
RTVSPropertyOp30
 70
     1
102
RTVSPropertyOp31
 70
     1
102
RTVSPropertyOp32
 70
     1
102
RTVSPropertyOp33
 70
     1
102
RTVSPropertyOp34
 70
     1
102
RTVSPropertyOp35
 70
     1
102
RTVSPropertyOp36
 70
     1
102
RTVSPropertyOp37
 70
     1
102
RTVSPropertyOp38
 70
     1
102
RTVSPropertyOp39
 70
     1
102
RTVSPropertyOp40
 70
     1
102
RTVSPropertyOp41
 70
     1
102
RTVSPropertyOp42
 70
     1
102
RTVSPropertyOp43
 70
     1
102
RTVSPropertyOp44
 70
     1
102
RTVSPropertyOp45
 70
     1
102
RTVSPropertyOp46
 70
     1
102
RTVSPropertyOp47
 70
     1
102
RTVSPropertyOp48
 70
     1
102
RTVSPropertyOp49
 70
     1
102
RTVSPropertyOp50
 70
     1
102
RTVSPropertyOp51
 70
     0
102
RTVSPropertyOp52
 70
     0
102
RTVSPropertyOp53
 70
     1
102
RTVSPropertyOp54
 70
     1
102
RTVSPropertyOp55
 70
     1
102
RTVSPropertyOp56
 70
     1
102
RTVSPropertyOp57
 70
     1
102
RTVSPropertyOp58
 70
     1
102
RTVSPropertyOp59
 70
     1
102
RTVSPropertyOp60
 70
     1
102
RTVSPropertyOp61
 70
     1
102
RTVSPropertyOp62
 70
     1
  0
XRECORD
  5
297
102
{ACAD_REACTORS
330
296
102
}
330
296
100
AcDbXrecord
280
     1
102
RTVSPost2010Prop28
280
     0
102
RTVSPost2010PropOp28
 70
     1
102
RTVSPost2010Prop29
280
     1
102
RTVSPost2010PropOp29
 70
     1
102
RTVSPost2010Prop30
280
     1
102
RTVSPost2010PropOp30
 70
     1
102
RTVSPost2010Prop31
280
     0
102
RTVSPost2010PropOp31
 70
     1
102
RTVSPost2010Prop32
280
     0
102
RTVSPost2010PropOp32
 70
     1
102
RTVSPost2010Prop33
280
     0
102
RTVSPost2010PropOp33
 70
     1
102
RTVSPost2010Prop34
280
     0
102
RTVSPost2010PropOp34
 70
     1
102
RTVSPost2010Prop35
280
     0
102
RTVSPost2010PropOp35
 70
     1
102
RTVSPost2010Prop36
280
     0
102
RTVSPost2010PropOp36
 70
     1
102
RTVSPost2010Prop37
 90
       50
102
RTVSPost2010PropOp37
 70
     1
102
RTVSPost2010Prop38
140
0.0
102
RTVSPost2010PropOp38
 70
     1
102
RTVSPost2010Prop39
140
1.0
102
RTVSPost2010PropOp39
 70
     1
102
RTVSPost2010Prop40
 90
        0
102
RTVSPost2010PropOp40
 70
     1
102
RTVSPost2010Prop41ColorIndex
 90
       18
102
RTVSPost2010Prop41ColorRGB
 90
        0
102
RTVSPost2010PropOp41
 70
     1
102
RTVSPost2010Prop42
 90
       50
102
RTVSPost2010PropOp42
 70
     1
102
RTVSPost2010Prop43
 90
        3
102
RTVSPost2010PropOp43
 70
     1
102
RTVSPost2010Prop44ColorIndex
 90
        5
102
RTVSPost2010Prop44ColorRGB
 90
      255
102
RTVSPost2010PropOp44
 70
     1
102
RTVSPost2010Prop45
280
     0
102
RTVSPost2010PropOp45
 70
     1
102
RTVSPost2010Prop46
 90
       50
102
RTVSPost2010PropOp46
 70
     1
102
RTVSPost2010Prop47
 90
       50
102
RTVSPost2010PropOp47
 70
     1
102
RTVSPost2010Prop48
 90
       50
102
RTVSPost2010PropOp48
 70
     1
102
RTVSPost2010Prop49
280
     0
102
RTVSPost2010PropOp49
 70
     1
102
RTVSPost2010Prop50
 90
       50
102
RTVSPost2010PropOp50
 70
     1
102
RTVSPost2010Prop51ColorIndex
 90
      256
102
RTVSPost2010Prop51ColorRGB
 90
-16777216
102
RTVSPost2010PropOp51
 70
     0
102
RTVSPost2010Prop52
140
1.0
102
RTVSPost2010PropOp52
 70
     0
102
RTVSPost2010Prop53
 90
        2
102
RTVSPost2010PropOp53
 70
     1
102
RTVSPost2010Prop54
  1
strokes_ogs.tif
102
RTVSPost2010PropOp54
 70
     1
102
RTVSPost2010Prop55
280
     0
102
RTVSPost2010PropOp55
 70
     1
102
RTVSPost2010Prop56
140
1.0
102
RTVSPost2010PropOp56
 70
     1
102
RTVSPost2010Prop57
140
1.0
102
RTVSPost2010PropOp57
 70
     1
102
RTVSPropertyOp0
 70
     1
102
RTVSPropertyOp1
 70
     1
102
RTVSPropertyOp2
 70
     1
102
RTVSPropertyOp3
 70
     1
102
RTVSPropertyOp4
 70
     1
102
RTVSPropertyOp5
 70
     1
102
RTVSPropertyOp6
 70
     1
102
RTVSPropertyOp7
 70
     1
102
RTVSPropertyOp8
 70
     1
102
RTVSPropertyOp9
 70
     1
102
RTVSPropertyOp10
 70
     1
102
RTVSPropertyOp11
 70
     1
102
RTVSPropertyOp12
 70
     1
102
RTVSPropertyOp13
 70
     1
102
RTVSPropertyOp14
 70
     1
102
RTVSPropertyOp15
 70
     1
102
RTVSPropertyOp16
 70
     1
102
RTVSPropertyOp17
 70
     1
102
RTVSPropertyOp18
 70
     1
102
RTVSPropertyOp19
 70
     1
102
RTVSPropertyOp20
 70
     1
102
RTVSPropertyOp21
 70
     1
102
RTVSPropertyOp22
 70
     1
102
RTVSPropertyOp23
 70
     1
102
RTVSPropertyOp24
 70
     1
102
RTVSPropertyOp25
 70
     1
102
RTVSPropertyOp26
 70
     1
102
RTVSPropertyOp27
 70
     1
102
RTVSPropertyOp28
 70
     1
102
RTVSPropertyOp29
 70
     1
102
RTVSPropertyOp30
 70
     1
102
RTVSPropertyOp31
 70
     1
102
RTVSPropertyOp32
 70
     1
102
RTVSPropertyOp33
 70
     1
102
RTVSPropertyOp34
 70
     1
102
RTVSPropertyOp35
 70
     1
102
RTVSPropertyOp36
 70
     1
102
RTVSPropertyOp37
 70
     1
102
RTVSPropertyOp38
 70
     1
102
RTVSPropertyOp39
 70
     1
102
RTVSPropertyOp40
 70
     1
102
RTVSPropertyOp41
 70
     1
102
RTVSPropertyOp42
 70
     1
102
RTVSPropertyOp43
 70
     1
102
RTVSPropertyOp44
 70
     1
102
RTVSPropertyOp45
 70
     1
102
RTVSPropertyOp46
 70
     1
102
RTVSPropertyOp47
 70
     1
102
RTVSPropertyOp48
 70
     1
102
RTVSPropertyOp49
 70
     1
102
RTVSPropertyOp50
 70
     1
102
RTVSPropertyOp51
 70
     0
102
RTVSPropertyOp52
 70
     0
102
RTVSPropertyOp53
 70
     1
102
RTVSPropertyOp54
 70
     1
102
RTVSPropertyOp55
 70
     1
102
RTVSPropertyOp56
 70
     1
102
RTVSPropertyOp57
 70
     1
102
RTVSPropertyOp58
 70
     1
102
RTVSPropertyOp59
 70
     1
102
RTVSPropertyOp60
 70
     1
102
RTVSPropertyOp61
 70
     1
102
RTVSPropertyOp62
 70
     1
  0
XRECORD
  5
29B
102
{ACAD_REACTORS
330
29A
102
}
330
29A
100
AcDbXrecord
280
     1
102
RTVSPost2010Prop28
280
     0
102
RTVSPost2010PropOp28
 70
     1
102
RTVSPost2010Prop29
280
     1
102
RTVSPost2010PropOp29
 70
     1
102
RTVSPost2010Prop30
280
     1
102
RTVSPost2010PropOp30
 70
     1
102
RTVSPost2010Prop31
280
     0
102
RTVSPost2010PropOp31
 70
     1
102
RTVSPost2010Prop32
280
     0
102
RTVSPost2010PropOp32
 70
     1
102
RTVSPost2010Prop33
280
     0
102
RTVSPost2010PropOp33
 70
     1
102
RTVSPost2010Prop34
280
     0
102
RTVSPost2010PropOp34
 70
     1
102
RTVSPost2010Prop35
280
     0
102
RTVSPost2010PropOp35
 70
     1
102
RTVSPost2010Prop36
280
     0
102
RTVSPost2010PropOp36
 70
     1
102
RTVSPost2010Prop37
 90
       50
102
RTVSPost2010PropOp37
 70
     1
102
RTVSPost2010Prop38
140
0.0
102
RTVSPost2010PropOp38
 70
     1
102
RTVSPost2010Prop39
140
1.0
102
RTVSPost2010PropOp39
 70
     1
102
RTVSPost2010Prop40
 90
        0
102
RTVSPost2010PropOp40
 70
     1
102
RTVSPost2010Prop41ColorIndex
 90
       18
102
RTVSPost2010Prop41ColorRGB
 90
        0
102
RTVSPost2010PropOp41
 70
     1
102
RTVSPost2010Prop42
 90
       50
102
RTVSPost2010PropOp42
 70
     1
102
RTVSPost2010Prop43
 90
        3
102
RTVSPost2010PropOp43
 70
     1
102
RTVSPost2010Prop44ColorIndex
 90
        5
102
RTVSPost2010Prop44ColorRGB
 90
      255
102
RTVSPost2010PropOp44
 70
     1
102
RTVSPost2010Prop45
280
     0
102
RTVSPost2010PropOp45
 70
     1
102
RTVSPost2010Prop46
 90
       50
102
RTVSPost2010PropOp46
 70
     1
102
RTVSPost2010Prop47
 90
       50
102
RTVSPost2010PropOp47
 70
     1
102
RTVSPost2010Prop48
 90
       50
102
RTVSPost2010PropOp48
 70
     1
102
RTVSPost2010Prop49
280
     0
102
RTVSPost2010PropOp49
 70
     1
102
RTVSPost2010Prop50
 90
       50
102
RTVSPost2010PropOp50
 70
     1
102
RTVSPost2010Prop51ColorIndex
 90
      256
102
RTVSPost2010Prop51ColorRGB
 90
-16777216
102
RTVSPost2010PropOp51
 70
     0
102
RTVSPost2010Prop52
140
1.0
102
RTVSPost2010PropOp52
 70
     0
102
RTVSPost2010Prop53
 90
        2
102
RTVSPost2010PropOp53
 70
     1
102
RTVSPost2010Prop54
  1
strokes_ogs.tif
102
RTVSPost2010PropOp54
 70
     1
102
RTVSPost2010Prop55
280
     0
102
RTVSPost2010PropOp55
 70
     1
102
RTVSPost2010Prop56
140
1.0
102
RTVSPost2010PropOp56
 70
     1
102
RTVSPost2010Prop57
140
1.0
102
RTVSPost2010PropOp57
 70
     1
102
RTVSPropertyOp0
 70
     1
102
RTVSPropertyOp1
 70
     1
102
RTVSPropertyOp2
 70
     1
102
RTVSPropertyOp3
 70
     1
102
RTVSPropertyOp4
 70
     1
102
RTVSPropertyOp5
 70
     1
102
RTVSPropertyOp6
 70
     1
102
RTVSPropertyOp7
 70
     1
102
RTVSPropertyOp8
 70
     1
102
RTVSPropertyOp9
 70
     1
102
RTVSPropertyOp10
 70
     1
102
RTVSPropertyOp11
 70
     1
102
RTVSPropertyOp12
 70
     1
102
RTVSPropertyOp13
 70
     1
102
RTVSPropertyOp14
 70
     1
102
RTVSPropertyOp15
 70
     1
102
RTVSPropertyOp16
 70
     1
102
RTVSPropertyOp17
 70
     1
102
RTVSPropertyOp18
 70
     1
102
RTVSPropertyOp19
 70
     1
102
RTVSPropertyOp20
 70
     1
102
RTVSPropertyOp21
 70
     1
102
RTVSPropertyOp22
 70
     1
102
RTVSPropertyOp23
 70
     1
102
RTVSPropertyOp24
 70
     1
102
RTVSPropertyOp25
 70
     1
102
RTVSPropertyOp26
 70
     1
102
RTVSPropertyOp27
 70
     1
102
RTVSPropertyOp28
 70
     1
102
RTVSPropertyOp29
 70
     1
102
RTVSPropertyOp30
 70
     1
102
RTVSPropertyOp31
 70
     1
102
RTVSPropertyOp32
 70
     1
102
RTVSPropertyOp33
 70
     1
102
RTVSPropertyOp34
 70
     1
102
RTVSPropertyOp35
 70
     1
102
RTVSPropertyOp36
 70
     1
102
RTVSPropertyOp37
 70
     1
102
RTVSPropertyOp38
 70
     1
102
RTVSPropertyOp39
 70
     1
102
RTVSPropertyOp40
 70
     1
102
RTVSPropertyOp41
 70
     1
102
RTVSPropertyOp42
 70
     1
102
RTVSPropertyOp43
 70
     1
102
RTVSPropertyOp44
 70
     1
102
RTVSPropertyOp45
 70
     1
102
RTVSPropertyOp46
 70
     1
102
RTVSPropertyOp47
 70
     1
102
RTVSPropertyOp48
 70
     1
102
RTVSPropertyOp49
 70
     1
102
RTVSPropertyOp50
 70
     1
102
RTVSPropertyOp51
 70
     0
102
RTVSPropertyOp52
 70
     0
102
RTVSPropertyOp53
 70
     1
102
RTVSPropertyOp54
 70
     1
102
RTVSPropertyOp55
 70
     1
102
RTVSPropertyOp56
 70
     1
102
RTVSPropertyOp57
 70
     1
102
RTVSPropertyOp58
 70
     1
102
RTVSPropertyOp59
 70
     1
102
RTVSPropertyOp60
 70
     1
102
RTVSPropertyOp61
 70
     1
102
RTVSPropertyOp62
 70
     1
  0
XRECORD
  5
2AB
102
{ACAD_REACTORS
330
2AA
102
}
330
2AA
100
AcDbXrecord
280
     1
102
RTVSPost2010Prop28
280
     0
102
RTVSPost2010PropOp28
 70
     1
102
RTVSPost2010Prop29
280
     1
102
RTVSPost2010PropOp29
 70
     1
102
RTVSPost2010Prop30
280
     1
102
RTVSPost2010PropOp30
 70
     1
102
RTVSPost2010Prop31
280
     0
102
RTVSPost2010PropOp31
 70
     1
102
RTVSPost2010Prop32
280
     0
102
RTVSPost2010PropOp32
 70
     1
102
RTVSPost2010Prop33
280
     0
102
RTVSPost2010PropOp33
 70
     1
102
RTVSPost2010Prop34
280
     0
102
RTVSPost2010PropOp34
 70
     1
102
RTVSPost2010Prop35
280
     0
102
RTVSPost2010PropOp35
 70
     1
102
RTVSPost2010Prop36
280
     0
102
RTVSPost2010PropOp36
 70
     1
102
RTVSPost2010Prop37
 90
       50
102
RTVSPost2010PropOp37
 70
     1
102
RTVSPost2010Prop38
140
0.0
102
RTVSPost2010PropOp38
 70
     1
102
RTVSPost2010Prop39
140
1.0
102
RTVSPost2010PropOp39
 70
     1
102
RTVSPost2010Prop40
 90
        0
102
RTVSPost2010PropOp40
 70
     1
102
RTVSPost2010Prop41ColorIndex
 90
       18
102
RTVSPost2010Prop41ColorRGB
 90
        0
102
RTVSPost2010PropOp41
 70
     1
102
RTVSPost2010Prop42
 90
       50
102
RTVSPost2010PropOp42
 70
     1
102
RTVSPost2010Prop43
 90
        3
102
RTVSPost2010PropOp43
 70
     1
102
RTVSPost2010Prop44ColorIndex
 90
        5
102
RTVSPost2010Prop44ColorRGB
 90
      255
102
RTVSPost2010PropOp44
 70
     1
102
RTVSPost2010Prop45
280
     0
102
RTVSPost2010PropOp45
 70
     1
102
RTVSPost2010Prop46
 90
       50
102
RTVSPost2010PropOp46
 70
     1
102
RTVSPost2010Prop47
 90
       50
102
RTVSPost2010PropOp47
 70
     1
102
RTVSPost2010Prop48
 90
       50
102
RTVSPost2010PropOp48
 70
     1
102
RTVSPost2010Prop49
280
     0
102
RTVSPost2010PropOp49
 70
     1
102
RTVSPost2010Prop50
 90
       50
102
RTVSPost2010PropOp50
 70
     1
102
RTVSPost2010Prop51ColorIndex
 90
      256
102
RTVSPost2010Prop51ColorRGB
 90
-16777216
102
RTVSPost2010PropOp51
 70
     0
102
RTVSPost2010Prop52
140
1.0
102
RTVSPost2010PropOp52
 70
     0
102
RTVSPost2010Prop53
 90
        2
102
RTVSPost2010PropOp53
 70
     1
102
RTVSPost2010Prop54
  1
strokes_ogs.tif
102
RTVSPost2010PropOp54
 70
     1
102
RTVSPost2010Prop55
280
     0
102
RTVSPost2010PropOp55
 70
     1
102
RTVSPost2010Prop56
140
1.0
102
RTVSPost2010PropOp56
 70
     1
102
RTVSPost2010Prop57
140
1.0
102
RTVSPost2010PropOp57
 70
     1
102
RTVSPropertyOp0
 70
     0
102
RTVSPropertyOp1
 70
     0
102
RTVSPropertyOp2
 70
     0
102
RTVSPropertyOp3
 70
     0
102
RTVSPropertyOp4
 70
     0
102
RTVSPropertyOp5
 70
     0
102
RTVSPropertyOp6
 70
     0
102
RTVSPropertyOp7
 70
     0
102
RTVSPropertyOp8
 70
     0
102
RTVSPropertyOp9
 70
     0
102
RTVSPropertyOp10
 70
     0
102
RTVSPropertyOp11
 70
     0
102
RTVSPropertyOp12
 70
     0
102
RTVSPropertyOp13
 70
     0
102
RTVSPropertyOp14
 70
     2
102
RTVSPropertyOp15
 70
     0
102
RTVSPropertyOp16
 70
     0
102
RTVSPropertyOp17
 70
     0
102
RTVSPropertyOp18
 70
     0
102
RTVSPropertyOp19
 70
     0
102
RTVSPropertyOp20
 70
     0
102
RTVSPropertyOp21
 70
     0
102
RTVSPropertyOp22
 70
     0
102
RTVSPropertyOp23
 70
     0
102
RTVSPropertyOp24
 70
     0
102
RTVSPropertyOp25
 70
     0
102
RTVSPropertyOp26
 70
     0
102
RTVSPropertyOp27
 70
     0
102
RTVSPropertyOp28
 70
     1
102
RTVSPropertyOp29
 70
     1
102
RTVSPropertyOp30
 70
     1
102
RTVSPropertyOp31
 70
     1
102
RTVSPropertyOp32
 70
     1
102
RTVSPropertyOp33
 70
     1
102
RTVSPropertyOp34
 70
     1
102
RTVSPropertyOp35
 70
     1
102
RTVSPropertyOp36
 70
     1
102
RTVSPropertyOp37
 70
     1
102
RTVSPropertyOp38
 70
     1
102
RTVSPropertyOp39
 70
     1
102
RTVSPropertyOp40
 70
     1
102
RTVSPropertyOp41
 70
     1
102
RTVSPropertyOp42
 70
     1
102
RTVSPropertyOp43
 70
     1
102
RTVSPropertyOp44
 70
     1
102
RTVSPropertyOp45
 70
     1
102
RTVSPropertyOp46
 70
     1
102
RTVSPropertyOp47
 70
     1
102
RTVSPropertyOp48
 70
     1
102
RTVSPropertyOp49
 70
     1
102
RTVSPropertyOp50
 70
     1
102
RTVSPropertyOp51
 70
     0
102
RTVSPropertyOp52
 70
     0
102
RTVSPropertyOp53
 70
     1
102
RTVSPropertyOp54
 70
     1
102
RTVSPropertyOp55
 70
     1
102
RTVSPropertyOp56
 70
     1
102
RTVSPropertyOp57
 70
     1
102
RTVSPropertyOp58
 70
     1
102
RTVSPropertyOp59
 70
     1
102
RTVSPropertyOp60
 70
     1
102
RTVSPropertyOp61
 70
     1
102
RTVSPropertyOp62
 70
     1
  0
XRECORD
  5
2A3
102
{ACAD_REACTORS
330
2A2
102
}
330
2A2
100
AcDbXrecord
280
     1
102
RTVSPost2010Prop28
280
     0
102
RTVSPost2010PropOp28
 70
     1
102
RTVSPost2010Prop29
280
     1
102
RTVSPost2010PropOp29
 70
     1
102
RTVSPost2010Prop30
280
     1
102
RTVSPost2010PropOp30
 70
     1
102
RTVSPost2010Prop31
280
     0
102
RTVSPost2010PropOp31
 70
     1
102
RTVSPost2010Prop32
280
     0
102
RTVSPost2010PropOp32
 70
     1
102
RTVSPost2010Prop33
280
     0
102
RTVSPost2010PropOp33
 70
     1
102
RTVSPost2010Prop34
280
     0
102
RTVSPost2010PropOp34
 70
     1
102
RTVSPost2010Prop35
280
     0
102
RTVSPost2010PropOp35
 70
     1
102
RTVSPost2010Prop36
280
     0
102
RTVSPost2010PropOp36
 70
     1
102
RTVSPost2010Prop37
 90
       50
102
RTVSPost2010PropOp37
 70
     1
102
RTVSPost2010Prop38
140
0.0
102
RTVSPost2010PropOp38
 70
     1
102
RTVSPost2010Prop39
140
1.0
102
RTVSPost2010PropOp39
 70
     1
102
RTVSPost2010Prop40
 90
        0
102
RTVSPost2010PropOp40
 70
     1
102
RTVSPost2010Prop41ColorIndex
 90
       18
102
RTVSPost2010Prop41ColorRGB
 90
        0
102
RTVSPost2010PropOp41
 70
     1
102
RTVSPost2010Prop42
 90
       50
102
RTVSPost2010PropOp42
 70
     1
102
RTVSPost2010Prop43
 90
        3
102
RTVSPost2010PropOp43
 70
     1
102
RTVSPost2010Prop44ColorIndex
 90
        5
102
RTVSPost2010Prop44ColorRGB
 90
      255
102
RTVSPost2010PropOp44
 70
     1
102
RTVSPost2010Prop45
280
     0
102
RTVSPost2010PropOp45
 70
     1
102
RTVSPost2010Prop46
 90
       50
102
RTVSPost2010PropOp46
 70
     1
102
RTVSPost2010Prop47
 90
       50
102
RTVSPost2010PropOp47
 70
     1
102
RTVSPost2010Prop48
 90
       50
102
RTVSPost2010PropOp48
 70
     1
102
RTVSPost2010Prop49
280
     0
102
RTVSPost2010PropOp49
 70
     1
102
RTVSPost2010Prop50
 90
       50
102
RTVSPost2010PropOp50
 70
     1
102
RTVSPost2010Prop51ColorIndex
 90
      256
102
RTVSPost2010Prop51ColorRGB
 90
-16777216
102
RTVSPost2010PropOp51
 70
     0
102
RTVSPost2010Prop52
140
1.0
102
RTVSPost2010PropOp52
 70
     0
102
RTVSPost2010Prop53
 90
        2
102
RTVSPost2010PropOp53
 70
     1
102
RTVSPost2010Prop54
  1
strokes_ogs.tif
102
RTVSPost2010PropOp54
 70
     1
102
RTVSPost2010Prop55
280
     0
102
RTVSPost2010PropOp55
 70
     1
102
RTVSPost2010Prop56
140
1.0
102
RTVSPost2010PropOp56
 70
     1
102
RTVSPost2010Prop57
140
1.0
102
RTVSPost2010PropOp57
 70
     1
102
RTVSPropertyOp0
 70
     1
102
RTVSPropertyOp1
 70
     1
102
RTVSPropertyOp2
 70
     1
102
RTVSPropertyOp3
 70
     1
102
RTVSPropertyOp4
 70
     1
102
RTVSPropertyOp5
 70
     1
102
RTVSPropertyOp6
 70
     1
102
RTVSPropertyOp7
 70
     1
102
RTVSPropertyOp8
 70
     1
102
RTVSPropertyOp9
 70
     1
102
RTVSPropertyOp10
 70
     1
102
RTVSPropertyOp11
 70
     1
102
RTVSPropertyOp12
 70
     1
102
RTVSPropertyOp13
 70
     1
102
RTVSPropertyOp14
 70
     1
102
RTVSPropertyOp15
 70
     1
102
RTVSPropertyOp16
 70
     1
102
RTVSPropertyOp17
 70
     1
102
RTVSPropertyOp18
 70
     1
102
RTVSPropertyOp19
 70
     1
102
RTVSPropertyOp20
 70
     1
102
RTVSPropertyOp21
 70
     1
102
RTVSPropertyOp22
 70
     1
102
RTVSPropertyOp23
 70
     1
102
RTVSPropertyOp24
 70
     1
102
RTVSPropertyOp25
 70
     1
102
RTVSPropertyOp26
 70
     1
102
RTVSPropertyOp27
 70
     1
102
RTVSPropertyOp28
 70
     1
102
RTVSPropertyOp29
 70
     1
102
RTVSPropertyOp30
 70
     1
102
RTVSPropertyOp31
 70
     1
102
RTVSPropertyOp32
 70
     1
102
RTVSPropertyOp33
 70
     1
102
RTVSPropertyOp34
 70
     1
102
RTVSPropertyOp35
 70
     1
102
RTVSPropertyOp36
 70
     1
102
RTVSPropertyOp37
 70
     1
102
RTVSPropertyOp38
 70
     1
102
RTVSPropertyOp39
 70
     1
102
RTVSPropertyOp40
 70
     1
102
RTVSPropertyOp41
 70
     1
102
RTVSPropertyOp42
 70
     1
102
RTVSPropertyOp43
 70
     1
102
RTVSPropertyOp44
 70
     1
102
RTVSPropertyOp45
 70
     1
102
RTVSPropertyOp46
 70
     1
102
RTVSPropertyOp47
 70
     1
102
RTVSPropertyOp48
 70
     1
102
RTVSPropertyOp49
 70
     1
102
RTVSPropertyOp50
 70
     1
102
RTVSPropertyOp51
 70
     0
102
RTVSPropertyOp52
 70
     0
102
RTVSPropertyOp53
 70
     1
102
RTVSPropertyOp54
 70
     1
102
RTVSPropertyOp55
 70
     1
102
RTVSPropertyOp56
 70
     1
102
RTVSPropertyOp57
 70
     1
102
RTVSPropertyOp58
 70
     1
102
RTVSPropertyOp59
 70
     1
102
RTVSPropertyOp60
 70
     1
102
RTVSPropertyOp61
 70
     1
102
RTVSPropertyOp62
 70
     1
  0
XRECORD
  5
287
102
{ACAD_REACTORS
330
286
102
}
330
286
100
AcDbXrecord
280
     1
102
RTVSPost2010Prop28
280
     0
102
RTVSPost2010PropOp28
 70
     1
102
RTVSPost2010Prop29
280
     1
102
RTVSPost2010PropOp29
 70
     1
102
RTVSPost2010Prop30
280
     1
102
RTVSPost2010PropOp30
 70
     1
102
RTVSPost2010Prop31
280
     0
102
RTVSPost2010PropOp31
 70
     1
102
RTVSPost2010Prop32
280
     0
102
RTVSPost2010PropOp32
 70
     1
102
RTVSPost2010Prop33
280
     0
102
RTVSPost2010PropOp33
 70
     1
102
RTVSPost2010Prop34
280
     0
102
RTVSPost2010PropOp34
 70
     1
102
RTVSPost2010Prop35
280
     0
102
RTVSPost2010PropOp35
 70
     1
102
RTVSPost2010Prop36
280
     0
102
RTVSPost2010PropOp36
 70
     1
102
RTVSPost2010Prop37
 90
       50
102
RTVSPost2010PropOp37
 70
     1
102
RTVSPost2010Prop38
140
0.0
102
RTVSPost2010PropOp38
 70
     1
102
RTVSPost2010Prop39
140
1.0
102
RTVSPost2010PropOp39
 70
     1
102
RTVSPost2010Prop40
 90
        0
102
RTVSPost2010PropOp40
 70
     1
102
RTVSPost2010Prop41ColorIndex
 90
       18
102
RTVSPost2010Prop41ColorRGB
 90
        0
102
RTVSPost2010PropOp41
 70
     1
102
RTVSPost2010Prop42
 90
       50
102
RTVSPost2010PropOp42
 70
     1
102
RTVSPost2010Prop43
 90
        3
102
RTVSPost2010PropOp43
 70
     1
102
RTVSPost2010Prop44ColorIndex
 90
        5
102
RTVSPost2010Prop44ColorRGB
 90
      255
102
RTVSPost2010PropOp44
 70
     1
102
RTVSPost2010Prop45
280
     0
102
RTVSPost2010PropOp45
 70
     1
102
RTVSPost2010Prop46
 90
       50
102
RTVSPost2010PropOp46
 70
     1
102
RTVSPost2010Prop47
 90
       50
102
RTVSPost2010PropOp47
 70
     1
102
RTVSPost2010Prop48
 90
       50
102
RTVSPost2010PropOp48
 70
     1
102
RTVSPost2010Prop49
280
     0
102
RTVSPost2010PropOp49
 70
     1
102
RTVSPost2010Prop50
 90
       50
102
RTVSPost2010PropOp50
 70
     1
102
RTVSPost2010Prop51ColorIndex
 90
      256
102
RTVSPost2010Prop51ColorRGB
 90
-16777216
102
RTVSPost2010PropOp51
 70
     0
102
RTVSPost2010Prop52
140
1.0
102
RTVSPost2010PropOp52
 70
     0
102
RTVSPost2010Prop53
 90
        2
102
RTVSPost2010PropOp53
 70
     1
102
RTVSPost2010Prop54
  1
strokes_ogs.tif
102
RTVSPost2010PropOp54
 70
     1
102
RTVSPost2010Prop55
280
     0
102
RTVSPost2010PropOp55
 70
     1
102
RTVSPost2010Prop56
140
1.0
102
RTVSPost2010PropOp56
 70
     1
102
RTVSPost2010Prop57
140
1.0
102
RTVSPost2010PropOp57
 70
     1
102
RTVSPropertyOp0
 70
     1
102
RTVSPropertyOp1
 70
     1
102
RTVSPropertyOp2
 70
     1
102
RTVSPropertyOp3
 70
     1
102
RTVSPropertyOp4
 70
     1
102
RTVSPropertyOp5
 70
     1
102
RTVSPropertyOp6
 70
     1
102
RTVSPropertyOp7
 70
     1
102
RTVSPropertyOp8
 70
     1
102
RTVSPropertyOp9
 70
     1
102
RTVSPropertyOp10
 70
     1
102
RTVSPropertyOp11
 70
     1
102
RTVSPropertyOp12
 70
     1
102
RTVSPropertyOp13
 70
     1
102
RTVSPropertyOp14
 70
     1
102
RTVSPropertyOp15
 70
     1
102
RTVSPropertyOp16
 70
     1
102
RTVSPropertyOp17
 70
     1
102
RTVSPropertyOp18
 70
     1
102
RTVSPropertyOp19
 70
     1
102
RTVSPropertyOp20
 70
     1
102
RTVSPropertyOp21
 70
     1
102
RTVSPropertyOp22
 70
     1
102
RTVSPropertyOp23
 70
     1
102
RTVSPropertyOp24
 70
     1
102
RTVSPropertyOp25
 70
     1
102
RTVSPropertyOp26
 70
     1
102
RTVSPropertyOp27
 70
     1
102
RTVSPropertyOp28
 70
     1
102
RTVSPropertyOp29
 70
     1
102
RTVSPropertyOp30
 70
     1
102
RTVSPropertyOp31
 70
     1
102
RTVSPropertyOp32
 70
     1
102
RTVSPropertyOp33
 70
     1
102
RTVSPropertyOp34
 70
     1
102
RTVSPropertyOp35
 70
     1
102
RTVSPropertyOp36
 70
     1
102
RTVSPropertyOp37
 70
     1
102
RTVSPropertyOp38
 70
     1
102
RTVSPropertyOp39
 70
     1
102
RTVSPropertyOp40
 70
     1
102
RTVSPropertyOp41
 70
     1
102
RTVSPropertyOp42
 70
     1
102
RTVSPropertyOp43
 70
     1
102
RTVSPropertyOp44
 70
     1
102
RTVSPropertyOp45
 70
     1
102
RTVSPropertyOp46
 70
     1
102
RTVSPropertyOp47
 70
     1
102
RTVSPropertyOp48
 70
     1
102
RTVSPropertyOp49
 70
     1
102
RTVSPropertyOp50
 70
     1
102
RTVSPropertyOp51
 70
     0
102
RTVSPropertyOp52
 70
     0
102
RTVSPropertyOp53
 70
     1
102
RTVSPropertyOp54
 70
     1
102
RTVSPropertyOp55
 70
     1
102
RTVSPropertyOp56
 70
     1
102
RTVSPropertyOp57
 70
     1
102
RTVSPropertyOp58
 70
     1
102
RTVSPropertyOp59
 70
     1
102
RTVSPropertyOp60
 70
     1
102
RTVSPropertyOp61
 70
     1
102
RTVSPropertyOp62
 70
     1
  0
XRECORD
  5
289
102
{ACAD_REACTORS
330
288
102
}
330
288
100
AcDbXrecord
280
     1
102
RTVSPost2010Prop28
280
     0
102
RTVSPost2010PropOp28
 70
     1
102
RTVSPost2010Prop29
280
     1
102
RTVSPost2010PropOp29
 70
     1
102
RTVSPost2010Prop30
280
     1
102
RTVSPost2010PropOp30
 70
     1
102
RTVSPost2010Prop31
280
     0
102
RTVSPost2010PropOp31
 70
     1
102
RTVSPost2010Prop32
280
     0
102
RTVSPost2010PropOp32
 70
     1
102
RTVSPost2010Prop33
280
     0
102
RTVSPost2010PropOp33
 70
     1
102
RTVSPost2010Prop34
280
     0
102
RTVSPost2010PropOp34
 70
     1
102
RTVSPost2010Prop35
280
     0
102
RTVSPost2010PropOp35
 70
     1
102
RTVSPost2010Prop36
280
     0
102
RTVSPost2010PropOp36
 70
     1
102
RTVSPost2010Prop37
 90
       50
102
RTVSPost2010PropOp37
 70
     1
102
RTVSPost2010Prop38
140
0.0
102
RTVSPost2010PropOp38
 70
     1
102
RTVSPost2010Prop39
140
1.0
102
RTVSPost2010PropOp39
 70
     1
102
RTVSPost2010Prop40
 90
        0
102
RTVSPost2010PropOp40
 70
     1
102
RTVSPost2010Prop41ColorIndex
 90
       18
102
RTVSPost2010Prop41ColorRGB
 90
        0
102
RTVSPost2010PropOp41
 70
     1
102
RTVSPost2010Prop42
 90
       50
102
RTVSPost2010PropOp42
 70
     1
102
RTVSPost2010Prop43
 90
        3
102
RTVSPost2010PropOp43
 70
     1
102
RTVSPost2010Prop44ColorIndex
 90
        5
102
RTVSPost2010Prop44ColorRGB
 90
      255
102
RTVSPost2010PropOp44
 70
     1
102
RTVSPost2010Prop45
280
     0
102
RTVSPost2010PropOp45
 70
     1
102
RTVSPost2010Prop46
 90
       50
102
RTVSPost2010PropOp46
 70
     1
102
RTVSPost2010Prop47
 90
       50
102
RTVSPost2010PropOp47
 70
     1
102
RTVSPost2010Prop48
 90
       50
102
RTVSPost2010PropOp48
 70
     1
102
RTVSPost2010Prop49
280
     0
102
RTVSPost2010PropOp49
 70
     1
102
RTVSPost2010Prop50
 90
       50
102
RTVSPost2010PropOp50
 70
     1
102
RTVSPost2010Prop51ColorIndex
 90
      256
102
RTVSPost2010Prop51ColorRGB
 90
-16777216
102
RTVSPost2010PropOp51
 70
     0
102
RTVSPost2010Prop52
140
1.0
102
RTVSPost2010PropOp52
 70
     0
102
RTVSPost2010Prop53
 90
        2
102
RTVSPost2010PropOp53
 70
     1
102
RTVSPost2010Prop54
  1
strokes_ogs.tif
102
RTVSPost2010PropOp54
 70
     1
102
RTVSPost2010Prop55
280
     0
102
RTVSPost2010PropOp55
 70
     1
102
RTVSPost2010Prop56
140
1.0
102
RTVSPost2010PropOp56
 70
     1
102
RTVSPost2010Prop57
140
1.0
102
RTVSPost2010PropOp57
 70
     1
102
RTVSPropertyOp0
 70
     1
102
RTVSPropertyOp1
 70
     1
102
RTVSPropertyOp2
 70
     1
102
RTVSPropertyOp3
 70
     1
102
RTVSPropertyOp4
 70
     1
102
RTVSPropertyOp5
 70
     1
102
RTVSPropertyOp6
 70
     1
102
RTVSPropertyOp7
 70
     1
102
RTVSPropertyOp8
 70
     1
102
RTVSPropertyOp9
 70
     1
102
RTVSPropertyOp10
 70
     1
102
RTVSPropertyOp11
 70
     1
102
RTVSPropertyOp12
 70
     1
102
RTVSPropertyOp13
 70
     1
102
RTVSPropertyOp14
 70
     1
102
RTVSPropertyOp15
 70
     1
102
RTVSPropertyOp16
 70
     1
102
RTVSPropertyOp17
 70
     1
102
RTVSPropertyOp18
 70
     1
102
RTVSPropertyOp19
 70
     1
102
RTVSPropertyOp20
 70
     1
102
RTVSPropertyOp21
 70
     1
102
RTVSPropertyOp22
 70
     1
102
RTVSPropertyOp23
 70
     1
102
RTVSPropertyOp24
 70
     1
102
RTVSPropertyOp25
 70
     1
102
RTVSPropertyOp26
 70
     1
102
RTVSPropertyOp27
 70
     1
102
RTVSPropertyOp28
 70
     1
102
RTVSPropertyOp29
 70
     1
102
RTVSPropertyOp30
 70
     1
102
RTVSPropertyOp31
 70
     1
102
RTVSPropertyOp32
 70
     1
102
RTVSPropertyOp33
 70
     1
102
RTVSPropertyOp34
 70
     1
102
RTVSPropertyOp35
 70
     1
102
RTVSPropertyOp36
 70
     1
102
RTVSPropertyOp37
 70
     1
102
RTVSPropertyOp38
 70
     1
102
RTVSPropertyOp39
 70
     1
102
RTVSPropertyOp40
 70
     1
102
RTVSPropertyOp41
 70
     1
102
RTVSPropertyOp42
 70
     1
102
RTVSPropertyOp43
 70
     1
102
RTVSPropertyOp44
 70
     1
102
RTVSPropertyOp45
 70
     1
102
RTVSPropertyOp46
 70
     1
102
RTVSPropertyOp47
 70
     1
102
RTVSPropertyOp48
 70
     1
102
RTVSPropertyOp49
 70
     1
102
RTVSPropertyOp50
 70
     1
102
RTVSPropertyOp51
 70
     0
102
RTVSPropertyOp52
 70
     0
102
RTVSPropertyOp53
 70
     1
102
RTVSPropertyOp54
 70
     1
102
RTVSPropertyOp55
 70
     1
102
RTVSPropertyOp56
 70
     1
102
RTVSPropertyOp57
 70
     1
102
RTVSPropertyOp58
 70
     1
102
RTVSPropertyOp59
 70
     1
102
RTVSPropertyOp60
 70
     1
102
RTVSPropertyOp61
 70
     1
102
RTVSPropertyOp62
 70
     1
  0
XRECORD
  5
28B
102
{ACAD_REACTORS
330
28A
102
}
330
28A
100
AcDbXrecord
280
     1
102
RTVSPost2010Prop28
280
     0
102
RTVSPost2010PropOp28
 70
     1
102
RTVSPost2010Prop29
280
     1
102
RTVSPost2010PropOp29
 70
     1
102
RTVSPost2010Prop30
280
     1
102
RTVSPost2010PropOp30
 70
     1
102
RTVSPost2010Prop31
280
     0
102
RTVSPost2010PropOp31
 70
     1
102
RTVSPost2010Prop32
280
     0
102
RTVSPost2010PropOp32
 70
     1
102
RTVSPost2010Prop33
280
     0
102
RTVSPost2010PropOp33
 70
     1
102
RTVSPost2010Prop34
280
     0
102
RTVSPost2010PropOp34
 70
     1
102
RTVSPost2010Prop35
280
     0
102
RTVSPost2010PropOp35
 70
     1
102
RTVSPost2010Prop36
280
     0
102
RTVSPost2010PropOp36
 70
     1
102
RTVSPost2010Prop37
 90
       50
102
RTVSPost2010PropOp37
 70
     1
102
RTVSPost2010Prop38
140
0.0
102
RTVSPost2010PropOp38
 70
     1
102
RTVSPost2010Prop39
140
1.0
102
RTVSPost2010PropOp39
 70
     1
102
RTVSPost2010Prop40
 90
        0
102
RTVSPost2010PropOp40
 70
     1
102
RTVSPost2010Prop41ColorIndex
 90
       18
102
RTVSPost2010Prop41ColorRGB
 90
        0
102
RTVSPost2010PropOp41
 70
     1
102
RTVSPost2010Prop42
 90
       50
102
RTVSPost2010PropOp42
 70
     1
102
RTVSPost2010Prop43
 90
        3
102
RTVSPost2010PropOp43
 70
     1
102
RTVSPost2010Prop44ColorIndex
 90
        5
102
RTVSPost2010Prop44ColorRGB
 90
      255
102
RTVSPost2010PropOp44
 70
     1
102
RTVSPost2010Prop45
280
     0
102
RTVSPost2010PropOp45
 70
     1
102
RTVSPost2010Prop46
 90
       50
102
RTVSPost2010PropOp46
 70
     1
102
RTVSPost2010Prop47
 90
       50
102
RTVSPost2010PropOp47
 70
     1
102
RTVSPost2010Prop48
 90
       50
102
RTVSPost2010PropOp48
 70
     1
102
RTVSPost2010Prop49
280
     0
102
RTVSPost2010PropOp49
 70
     1
102
RTVSPost2010Prop50
 90
       50
102
RTVSPost2010PropOp50
 70
     1
102
RTVSPost2010Prop51ColorIndex
 90
      256
102
RTVSPost2010Prop51ColorRGB
 90
-16777216
102
RTVSPost2010PropOp51
 70
     0
102
RTVSPost2010Prop52
140
1.0
102
RTVSPost2010PropOp52
 70
     0
102
RTVSPost2010Prop53
 90
        2
102
RTVSPost2010PropOp53
 70
     1
102
RTVSPost2010Prop54
  1
strokes_ogs.tif
102
RTVSPost2010PropOp54
 70
     1
102
RTVSPost2010Prop55
280
     0
102
RTVSPost2010PropOp55
 70
     1
102
RTVSPost2010Prop56
140
1.0
102
RTVSPost2010PropOp56
 70
     1
102
RTVSPost2010Prop57
140
1.0
102
RTVSPost2010PropOp57
 70
     1
102
RTVSPropertyOp0
 70
     1
102
RTVSPropertyOp1
 70
     1
102
RTVSPropertyOp2
 70
     1
102
RTVSPropertyOp3
 70
     1
102
RTVSPropertyOp4
 70
     1
102
RTVSPropertyOp5
 70
     1
102
RTVSPropertyOp6
 70
     1
102
RTVSPropertyOp7
 70
     1
102
RTVSPropertyOp8
 70
     1
102
RTVSPropertyOp9
 70
     1
102
RTVSPropertyOp10
 70
     1
102
RTVSPropertyOp11
 70
     1
102
RTVSPropertyOp12
 70
     1
102
RTVSPropertyOp13
 70
     1
102
RTVSPropertyOp14
 70
     1
102
RTVSPropertyOp15
 70
     1
102
RTVSPropertyOp16
 70
     1
102
RTVSPropertyOp17
 70
     1
102
RTVSPropertyOp18
 70
     1
102
RTVSPropertyOp19
 70
     1
102
RTVSPropertyOp20
 70
     1
102
RTVSPropertyOp21
 70
     1
102
RTVSPropertyOp22
 70
     1
102
RTVSPropertyOp23
 70
     1
102
RTVSPropertyOp24
 70
     1
102
RTVSPropertyOp25
 70
     1
102
RTVSPropertyOp26
 70
     1
102
RTVSPropertyOp27
 70
     1
102
RTVSPropertyOp28
 70
     1
102
RTVSPropertyOp29
 70
     1
102
RTVSPropertyOp30
 70
     1
102
RTVSPropertyOp31
 70
     1
102
RTVSPropertyOp32
 70
     1
102
RTVSPropertyOp33
 70
     1
102
RTVSPropertyOp34
 70
     1
102
RTVSPropertyOp35
 70
     1
102
RTVSPropertyOp36
 70
     1
102
RTVSPropertyOp37
 70
     1
102
RTVSPropertyOp38
 70
     1
102
RTVSPropertyOp39
 70
     1
102
RTVSPropertyOp40
 70
     1
102
RTVSPropertyOp41
 70
     1
102
RTVSPropertyOp42
 70
     1
102
RTVSPropertyOp43
 70
     1
102
RTVSPropertyOp44
 70
     1
102
RTVSPropertyOp45
 70
     1
102
RTVSPropertyOp46
 70
     1
102
RTVSPropertyOp47
 70
     1
102
RTVSPropertyOp48
 70
     1
102
RTVSPropertyOp49
 70
     1
102
RTVSPropertyOp50
 70
     1
102
RTVSPropertyOp51
 70
     0
102
RTVSPropertyOp52
 70
     0
102
RTVSPropertyOp53
 70
     1
102
RTVSPropertyOp54
 70
     1
102
RTVSPropertyOp55
 70
     1
102
RTVSPropertyOp56
 70
     1
102
RTVSPropertyOp57
 70
     1
102
RTVSPropertyOp58
 70
     1
102
RTVSPropertyOp59
 70
     1
102
RTVSPropertyOp60
 70
     1
102
RTVSPropertyOp61
 70
     1
102
RTVSPropertyOp62
 70
     1
  0
XRECORD
  5
28D
102
{ACAD_REACTORS
330
28C
102
}
330
28C
100
AcDbXrecord
280
     1
102
RTVSPost2010Prop28
280
     0
102
RTVSPost2010PropOp28
 70
     1
102
RTVSPost2010Prop29
280
     1
102
RTVSPost2010PropOp29
 70
     1
102
RTVSPost2010Prop30
280
     1
102
RTVSPost2010PropOp30
 70
     1
102
RTVSPost2010Prop31
280
     0
102
RTVSPost2010PropOp31
 70
     1
102
RTVSPost2010Prop32
280
     0
102
RTVSPost2010PropOp32
 70
     1
102
RTVSPost2010Prop33
280
     0
102
RTVSPost2010PropOp33
 70
     1
102
RTVSPost2010Prop34
280
     0
102
RTVSPost2010PropOp34
 70
     1
102
RTVSPost2010Prop35
280
     0
102
RTVSPost2010PropOp35
 70
     1
102
RTVSPost2010Prop36
280
     0
102
RTVSPost2010PropOp36
 70
     1
102
RTVSPost2010Prop37
 90
       50
102
RTVSPost2010PropOp37
 70
     1
102
RTVSPost2010Prop38
140
0.0
102
RTVSPost2010PropOp38
 70
     1
102
RTVSPost2010Prop39
140
1.0
102
RTVSPost2010PropOp39
 70
     1
102
RTVSPost2010Prop40
 90
        0
102
RTVSPost2010PropOp40
 70
     1
102
RTVSPost2010Prop41ColorIndex
 90
       18
102
RTVSPost2010Prop41ColorRGB
 90
        0
102
RTVSPost2010PropOp41
 70
     1
102
RTVSPost2010Prop42
 90
       50
102
RTVSPost2010PropOp42
 70
     1
102
RTVSPost2010Prop43
 90
        3
102
RTVSPost2010PropOp43
 70
     1
102
RTVSPost2010Prop44ColorIndex
 90
        5
102
RTVSPost2010Prop44ColorRGB
 90
      255
102
RTVSPost2010PropOp44
 70
     1
102
RTVSPost2010Prop45
280
     0
102
RTVSPost2010PropOp45
 70
     1
102
RTVSPost2010Prop46
 90
       50
102
RTVSPost2010PropOp46
 70
     1
102
RTVSPost2010Prop47
 90
       50
102
RTVSPost2010PropOp47
 70
     1
102
RTVSPost2010Prop48
 90
       50
102
RTVSPost2010PropOp48
 70
     1
102
RTVSPost2010Prop49
280
     0
102
RTVSPost2010PropOp49
 70
     1
102
RTVSPost2010Prop50
 90
       50
102
RTVSPost2010PropOp50
 70
     1
102
RTVSPost2010Prop51ColorIndex
 90
      256
102
RTVSPost2010Prop51ColorRGB
 90
-16777216
102
RTVSPost2010PropOp51
 70
     0
102
RTVSPost2010Prop52
140
1.0
102
RTVSPost2010PropOp52
 70
     0
102
RTVSPost2010Prop53
 90
        2
102
RTVSPost2010PropOp53
 70
     1
102
RTVSPost2010Prop54
  1
strokes_ogs.tif
102
RTVSPost2010PropOp54
 70
     1
102
RTVSPost2010Prop55
280
     0
102
RTVSPost2010PropOp55
 70
     1
102
RTVSPost2010Prop56
140
1.0
102
RTVSPost2010PropOp56
 70
     1
102
RTVSPost2010Prop57
140
1.0
102
RTVSPost2010PropOp57
 70
     1
102
RTVSPropertyOp0
 70
     1
102
RTVSPropertyOp1
 70
     1
102
RTVSPropertyOp2
 70
     1
102
RTVSPropertyOp3
 70
     1
102
RTVSPropertyOp4
 70
     1
102
RTVSPropertyOp5
 70
     1
102
RTVSPropertyOp6
 70
     1
102
RTVSPropertyOp7
 70
     1
102
RTVSPropertyOp8
 70
     1
102
RTVSPropertyOp9
 70
     1
102
RTVSPropertyOp10
 70
     1
102
RTVSPropertyOp11
 70
     1
102
RTVSPropertyOp12
 70
     1
102
RTVSPropertyOp13
 70
     1
102
RTVSPropertyOp14
 70
     1
102
RTVSPropertyOp15
 70
     1
102
RTVSPropertyOp16
 70
     1
102
RTVSPropertyOp17
 70
     1
102
RTVSPropertyOp18
 70
     1
102
RTVSPropertyOp19
 70
     1
102
RTVSPropertyOp20
 70
     1
102
RTVSPropertyOp21
 70
     1
102
RTVSPropertyOp22
 70
     1
102
RTVSPropertyOp23
 70
     1
102
RTVSPropertyOp24
 70
     1
102
RTVSPropertyOp25
 70
     1
102
RTVSPropertyOp26
 70
     1
102
RTVSPropertyOp27
 70
     1
102
RTVSPropertyOp28
 70
     1
102
RTVSPropertyOp29
 70
     1
102
RTVSPropertyOp30
 70
     1
102
RTVSPropertyOp31
 70
     1
102
RTVSPropertyOp32
 70
     1
102
RTVSPropertyOp33
 70
     1
102
RTVSPropertyOp34
 70
     1
102
RTVSPropertyOp35
 70
     1
102
RTVSPropertyOp36
 70
     1
102
RTVSPropertyOp37
 70
     1
102
RTVSPropertyOp38
 70
     1
102
RTVSPropertyOp39
 70
     1
102
RTVSPropertyOp40
 70
     1
102
RTVSPropertyOp41
 70
     1
102
RTVSPropertyOp42
 70
     1
102
RTVSPropertyOp43
 70
     1
102
RTVSPropertyOp44
 70
     1
102
RTVSPropertyOp45
 70
     1
102
RTVSPropertyOp46
 70
     1
102
RTVSPropertyOp47
 70
     1
102
RTVSPropertyOp48
 70
     1
102
RTVSPropertyOp49
 70
     1
102
RTVSPropertyOp50
 70
     1
102
RTVSPropertyOp51
 70
     0
102
RTVSPropertyOp52
 70
     0
102
RTVSPropertyOp53
 70
     1
102
RTVSPropertyOp54
 70
     1
102
RTVSPropertyOp55
 70
     1
102
RTVSPropertyOp56
 70
     1
102
RTVSPropertyOp57
 70
     1
102
RTVSPropertyOp58
 70
     1
102
RTVSPropertyOp59
 70
     1
102
RTVSPropertyOp60
 70
     1
102
RTVSPropertyOp61
 70
     1
102
RTVSPropertyOp62
 70
     1
  0
XRECORD
  5
295
102
{ACAD_REACTORS
330
294
102
}
330
294
100
AcDbXrecord
280
     1
102
RTVSPost2010Prop28
280
     0
102
RTVSPost2010PropOp28
 70
     1
102
RTVSPost2010Prop29
280
     1
102
RTVSPost2010PropOp29
 70
     1
102
RTVSPost2010Prop30
280
     1
102
RTVSPost2010PropOp30
 70
     1
102
RTVSPost2010Prop31
280
     0
102
RTVSPost2010PropOp31
 70
     1
102
RTVSPost2010Prop32
280
     0
102
RTVSPost2010PropOp32
 70
     1
102
RTVSPost2010Prop33
280
     0
102
RTVSPost2010PropOp33
 70
     1
102
RTVSPost2010Prop34
280
     0
102
RTVSPost2010PropOp34
 70
     1
102
RTVSPost2010Prop35
280
     0
102
RTVSPost2010PropOp35
 70
     1
102
RTVSPost2010Prop36
280
     0
102
RTVSPost2010PropOp36
 70
     1
102
RTVSPost2010Prop37
 90
       50
102
RTVSPost2010PropOp37
 70
     1
102
RTVSPost2010Prop38
140
0.0
102
RTVSPost2010PropOp38
 70
     1
102
RTVSPost2010Prop39
140
1.0
102
RTVSPost2010PropOp39
 70
     1
102
RTVSPost2010Prop40
 90
        0
102
RTVSPost2010PropOp40
 70
     1
102
RTVSPost2010Prop41ColorIndex
 90
       18
102
RTVSPost2010Prop41ColorRGB
 90
        0
102
RTVSPost2010PropOp41
 70
     1
102
RTVSPost2010Prop42
 90
       50
102
RTVSPost2010PropOp42
 70
     1
102
RTVSPost2010Prop43
 90
        3
102
RTVSPost2010PropOp43
 70
     1
102
RTVSPost2010Prop44ColorIndex
 90
        5
102
RTVSPost2010Prop44ColorRGB
 90
      255
102
RTVSPost2010PropOp44
 70
     1
102
RTVSPost2010Prop45
280
     0
102
RTVSPost2010PropOp45
 70
     1
102
RTVSPost2010Prop46
 90
       50
102
RTVSPost2010PropOp46
 70
     1
102
RTVSPost2010Prop47
 90
       50
102
RTVSPost2010PropOp47
 70
     1
102
RTVSPost2010Prop48
 90
       50
102
RTVSPost2010PropOp48
 70
     1
102
RTVSPost2010Prop49
280
     0
102
RTVSPost2010PropOp49
 70
     1
102
RTVSPost2010Prop50
 90
       50
102
RTVSPost2010PropOp50
 70
     1
102
RTVSPost2010Prop51ColorIndex
 90
      256
102
RTVSPost2010Prop51ColorRGB
 90
-16777216
102
RTVSPost2010PropOp51
 70
     0
102
RTVSPost2010Prop52
140
1.0
102
RTVSPost2010PropOp52
 70
     0
102
RTVSPost2010Prop53
 90
        2
102
RTVSPost2010PropOp53
 70
     1
102
RTVSPost2010Prop54
  1
strokes_ogs.tif
102
RTVSPost2010PropOp54
 70
     1
102
RTVSPost2010Prop55
280
     0
102
RTVSPost2010PropOp55
 70
     1
102
RTVSPost2010Prop56
140
1.0
102
RTVSPost2010PropOp56
 70
     1
102
RTVSPost2010Prop57
140
1.0
102
RTVSPost2010PropOp57
 70
     1
102
RTVSPropertyOp0
 70
     1
102
RTVSPropertyOp1
 70
     1
102
RTVSPropertyOp2
 70
     1
102
RTVSPropertyOp3
 70
     1
102
RTVSPropertyOp4
 70
     1
102
RTVSPropertyOp5
 70
     1
102
RTVSPropertyOp6
 70
     1
102
RTVSPropertyOp7
 70
     1
102
RTVSPropertyOp8
 70
     1
102
RTVSPropertyOp9
 70
     1
102
RTVSPropertyOp10
 70
     1
102
RTVSPropertyOp11
 70
     1
102
RTVSPropertyOp12
 70
     1
102
RTVSPropertyOp13
 70
     1
102
RTVSPropertyOp14
 70
     1
102
RTVSPropertyOp15
 70
     1
102
RTVSPropertyOp16
 70
     1
102
RTVSPropertyOp17
 70
     1
102
RTVSPropertyOp18
 70
     1
102
RTVSPropertyOp19
 70
     1
102
RTVSPropertyOp20
 70
     1
102
RTVSPropertyOp21
 70
     1
102
RTVSPropertyOp22
 70
     1
102
RTVSPropertyOp23
 70
     1
102
RTVSPropertyOp24
 70
     1
102
RTVSPropertyOp25
 70
     1
102
RTVSPropertyOp26
 70
     1
102
RTVSPropertyOp27
 70
     1
102
RTVSPropertyOp28
 70
     1
102
RTVSPropertyOp29
 70
     1
102
RTVSPropertyOp30
 70
     1
102
RTVSPropertyOp31
 70
     1
102
RTVSPropertyOp32
 70
     1
102
RTVSPropertyOp33
 70
     1
102
RTVSPropertyOp34
 70
     1
102
RTVSPropertyOp35
 70
     1
102
RTVSPropertyOp36
 70
     1
102
RTVSPropertyOp37
 70
     1
102
RTVSPropertyOp38
 70
     1
102
RTVSPropertyOp39
 70
     1
102
RTVSPropertyOp40
 70
     1
102
RTVSPropertyOp41
 70
     1
102
RTVSPropertyOp42
 70
     1
102
RTVSPropertyOp43
 70
     1
102
RTVSPropertyOp44
 70
     1
102
RTVSPropertyOp45
 70
     1
102
RTVSPropertyOp46
 70
     1
102
RTVSPropertyOp47
 70
     1
102
RTVSPropertyOp48
 70
     1
102
RTVSPropertyOp49
 70
     1
102
RTVSPropertyOp50
 70
     1
102
RTVSPropertyOp51
 70
     0
102
RTVSPropertyOp52
 70
     0
102
RTVSPropertyOp53
 70
     1
102
RTVSPropertyOp54
 70
     1
102
RTVSPropertyOp55
 70
     1
102
RTVSPropertyOp56
 70
     1
102
RTVSPropertyOp57
 70
     1
102
RTVSPropertyOp58
 70
     1
102
RTVSPropertyOp59
 70
     1
102
RTVSPropertyOp60
 70
     1
102
RTVSPropertyOp61
 70
     1
102
RTVSPropertyOp62
 70
     1
  0
XRECORD
  5
2A7
102
{ACAD_REACTORS
330
2A6
102
}
330
2A6
100
AcDbXrecord
280
     1
102
RTVSPost2010Prop28
280
     0
102
RTVSPost2010PropOp28
 70
     1
102
RTVSPost2010Prop29
280
     1
102
RTVSPost2010PropOp29
 70
     1
102
RTVSPost2010Prop30
280
     1
102
RTVSPost2010PropOp30
 70
     1
102
RTVSPost2010Prop31
280
     0
102
RTVSPost2010PropOp31
 70
     1
102
RTVSPost2010Prop32
280
     0
102
RTVSPost2010PropOp32
 70
     1
102
RTVSPost2010Prop33
280
     0
102
RTVSPost2010PropOp33
 70
     1
102
RTVSPost2010Prop34
280
     0
102
RTVSPost2010PropOp34
 70
     1
102
RTVSPost2010Prop35
280
     0
102
RTVSPost2010PropOp35
 70
     1
102
RTVSPost2010Prop36
280
     0
102
RTVSPost2010PropOp36
 70
     1
102
RTVSPost2010Prop37
 90
       50
102
RTVSPost2010PropOp37
 70
     1
102
RTVSPost2010Prop38
140
0.0
102
RTVSPost2010PropOp38
 70
     1
102
RTVSPost2010Prop39
140
1.0
102
RTVSPost2010PropOp39
 70
     1
102
RTVSPost2010Prop40
 90
        0
102
RTVSPost2010PropOp40
 70
     1
102
RTVSPost2010Prop41ColorIndex
 90
       18
102
RTVSPost2010Prop41ColorRGB
 90
        0
102
RTVSPost2010PropOp41
 70
     1
102
RTVSPost2010Prop42
 90
       50
102
RTVSPost2010PropOp42
 70
     1
102
RTVSPost2010Prop43
 90
        3
102
RTVSPost2010PropOp43
 70
     1
102
RTVSPost2010Prop44ColorIndex
 90
        5
102
RTVSPost2010Prop44ColorRGB
 90
      255
102
RTVSPost2010PropOp44
 70
     1
102
RTVSPost2010Prop45
280
     0
102
RTVSPost2010PropOp45
 70
     1
102
RTVSPost2010Prop46
 90
       50
102
RTVSPost2010PropOp46
 70
     1
102
RTVSPost2010Prop47
 90
       50
102
RTVSPost2010PropOp47
 70
     1
102
RTVSPost2010Prop48
 90
       50
102
RTVSPost2010PropOp48
 70
     1
102
RTVSPost2010Prop49
280
     0
102
RTVSPost2010PropOp49
 70
     1
102
RTVSPost2010Prop50
 90
       50
102
RTVSPost2010PropOp50
 70
     1
102
RTVSPost2010Prop51ColorIndex
 90
      256
102
RTVSPost2010Prop51ColorRGB
 90
-16777216
102
RTVSPost2010PropOp51
 70
     0
102
RTVSPost2010Prop52
140
1.0
102
RTVSPost2010PropOp52
 70
     0
102
RTVSPost2010Prop53
 90
        2
102
RTVSPost2010PropOp53
 70
     1
102
RTVSPost2010Prop54
  1
strokes_ogs.tif
102
RTVSPost2010PropOp54
 70
     1
102
RTVSPost2010Prop55
280
     0
102
RTVSPost2010PropOp55
 70
     1
102
RTVSPost2010Prop56
140
1.0
102
RTVSPost2010PropOp56
 70
     1
102
RTVSPost2010Prop57
140
1.0
102
RTVSPost2010PropOp57
 70
     1
102
RTVSPropertyOp0
 70
     0
102
RTVSPropertyOp1
 70
     0
102
RTVSPropertyOp2
 70
     0
102
RTVSPropertyOp3
 70
     0
102
RTVSPropertyOp4
 70
     0
102
RTVSPropertyOp5
 70
     0
102
RTVSPropertyOp6
 70
     0
102
RTVSPropertyOp7
 70
     0
102
RTVSPropertyOp8
 70
     0
102
RTVSPropertyOp9
 70
     0
102
RTVSPropertyOp10
 70
     0
102
RTVSPropertyOp11
 70
     0
102
RTVSPropertyOp12
 70
     0
102
RTVSPropertyOp13
 70
     0
102
RTVSPropertyOp14
 70
     2
102
RTVSPropertyOp15
 70
     0
102
RTVSPropertyOp16
 70
     0
102
RTVSPropertyOp17
 70
     0
102
RTVSPropertyOp18
 70
     0
102
RTVSPropertyOp19
 70
     0
102
RTVSPropertyOp20
 70
     0
102
RTVSPropertyOp21
 70
     0
102
RTVSPropertyOp22
 70
     0
102
RTVSPropertyOp23
 70
     0
102
RTVSPropertyOp24
 70
     0
102
RTVSPropertyOp25
 70
     0
102
RTVSPropertyOp26
 70
     0
102
RTVSPropertyOp27
 70
     0
102
RTVSPropertyOp28
 70
     1
102
RTVSPropertyOp29
 70
     1
102
RTVSPropertyOp30
 70
     1
102
RTVSPropertyOp31
 70
     1
102
RTVSPropertyOp32
 70
     1
102
RTVSPropertyOp33
 70
     1
102
RTVSPropertyOp34
 70
     1
102
RTVSPropertyOp35
 70
     1
102
RTVSPropertyOp36
 70
     1
102
RTVSPropertyOp37
 70
     1
102
RTVSPropertyOp38
 70
     1
102
RTVSPropertyOp39
 70
     1
102
RTVSPropertyOp40
 70
     1
102
RTVSPropertyOp41
 70
     1
102
RTVSPropertyOp42
 70
     1
102
RTVSPropertyOp43
 70
     1
102
RTVSPropertyOp44
 70
     1
102
RTVSPropertyOp45
 70
     1
102
RTVSPropertyOp46
 70
     1
102
RTVSPropertyOp47
 70
     1
102
RTVSPropertyOp48
 70
     1
102
RTVSPropertyOp49
 70
     1
102
RTVSPropertyOp50
 70
     1
102
RTVSPropertyOp51
 70
     0
102
RTVSPropertyOp52
 70
     0
102
RTVSPropertyOp53
 70
     1
102
RTVSPropertyOp54
 70
     1
102
RTVSPropertyOp55
 70
     1
102
RTVSPropertyOp56
 70
     1
102
RTVSPropertyOp57
 70
     1
102
RTVSPropertyOp58
 70
     1
102
RTVSPropertyOp59
 70
     1
102
RTVSPropertyOp60
 70
     1
102
RTVSPropertyOp61
 70
     1
102
RTVSPropertyOp62
 70
     1
  0
XRECORD
  5
2A1
102
{ACAD_REACTORS
330
2A0
102
}
330
2A0
100
AcDbXrecord
280
     1
102
RTVSPost2010Prop28
280
     0
102
RTVSPost2010PropOp28
 70
     1
102
RTVSPost2010Prop29
280
     1
102
RTVSPost2010PropOp29
 70
     1
102
RTVSPost2010Prop30
280
     1
102
RTVSPost2010PropOp30
 70
     1
102
RTVSPost2010Prop31
280
     0
102
RTVSPost2010PropOp31
 70
     1
102
RTVSPost2010Prop32
280
     0
102
RTVSPost2010PropOp32
 70
     1
102
RTVSPost2010Prop33
280
     0
102
RTVSPost2010PropOp33
 70
     1
102
RTVSPost2010Prop34
280
     0
102
RTVSPost2010PropOp34
 70
     1
102
RTVSPost2010Prop35
280
     0
102
RTVSPost2010PropOp35
 70
     1
102
RTVSPost2010Prop36
280
     0
102
RTVSPost2010PropOp36
 70
     1
102
RTVSPost2010Prop37
 90
       50
102
RTVSPost2010PropOp37
 70
     1
102
RTVSPost2010Prop38
140
0.0
102
RTVSPost2010PropOp38
 70
     1
102
RTVSPost2010Prop39
140
1.0
102
RTVSPost2010PropOp39
 70
     1
102
RTVSPost2010Prop40
 90
        0
102
RTVSPost2010PropOp40
 70
     1
102
RTVSPost2010Prop41ColorIndex
 90
       18
102
RTVSPost2010Prop41ColorRGB
 90
        0
102
RTVSPost2010PropOp41
 70
     1
102
RTVSPost2010Prop42
 90
       50
102
RTVSPost2010PropOp42
 70
     1
102
RTVSPost2010Prop43
 90
        3
102
RTVSPost2010PropOp43
 70
     1
102
RTVSPost2010Prop44ColorIndex
 90
        5
102
RTVSPost2010Prop44ColorRGB
 90
      255
102
RTVSPost2010PropOp44
 70
     1
102
RTVSPost2010Prop45
280
     0
102
RTVSPost2010PropOp45
 70
     1
102
RTVSPost2010Prop46
 90
       50
102
RTVSPost2010PropOp46
 70
     1
102
RTVSPost2010Prop47
 90
       50
102
RTVSPost2010PropOp47
 70
     1
102
RTVSPost2010Prop48
 90
       50
102
RTVSPost2010PropOp48
 70
     1
102
RTVSPost2010Prop49
280
     0
102
RTVSPost2010PropOp49
 70
     1
102
RTVSPost2010Prop50
 90
       50
102
RTVSPost2010PropOp50
 70
     1
102
RTVSPost2010Prop51ColorIndex
 90
      256
102
RTVSPost2010Prop51ColorRGB
 90
-16777216
102
RTVSPost2010PropOp51
 70
     0
102
RTVSPost2010Prop52
140
1.0
102
RTVSPost2010PropOp52
 70
     0
102
RTVSPost2010Prop53
 90
        2
102
RTVSPost2010PropOp53
 70
     1
102
RTVSPost2010Prop54
  1
strokes_ogs.tif
102
RTVSPost2010PropOp54
 70
     1
102
RTVSPost2010Prop55
280
     0
102
RTVSPost2010PropOp55
 70
     1
102
RTVSPost2010Prop56
140
1.0
102
RTVSPost2010PropOp56
 70
     1
102
RTVSPost2010Prop57
140
1.0
102
RTVSPost2010PropOp57
 70
     1
102
RTVSPropertyOp0
 70
     1
102
RTVSPropertyOp1
 70
     1
102
RTVSPropertyOp2
 70
     1
102
RTVSPropertyOp3
 70
     1
102
RTVSPropertyOp4
 70
     1
102
RTVSPropertyOp5
 70
     1
102
RTVSPropertyOp6
 70
     1
102
RTVSPropertyOp7
 70
     1
102
RTVSPropertyOp8
 70
     1
102
RTVSPropertyOp9
 70
     1
102
RTVSPropertyOp10
 70
     1
102
RTVSPropertyOp11
 70
     1
102
RTVSPropertyOp12
 70
     1
102
RTVSPropertyOp13
 70
     1
102
RTVSPropertyOp14
 70
     1
102
RTVSPropertyOp15
 70
     1
102
RTVSPropertyOp16
 70
     1
102
RTVSPropertyOp17
 70
     1
102
RTVSPropertyOp18
 70
     1
102
RTVSPropertyOp19
 70
     1
102
RTVSPropertyOp20
 70
     1
102
RTVSPropertyOp21
 70
     1
102
RTVSPropertyOp22
 70
     1
102
RTVSPropertyOp23
 70
     1
102
RTVSPropertyOp24
 70
     1
102
RTVSPropertyOp25
 70
     1
102
RTVSPropertyOp26
 70
     1
102
RTVSPropertyOp27
 70
     1
102
RTVSPropertyOp28
 70
     1
102
RTVSPropertyOp29
 70
     1
102
RTVSPropertyOp30
 70
     1
102
RTVSPropertyOp31
 70
     1
102
RTVSPropertyOp32
 70
     1
102
RTVSPropertyOp33
 70
     1
102
RTVSPropertyOp34
 70
     1
102
RTVSPropertyOp35
 70
     1
102
RTVSPropertyOp36
 70
     1
102
RTVSPropertyOp37
 70
     1
102
RTVSPropertyOp38
 70
     1
102
RTVSPropertyOp39
 70
     1
102
RTVSPropertyOp40
 70
     1
102
RTVSPropertyOp41
 70
     1
102
RTVSPropertyOp42
 70
     1
102
RTVSPropertyOp43
 70
     1
102
RTVSPropertyOp44
 70
     1
102
RTVSPropertyOp45
 70
     1
102
RTVSPropertyOp46
 70
     1
102
RTVSPropertyOp47
 70
     1
102
RTVSPropertyOp48
 70
     1
102
RTVSPropertyOp49
 70
     1
102
RTVSPropertyOp50
 70
     1
102
RTVSPropertyOp51
 70
     0
102
RTVSPropertyOp52
 70
     0
102
RTVSPropertyOp53
 70
     1
102
RTVSPropertyOp54
 70
     1
102
RTVSPropertyOp55
 70
     1
102
RTVSPropertyOp56
 70
     1
102
RTVSPropertyOp57
 70
     1
102
RTVSPropertyOp58
 70
     1
102
RTVSPropertyOp59
 70
     1
102
RTVSPropertyOp60
 70
     1
102
RTVSPropertyOp61
 70
     1
102
RTVSPropertyOp62
 70
     1
  0
XRECORD
  5
2A9
102
{ACAD_REACTORS
330
2A8
102
}
330
2A8
100
AcDbXrecord
280
     1
102
RTVSPost2010Prop28
280
     0
102
RTVSPost2010PropOp28
 70
     1
102
RTVSPost2010Prop29
280
     1
102
RTVSPost2010PropOp29
 70
     1
102
RTVSPost2010Prop30
280
     1
102
RTVSPost2010PropOp30
 70
     1
102
RTVSPost2010Prop31
280
     0
102
RTVSPost2010PropOp31
 70
     1
102
RTVSPost2010Prop32
280
     0
102
RTVSPost2010PropOp32
 70
     1
102
RTVSPost2010Prop33
280
     0
102
RTVSPost2010PropOp33
 70
     1
102
RTVSPost2010Prop34
280
     0
102
RTVSPost2010PropOp34
 70
     1
102
RTVSPost2010Prop35
280
     0
102
RTVSPost2010PropOp35
 70
     1
102
RTVSPost2010Prop36
280
     0
102
RTVSPost2010PropOp36
 70
     1
102
RTVSPost2010Prop37
 90
       50
102
RTVSPost2010PropOp37
 70
     1
102
RTVSPost2010Prop38
140
0.0
102
RTVSPost2010PropOp38
 70
     1
102
RTVSPost2010Prop39
140
1.0
102
RTVSPost2010PropOp39
 70
     1
102
RTVSPost2010Prop40
 90
        0
102
RTVSPost2010PropOp40
 70
     1
102
RTVSPost2010Prop41ColorIndex
 90
       18
102
RTVSPost2010Prop41ColorRGB
 90
        0
102
RTVSPost2010PropOp41
 70
     1
102
RTVSPost2010Prop42
 90
       50
102
RTVSPost2010PropOp42
 70
     1
102
RTVSPost2010Prop43
 90
        3
102
RTVSPost2010PropOp43
 70
     1
102
RTVSPost2010Prop44ColorIndex
 90
        5
102
RTVSPost2010Prop44ColorRGB
 90
      255
102
RTVSPost2010PropOp44
 70
     1
102
RTVSPost2010Prop45
280
     0
102
RTVSPost2010PropOp45
 70
     1
102
RTVSPost2010Prop46
 90
       50
102
RTVSPost2010PropOp46
 70
     1
102
RTVSPost2010Prop47
 90
       50
102
RTVSPost2010PropOp47
 70
     1
102
RTVSPost2010Prop48
 90
       50
102
RTVSPost2010PropOp48
 70
     1
102
RTVSPost2010Prop49
280
     0
102
RTVSPost2010PropOp49
 70
     1
102
RTVSPost2010Prop50
 90
       50
102
RTVSPost2010PropOp50
 70
     1
102
RTVSPost2010Prop51ColorIndex
 90
      256
102
RTVSPost2010Prop51ColorRGB
 90
-16777216
102
RTVSPost2010PropOp51
 70
     0
102
RTVSPost2010Prop52
140
1.0
102
RTVSPost2010PropOp52
 70
     0
102
RTVSPost2010Prop53
 90
        2
102
RTVSPost2010PropOp53
 70
     1
102
RTVSPost2010Prop54
  1
strokes_ogs.tif
102
RTVSPost2010PropOp54
 70
     1
102
RTVSPost2010Prop55
280
     0
102
RTVSPost2010PropOp55
 70
     1
102
RTVSPost2010Prop56
140
1.0
102
RTVSPost2010PropOp56
 70
     1
102
RTVSPost2010Prop57
140
1.0
102
RTVSPost2010PropOp57
 70
     1
102
RTVSPropertyOp0
 70
     0
102
RTVSPropertyOp1
 70
     0
102
RTVSPropertyOp2
 70
     0
102
RTVSPropertyOp3
 70
     0
102
RTVSPropertyOp4
 70
     0
102
RTVSPropertyOp5
 70
     0
102
RTVSPropertyOp6
 70
     0
102
RTVSPropertyOp7
 70
     0
102
RTVSPropertyOp8
 70
     0
102
RTVSPropertyOp9
 70
     0
102
RTVSPropertyOp10
 70
     0
102
RTVSPropertyOp11
 70
     0
102
RTVSPropertyOp12
 70
     0
102
RTVSPropertyOp13
 70
     0
102
RTVSPropertyOp14
 70
     2
102
RTVSPropertyOp15
 70
     0
102
RTVSPropertyOp16
 70
     0
102
RTVSPropertyOp17
 70
     0
102
RTVSPropertyOp18
 70
     0
102
RTVSPropertyOp19
 70
     0
102
RTVSPropertyOp20
 70
     0
102
RTVSPropertyOp21
 70
     0
102
RTVSPropertyOp22
 70
     0
102
RTVSPropertyOp23
 70
     0
102
RTVSPropertyOp24
 70
     0
102
RTVSPropertyOp25
 70
     0
102
RTVSPropertyOp26
 70
     0
102
RTVSPropertyOp27
 70
     0
102
RTVSPropertyOp28
 70
     1
102
RTVSPropertyOp29
 70
     1
102
RTVSPropertyOp30
 70
     1
102
RTVSPropertyOp31
 70
     1
102
RTVSPropertyOp32
 70
     1
102
RTVSPropertyOp33
 70
     1
102
RTVSPropertyOp34
 70
     1
102
RTVSPropertyOp35
 70
     1
102
RTVSPropertyOp36
 70
     1
102
RTVSPropertyOp37
 70
     1
102
RTVSPropertyOp38
 70
     1
102
RTVSPropertyOp39
 70
     1
102
RTVSPropertyOp40
 70
     1
102
RTVSPropertyOp41
 70
     1
102
RTVSPropertyOp42
 70
     1
102
RTVSPropertyOp43
 70
     1
102
RTVSPropertyOp44
 70
     1
102
RTVSPropertyOp45
 70
     1
102
RTVSPropertyOp46
 70
     1
102
RTVSPropertyOp47
 70
     1
102
RTVSPropertyOp48
 70
     1
102
RTVSPropertyOp49
 70
     1
102
RTVSPropertyOp50
 70
     1
102
RTVSPropertyOp51
 70
     0
102
RTVSPropertyOp52
 70
     0
102
RTVSPropertyOp53
 70
     1
102
RTVSPropertyOp54
 70
     1
102
RTVSPropertyOp55
 70
     1
102
RTVSPropertyOp56
 70
     1
102
RTVSPropertyOp57
 70
     1
102
RTVSPropertyOp58
 70
     1
102
RTVSPropertyOp59
 70
     1
102
RTVSPropertyOp60
 70
     1
102
RTVSPropertyOp61
 70
     1
102
RTVSPropertyOp62
 70
     1
  0
XRECORD
  5
299
102
{ACAD_REACTORS
330
298
102
}
330
298
100
AcDbXrecord
280
     1
102
RTVSPost2010Prop28
280
     0
102
RTVSPost2010PropOp28
 70
     1
102
RTVSPost2010Prop29
280
     1
102
RTVSPost2010PropOp29
 70
     1
102
RTVSPost2010Prop30
280
     1
102
RTVSPost2010PropOp30
 70
     1
102
RTVSPost2010Prop31
280
     0
102
RTVSPost2010PropOp31
 70
     1
102
RTVSPost2010Prop32
280
     0
102
RTVSPost2010PropOp32
 70
     1
102
RTVSPost2010Prop33
280
     0
102
RTVSPost2010PropOp33
 70
     1
102
RTVSPost2010Prop34
280
     0
102
RTVSPost2010PropOp34
 70
     1
102
RTVSPost2010Prop35
280
     0
102
RTVSPost2010PropOp35
 70
     1
102
RTVSPost2010Prop36
280
     0
102
RTVSPost2010PropOp36
 70
     1
102
RTVSPost2010Prop37
 90
       50
102
RTVSPost2010PropOp37
 70
     1
102
RTVSPost2010Prop38
140
0.0
102
RTVSPost2010PropOp38
 70
     1
102
RTVSPost2010Prop39
140
1.0
102
RTVSPost2010PropOp39
 70
     1
102
RTVSPost2010Prop40
 90
        0
102
RTVSPost2010PropOp40
 70
     1
102
RTVSPost2010Prop41ColorIndex
 90
       18
102
RTVSPost2010Prop41ColorRGB
 90
        0
102
RTVSPost2010PropOp41
 70
     1
102
RTVSPost2010Prop42
 90
       50
102
RTVSPost2010PropOp42
 70
     1
102
RTVSPost2010Prop43
 90
        3
102
RTVSPost2010PropOp43
 70
     1
102
RTVSPost2010Prop44ColorIndex
 90
        5
102
RTVSPost2010Prop44ColorRGB
 90
      255
102
RTVSPost2010PropOp44
 70
     1
102
RTVSPost2010Prop45
280
     0
102
RTVSPost2010PropOp45
 70
     1
102
RTVSPost2010Prop46
 90
       50
102
RTVSPost2010PropOp46
 70
     1
102
RTVSPost2010Prop47
 90
       50
102
RTVSPost2010PropOp47
 70
     1
102
RTVSPost2010Prop48
 90
       50
102
RTVSPost2010PropOp48
 70
     1
102
RTVSPost2010Prop49
280
     0
102
RTVSPost2010PropOp49
 70
     1
102
RTVSPost2010Prop50
 90
       50
102
RTVSPost2010PropOp50
 70
     1
102
RTVSPost2010Prop51ColorIndex
 90
      256
102
RTVSPost2010Prop51ColorRGB
 90
-16777216
102
RTVSPost2010PropOp51
 70
     0
102
RTVSPost2010Prop52
140
1.0
102
RTVSPost2010PropOp52
 70
     0
102
RTVSPost2010Prop53
 90
        2
102
RTVSPost2010PropOp53
 70
     1
102
RTVSPost2010Prop54
  1
strokes_ogs.tif
102
RTVSPost2010PropOp54
 70
     1
102
RTVSPost2010Prop55
280
     0
102
RTVSPost2010PropOp55
 70
     1
102
RTVSPost2010Prop56
140
1.0
102
RTVSPost2010PropOp56
 70
     1
102
RTVSPost2010Prop57
140
1.0
102
RTVSPost2010PropOp57
 70
     1
102
RTVSPropertyOp0
 70
     1
102
RTVSPropertyOp1
 70
     1
102
RTVSPropertyOp2
 70
     1
102
RTVSPropertyOp3
 70
     1
102
RTVSPropertyOp4
 70
     1
102
RTVSPropertyOp5
 70
     1
102
RTVSPropertyOp6
 70
     1
102
RTVSPropertyOp7
 70
     1
102
RTVSPropertyOp8
 70
     1
102
RTVSPropertyOp9
 70
     1
102
RTVSPropertyOp10
 70
     1
102
RTVSPropertyOp11
 70
     1
102
RTVSPropertyOp12
 70
     1
102
RTVSPropertyOp13
 70
     1
102
RTVSPropertyOp14
 70
     1
102
RTVSPropertyOp15
 70
     1
102
RTVSPropertyOp16
 70
     1
102
RTVSPropertyOp17
 70
     1
102
RTVSPropertyOp18
 70
     1
102
RTVSPropertyOp19
 70
     1
102
RTVSPropertyOp20
 70
     1
102
RTVSPropertyOp21
 70
     1
102
RTVSPropertyOp22
 70
     1
102
RTVSPropertyOp23
 70
     1
102
RTVSPropertyOp24
 70
     1
102
RTVSPropertyOp25
 70
     1
102
RTVSPropertyOp26
 70
     1
102
RTVSPropertyOp27
 70
     1
102
RTVSPropertyOp28
 70
     1
102
RTVSPropertyOp29
 70
     1
102
RTVSPropertyOp30
 70
     1
102
RTVSPropertyOp31
 70
     1
102
RTVSPropertyOp32
 70
     1
102
RTVSPropertyOp33
 70
     1
102
RTVSPropertyOp34
 70
     1
102
RTVSPropertyOp35
 70
     1
102
RTVSPropertyOp36
 70
     1
102
RTVSPropertyOp37
 70
     1
102
RTVSPropertyOp38
 70
     1
102
RTVSPropertyOp39
 70
     1
102
RTVSPropertyOp40
 70
     1
102
RTVSPropertyOp41
 70
     1
102
RTVSPropertyOp42
 70
     1
102
RTVSPropertyOp43
 70
     1
102
RTVSPropertyOp44
 70
     1
102
RTVSPropertyOp45
 70
     1
102
RTVSPropertyOp46
 70
     1
102
RTVSPropertyOp47
 70
     1
102
RTVSPropertyOp48
 70
     1
102
RTVSPropertyOp49
 70
     1
102
RTVSPropertyOp50
 70
     1
102
RTVSPropertyOp51
 70
     0
102
RTVSPropertyOp52
 70
     0
102
RTVSPropertyOp53
 70
     1
102
RTVSPropertyOp54
 70
     1
102
RTVSPropertyOp55
 70
     1
102
RTVSPropertyOp56
 70
     1
102
RTVSPropertyOp57
 70
     1
102
RTVSPropertyOp58
 70
     1
102
RTVSPropertyOp59
 70
     1
102
RTVSPropertyOp60
 70
     1
102
RTVSPropertyOp61
 70
     1
102
RTVSPropertyOp62
 70
     1
  0
XRECORD
  5
2B5
102
{ACAD_REACTORS
330
2B4
102
}
330
2B4
100
AcDbXrecord
280
     1
102
RTVSPost2010Prop28
280
     0
102
RTVSPost2010PropOp28
 70
     1
102
RTVSPost2010Prop29
280
     1
102
RTVSPost2010PropOp29
 70
     1
102
RTVSPost2010Prop30
280
     1
102
RTVSPost2010PropOp30
 70
     1
102
RTVSPost2010Prop31
280
     0
102
RTVSPost2010PropOp31
 70
     1
102
RTVSPost2010Prop32
280
     0
102
RTVSPost2010PropOp32
 70
     1
102
RTVSPost2010Prop33
280
     0
102
RTVSPost2010PropOp33
 70
     1
102
RTVSPost2010Prop34
280
     0
102
RTVSPost2010PropOp34
 70
     1
102
RTVSPost2010Prop35
280
     0
102
RTVSPost2010PropOp35
 70
     1
102
RTVSPost2010Prop36
280
     0
102
RTVSPost2010PropOp36
 70
     1
102
RTVSPost2010Prop37
 90
       50
102
RTVSPost2010PropOp37
 70
     1
102
RTVSPost2010Prop38
140
0.0
102
RTVSPost2010PropOp38
 70
     1
102
RTVSPost2010Prop39
140
1.0
102
RTVSPost2010PropOp39
 70
     1
102
RTVSPost2010Prop40
 90
        0
102
RTVSPost2010PropOp40
 70
     1
102
RTVSPost2010Prop41ColorIndex
 90
       18
102
RTVSPost2010Prop41ColorRGB
 90
        0
102
RTVSPost2010PropOp41
 70
     1
102
RTVSPost2010Prop42
 90
       50
102
RTVSPost2010PropOp42
 70
     1
102
RTVSPost2010Prop43
 90
        3
102
RTVSPost2010PropOp43
 70
     1
102
RTVSPost2010Prop44ColorIndex
 90
        5
102
RTVSPost2010Prop44ColorRGB
 90
      255
102
RTVSPost2010PropOp44
 70
     1
102
RTVSPost2010Prop45
280
     0
102
RTVSPost2010PropOp45
 70
     1
102
RTVSPost2010Prop46
 90
       50
102
RTVSPost2010PropOp46
 70
     1
102
RTVSPost2010Prop47
 90
       50
102
RTVSPost2010PropOp47
 70
     1
102
RTVSPost2010Prop48
 90
       50
102
RTVSPost2010PropOp48
 70
     1
102
RTVSPost2010Prop49
280
     0
102
RTVSPost2010PropOp49
 70
     1
102
RTVSPost2010Prop50
 90
       50
102
RTVSPost2010PropOp50
 70
     1
102
RTVSPost2010Prop51ColorIndex
 90
      256
102
RTVSPost2010Prop51ColorRGB
 90
-16777216
102
RTVSPost2010PropOp51
 70
     0
102
RTVSPost2010Prop52
140
1.0
102
RTVSPost2010PropOp52
 70
     0
102
RTVSPost2010Prop53
 90
        2
102
RTVSPost2010PropOp53
 70
     1
102
RTVSPost2010Prop54
  1
strokes_ogs.tif
102
RTVSPost2010PropOp54
 70
     1
102
RTVSPost2010Prop55
280
     0
102
RTVSPost2010PropOp55
 70
     1
102
RTVSPost2010Prop56
140
1.0
102
RTVSPost2010PropOp56
 70
     1
102
RTVSPost2010Prop57
140
1.0
102
RTVSPost2010PropOp57
 70
     1
102
RTVSPropertyOp0
 70
     1
102
RTVSPropertyOp1
 70
     1
102
RTVSPropertyOp2
 70
     1
102
RTVSPropertyOp3
 70
     1
102
RTVSPropertyOp4
 70
     1
102
RTVSPropertyOp5
 70
     1
102
RTVSPropertyOp6
 70
     1
102
RTVSPropertyOp7
 70
     1
102
RTVSPropertyOp8
 70
     1
102
RTVSPropertyOp9
 70
     1
102
RTVSPropertyOp10
 70
     1
102
RTVSPropertyOp11
 70
     1
102
RTVSPropertyOp12
 70
     1
102
RTVSPropertyOp13
 70
     1
102
RTVSPropertyOp14
 70
     1
102
RTVSPropertyOp15
 70
     1
102
RTVSPropertyOp16
 70
     1
102
RTVSPropertyOp17
 70
     1
102
RTVSPropertyOp18
 70
     1
102
RTVSPropertyOp19
 70
     1
102
RTVSPropertyOp20
 70
     1
102
RTVSPropertyOp21
 70
     1
102
RTVSPropertyOp22
 70
     1
102
RTVSPropertyOp23
 70
     1
102
RTVSPropertyOp24
 70
     1
102
RTVSPropertyOp25
 70
     1
102
RTVSPropertyOp26
 70
     1
102
RTVSPropertyOp27
 70
     1
102
RTVSPropertyOp28
 70
     1
102
RTVSPropertyOp29
 70
     1
102
RTVSPropertyOp30
 70
     1
102
RTVSPropertyOp31
 70
     1
102
RTVSPropertyOp32
 70
     1
102
RTVSPropertyOp33
 70
     1
102
RTVSPropertyOp34
 70
     1
102
RTVSPropertyOp35
 70
     1
102
RTVSPropertyOp36
 70
     1
102
RTVSPropertyOp37
 70
     1
102
RTVSPropertyOp38
 70
     1
102
RTVSPropertyOp39
 70
     1
102
RTVSPropertyOp40
 70
     1
102
RTVSPropertyOp41
 70
     1
102
RTVSPropertyOp42
 70
     1
102
RTVSPropertyOp43
 70
     1
102
RTVSPropertyOp44
 70
     1
102
RTVSPropertyOp45
 70
     1
102
RTVSPropertyOp46
 70
     1
102
RTVSPropertyOp47
 70
     1
102
RTVSPropertyOp48
 70
     1
102
RTVSPropertyOp49
 70
     1
102
RTVSPropertyOp50
 70
     1
102
RTVSPropertyOp51
 70
     0
102
RTVSPropertyOp52
 70
     0
102
RTVSPropertyOp53
 70
     1
102
RTVSPropertyOp54
 70
     1
102
RTVSPropertyOp55
 70
     1
102
RTVSPropertyOp56
 70
     1
102
RTVSPropertyOp57
 70
     1
102
RTVSPropertyOp58
 70
     1
102
RTVSPropertyOp59
 70
     1
102
RTVSPropertyOp60
 70
     1
102
RTVSPropertyOp61
 70
     1
102
RTVSPropertyOp62
 70
     1
  0
XRECORD
  5
2B3
102
{ACAD_REACTORS
330
2B2
102
}
330
2B2
100
AcDbXrecord
280
     1
102
RTVSPost2010Prop28
280
     0
102
RTVSPost2010PropOp28
 70
     1
102
RTVSPost2010Prop29
280
     1
102
RTVSPost2010PropOp29
 70
     1
102
RTVSPost2010Prop30
280
     1
102
RTVSPost2010PropOp30
 70
     1
102
RTVSPost2010Prop31
280
     0
102
RTVSPost2010PropOp31
 70
     1
102
RTVSPost2010Prop32
280
     0
102
RTVSPost2010PropOp32
 70
     1
102
RTVSPost2010Prop33
280
     0
102
RTVSPost2010PropOp33
 70
     1
102
RTVSPost2010Prop34
280
     0
102
RTVSPost2010PropOp34
 70
     1
102
RTVSPost2010Prop35
280
     0
102
RTVSPost2010PropOp35
 70
     1
102
RTVSPost2010Prop36
280
     0
102
RTVSPost2010PropOp36
 70
     1
102
RTVSPost2010Prop37
 90
       50
102
RTVSPost2010PropOp37
 70
     1
102
RTVSPost2010Prop38
140
0.0
102
RTVSPost2010PropOp38
 70
     1
102
RTVSPost2010Prop39
140
1.0
102
RTVSPost2010PropOp39
 70
     1
102
RTVSPost2010Prop40
 90
        0
102
RTVSPost2010PropOp40
 70
     1
102
RTVSPost2010Prop41ColorIndex
 90
       18
102
RTVSPost2010Prop41ColorRGB
 90
        0
102
RTVSPost2010PropOp41
 70
     1
102
RTVSPost2010Prop42
 90
       50
102
RTVSPost2010PropOp42
 70
     1
102
RTVSPost2010Prop43
 90
        3
102
RTVSPost2010PropOp43
 70
     1
102
RTVSPost2010Prop44ColorIndex
 90
        5
102
RTVSPost2010Prop44ColorRGB
 90
      255
102
RTVSPost2010PropOp44
 70
     1
102
RTVSPost2010Prop45
280
     0
102
RTVSPost2010PropOp45
 70
     1
102
RTVSPost2010Prop46
 90
       50
102
RTVSPost2010PropOp46
 70
     1
102
RTVSPost2010Prop47
 90
       50
102
RTVSPost2010PropOp47
 70
     1
102
RTVSPost2010Prop48
 90
       50
102
RTVSPost2010PropOp48
 70
     1
102
RTVSPost2010Prop49
280
     0
102
RTVSPost2010PropOp49
 70
     1
102
RTVSPost2010Prop50
 90
       50
102
RTVSPost2010PropOp50
 70
     1
102
RTVSPost2010Prop51ColorIndex
 90
      256
102
RTVSPost2010Prop51ColorRGB
 90
-16777216
102
RTVSPost2010PropOp51
 70
     0
102
RTVSPost2010Prop52
140
1.0
102
RTVSPost2010PropOp52
 70
     0
102
RTVSPost2010Prop53
 90
        2
102
RTVSPost2010PropOp53
 70
     1
102
RTVSPost2010Prop54
  1
strokes_ogs.tif
102
RTVSPost2010PropOp54
 70
     1
102
RTVSPost2010Prop55
280
     0
102
RTVSPost2010PropOp55
 70
     1
102
RTVSPost2010Prop56
140
1.0
102
RTVSPost2010PropOp56
 70
     1
102
RTVSPost2010Prop57
140
1.0
102
RTVSPost2010PropOp57
 70
     1
102
RTVSPropertyOp0
 70
     1
102
RTVSPropertyOp1
 70
     1
102
RTVSPropertyOp2
 70
     1
102
RTVSPropertyOp3
 70
     1
102
RTVSPropertyOp4
 70
     1
102
RTVSPropertyOp5
 70
     1
102
RTVSPropertyOp6
 70
     1
102
RTVSPropertyOp7
 70
     1
102
RTVSPropertyOp8
 70
     1
102
RTVSPropertyOp9
 70
     1
102
RTVSPropertyOp10
 70
     1
102
RTVSPropertyOp11
 70
     1
102
RTVSPropertyOp12
 70
     1
102
RTVSPropertyOp13
 70
     1
102
RTVSPropertyOp14
 70
     1
102
RTVSPropertyOp15
 70
     1
102
RTVSPropertyOp16
 70
     1
102
RTVSPropertyOp17
 70
     1
102
RTVSPropertyOp18
 70
     1
102
RTVSPropertyOp19
 70
     1
102
RTVSPropertyOp20
 70
     1
102
RTVSPropertyOp21
 70
     1
102
RTVSPropertyOp22
 70
     1
102
RTVSPropertyOp23
 70
     1
102
RTVSPropertyOp24
 70
     1
102
RTVSPropertyOp25
 70
     1
102
RTVSPropertyOp26
 70
     1
102
RTVSPropertyOp27
 70
     1
102
RTVSPropertyOp28
 70
     1
102
RTVSPropertyOp29
 70
     1
102
RTVSPropertyOp30
 70
     1
102
RTVSPropertyOp31
 70
     1
102
RTVSPropertyOp32
 70
     1
102
RTVSPropertyOp33
 70
     1
102
RTVSPropertyOp34
 70
     1
102
RTVSPropertyOp35
 70
     1
102
RTVSPropertyOp36
 70
     1
102
RTVSPropertyOp37
 70
     1
102
RTVSPropertyOp38
 70
     1
102
RTVSPropertyOp39
 70
     1
102
RTVSPropertyOp40
 70
     1
102
RTVSPropertyOp41
 70
     1
102
RTVSPropertyOp42
 70
     1
102
RTVSPropertyOp43
 70
     1
102
RTVSPropertyOp44
 70
     1
102
RTVSPropertyOp45
 70
     1
102
RTVSPropertyOp46
 70
     1
102
RTVSPropertyOp47
 70
     1
102
RTVSPropertyOp48
 70
     1
102
RTVSPropertyOp49
 70
     1
102
RTVSPropertyOp50
 70
     1
102
RTVSPropertyOp51
 70
     0
102
RTVSPropertyOp52
 70
     0
102
RTVSPropertyOp53
 70
     1
102
RTVSPropertyOp54
 70
     1
102
RTVSPropertyOp55
 70
     1
102
RTVSPropertyOp56
 70
     1
102
RTVSPropertyOp57
 70
     1
102
RTVSPropertyOp58
 70
     1
102
RTVSPropertyOp59
 70
     1
102
RTVSPropertyOp60
 70
     1
102
RTVSPropertyOp61
 70
     1
102
RTVSPropertyOp62
 70
     1
  0
XRECORD
  5
2AD
102
{ACAD_REACTORS
330
2AC
102
}
330
2AC
100
AcDbXrecord
280
     1
102
RTVSPost2010Prop28
280
     0
102
RTVSPost2010PropOp28
 70
     1
102
RTVSPost2010Prop29
280
     1
102
RTVSPost2010PropOp29
 70
     1
102
RTVSPost2010Prop30
280
     1
102
RTVSPost2010PropOp30
 70
     1
102
RTVSPost2010Prop31
280
     0
102
RTVSPost2010PropOp31
 70
     1
102
RTVSPost2010Prop32
280
     0
102
RTVSPost2010PropOp32
 70
     1
102
RTVSPost2010Prop33
280
     0
102
RTVSPost2010PropOp33
 70
     1
102
RTVSPost2010Prop34
280
     0
102
RTVSPost2010PropOp34
 70
     1
102
RTVSPost2010Prop35
280
     0
102
RTVSPost2010PropOp35
 70
     1
102
RTVSPost2010Prop36
280
     0
102
RTVSPost2010PropOp36
 70
     1
102
RTVSPost2010Prop37
 90
       50
102
RTVSPost2010PropOp37
 70
     1
102
RTVSPost2010Prop38
140
0.0
102
RTVSPost2010PropOp38
 70
     1
102
RTVSPost2010Prop39
140
1.0
102
RTVSPost2010PropOp39
 70
     1
102
RTVSPost2010Prop40
 90
        0
102
RTVSPost2010PropOp40
 70
     1
102
RTVSPost2010Prop41ColorIndex
 90
       18
102
RTVSPost2010Prop41ColorRGB
 90
        0
102
RTVSPost2010PropOp41
 70
     1
102
RTVSPost2010Prop42
 90
       50
102
RTVSPost2010PropOp42
 70
     1
102
RTVSPost2010Prop43
 90
        3
102
RTVSPost2010PropOp43
 70
     1
102
RTVSPost2010Prop44ColorIndex
 90
        5
102
RTVSPost2010Prop44ColorRGB
 90
      255
102
RTVSPost2010PropOp44
 70
     1
102
RTVSPost2010Prop45
280
     0
102
RTVSPost2010PropOp45
 70
     1
102
RTVSPost2010Prop46
 90
       50
102
RTVSPost2010PropOp46
 70
     1
102
RTVSPost2010Prop47
 90
       50
102
RTVSPost2010PropOp47
 70
     1
102
RTVSPost2010Prop48
 90
       50
102
RTVSPost2010PropOp48
 70
     1
102
RTVSPost2010Prop49
280
     0
102
RTVSPost2010PropOp49
 70
     1
102
RTVSPost2010Prop50
 90
       50
102
RTVSPost2010PropOp50
 70
     1
102
RTVSPost2010Prop51ColorIndex
 90
      256
102
RTVSPost2010Prop51ColorRGB
 90
-16777216
102
RTVSPost2010PropOp51
 70
     0
102
RTVSPost2010Prop52
140
1.0
102
RTVSPost2010PropOp52
 70
     0
102
RTVSPost2010Prop53
 90
        2
102
RTVSPost2010PropOp53
 70
     1
102
RTVSPost2010Prop54
  1
strokes_ogs.tif
102
RTVSPost2010PropOp54
 70
     1
102
RTVSPost2010Prop55
280
     0
102
RTVSPost2010PropOp55
 70
     1
102
RTVSPost2010Prop56
140
1.0
102
RTVSPost2010PropOp56
 70
     1
102
RTVSPost2010Prop57
140
1.0
102
RTVSPost2010PropOp57
 70
     1
102
RTVSPropertyOp0
 70
     1
102
RTVSPropertyOp1
 70
     1
102
RTVSPropertyOp2
 70
     1
102
RTVSPropertyOp3
 70
     1
102
RTVSPropertyOp4
 70
     1
102
RTVSPropertyOp5
 70
     1
102
RTVSPropertyOp6
 70
     1
102
RTVSPropertyOp7
 70
     1
102
RTVSPropertyOp8
 70
     1
102
RTVSPropertyOp9
 70
     1
102
RTVSPropertyOp10
 70
     1
102
RTVSPropertyOp11
 70
     1
102
RTVSPropertyOp12
 70
     1
102
RTVSPropertyOp13
 70
     1
102
RTVSPropertyOp14
 70
     1
102
RTVSPropertyOp15
 70
     1
102
RTVSPropertyOp16
 70
     1
102
RTVSPropertyOp17
 70
     1
102
RTVSPropertyOp18
 70
     1
102
RTVSPropertyOp19
 70
     1
102
RTVSPropertyOp20
 70
     1
102
RTVSPropertyOp21
 70
     1
102
RTVSPropertyOp22
 70
     1
102
RTVSPropertyOp23
 70
     1
102
RTVSPropertyOp24
 70
     1
102
RTVSPropertyOp25
 70
     1
102
RTVSPropertyOp26
 70
     1
102
RTVSPropertyOp27
 70
     1
102
RTVSPropertyOp28
 70
     1
102
RTVSPropertyOp29
 70
     1
102
RTVSPropertyOp30
 70
     1
102
RTVSPropertyOp31
 70
     1
102
RTVSPropertyOp32
 70
     1
102
RTVSPropertyOp33
 70
     1
102
RTVSPropertyOp34
 70
     1
102
RTVSPropertyOp35
 70
     1
102
RTVSPropertyOp36
 70
     1
102
RTVSPropertyOp37
 70
     1
102
RTVSPropertyOp38
 70
     1
102
RTVSPropertyOp39
 70
     1
102
RTVSPropertyOp40
 70
     1
102
RTVSPropertyOp41
 70
     1
102
RTVSPropertyOp42
 70
     1
102
RTVSPropertyOp43
 70
     1
102
RTVSPropertyOp44
 70
     1
102
RTVSPropertyOp45
 70
     1
102
RTVSPropertyOp46
 70
     1
102
RTVSPropertyOp47
 70
     1
102
RTVSPropertyOp48
 70
     1
102
RTVSPropertyOp49
 70
     1
102
RTVSPropertyOp50
 70
     1
102
RTVSPropertyOp51
 70
     0
102
RTVSPropertyOp52
 70
     0
102
RTVSPropertyOp53
 70
     1
102
RTVSPropertyOp54
 70
     1
102
RTVSPropertyOp55
 70
     1
102
RTVSPropertyOp56
 70
     1
102
RTVSPropertyOp57
 70
     1
102
RTVSPropertyOp58
 70
     1
102
RTVSPropertyOp59
 70
     1
102
RTVSPropertyOp60
 70
     1
102
RTVSPropertyOp61
 70
     1
102
RTVSPropertyOp62
 70
     1
  0
XRECORD
  5
2AF
102
{ACAD_REACTORS
330
2AE
102
}
330
2AE
100
AcDbXrecord
280
     1
102
RTVSPost2010Prop28
280
     0
102
RTVSPost2010PropOp28
 70
     1
102
RTVSPost2010Prop29
280
     1
102
RTVSPost2010PropOp29
 70
     1
102
RTVSPost2010Prop30
280
     1
102
RTVSPost2010PropOp30
 70
     1
102
RTVSPost2010Prop31
280
     0
102
RTVSPost2010PropOp31
 70
     1
102
RTVSPost2010Prop32
280
     0
102
RTVSPost2010PropOp32
 70
     1
102
RTVSPost2010Prop33
280
     0
102
RTVSPost2010PropOp33
 70
     1
102
RTVSPost2010Prop34
280
     0
102
RTVSPost2010PropOp34
 70
     1
102
RTVSPost2010Prop35
280
     0
102
RTVSPost2010PropOp35
 70
     1
102
RTVSPost2010Prop36
280
     0
102
RTVSPost2010PropOp36
 70
     1
102
RTVSPost2010Prop37
 90
       50
102
RTVSPost2010PropOp37
 70
     1
102
RTVSPost2010Prop38
140
0.0
102
RTVSPost2010PropOp38
 70
     1
102
RTVSPost2010Prop39
140
1.0
102
RTVSPost2010PropOp39
 70
     1
102
RTVSPost2010Prop40
 90
        0
102
RTVSPost2010PropOp40
 70
     1
102
RTVSPost2010Prop41ColorIndex
 90
       18
102
RTVSPost2010Prop41ColorRGB
 90
        0
102
RTVSPost2010PropOp41
 70
     1
102
RTVSPost2010Prop42
 90
       50
102
RTVSPost2010PropOp42
 70
     1
102
RTVSPost2010Prop43
 90
        3
102
RTVSPost2010PropOp43
 70
     1
102
RTVSPost2010Prop44ColorIndex
 90
        5
102
RTVSPost2010Prop44ColorRGB
 90
      255
102
RTVSPost2010PropOp44
 70
     1
102
RTVSPost2010Prop45
280
     0
102
RTVSPost2010PropOp45
 70
     1
102
RTVSPost2010Prop46
 90
       50
102
RTVSPost2010PropOp46
 70
     1
102
RTVSPost2010Prop47
 90
       50
102
RTVSPost2010PropOp47
 70
     1
102
RTVSPost2010Prop48
 90
       50
102
RTVSPost2010PropOp48
 70
     1
102
RTVSPost2010Prop49
280
     0
102
RTVSPost2010PropOp49
 70
     1
102
RTVSPost2010Prop50
 90
       50
102
RTVSPost2010PropOp50
 70
     1
102
RTVSPost2010Prop51ColorIndex
 90
      256
102
RTVSPost2010Prop51ColorRGB
 90
-16777216
102
RTVSPost2010PropOp51
 70
     0
102
RTVSPost2010Prop52
140
1.0
102
RTVSPost2010PropOp52
 70
     0
102
RTVSPost2010Prop53
 90
        2
102
RTVSPost2010PropOp53
 70
     1
102
RTVSPost2010Prop54
  1
strokes_ogs.tif
102
RTVSPost2010PropOp54
 70
     1
102
RTVSPost2010Prop55
280
     0
102
RTVSPost2010PropOp55
 70
     1
102
RTVSPost2010Prop56
140
1.0
102
RTVSPost2010PropOp56
 70
     1
102
RTVSPost2010Prop57
140
1.0
102
RTVSPost2010PropOp57
 70
     1
102
RTVSPropertyOp0
 70
     1
102
RTVSPropertyOp1
 70
     1
102
RTVSPropertyOp2
 70
     1
102
RTVSPropertyOp3
 70
     1
102
RTVSPropertyOp4
 70
     1
102
RTVSPropertyOp5
 70
     1
102
RTVSPropertyOp6
 70
     1
102
RTVSPropertyOp7
 70
     1
102
RTVSPropertyOp8
 70
     1
102
RTVSPropertyOp9
 70
     1
102
RTVSPropertyOp10
 70
     1
102
RTVSPropertyOp11
 70
     1
102
RTVSPropertyOp12
 70
     1
102
RTVSPropertyOp13
 70
     1
102
RTVSPropertyOp14
 70
     1
102
RTVSPropertyOp15
 70
     1
102
RTVSPropertyOp16
 70
     1
102
RTVSPropertyOp17
 70
     1
102
RTVSPropertyOp18
 70
     1
102
RTVSPropertyOp19
 70
     1
102
RTVSPropertyOp20
 70
     1
102
RTVSPropertyOp21
 70
     1
102
RTVSPropertyOp22
 70
     1
102
RTVSPropertyOp23
 70
     1
102
RTVSPropertyOp24
 70
     1
102
RTVSPropertyOp25
 70
     1
102
RTVSPropertyOp26
 70
     1
102
RTVSPropertyOp27
 70
     1
102
RTVSPropertyOp28
 70
     1
102
RTVSPropertyOp29
 70
     1
102
RTVSPropertyOp30
 70
     1
102
RTVSPropertyOp31
 70
     1
102
RTVSPropertyOp32
 70
     1
102
RTVSPropertyOp33
 70
     1
102
RTVSPropertyOp34
 70
     1
102
RTVSPropertyOp35
 70
     1
102
RTVSPropertyOp36
 70
     1
102
RTVSPropertyOp37
 70
     1
102
RTVSPropertyOp38
 70
     1
102
RTVSPropertyOp39
 70
     1
102
RTVSPropertyOp40
 70
     1
102
RTVSPropertyOp41
 70
     1
102
RTVSPropertyOp42
 70
     1
102
RTVSPropertyOp43
 70
     1
102
RTVSPropertyOp44
 70
     1
102
RTVSPropertyOp45
 70
     1
102
RTVSPropertyOp46
 70
     1
102
RTVSPropertyOp47
 70
     1
102
RTVSPropertyOp48
 70
     1
102
RTVSPropertyOp49
 70
     1
102
RTVSPropertyOp50
 70
     1
102
RTVSPropertyOp51
 70
     0
102
RTVSPropertyOp52
 70
     0
102
RTVSPropertyOp53
 70
     1
102
RTVSPropertyOp54
 70
     1
102
RTVSPropertyOp55
 70
     1
102
RTVSPropertyOp56
 70
     1
102
RTVSPropertyOp57
 70
     1
102
RTVSPropertyOp58
 70
     1
102
RTVSPropertyOp59
 70
     1
102
RTVSPropertyOp60
 70
     1
102
RTVSPropertyOp61
 70
     1
102
RTVSPropertyOp62
 70
     1
  0
XRECORD
  5
29F
102
{ACAD_REACTORS
330
29E
102
}
330
29E
100
AcDbXrecord
280
     1
102
RTVSPost2010Prop28
280
     0
102
RTVSPost2010PropOp28
 70
     1
102
RTVSPost2010Prop29
280
     1
102
RTVSPost2010PropOp29
 70
     1
102
RTVSPost2010Prop30
280
     1
102
RTVSPost2010PropOp30
 70
     1
102
RTVSPost2010Prop31
280
     0
102
RTVSPost2010PropOp31
 70
     1
102
RTVSPost2010Prop32
280
     0
102
RTVSPost2010PropOp32
 70
     1
102
RTVSPost2010Prop33
280
     0
102
RTVSPost2010PropOp33
 70
     1
102
RTVSPost2010Prop34
280
     0
102
RTVSPost2010PropOp34
 70
     1
102
RTVSPost2010Prop35
280
     0
102
RTVSPost2010PropOp35
 70
     1
102
RTVSPost2010Prop36
280
     0
102
RTVSPost2010PropOp36
 70
     1
102
RTVSPost2010Prop37
 90
       50
102
RTVSPost2010PropOp37
 70
     1
102
RTVSPost2010Prop38
140
0.0
102
RTVSPost2010PropOp38
 70
     1
102
RTVSPost2010Prop39
140
1.0
102
RTVSPost2010PropOp39
 70
     1
102
RTVSPost2010Prop40
 90
        0
102
RTVSPost2010PropOp40
 70
     1
102
RTVSPost2010Prop41ColorIndex
 90
       18
102
RTVSPost2010Prop41ColorRGB
 90
        0
102
RTVSPost2010PropOp41
 70
     1
102
RTVSPost2010Prop42
 90
       50
102
RTVSPost2010PropOp42
 70
     1
102
RTVSPost2010Prop43
 90
        3
102
RTVSPost2010PropOp43
 70
     1
102
RTVSPost2010Prop44ColorIndex
 90
        5
102
RTVSPost2010Prop44ColorRGB
 90
      255
102
RTVSPost2010PropOp44
 70
     1
102
RTVSPost2010Prop45
280
     0
102
RTVSPost2010PropOp45
 70
     1
102
RTVSPost2010Prop46
 90
       50
102
RTVSPost2010PropOp46
 70
     1
102
RTVSPost2010Prop47
 90
       50
102
RTVSPost2010PropOp47
 70
     1
102
RTVSPost2010Prop48
 90
       50
102
RTVSPost2010PropOp48
 70
     1
102
RTVSPost2010Prop49
280
     0
102
RTVSPost2010PropOp49
 70
     1
102
RTVSPost2010Prop50
 90
       50
102
RTVSPost2010PropOp50
 70
     1
102
RTVSPost2010Prop51ColorIndex
 90
      256
102
RTVSPost2010Prop51ColorRGB
 90
-16777216
102
RTVSPost2010PropOp51
 70
     0
102
RTVSPost2010Prop52
140
1.0
102
RTVSPost2010PropOp52
 70
     0
102
RTVSPost2010Prop53
 90
        2
102
RTVSPost2010PropOp53
 70
     1
102
RTVSPost2010Prop54
  1
strokes_ogs.tif
102
RTVSPost2010PropOp54
 70
     1
102
RTVSPost2010Prop55
280
     0
102
RTVSPost2010PropOp55
 70
     1
102
RTVSPost2010Prop56
140
1.0
102
RTVSPost2010PropOp56
 70
     1
102
RTVSPost2010Prop57
140
1.0
102
RTVSPost2010PropOp57
 70
     1
102
RTVSPropertyOp0
 70
     1
102
RTVSPropertyOp1
 70
     1
102
RTVSPropertyOp2
 70
     1
102
RTVSPropertyOp3
 70
     1
102
RTVSPropertyOp4
 70
     1
102
RTVSPropertyOp5
 70
     1
102
RTVSPropertyOp6
 70
     1
102
RTVSPropertyOp7
 70
     1
102
RTVSPropertyOp8
 70
     1
102
RTVSPropertyOp9
 70
     1
102
RTVSPropertyOp10
 70
     1
102
RTVSPropertyOp11
 70
     1
102
RTVSPropertyOp12
 70
     1
102
RTVSPropertyOp13
 70
     1
102
RTVSPropertyOp14
 70
     1
102
RTVSPropertyOp15
 70
     1
102
RTVSPropertyOp16
 70
     1
102
RTVSPropertyOp17
 70
     1
102
RTVSPropertyOp18
 70
     1
102
RTVSPropertyOp19
 70
     1
102
RTVSPropertyOp20
 70
     1
102
RTVSPropertyOp21
 70
     1
102
RTVSPropertyOp22
 70
     1
102
RTVSPropertyOp23
 70
     1
102
RTVSPropertyOp24
 70
     1
102
RTVSPropertyOp25
 70
     1
102
RTVSPropertyOp26
 70
     1
102
RTVSPropertyOp27
 70
     1
102
RTVSPropertyOp28
 70
     1
102
RTVSPropertyOp29
 70
     1
102
RTVSPropertyOp30
 70
     1
102
RTVSPropertyOp31
 70
     1
102
RTVSPropertyOp32
 70
     1
102
RTVSPropertyOp33
 70
     1
102
RTVSPropertyOp34
 70
     1
102
RTVSPropertyOp35
 70
     1
102
RTVSPropertyOp36
 70
     1
102
RTVSPropertyOp37
 70
     1
102
RTVSPropertyOp38
 70
     1
102
RTVSPropertyOp39
 70
     1
102
RTVSPropertyOp40
 70
     1
102
RTVSPropertyOp41
 70
     1
102
RTVSPropertyOp42
 70
     1
102
RTVSPropertyOp43
 70
     1
102
RTVSPropertyOp44
 70
     1
102
RTVSPropertyOp45
 70
     1
102
RTVSPropertyOp46
 70
     1
102
RTVSPropertyOp47
 70
     1
102
RTVSPropertyOp48
 70
     1
102
RTVSPropertyOp49
 70
     1
102
RTVSPropertyOp50
 70
     1
102
RTVSPropertyOp51
 70
     0
102
RTVSPropertyOp52
 70
     0
102
RTVSPropertyOp53
 70
     1
102
RTVSPropertyOp54
 70
     1
102
RTVSPropertyOp55
 70
     1
102
RTVSPropertyOp56
 70
     1
102
RTVSPropertyOp57
 70
     1
102
RTVSPropertyOp58
 70
     1
102
RTVSPropertyOp59
 70
     1
102
RTVSPropertyOp60
 70
     1
102
RTVSPropertyOp61
 70
     1
102
RTVSPropertyOp62
 70
     1
  0
XRECORD
  5
293
102
{ACAD_REACTORS
330
292
102
}
330
292
100
AcDbXrecord
280
     1
102
RTVSPost2010Prop28
280
     0
102
RTVSPost2010PropOp28
 70
     1
102
RTVSPost2010Prop29
280
     1
102
RTVSPost2010PropOp29
 70
     1
102
RTVSPost2010Prop30
280
     1
102
RTVSPost2010PropOp30
 70
     1
102
RTVSPost2010Prop31
280
     0
102
RTVSPost2010PropOp31
 70
     1
102
RTVSPost2010Prop32
280
     0
102
RTVSPost2010PropOp32
 70
     1
102
RTVSPost2010Prop33
280
     0
102
RTVSPost2010PropOp33
 70
     1
102
RTVSPost2010Prop34
280
     0
102
RTVSPost2010PropOp34
 70
     1
102
RTVSPost2010Prop35
280
     0
102
RTVSPost2010PropOp35
 70
     1
102
RTVSPost2010Prop36
280
     0
102
RTVSPost2010PropOp36
 70
     1
102
RTVSPost2010Prop37
 90
       50
102
RTVSPost2010PropOp37
 70
     1
102
RTVSPost2010Prop38
140
0.0
102
RTVSPost2010PropOp38
 70
     1
102
RTVSPost2010Prop39
140
1.0
102
RTVSPost2010PropOp39
 70
     1
102
RTVSPost2010Prop40
 90
        0
102
RTVSPost2010PropOp40
 70
     1
102
RTVSPost2010Prop41ColorIndex
 90
       18
102
RTVSPost2010Prop41ColorRGB
 90
        0
102
RTVSPost2010PropOp41
 70
     1
102
RTVSPost2010Prop42
 90
       50
102
RTVSPost2010PropOp42
 70
     1
102
RTVSPost2010Prop43
 90
        3
102
RTVSPost2010PropOp43
 70
     1
102
RTVSPost2010Prop44ColorIndex
 90
        5
102
RTVSPost2010Prop44ColorRGB
 90
      255
102
RTVSPost2010PropOp44
 70
     1
102
RTVSPost2010Prop45
280
     0
102
RTVSPost2010PropOp45
 70
     1
102
RTVSPost2010Prop46
 90
       50
102
RTVSPost2010PropOp46
 70
     1
102
RTVSPost2010Prop47
 90
       50
102
RTVSPost2010PropOp47
 70
     1
102
RTVSPost2010Prop48
 90
       50
102
RTVSPost2010PropOp48
 70
     1
102
RTVSPost2010Prop49
280
     0
102
RTVSPost2010PropOp49
 70
     1
102
RTVSPost2010Prop50
 90
       50
102
RTVSPost2010PropOp50
 70
     1
102
RTVSPost2010Prop51ColorIndex
 90
      256
102
RTVSPost2010Prop51ColorRGB
 90
-16777216
102
RTVSPost2010PropOp51
 70
     0
102
RTVSPost2010Prop52
140
1.0
102
RTVSPost2010PropOp52
 70
     0
102
RTVSPost2010Prop53
 90
        2
102
RTVSPost2010PropOp53
 70
     1
102
RTVSPost2010Prop54
  1
strokes_ogs.tif
102
RTVSPost2010PropOp54
 70
     1
102
RTVSPost2010Prop55
280
     0
102
RTVSPost2010PropOp55
 70
     1
102
RTVSPost2010Prop56
140
1.0
102
RTVSPost2010PropOp56
 70
     1
102
RTVSPost2010Prop57
140
1.0
102
RTVSPost2010PropOp57
 70
     1
102
RTVSPropertyOp0
 70
     1
102
RTVSPropertyOp1
 70
     1
102
RTVSPropertyOp2
 70
     1
102
RTVSPropertyOp3
 70
     1
102
RTVSPropertyOp4
 70
     1
102
RTVSPropertyOp5
 70
     1
102
RTVSPropertyOp6
 70
     1
102
RTVSPropertyOp7
 70
     1
102
RTVSPropertyOp8
 70
     1
102
RTVSPropertyOp9
 70
     1
102
RTVSPropertyOp10
 70
     1
102
RTVSPropertyOp11
 70
     1
102
RTVSPropertyOp12
 70
     1
102
RTVSPropertyOp13
 70
     1
102
RTVSPropertyOp14
 70
     1
102
RTVSPropertyOp15
 70
     1
102
RTVSPropertyOp16
 70
     1
102
RTVSPropertyOp17
 70
     1
102
RTVSPropertyOp18
 70
     1
102
RTVSPropertyOp19
 70
     1
102
RTVSPropertyOp20
 70
     1
102
RTVSPropertyOp21
 70
     1
102
RTVSPropertyOp22
 70
     1
102
RTVSPropertyOp23
 70
     1
102
RTVSPropertyOp24
 70
     1
102
RTVSPropertyOp25
 70
     1
102
RTVSPropertyOp26
 70
     1
102
RTVSPropertyOp27
 70
     1
102
RTVSPropertyOp28
 70
     1
102
RTVSPropertyOp29
 70
     1
102
RTVSPropertyOp30
 70
     1
102
RTVSPropertyOp31
 70
     1
102
RTVSPropertyOp32
 70
     1
102
RTVSPropertyOp33
 70
     1
102
RTVSPropertyOp34
 70
     1
102
RTVSPropertyOp35
 70
     1
102
RTVSPropertyOp36
 70
     1
102
RTVSPropertyOp37
 70
     1
102
RTVSPropertyOp38
 70
     1
102
RTVSPropertyOp39
 70
     1
102
RTVSPropertyOp40
 70
     1
102
RTVSPropertyOp41
 70
     1
102
RTVSPropertyOp42
 70
     1
102
RTVSPropertyOp43
 70
     1
102
RTVSPropertyOp44
 70
     1
102
RTVSPropertyOp45
 70
     1
102
RTVSPropertyOp46
 70
     1
102
RTVSPropertyOp47
 70
     1
102
RTVSPropertyOp48
 70
     1
102
RTVSPropertyOp49
 70
     1
102
RTVSPropertyOp50
 70
     1
102
RTVSPropertyOp51
 70
     0
102
RTVSPropertyOp52
 70
     0
102
RTVSPropertyOp53
 70
     1
102
RTVSPropertyOp54
 70
     1
102
RTVSPropertyOp55
 70
     1
102
RTVSPropertyOp56
 70
     1
102
RTVSPropertyOp57
 70
     1
102
RTVSPropertyOp58
 70
     1
102
RTVSPropertyOp59
 70
     1
102
RTVSPropertyOp60
 70
     1
102
RTVSPropertyOp61
 70
     1
102
RTVSPropertyOp62
 70
     1
  0
XRECORD
  5
2B1
102
{ACAD_REACTORS
330
2B0
102
}
330
2B0
100
AcDbXrecord
280
     1
102
RTVSPost2010Prop28
280
     0
102
RTVSPost2010PropOp28
 70
     1
102
RTVSPost2010Prop29
280
     1
102
RTVSPost2010PropOp29
 70
     1
102
RTVSPost2010Prop30
280
     1
102
RTVSPost2010PropOp30
 70
     1
102
RTVSPost2010Prop31
280
     0
102
RTVSPost2010PropOp31
 70
     1
102
RTVSPost2010Prop32
280
     0
102
RTVSPost2010PropOp32
 70
     1
102
RTVSPost2010Prop33
280
     0
102
RTVSPost2010PropOp33
 70
     1
102
RTVSPost2010Prop34
280
     0
102
RTVSPost2010PropOp34
 70
     1
102
RTVSPost2010Prop35
280
     0
102
RTVSPost2010PropOp35
 70
     1
102
RTVSPost2010Prop36
280
     0
102
RTVSPost2010PropOp36
 70
     1
102
RTVSPost2010Prop37
 90
       50
102
RTVSPost2010PropOp37
 70
     1
102
RTVSPost2010Prop38
140
0.0
102
RTVSPost2010PropOp38
 70
     1
102
RTVSPost2010Prop39
140
1.0
102
RTVSPost2010PropOp39
 70
     1
102
RTVSPost2010Prop40
 90
        0
102
RTVSPost2010PropOp40
 70
     1
102
RTVSPost2010Prop41ColorIndex
 90
       18
102
RTVSPost2010Prop41ColorRGB
 90
        0
102
RTVSPost2010PropOp41
 70
     1
102
RTVSPost2010Prop42
 90
       50
102
RTVSPost2010PropOp42
 70
     1
102
RTVSPost2010Prop43
 90
        3
102
RTVSPost2010PropOp43
 70
     1
102
RTVSPost2010Prop44ColorIndex
 90
        5
102
RTVSPost2010Prop44ColorRGB
 90
      255
102
RTVSPost2010PropOp44
 70
     1
102
RTVSPost2010Prop45
280
     0
102
RTVSPost2010PropOp45
 70
     1
102
RTVSPost2010Prop46
 90
       50
102
RTVSPost2010PropOp46
 70
     1
102
RTVSPost2010Prop47
 90
       50
102
RTVSPost2010PropOp47
 70
     1
102
RTVSPost2010Prop48
 90
       50
102
RTVSPost2010PropOp48
 70
     1
102
RTVSPost2010Prop49
280
     0
102
RTVSPost2010PropOp49
 70
     1
102
RTVSPost2010Prop50
 90
       50
102
RTVSPost2010PropOp50
 70
     1
102
RTVSPost2010Prop51ColorIndex
 90
      256
102
RTVSPost2010Prop51ColorRGB
 90
-16777216
102
RTVSPost2010PropOp51
 70
     0
102
RTVSPost2010Prop52
140
1.0
102
RTVSPost2010PropOp52
 70
     0
102
RTVSPost2010Prop53
 90
        2
102
RTVSPost2010PropOp53
 70
     1
102
RTVSPost2010Prop54
  1
strokes_ogs.tif
102
RTVSPost2010PropOp54
 70
     1
102
RTVSPost2010Prop55
280
     0
102
RTVSPost2010PropOp55
 70
     1
102
RTVSPost2010Prop56
140
1.0
102
RTVSPost2010PropOp56
 70
     1
102
RTVSPost2010Prop57
140
1.0
102
RTVSPost2010PropOp57
 70
     1
102
RTVSPropertyOp0
 70
     1
102
RTVSPropertyOp1
 70
     1
102
RTVSPropertyOp2
 70
     1
102
RTVSPropertyOp3
 70
     1
102
RTVSPropertyOp4
 70
     1
102
RTVSPropertyOp5
 70
     1
102
RTVSPropertyOp6
 70
     1
102
RTVSPropertyOp7
 70
     1
102
RTVSPropertyOp8
 70
     1
102
RTVSPropertyOp9
 70
     1
102
RTVSPropertyOp10
 70
     1
102
RTVSPropertyOp11
 70
     1
102
RTVSPropertyOp12
 70
     1
102
RTVSPropertyOp13
 70
     1
102
RTVSPropertyOp14
 70
     1
102
RTVSPropertyOp15
 70
     1
102
RTVSPropertyOp16
 70
     1
102
RTVSPropertyOp17
 70
     1
102
RTVSPropertyOp18
 70
     1
102
RTVSPropertyOp19
 70
     1
102
RTVSPropertyOp20
 70
     1
102
RTVSPropertyOp21
 70
     1
102
RTVSPropertyOp22
 70
     1
102
RTVSPropertyOp23
 70
     1
102
RTVSPropertyOp24
 70
     1
102
RTVSPropertyOp25
 70
     1
102
RTVSPropertyOp26
 70
     1
102
RTVSPropertyOp27
 70
     1
102
RTVSPropertyOp28
 70
     1
102
RTVSPropertyOp29
 70
     1
102
RTVSPropertyOp30
 70
     1
102
RTVSPropertyOp31
 70
     1
102
RTVSPropertyOp32
 70
     1
102
RTVSPropertyOp33
 70
     1
102
RTVSPropertyOp34
 70
     1
102
RTVSPropertyOp35
 70
     1
102
RTVSPropertyOp36
 70
     1
102
RTVSPropertyOp37
 70
     1
102
RTVSPropertyOp38
 70
     1
102
RTVSPropertyOp39
 70
     1
102
RTVSPropertyOp40
 70
     1
102
RTVSPropertyOp41
 70
     1
102
RTVSPropertyOp42
 70
     1
102
RTVSPropertyOp43
 70
     1
102
RTVSPropertyOp44
 70
     1
102
RTVSPropertyOp45
 70
     1
102
RTVSPropertyOp46
 70
     1
102
RTVSPropertyOp47
 70
     1
102
RTVSPropertyOp48
 70
     1
102
RTVSPropertyOp49
 70
     1
102
RTVSPropertyOp50
 70
     1
102
RTVSPropertyOp51
 70
     0
102
RTVSPropertyOp52
 70
     0
102
RTVSPropertyOp53
 70
     1
102
RTVSPropertyOp54
 70
     1
102
RTVSPropertyOp55
 70
     1
102
RTVSPropertyOp56
 70
     1
102
RTVSPropertyOp57
 70
     1
102
RTVSPropertyOp58
 70
     1
102
RTVSPropertyOp59
 70
     1
102
RTVSPropertyOp60
 70
     1
102
RTVSPropertyOp61
 70
     1
102
RTVSPropertyOp62
 70
     1
  0
ENDSEC
  0
EOF