ISO-10303-21;
HEADER;
FILE_DESCRIPTION(('Creo Elements/Direct Modeling STEP Export'),'2;1');
FILE_NAME('Child motorgear.stp','2021-02-16T17:19:06',(''),(''),
'Creo Elements/Direct Modeling STEP processor for AP214 (Solid Model)',
'Creo Elements/Direct Modeling 19.0G  27-Nov-2017 (C) Parametric Technol
ogy GmbH','');
FILE_SCHEMA(('AUTOMOTIVE_DESIGN { 1 0 10303 214 1 1 1 1 }'));
ENDSEC;
DATA;
#10=CARTESIAN_POINT('',(730.,15.0000000000001,-150.));
#20=DIRECTION('',(0.,-1.,0.));
#30=DIRECTION('',(1.,0.,0.));
#40=AXIS2_PLACEMENT_3D('',#10,#20,#30);
#50=PLANE('',#40);
#60=CARTESIAN_POINT('',(1098.0757343187,15.0000000000001,
-158.20461104904));
#70=DIRECTION('',(0.,1.,0.));
#80=DIRECTION('',(0.5,0.,0.866025403784439));
#90=AXIS2_PLACEMENT_3D('',#60,#70,#80);
#100=CIRCLE('',#90,2.);
#110=CARTESIAN_POINT('',(1099.99544264818,15.0000000000001,
-158.765610095128));
#120=VERTEX_POINT('',#110);
#130=CARTESIAN_POINT('',(1098.17925692917,15.0000000000001,
-160.20193001934));
#140=VERTEX_POINT('',#130);
#150=EDGE_CURVE('',#120,#140,#100,.T.);
#160=ORIENTED_EDGE('',*,*,#150,.F.);
#170=CARTESIAN_POINT('',(1098.50343441574,15.0000000000001,
-166.456465532758));
#180=DIRECTION('',(0.,1.,0.));
#190=DIRECTION('',(0.5,0.,0.866025403784439));
#200=AXIS2_PLACEMENT_3D('',#170,#180,#190);
#210=CIRCLE('',#200,6.26293106551588);
#220=CARTESIAN_POINT('',(1092.92475902897,15.0000000000001,
-169.302987350762));
#230=VERTEX_POINT('',#220);
#240=EDGE_CURVE('',#230,#140,#210,.T.);
#250=ORIENTED_EDGE('',*,*,#240,.T.);
#260=CARTESIAN_POINT('',(1091.14326875599,15.0000000000001,
-170.211993625373));
#270=DIRECTION('',(0.,1.,0.));
#280=DIRECTION('',(0.5,0.,0.866025403784439));
#290=AXIS2_PLACEMENT_3D('',#260,#270,#280);
#300=CIRCLE('',#290,2.);
#310=CARTESIAN_POINT('',(1092.58896234614,15.0000000000001,
-171.594010283518));
#320=VERTEX_POINT('',#310);
#330=EDGE_CURVE('',#230,#320,#300,.T.);
#340=ORIENTED_EDGE('',*,*,#330,.F.);
#350=CARTESIAN_POINT('',(1070.,15.0000000000001,-150.));
#360=DIRECTION('',(0.,1.,0.));
#370=DIRECTION('',(1.,0.,0.));
#380=AXIS2_PLACEMENT_3D('',#350,#360,#370);
#390=CIRCLE('',#380,31.25);
#400=CARTESIAN_POINT('',(1077.40648030204,15.0000000000001,
-180.359620378646));
#410=VERTEX_POINT('',#400);
#420=EDGE_CURVE('',#320,#410,#390,.T.);
#430=ORIENTED_EDGE('',*,*,#420,.F.);
#440=CARTESIAN_POINT('',(1076.93246556271,15.0000000000001,
-178.416604674413));
#450=DIRECTION('',(0.,1.,0.));
#460=DIRECTION('',(1.,0.,0.));
#470=AXIS2_PLACEMENT_3D('',#440,#450,#460);
#480=CIRCLE('',#470,2.);
#490=CARTESIAN_POINT('',(1075.25449790021,15.0000000000001,
-179.504917370102));
#500=VERTEX_POINT('',#490);
#510=EDGE_CURVE('',#410,#500,#480,.T.);
#520=ORIENTED_EDGE('',*,*,#510,.F.);
#530=CARTESIAN_POINT('',(1070.,15.0000000000001,-182.912931065516));
#540=DIRECTION('',(0.,1.,0.));
#550=DIRECTION('',(1.,0.,0.));
#560=AXIS2_PLACEMENT_3D('',#530,#540,#550);
#570=CIRCLE('',#560,6.26293106551588);
#580=CARTESIAN_POINT('',(1064.74550209979,15.0000000000001,
-179.504917370102));
#590=VERTEX_POINT('',#580);
#600=EDGE_CURVE('',#590,#500,#570,.T.);
#610=ORIENTED_EDGE('',*,*,#600,.T.);
#620=CARTESIAN_POINT('',(1063.06753443729,15.0000000000001,
-178.416604674413));
#630=DIRECTION('',(0.,1.,0.));
#640=DIRECTION('',(1.,0.,0.));
#650=AXIS2_PLACEMENT_3D('',#620,#630,#640);
#660=CIRCLE('',#650,2.);
#670=CARTESIAN_POINT('',(1062.59351969796,15.0000000000001,
-180.359620378646));
#680=VERTEX_POINT('',#670);
#690=EDGE_CURVE('',#590,#680,#660,.T.);
#700=ORIENTED_EDGE('',*,*,#690,.F.);
#710=CARTESIAN_POINT('',(1070.,15.0000000000001,-150.));
#720=DIRECTION('',(0.,1.,0.));
#730=DIRECTION('',(1.,0.,0.));
#740=AXIS2_PLACEMENT_3D('',#710,#720,#730);
#750=CIRCLE('',#740,31.25);
#760=CARTESIAN_POINT('',(1047.41103765386,15.0000000000001,
-171.594010283518));
#770=VERTEX_POINT('',#760);
#780=EDGE_CURVE('',#680,#770,#750,.T.);
#790=ORIENTED_EDGE('',*,*,#780,.F.);
#800=CARTESIAN_POINT('',(1048.85673124401,15.0000000000001,
-170.211993625373));
#810=DIRECTION('',(0.,1.,0.));
#820=DIRECTION('',(0.5,0.,-0.866025403784439));
#830=AXIS2_PLACEMENT_3D('',#800,#810,#820);
#840=CIRCLE('',#830,2.);
#850=CARTESIAN_POINT('',(1047.07524097103,15.0000000000001,
-169.302987350762));
#860=VERTEX_POINT('',#850);
#870=EDGE_CURVE('',#770,#860,#840,.T.);
#880=ORIENTED_EDGE('',*,*,#870,.F.);
#890=CARTESIAN_POINT('',(1041.49656558426,15.0000000000001,
-166.456465532758));
#900=DIRECTION('',(0.,1.,0.));
#910=DIRECTION('',(0.5,0.,-0.866025403784439));
#920=AXIS2_PLACEMENT_3D('',#890,#900,#910);
#930=CIRCLE('',#920,6.26293106551588);
#940=CARTESIAN_POINT('',(1041.82074307083,15.0000000000001,
-160.20193001934));
#950=VERTEX_POINT('',#940);
#960=EDGE_CURVE('',#950,#860,#930,.T.);
#970=ORIENTED_EDGE('',*,*,#960,.T.);
#980=CARTESIAN_POINT('',(1041.9242656813,15.0000000000001,
-158.20461104904));
#990=DIRECTION('',(0.,1.,0.));
#1000=DIRECTION('',(0.5,0.,-0.866025403784439));
#1010=AXIS2_PLACEMENT_3D('',#980,#990,#1000);
#1020=CIRCLE('',#1010,2.);
#1030=CARTESIAN_POINT('',(1040.00455735182,15.0000000000001,
-158.765610095128));
#1040=VERTEX_POINT('',#1030);
#1050=EDGE_CURVE('',#950,#1040,#1020,.T.);
#1060=ORIENTED_EDGE('',*,*,#1050,.F.);
#1070=CARTESIAN_POINT('',(1070.,15.0000000000001,-150.));
#1080=DIRECTION('',(0.,1.,0.));
#1090=DIRECTION('',(1.,0.,0.));
#1100=AXIS2_PLACEMENT_3D('',#1070,#1080,#1090);
#1110=CIRCLE('',#1100,31.25);
#1120=CARTESIAN_POINT('',(1040.00455735182,15.0000000000001,
-141.234389904872));
#1130=VERTEX_POINT('',#1120);
#1140=EDGE_CURVE('',#1040,#1130,#1110,.T.);
#1150=ORIENTED_EDGE('',*,*,#1140,.F.);
#1160=CARTESIAN_POINT('',(1041.9242656813,15.0000000000001,
-141.79538895096));
#1170=DIRECTION('',(0.,1.,0.));
#1180=DIRECTION('',(-0.5,-0.,-0.866025403784439));
#1190=AXIS2_PLACEMENT_3D('',#1160,#1170,#1180);
#1200=CIRCLE('',#1190,2.);
#1210=CARTESIAN_POINT('',(1041.82074307083,15.0000000000001,
-139.79806998066));
#1220=VERTEX_POINT('',#1210);
#1230=EDGE_CURVE('',#1130,#1220,#1200,.T.);
#1240=ORIENTED_EDGE('',*,*,#1230,.F.);
#1250=CARTESIAN_POINT('',(1041.49656558426,15.0000000000001,
-133.543534467242));
#1260=DIRECTION('',(0.,1.,0.));
#1270=DIRECTION('',(-0.5,-0.,-0.866025403784439));
#1280=AXIS2_PLACEMENT_3D('',#1250,#1260,#1270);
#1290=CIRCLE('',#1280,6.26293106551588);
#1300=CARTESIAN_POINT('',(1047.07524097103,15.0000000000001,
-130.697012649238));
#1310=VERTEX_POINT('',#1300);
#1320=EDGE_CURVE('',#1310,#1220,#1290,.T.);
#1330=ORIENTED_EDGE('',*,*,#1320,.T.);
#1340=CARTESIAN_POINT('',(1048.85673124401,15.0000000000001,
-129.788006374627));
#1350=DIRECTION('',(0.,1.,0.));
#1360=DIRECTION('',(-0.5,-0.,-0.866025403784439));
#1370=AXIS2_PLACEMENT_3D('',#1340,#1350,#1360);
#1380=CIRCLE('',#1370,2.);
#1390=CARTESIAN_POINT('',(1047.41103765386,15.0000000000001,
-128.405989716482));
#1400=VERTEX_POINT('',#1390);
#1410=EDGE_CURVE('',#1310,#1400,#1380,.T.);
#1420=ORIENTED_EDGE('',*,*,#1410,.F.);
#1430=CARTESIAN_POINT('',(1070.,15.0000000000001,-150.));
#1440=DIRECTION('',(0.,1.,0.));
#1450=DIRECTION('',(1.,0.,0.));
#1460=AXIS2_PLACEMENT_3D('',#1430,#1440,#1450);
#1470=CIRCLE('',#1460,31.25);
#1480=CARTESIAN_POINT('',(1062.59351969796,15.0000000000001,
-119.640379621354));
#1490=VERTEX_POINT('',#1480);
#1500=EDGE_CURVE('',#1400,#1490,#1470,.T.);
#1510=ORIENTED_EDGE('',*,*,#1500,.F.);
#1520=CARTESIAN_POINT('',(1063.06753443729,15.0000000000001,
-121.583395325587));
#1530=DIRECTION('',(0.,1.,0.));
#1540=DIRECTION('',(-1.,0.,0.));
#1550=AXIS2_PLACEMENT_3D('',#1520,#1530,#1540);
#1560=CIRCLE('',#1550,2.);
#1570=CARTESIAN_POINT('',(1064.74550209979,15.0000000000001,
-120.495082629898));
#1580=VERTEX_POINT('',#1570);
#1590=EDGE_CURVE('',#1490,#1580,#1560,.T.);
#1600=ORIENTED_EDGE('',*,*,#1590,.F.);
#1610=CARTESIAN_POINT('',(1070.,15.0000000000001,-117.087068934484));
#1620=DIRECTION('',(0.,1.,0.));
#1630=DIRECTION('',(-1.,0.,0.));
#1640=AXIS2_PLACEMENT_3D('',#1610,#1620,#1630);
#1650=CIRCLE('',#1640,6.26293106551588);
#1660=CARTESIAN_POINT('',(1075.25449790021,15.0000000000001,
-120.495082629898));
#1670=VERTEX_POINT('',#1660);
#1680=EDGE_CURVE('',#1670,#1580,#1650,.T.);
#1690=ORIENTED_EDGE('',*,*,#1680,.T.);
#1700=CARTESIAN_POINT('',(1076.93246556271,15.0000000000001,
-121.583395325587));
#1710=DIRECTION('',(0.,1.,0.));
#1720=DIRECTION('',(-1.,0.,0.));
#1730=AXIS2_PLACEMENT_3D('',#1700,#1710,#1720);
#1740=CIRCLE('',#1730,2.);
#1750=CARTESIAN_POINT('',(1077.40648030204,15.0000000000001,
-119.640379621354));
#1760=VERTEX_POINT('',#1750);
#1770=EDGE_CURVE('',#1670,#1760,#1740,.T.);
#1780=ORIENTED_EDGE('',*,*,#1770,.F.);
#1790=CARTESIAN_POINT('',(1070.,15.0000000000001,-150.));
#1800=DIRECTION('',(0.,1.,0.));
#1810=DIRECTION('',(1.,0.,0.));
#1820=AXIS2_PLACEMENT_3D('',#1790,#1800,#1810);
#1830=CIRCLE('',#1820,31.25);
#1840=CARTESIAN_POINT('',(1092.58896234614,15.0000000000001,
-128.405989716482));
#1850=VERTEX_POINT('',#1840);
#1860=EDGE_CURVE('',#1760,#1850,#1830,.T.);
#1870=ORIENTED_EDGE('',*,*,#1860,.F.);
#1880=CARTESIAN_POINT('',(1091.14326875599,15.0000000000001,
-129.788006374627));
#1890=DIRECTION('',(0.,1.,0.));
#1900=DIRECTION('',(-0.5,0.,0.866025403784439));
#1910=AXIS2_PLACEMENT_3D('',#1880,#1890,#1900);
#1920=CIRCLE('',#1910,2.);
#1930=CARTESIAN_POINT('',(1092.92475902897,15.0000000000001,
-130.697012649238));
#1940=VERTEX_POINT('',#1930);
#1950=EDGE_CURVE('',#1850,#1940,#1920,.T.);
#1960=ORIENTED_EDGE('',*,*,#1950,.F.);
#1970=CARTESIAN_POINT('',(1098.50343441574,15.0000000000001,
-133.543534467242));
#1980=DIRECTION('',(0.,1.,0.));
#1990=DIRECTION('',(-0.5,0.,0.866025403784439));
#2000=AXIS2_PLACEMENT_3D('',#1970,#1980,#1990);
#2010=CIRCLE('',#2000,6.26293106551588);
#2020=CARTESIAN_POINT('',(1098.17925692917,15.0000000000001,
-139.79806998066));
#2030=VERTEX_POINT('',#2020);
#2040=EDGE_CURVE('',#2030,#1940,#2010,.T.);
#2050=ORIENTED_EDGE('',*,*,#2040,.T.);
#2060=CARTESIAN_POINT('',(1098.0757343187,15.0000000000001,
-141.79538895096));
#2070=DIRECTION('',(0.,1.,0.));
#2080=DIRECTION('',(-0.5,0.,0.866025403784439));
#2090=AXIS2_PLACEMENT_3D('',#2060,#2070,#2080);
#2100=CIRCLE('',#2090,2.);
#2110=CARTESIAN_POINT('',(1099.99544264818,15.0000000000001,
-141.234389904872));
#2120=VERTEX_POINT('',#2110);
#2130=EDGE_CURVE('',#2030,#2120,#2100,.T.);
#2140=ORIENTED_EDGE('',*,*,#2130,.F.);
#2150=CARTESIAN_POINT('',(1070.,15.0000000000001,-150.));
#2160=DIRECTION('',(0.,1.,0.));
#2170=DIRECTION('',(1.,0.,0.));
#2180=AXIS2_PLACEMENT_3D('',#2150,#2160,#2170);
#2190=CIRCLE('',#2180,31.25);
#2200=EDGE_CURVE('',#2120,#120,#2190,.T.);
#2210=ORIENTED_EDGE('',*,*,#2200,.F.);
#2220=EDGE_LOOP('',(#2210,#2140,#2050,#1960,#1870,#1780,#1690,#1600,
#1510,#1420,#1330,#1240,#1150,#1060,#970,#880,#790,#700,#610,#520,#430,
#340,#250,#160));
#2230=FACE_BOUND('',#2220,.T.);
#2240=CARTESIAN_POINT('',(730.,15.0000000000001,-135.948593849089));
#2250=DIRECTION('',(0.997811963190292,0.,0.0661157024793388));
#2260=VECTOR('',#2250,1.);
#2270=LINE('',#2240,#2260);
#2280=CARTESIAN_POINT('',(964.836829353207,15.0000000000001,
-120.388145073685));
#2290=VERTEX_POINT('',#2280);
#2300=CARTESIAN_POINT('',(1067.5867768595,15.0000000000001,
-113.579863343554));
#2310=VERTEX_POINT('',#2300);
#2320=EDGE_CURVE('',#2290,#2310,#2270,.T.);
#2330=ORIENTED_EDGE('',*,*,#2320,.T.);
#2340=CARTESIAN_POINT('',(964.836829353207,15.0000000000001,-150.));
#2350=DIRECTION('',(0.,0.,-1.));
#2360=VECTOR('',#2350,1.);
#2370=LINE('',#2340,#2360);
#2380=CARTESIAN_POINT('',(964.836829353207,15.0000000000001,
-179.611854926315));
#2390=VERTEX_POINT('',#2380);
#2400=EDGE_CURVE('',#2290,#2390,#2370,.T.);
#2410=ORIENTED_EDGE('',*,*,#2400,.F.);
#2420=CARTESIAN_POINT('',(730.,15.0000000000001,-164.051406150911));
#2430=DIRECTION('',(0.997811963190292,0.,-0.066115702479339));
#2440=VECTOR('',#2430,1.);
#2450=LINE('',#2420,#2440);
#2460=CARTESIAN_POINT('',(1067.5867768595,15.0000000000001,
-186.420136656446));
#2470=VERTEX_POINT('',#2460);
#2480=EDGE_CURVE('',#2390,#2470,#2450,.T.);
#2490=ORIENTED_EDGE('',*,*,#2480,.F.);
#2500=CARTESIAN_POINT('',(1070.,15.0000000000001,-150.));
#2510=DIRECTION('',(0.,-1.,0.));
#2520=DIRECTION('',(1.,0.,0.));
#2530=AXIS2_PLACEMENT_3D('',#2500,#2510,#2520);
#2540=CIRCLE('',#2530,36.5);
#2550=CARTESIAN_POINT('',(1101.54320987654,15.0000000000001,
-168.365073119494));
#2560=VERTEX_POINT('',#2550);
#2570=EDGE_CURVE('',#2470,#2560,#2540,.T.);
#2580=ORIENTED_EDGE('',*,*,#2570,.F.);
#2590=CARTESIAN_POINT('',(1112.23571428571,15.0000000000001,-150.));
#2600=DIRECTION('',(-0.503152688205303,-0.,-0.864197530864198));
#2610=VECTOR('',#2600,1.);
#2620=LINE('',#2590,#2610);
#2630=CARTESIAN_POINT('',(1107.70554662061,15.0000000000001,
-157.780858181541));
#2640=VERTEX_POINT('',#2630);
#2650=EDGE_CURVE('',#2640,#2560,#2620,.T.);
#2660=ORIENTED_EDGE('',*,*,#2650,.T.);
#2670=CARTESIAN_POINT('',(1070.,15.0000000000001,-150.));
#2680=DIRECTION('',(0.,1.,0.));
#2690=DIRECTION('',(1.,0.,0.));
#2700=AXIS2_PLACEMENT_3D('',#2670,#2680,#2690);
#2710=CIRCLE('',#2700,38.5);
#2720=CARTESIAN_POINT('',(1107.70554662061,15.0000000000001,
-142.219141818458));
#2730=VERTEX_POINT('',#2720);
#2740=EDGE_CURVE('',#2730,#2640,#2710,.T.);
#2750=ORIENTED_EDGE('',*,*,#2740,.T.);
#2760=CARTESIAN_POINT('',(1112.23571428571,15.0000000000001,-150.));
#2770=DIRECTION('',(-0.503152688205306,0.,0.864197530864197));
#2780=VECTOR('',#2770,1.);
#2790=LINE('',#2760,#2780);
#2800=CARTESIAN_POINT('',(1101.54320987654,15.0000000000001,
-131.634926880506));
#2810=VERTEX_POINT('',#2800);
#2820=EDGE_CURVE('',#2730,#2810,#2790,.T.);
#2830=ORIENTED_EDGE('',*,*,#2820,.F.);
#2840=CARTESIAN_POINT('',(1070.,15.0000000000001,-150.));
#2850=DIRECTION('',(0.,-1.,0.));
#2860=DIRECTION('',(1.,0.,0.));
#2870=AXIS2_PLACEMENT_3D('',#2840,#2850,#2860);
#2880=CIRCLE('',#2870,36.5);
#2890=EDGE_CURVE('',#2810,#2310,#2880,.T.);
#2900=ORIENTED_EDGE('',*,*,#2890,.F.);
#2910=EDGE_LOOP('',(#2900,#2830,#2750,#2660,#2580,#2490,#2410,#2330));
#2920=FACE_OUTER_BOUND('',#2910,.T.);
#2930=ADVANCED_FACE('',(#2230,#2920),#50,.F.);
#2940=CARTESIAN_POINT('',(1112.23571428571,13.0000000000001,-150.));
#2950=DIRECTION('',(0.503152688205303,0.,0.864197530864198));
#2960=DIRECTION('',(0.864197530864198,0.,-0.503152688205303));
#2970=AXIS2_PLACEMENT_3D('',#2940,#2950,#2960);
#2980=CYLINDRICAL_SURFACE('',#2970,2.);
#2990=CARTESIAN_POINT('',(1101.54320987654,13.0000000000001,
-168.365073119494));
#3000=DIRECTION('',(0.503152688205303,0.,0.864197530864198));
#3010=DIRECTION('',(0.864197530864198,0.,-0.503152688205303));
#3020=AXIS2_PLACEMENT_3D('',#2990,#3000,#3010);
#3030=CIRCLE('',#3020,2.);
#3040=CARTESIAN_POINT('',(1103.27160493827,13.0000000000001,
-169.371378495904));
#3050=VERTEX_POINT('',#3040);
#3060=EDGE_CURVE('',#3050,#2560,#3030,.T.);
#3070=ORIENTED_EDGE('',*,*,#3060,.T.);
#3080=CARTESIAN_POINT('',(1070.,15.0000000000001,-150.));
#3090=DIRECTION('',(0.,1.,0.));
#3100=DIRECTION('',(1.,0.,0.));
#3110=AXIS2_PLACEMENT_3D('',#3080,#3090,#3100);
#3120=CYLINDRICAL_SURFACE('',#3110,38.5);
#3130=CARTESIAN_POINT('',(1107.70554662061,15.0000000000001,
-157.780858181541));
#3140=CARTESIAN_POINT('',(1107.59905520031,15.0000000000001,
-158.296908868885));
#3150=CARTESIAN_POINT('',(1107.48194689824,14.9791825193221,
-158.81079146186));
#3160=CARTESIAN_POINT('',(1107.3546678572,14.9435941935218,
-159.320879211667));
#3170=CARTESIAN_POINT('',(1107.22738578995,14.9080050215674,
-159.830979089408));
#3180=CARTESIAN_POINT('',(1107.08982563069,14.8575160043372,
-160.337733530418));
#3190=CARTESIAN_POINT('',(1106.94247192104,14.7961299457521,
-160.839915514591));
#3200=CARTESIAN_POINT('',(1106.79511911388,14.7347442631368,
-161.342094423061));
#3210=CARTESIAN_POINT('',(1106.63781630227,14.6623572816115,
-161.840264147706));
#3220=CARTESIAN_POINT('',(1106.47091028275,14.581826261259,
-162.333803271812));
#3230=CARTESIAN_POINT('',(1106.30398095648,14.5012839955615,
-162.827411313681));
#3240=CARTESIAN_POINT('',(1106.12755061372,14.4126285304839,
-163.316113430801));
#3250=CARTESIAN_POINT('',(1105.94171512153,14.3179777960988,
-163.800112830071));
#3260=CARTESIAN_POINT('',(1105.5699646892,14.1286358624641,
-164.768318546923));
#3270=CARTESIAN_POINT('',(1105.16075302136,13.9155731431893,
-165.71725323432));
#3280=CARTESIAN_POINT('',(1104.71548431986,13.6920448238002,
-166.645874817433));
#3290=CARTESIAN_POINT('',(1104.27017680075,13.4684970176746,
-167.574577355854));
#3300=CARTESIAN_POINT('',(1103.78863490659,13.2342073673543,
-168.483345832042));
#3310=CARTESIAN_POINT('',(1103.27160493827,13.0000000000001,
-169.371378495904));
#3320=B_SPLINE_CURVE_WITH_KNOTS('',3,(#3130,#3140,#3150,#3160,#3170,
#3180,#3190,#3200,#3210,#3220,#3230,#3240,#3250,#3260,#3270,#3280,#3290,
#3300,#3310),.UNSPECIFIED.,.F.,.F.,(4,3,3,3,3,3,4),(0.,1.58090593129684,
3.1620356738292,4.74336893384407,6.32457535625727,9.48683772880478,
12.6486836514959),.UNSPECIFIED.);
#3330=SURFACE_CURVE('',#3320,(#2980,#3120),.CURVE_3D.);
#3340=EDGE_CURVE('',#2640,#3050,#3330,.T.);
#3350=ORIENTED_EDGE('',*,*,#3340,.T.);
#3360=ORIENTED_EDGE('',*,*,#2650,.F.);
#3370=EDGE_LOOP('',(#3360,#3350,#3070));
#3380=FACE_OUTER_BOUND('',#3370,.T.);
#3390=ADVANCED_FACE('',(#3380),#2980,.T.);
#3400=CARTESIAN_POINT('',(1016.21180310636,30.0000000000001,-150.));
#3410=DIRECTION('',(-0.,1.,0.));
#3420=DIRECTION('',(1.,0.,0.));
#3430=AXIS2_PLACEMENT_3D('',#3400,#3410,#3420);
#3440=PLANE('',#3430);
#3450=CARTESIAN_POINT('',(1063.06753443729,30.0000000000001,
-121.583395325587));
#3460=DIRECTION('',(0.,1.,0.));
#3470=DIRECTION('',(-1.,0.,0.));
#3480=AXIS2_PLACEMENT_3D('',#3450,#3460,#3470);
#3490=CIRCLE('',#3480,2.);
#3500=CARTESIAN_POINT('',(1062.59351969796,30.0000000000001,
-119.640379621354));
#3510=VERTEX_POINT('',#3500);
#3520=CARTESIAN_POINT('',(1064.74550209979,30.0000000000001,
-120.495082629898));
#3530=VERTEX_POINT('',#3520);
#3540=EDGE_CURVE('',#3510,#3530,#3490,.T.);
#3550=ORIENTED_EDGE('',*,*,#3540,.T.);
#3560=CARTESIAN_POINT('',(1070.,30.0000000000001,-150.));
#3570=DIRECTION('',(0.,1.,0.));
#3580=DIRECTION('',(1.,0.,0.));
#3590=AXIS2_PLACEMENT_3D('',#3560,#3570,#3580);
#3600=CIRCLE('',#3590,31.25);
#3610=CARTESIAN_POINT('',(1047.41103765386,30.0000000000001,
-128.405989716482));
#3620=VERTEX_POINT('',#3610);
#3630=EDGE_CURVE('',#3620,#3510,#3600,.T.);
#3640=ORIENTED_EDGE('',*,*,#3630,.T.);
#3650=CARTESIAN_POINT('',(1048.85673124401,30.0000000000001,
-129.788006374627));
#3660=DIRECTION('',(0.,1.,0.));
#3670=DIRECTION('',(-0.5,-0.,-0.866025403784439));
#3680=AXIS2_PLACEMENT_3D('',#3650,#3660,#3670);
#3690=CIRCLE('',#3680,2.);
#3700=CARTESIAN_POINT('',(1047.07524097103,30.0000000000001,
-130.697012649238));
#3710=VERTEX_POINT('',#3700);
#3720=EDGE_CURVE('',#3710,#3620,#3690,.T.);
#3730=ORIENTED_EDGE('',*,*,#3720,.T.);
#3740=CARTESIAN_POINT('',(1041.49656558426,30.0000000000001,
-133.543534467242));
#3750=DIRECTION('',(0.,1.,0.));
#3760=DIRECTION('',(-0.5,-0.,-0.866025403784439));
#3770=AXIS2_PLACEMENT_3D('',#3740,#3750,#3760);
#3780=CIRCLE('',#3770,6.26293106551588);
#3790=CARTESIAN_POINT('',(1041.82074307083,30.0000000000001,
-139.79806998066));
#3800=VERTEX_POINT('',#3790);
#3810=EDGE_CURVE('',#3710,#3800,#3780,.T.);
#3820=ORIENTED_EDGE('',*,*,#3810,.F.);
#3830=CARTESIAN_POINT('',(1041.9242656813,30.0000000000001,
-141.79538895096));
#3840=DIRECTION('',(0.,1.,0.));
#3850=DIRECTION('',(-0.5,-0.,-0.866025403784439));
#3860=AXIS2_PLACEMENT_3D('',#3830,#3840,#3850);
#3870=CIRCLE('',#3860,2.);
#3880=CARTESIAN_POINT('',(1040.00455735182,30.0000000000001,
-141.234389904872));
#3890=VERTEX_POINT('',#3880);
#3900=EDGE_CURVE('',#3890,#3800,#3870,.T.);
#3910=ORIENTED_EDGE('',*,*,#3900,.T.);
#3920=CARTESIAN_POINT('',(1070.,30.0000000000001,-150.));
#3930=DIRECTION('',(0.,1.,0.));
#3940=DIRECTION('',(1.,0.,0.));
#3950=AXIS2_PLACEMENT_3D('',#3920,#3930,#3940);
#3960=CIRCLE('',#3950,31.25);
#3970=CARTESIAN_POINT('',(1040.00455735182,30.0000000000001,
-158.765610095128));
#3980=VERTEX_POINT('',#3970);
#3990=EDGE_CURVE('',#3980,#3890,#3960,.T.);
#4000=ORIENTED_EDGE('',*,*,#3990,.T.);
#4010=CARTESIAN_POINT('',(1041.9242656813,30.0000000000001,
-158.20461104904));
#4020=DIRECTION('',(0.,1.,0.));
#4030=DIRECTION('',(0.5,0.,-0.866025403784439));
#4040=AXIS2_PLACEMENT_3D('',#4010,#4020,#4030);
#4050=CIRCLE('',#4040,2.);
#4060=CARTESIAN_POINT('',(1041.82074307083,30.0000000000001,
-160.20193001934));
#4070=VERTEX_POINT('',#4060);
#4080=EDGE_CURVE('',#4070,#3980,#4050,.T.);
#4090=ORIENTED_EDGE('',*,*,#4080,.T.);
#4100=CARTESIAN_POINT('',(1041.49656558426,30.0000000000001,
-166.456465532758));
#4110=DIRECTION('',(0.,1.,0.));
#4120=DIRECTION('',(0.5,0.,-0.866025403784439));
#4130=AXIS2_PLACEMENT_3D('',#4100,#4110,#4120);
#4140=CIRCLE('',#4130,6.26293106551588);
#4150=CARTESIAN_POINT('',(1047.07524097103,30.0000000000001,
-169.302987350762));
#4160=VERTEX_POINT('',#4150);
#4170=EDGE_CURVE('',#4070,#4160,#4140,.T.);
#4180=ORIENTED_EDGE('',*,*,#4170,.F.);
#4190=CARTESIAN_POINT('',(1048.85673124401,30.0000000000001,
-170.211993625373));
#4200=DIRECTION('',(0.,1.,0.));
#4210=DIRECTION('',(0.5,0.,-0.866025403784439));
#4220=AXIS2_PLACEMENT_3D('',#4190,#4200,#4210);
#4230=CIRCLE('',#4220,2.);
#4240=CARTESIAN_POINT('',(1047.41103765386,30.0000000000001,
-171.594010283518));
#4250=VERTEX_POINT('',#4240);
#4260=EDGE_CURVE('',#4250,#4160,#4230,.T.);
#4270=ORIENTED_EDGE('',*,*,#4260,.T.);
#4280=CARTESIAN_POINT('',(1070.,30.0000000000001,-150.));
#4290=DIRECTION('',(0.,1.,0.));
#4300=DIRECTION('',(1.,0.,0.));
#4310=AXIS2_PLACEMENT_3D('',#4280,#4290,#4300);
#4320=CIRCLE('',#4310,31.25);
#4330=CARTESIAN_POINT('',(1062.59351969796,30.0000000000001,
-180.359620378646));
#4340=VERTEX_POINT('',#4330);
#4350=EDGE_CURVE('',#4340,#4250,#4320,.T.);
#4360=ORIENTED_EDGE('',*,*,#4350,.T.);
#4370=CARTESIAN_POINT('',(1063.06753443729,30.0000000000001,
-178.416604674413));
#4380=DIRECTION('',(0.,1.,0.));
#4390=DIRECTION('',(1.,0.,0.));
#4400=AXIS2_PLACEMENT_3D('',#4370,#4380,#4390);
#4410=CIRCLE('',#4400,2.);
#4420=CARTESIAN_POINT('',(1064.74550209979,30.0000000000001,
-179.504917370102));
#4430=VERTEX_POINT('',#4420);
#4440=EDGE_CURVE('',#4430,#4340,#4410,.T.);
#4450=ORIENTED_EDGE('',*,*,#4440,.T.);
#4460=CARTESIAN_POINT('',(1070.,30.0000000000001,-182.912931065516));
#4470=DIRECTION('',(0.,1.,0.));
#4480=DIRECTION('',(1.,0.,0.));
#4490=AXIS2_PLACEMENT_3D('',#4460,#4470,#4480);
#4500=CIRCLE('',#4490,6.26293106551588);
#4510=CARTESIAN_POINT('',(1075.25449790021,30.0000000000001,
-179.504917370102));
#4520=VERTEX_POINT('',#4510);
#4530=EDGE_CURVE('',#4430,#4520,#4500,.T.);
#4540=ORIENTED_EDGE('',*,*,#4530,.F.);
#4550=CARTESIAN_POINT('',(1076.93246556271,30.0000000000001,
-178.416604674413));
#4560=DIRECTION('',(0.,1.,0.));
#4570=DIRECTION('',(1.,0.,0.));
#4580=AXIS2_PLACEMENT_3D('',#4550,#4560,#4570);
#4590=CIRCLE('',#4580,2.);
#4600=CARTESIAN_POINT('',(1077.40648030204,30.0000000000001,
-180.359620378646));
#4610=VERTEX_POINT('',#4600);
#4620=EDGE_CURVE('',#4610,#4520,#4590,.T.);
#4630=ORIENTED_EDGE('',*,*,#4620,.T.);
#4640=CARTESIAN_POINT('',(1070.,30.0000000000001,-150.));
#4650=DIRECTION('',(0.,1.,0.));
#4660=DIRECTION('',(1.,0.,0.));
#4670=AXIS2_PLACEMENT_3D('',#4640,#4650,#4660);
#4680=CIRCLE('',#4670,31.25);
#4690=CARTESIAN_POINT('',(1092.58896234614,30.0000000000001,
-171.594010283518));
#4700=VERTEX_POINT('',#4690);
#4710=EDGE_CURVE('',#4700,#4610,#4680,.T.);
#4720=ORIENTED_EDGE('',*,*,#4710,.T.);
#4730=CARTESIAN_POINT('',(1091.14326875599,30.0000000000001,
-170.211993625373));
#4740=DIRECTION('',(0.,1.,0.));
#4750=DIRECTION('',(0.5,0.,0.866025403784439));
#4760=AXIS2_PLACEMENT_3D('',#4730,#4740,#4750);
#4770=CIRCLE('',#4760,2.);
#4780=CARTESIAN_POINT('',(1092.92475902897,30.0000000000001,
-169.302987350762));
#4790=VERTEX_POINT('',#4780);
#4800=EDGE_CURVE('',#4790,#4700,#4770,.T.);
#4810=ORIENTED_EDGE('',*,*,#4800,.T.);
#4820=CARTESIAN_POINT('',(1098.50343441574,30.0000000000001,
-166.456465532758));
#4830=DIRECTION('',(0.,1.,0.));
#4840=DIRECTION('',(0.5,0.,0.866025403784439));
#4850=AXIS2_PLACEMENT_3D('',#4820,#4830,#4840);
#4860=CIRCLE('',#4850,6.26293106551588);
#4870=CARTESIAN_POINT('',(1098.17925692917,30.0000000000001,
-160.20193001934));
#4880=VERTEX_POINT('',#4870);
#4890=EDGE_CURVE('',#4790,#4880,#4860,.T.);
#4900=ORIENTED_EDGE('',*,*,#4890,.F.);
#4910=CARTESIAN_POINT('',(1098.0757343187,30.0000000000001,
-158.20461104904));
#4920=DIRECTION('',(0.,1.,0.));
#4930=DIRECTION('',(0.5,0.,0.866025403784439));
#4940=AXIS2_PLACEMENT_3D('',#4910,#4920,#4930);
#4950=CIRCLE('',#4940,2.);
#4960=CARTESIAN_POINT('',(1099.99544264818,30.0000000000001,
-158.765610095128));
#4970=VERTEX_POINT('',#4960);
#4980=EDGE_CURVE('',#4970,#4880,#4950,.T.);
#4990=ORIENTED_EDGE('',*,*,#4980,.T.);
#5000=CARTESIAN_POINT('',(1070.,30.0000000000001,-150.));
#5010=DIRECTION('',(0.,1.,0.));
#5020=DIRECTION('',(1.,0.,0.));
#5030=AXIS2_PLACEMENT_3D('',#5000,#5010,#5020);
#5040=CIRCLE('',#5030,31.25);
#5050=CARTESIAN_POINT('',(1099.99544264818,30.0000000000001,
-141.234389904872));
#5060=VERTEX_POINT('',#5050);
#5070=EDGE_CURVE('',#5060,#4970,#5040,.T.);
#5080=ORIENTED_EDGE('',*,*,#5070,.T.);
#5090=CARTESIAN_POINT('',(1098.0757343187,30.0000000000001,
-141.79538895096));
#5100=DIRECTION('',(0.,1.,0.));
#5110=DIRECTION('',(-0.5,0.,0.866025403784439));
#5120=AXIS2_PLACEMENT_3D('',#5090,#5100,#5110);
#5130=CIRCLE('',#5120,2.);
#5140=CARTESIAN_POINT('',(1098.17925692917,30.0000000000001,
-139.79806998066));
#5150=VERTEX_POINT('',#5140);
#5160=EDGE_CURVE('',#5150,#5060,#5130,.T.);
#5170=ORIENTED_EDGE('',*,*,#5160,.T.);
#5180=CARTESIAN_POINT('',(1098.50343441574,30.0000000000001,
-133.543534467242));
#5190=DIRECTION('',(0.,1.,0.));
#5200=DIRECTION('',(-0.5,0.,0.866025403784439));
#5210=AXIS2_PLACEMENT_3D('',#5180,#5190,#5200);
#5220=CIRCLE('',#5210,6.26293106551588);
#5230=CARTESIAN_POINT('',(1092.92475902897,30.0000000000001,
-130.697012649238));
#5240=VERTEX_POINT('',#5230);
#5250=EDGE_CURVE('',#5150,#5240,#5220,.T.);
#5260=ORIENTED_EDGE('',*,*,#5250,.F.);
#5270=CARTESIAN_POINT('',(1091.14326875599,30.0000000000001,
-129.788006374627));
#5280=DIRECTION('',(0.,1.,0.));
#5290=DIRECTION('',(-0.5,0.,0.866025403784439));
#5300=AXIS2_PLACEMENT_3D('',#5270,#5280,#5290);
#5310=CIRCLE('',#5300,2.);
#5320=CARTESIAN_POINT('',(1092.58896234614,30.0000000000001,
-128.405989716482));
#5330=VERTEX_POINT('',#5320);
#5340=EDGE_CURVE('',#5330,#5240,#5310,.T.);
#5350=ORIENTED_EDGE('',*,*,#5340,.T.);
#5360=CARTESIAN_POINT('',(1070.,30.0000000000001,-150.));
#5370=DIRECTION('',(0.,1.,0.));
#5380=DIRECTION('',(1.,0.,0.));
#5390=AXIS2_PLACEMENT_3D('',#5360,#5370,#5380);
#5400=CIRCLE('',#5390,31.25);
#5410=CARTESIAN_POINT('',(1077.40648030204,30.0000000000001,
-119.640379621354));
#5420=VERTEX_POINT('',#5410);
#5430=EDGE_CURVE('',#5420,#5330,#5400,.T.);
#5440=ORIENTED_EDGE('',*,*,#5430,.T.);
#5450=CARTESIAN_POINT('',(1076.93246556271,30.0000000000001,
-121.583395325587));
#5460=DIRECTION('',(0.,1.,0.));
#5470=DIRECTION('',(-1.,0.,0.));
#5480=AXIS2_PLACEMENT_3D('',#5450,#5460,#5470);
#5490=CIRCLE('',#5480,2.);
#5500=CARTESIAN_POINT('',(1075.25449790021,30.0000000000001,
-120.495082629898));
#5510=VERTEX_POINT('',#5500);
#5520=EDGE_CURVE('',#5510,#5420,#5490,.T.);
#5530=ORIENTED_EDGE('',*,*,#5520,.T.);
#5540=CARTESIAN_POINT('',(1070.,30.0000000000001,-117.087068934484));
#5550=DIRECTION('',(0.,1.,0.));
#5560=DIRECTION('',(-1.,0.,0.));
#5570=AXIS2_PLACEMENT_3D('',#5540,#5550,#5560);
#5580=CIRCLE('',#5570,6.26293106551588);
#5590=EDGE_CURVE('',#5510,#3530,#5580,.T.);
#5600=ORIENTED_EDGE('',*,*,#5590,.F.);
#5610=EDGE_LOOP('',(#5600,#5530,#5440,#5350,#5260,#5170,#5080,#4990,
#4900,#4810,#4720,#4630,#4540,#4450,#4360,#4270,#4180,#4090,#4000,#3910,
#3820,#3730,#3640,#3550));
#5620=FACE_OUTER_BOUND('',#5610,.T.);
#5630=CARTESIAN_POINT('',(1070.,30.0000000000001,-150.));
#5640=DIRECTION('',(0.,1.,0.));
#5650=DIRECTION('',(1.,0.,0.));
#5660=AXIS2_PLACEMENT_3D('',#5630,#5640,#5650);
#5670=CIRCLE('',#5660,28.75);
#5680=CARTESIAN_POINT('',(1077.15,30.0000000000001,-122.153276673906));
#5690=VERTEX_POINT('',#5680);
#5700=CARTESIAN_POINT('',(1090.54096981255,30.0000000000001,
-129.884556699895));
#5710=VERTEX_POINT('',#5700);
#5720=EDGE_CURVE('',#5690,#5710,#5670,.T.);
#5730=ORIENTED_EDGE('',*,*,#5720,.F.);
#5740=CARTESIAN_POINT('',(1098.50343441574,30.0000000000001,
-133.543534467242));
#5750=DIRECTION('',(0.,1.,0.));
#5760=DIRECTION('',(-0.5,0.,0.866025403784439));
#5770=AXIS2_PLACEMENT_3D('',#5740,#5750,#5760);
#5780=CIRCLE('',#5770,8.76293106551588);
#5790=CARTESIAN_POINT('',(1097.69096981255,30.0000000000001,
-142.268719974012));
#5800=VERTEX_POINT('',#5790);
#5810=EDGE_CURVE('',#5800,#5710,#5780,.T.);
#5820=ORIENTED_EDGE('',*,*,#5810,.T.);
#5830=CARTESIAN_POINT('',(1070.,30.0000000000001,-150.));
#5840=DIRECTION('',(0.,1.,0.));
#5850=DIRECTION('',(1.,0.,0.));
#5860=AXIS2_PLACEMENT_3D('',#5830,#5840,#5850);
#5870=CIRCLE('',#5860,28.75);
#5880=CARTESIAN_POINT('',(1097.69096981255,30.0000000000001,
-157.731280025988));
#5890=VERTEX_POINT('',#5880);
#5900=EDGE_CURVE('',#5800,#5890,#5870,.T.);
#5910=ORIENTED_EDGE('',*,*,#5900,.F.);
#5920=CARTESIAN_POINT('',(1098.50343441574,30.0000000000001,
-166.456465532758));
#5930=DIRECTION('',(0.,1.,0.));
#5940=DIRECTION('',(0.5,0.,0.866025403784439));
#5950=AXIS2_PLACEMENT_3D('',#5920,#5930,#5940);
#5960=CIRCLE('',#5950,8.76293106551588);
#5970=CARTESIAN_POINT('',(1090.54096981255,30.0000000000001,
-170.115443300105));
#5980=VERTEX_POINT('',#5970);
#5990=EDGE_CURVE('',#5980,#5890,#5960,.T.);
#6000=ORIENTED_EDGE('',*,*,#5990,.T.);
#6010=CARTESIAN_POINT('',(1070.,30.0000000000001,-150.));
#6020=DIRECTION('',(0.,1.,0.));
#6030=DIRECTION('',(1.,0.,0.));
#6040=AXIS2_PLACEMENT_3D('',#6010,#6020,#6030);
#6050=CIRCLE('',#6040,28.75);
#6060=CARTESIAN_POINT('',(1077.15,30.0000000000001,-177.846723326094));
#6070=VERTEX_POINT('',#6060);
#6080=EDGE_CURVE('',#5980,#6070,#6050,.T.);
#6090=ORIENTED_EDGE('',*,*,#6080,.F.);
#6100=CARTESIAN_POINT('',(1070.,30.0000000000001,-182.912931065516));
#6110=DIRECTION('',(0.,1.,0.));
#6120=DIRECTION('',(1.,0.,0.));
#6130=AXIS2_PLACEMENT_3D('',#6100,#6110,#6120);
#6140=CIRCLE('',#6130,8.76293106551588);
#6150=CARTESIAN_POINT('',(1062.85,30.0000000000001,-177.846723326094));
#6160=VERTEX_POINT('',#6150);
#6170=EDGE_CURVE('',#6160,#6070,#6140,.T.);
#6180=ORIENTED_EDGE('',*,*,#6170,.T.);
#6190=CARTESIAN_POINT('',(1070.,30.0000000000001,-150.));
#6200=DIRECTION('',(0.,1.,0.));
#6210=DIRECTION('',(1.,0.,0.));
#6220=AXIS2_PLACEMENT_3D('',#6190,#6200,#6210);
#6230=CIRCLE('',#6220,28.75);
#6240=CARTESIAN_POINT('',(1049.45903018745,30.0000000000001,
-170.115443300105));
#6250=VERTEX_POINT('',#6240);
#6260=EDGE_CURVE('',#6160,#6250,#6230,.T.);
#6270=ORIENTED_EDGE('',*,*,#6260,.F.);
#6280=CARTESIAN_POINT('',(1041.49656558426,30.0000000000001,
-166.456465532758));
#6290=DIRECTION('',(0.,1.,0.));
#6300=DIRECTION('',(0.5,0.,-0.866025403784439));
#6310=AXIS2_PLACEMENT_3D('',#6280,#6290,#6300);
#6320=CIRCLE('',#6310,8.76293106551588);
#6330=CARTESIAN_POINT('',(1042.30903018745,30.0000000000001,
-157.731280025988));
#6340=VERTEX_POINT('',#6330);
#6350=EDGE_CURVE('',#6340,#6250,#6320,.T.);
#6360=ORIENTED_EDGE('',*,*,#6350,.T.);
#6370=CARTESIAN_POINT('',(1070.,30.0000000000001,-150.));
#6380=DIRECTION('',(0.,1.,0.));
#6390=DIRECTION('',(1.,0.,0.));
#6400=AXIS2_PLACEMENT_3D('',#6370,#6380,#6390);
#6410=CIRCLE('',#6400,28.75);
#6420=CARTESIAN_POINT('',(1042.30903018745,30.0000000000001,
-142.268719974012));
#6430=VERTEX_POINT('',#6420);
#6440=EDGE_CURVE('',#6340,#6430,#6410,.T.);
#6450=ORIENTED_EDGE('',*,*,#6440,.F.);
#6460=CARTESIAN_POINT('',(1041.49656558426,30.0000000000001,
-133.543534467242));
#6470=DIRECTION('',(0.,1.,0.));
#6480=DIRECTION('',(-0.5,-0.,-0.866025403784439));
#6490=AXIS2_PLACEMENT_3D('',#6460,#6470,#6480);
#6500=CIRCLE('',#6490,8.76293106551588);
#6510=CARTESIAN_POINT('',(1049.45903018745,30.0000000000001,
-129.884556699895));
#6520=VERTEX_POINT('',#6510);
#6530=EDGE_CURVE('',#6520,#6430,#6500,.T.);
#6540=ORIENTED_EDGE('',*,*,#6530,.T.);
#6550=CARTESIAN_POINT('',(1070.,30.0000000000001,-150.));
#6560=DIRECTION('',(0.,1.,0.));
#6570=DIRECTION('',(1.,0.,0.));
#6580=AXIS2_PLACEMENT_3D('',#6550,#6560,#6570);
#6590=CIRCLE('',#6580,28.75);
#6600=CARTESIAN_POINT('',(1062.85,30.0000000000001,-122.153276673907));
#6610=VERTEX_POINT('',#6600);
#6620=EDGE_CURVE('',#6520,#6610,#6590,.T.);
#6630=ORIENTED_EDGE('',*,*,#6620,.F.);
#6640=CARTESIAN_POINT('',(1070.,30.0000000000001,-117.087068934484));
#6650=DIRECTION('',(0.,1.,0.));
#6660=DIRECTION('',(-1.,0.,0.));
#6670=AXIS2_PLACEMENT_3D('',#6640,#6650,#6660);
#6680=CIRCLE('',#6670,8.76293106551588);
#6690=EDGE_CURVE('',#5690,#6610,#6680,.T.);
#6700=ORIENTED_EDGE('',*,*,#6690,.T.);
#6710=EDGE_LOOP('',(#6700,#6630,#6540,#6450,#6360,#6270,#6180,#6090,
#6000,#5910,#5820,#5730));
#6720=FACE_BOUND('',#6710,.T.);
#6730=ADVANCED_FACE('',(#5620,#6720),#3440,.T.);
#6740=CARTESIAN_POINT('',(1112.23571428571,13.0000000000001,-150.));
#6750=DIRECTION('',(-0.503152688205306,0.,0.864197530864197));
#6760=DIRECTION('',(0.864197530864197,0.,0.503152688205306));
#6770=AXIS2_PLACEMENT_3D('',#6740,#6750,#6760);
#6780=CYLINDRICAL_SURFACE('',#6770,2.);
#6790=CARTESIAN_POINT('',(1103.27160493827,13.0000000000001,
-130.628621504096));
#6800=CARTESIAN_POINT('',(1103.78863490659,13.2342073673534,
-131.516654167957));
#6810=CARTESIAN_POINT('',(1104.27017680075,13.468497017674,
-132.425422644146));
#6820=CARTESIAN_POINT('',(1104.71548431986,13.6920448237997,
-133.354125182567));
#6830=CARTESIAN_POINT('',(1105.16075302136,13.9155731431891,
-134.28274676568));
#6840=CARTESIAN_POINT('',(1105.5699646892,14.1286358624641,
-135.231681453077));
#6850=CARTESIAN_POINT('',(1105.94171512153,14.3179777960989,
-136.199887169929));
#6860=CARTESIAN_POINT('',(1106.12755061372,14.4126285304838,
-136.683886569198));
#6870=CARTESIAN_POINT('',(1106.30398095648,14.5012839955616,
-137.17258868632));
#6880=CARTESIAN_POINT('',(1106.47091028275,14.581826261259,
-137.666196728187));
#6890=CARTESIAN_POINT('',(1106.63781630227,14.6623572816114,
-138.159735852293));
#6900=CARTESIAN_POINT('',(1106.79511911388,14.7347442631367,
-138.657905576939));
#6910=CARTESIAN_POINT('',(1106.94247192104,14.7961299457519,
-139.160084485408));
#6920=CARTESIAN_POINT('',(1107.08982563069,14.857516004337,
-139.66226646958));
#6930=CARTESIAN_POINT('',(1107.22738578995,14.9080050215674,
-140.169020910592));
#6940=CARTESIAN_POINT('',(1107.3546678572,14.9435941935218,
-140.679120788333));
#6950=CARTESIAN_POINT('',(1107.48194689824,14.9791825193221,
-141.18920853814));
#6960=CARTESIAN_POINT('',(1107.59905520031,15.0000000000001,
-141.703091131115));
#6970=CARTESIAN_POINT('',(1107.70554662061,15.0000000000001,
-142.219141818458));
#6980=B_SPLINE_CURVE_WITH_KNOTS('',3,(#6790,#6800,#6810,#6820,#6830,
#6840,#6850,#6860,#6870,#6880,#6890,#6900,#6910,#6920,#6930,#6940,#6950,
#6960,#6970),.UNSPECIFIED.,.F.,.F.,(4,3,3,3,3,3,4),(0.,3.16184592269089,
6.32410829523837,7.90531471765146,9.48664797766622,11.0677777201986,
12.6486836514953),.UNSPECIFIED.);
#6990=SURFACE_CURVE('',#6980,(#6780,#3120),.CURVE_3D.);
#7000=CARTESIAN_POINT('',(1103.27160493827,13.0000000000001,
-130.628621504096));
#7010=VERTEX_POINT('',#7000);
#7020=EDGE_CURVE('',#7010,#2730,#6990,.T.);
#7030=ORIENTED_EDGE('',*,*,#7020,.T.);
#7040=CARTESIAN_POINT('',(1101.54320987654,13.0000000000001,
-131.634926880506));
#7050=DIRECTION('',(-0.503152688205306,0.,0.864197530864197));
#7060=DIRECTION('',(0.864197530864197,0.,0.503152688205306));
#7070=AXIS2_PLACEMENT_3D('',#7040,#7050,#7060);
#7080=CIRCLE('',#7070,2.);
#7090=EDGE_CURVE('',#7010,#2810,#7080,.T.);
#7100=ORIENTED_EDGE('',*,*,#7090,.F.);
#7110=ORIENTED_EDGE('',*,*,#2820,.T.);
#7120=EDGE_LOOP('',(#7110,#7100,#7030));
#7130=FACE_OUTER_BOUND('',#7120,.T.);
#7140=ADVANCED_FACE('',(#7130),#6780,.T.);
#7150=CARTESIAN_POINT('',(730.,13.0000000000001,-164.051406150911));
#7160=DIRECTION('',(0.997811963190292,0.,-0.066115702479339));
#7170=DIRECTION('',(-0.066115702479339,-0.,-0.997811963190292));
#7180=AXIS2_PLACEMENT_3D('',#7150,#7160,#7170);
#7190=CYLINDRICAL_SURFACE('',#7180,2.);
#7200=CARTESIAN_POINT('',(964.836829353207,15.0000000000001,
-179.611854926315));
#7210=CARTESIAN_POINT('',(964.759369989554,15.0000000000001,
-180.780864356993));
#7220=CARTESIAN_POINT('',(964.704597948249,14.1715728752539,
-181.607478852696));
#7230=CARTESIAN_POINT('',(964.704597948249,13.0000000000001,
-181.607478852696));
#7240=(BOUNDED_CURVE() B_SPLINE_CURVE(3,(#7200,#7210,#7220,#7230),
.UNSPECIFIED.,.F.,.F.) B_SPLINE_CURVE_WITH_KNOTS((4,4),(0.,1.),
.UNSPECIFIED.) CURVE() GEOMETRIC_REPRESENTATION_ITEM() 
RATIONAL_B_SPLINE_CURVE((1.,0.804737854124365,0.804737854124365,1.)) 
REPRESENTATION_ITEM(''));
#7250=CARTESIAN_POINT('',(964.704597948249,13.0000000000001,
-181.607478852696));
#7260=VERTEX_POINT('',#7250);
#7270=EDGE_CURVE('',#2390,#7260,#7240,.T.);
#7280=ORIENTED_EDGE('',*,*,#7270,.F.);
#7290=CARTESIAN_POINT('',(729.867768595041,13.0000000000001,
-166.047030077292));
#7300=DIRECTION('',(0.997811963190292,0.,-0.066115702479339));
#7310=VECTOR('',#7300,1.);
#7320=LINE('',#7290,#7310);
#7330=CARTESIAN_POINT('',(1067.45454545455,13.0000000000001,
-188.415760582826));
#7340=VERTEX_POINT('',#7330);
#7350=EDGE_CURVE('',#7260,#7340,#7320,.T.);
#7360=ORIENTED_EDGE('',*,*,#7350,.F.);
#7370=CARTESIAN_POINT('',(1067.5867768595,13.0000000000001,
-186.420136656446));
#7380=DIRECTION('',(0.997811963190292,0.,-0.0661157024793389));
#7390=DIRECTION('',(-0.0661157024793389,-0.,-0.997811963190292));
#7400=AXIS2_PLACEMENT_3D('',#7370,#7380,#7390);
#7410=CIRCLE('',#7400,2.);
#7420=EDGE_CURVE('',#7340,#2470,#7410,.T.);
#7430=ORIENTED_EDGE('',*,*,#7420,.F.);
#7440=ORIENTED_EDGE('',*,*,#2480,.T.);
#7450=EDGE_LOOP('',(#7440,#7430,#7360,#7280));
#7460=FACE_OUTER_BOUND('',#7450,.T.);
#7470=ADVANCED_FACE('',(#7460),#7190,.T.);
#7480=CARTESIAN_POINT('',(730.,13.0000000000001,-135.948593849089));
#7490=DIRECTION('',(-0.997811963190292,-0.,-0.0661157024793388));
#7500=DIRECTION('',(-0.0661157024793388,0.,0.997811963190292));
#7510=AXIS2_PLACEMENT_3D('',#7480,#7490,#7500);
#7520=CYLINDRICAL_SURFACE('',#7510,2.);
#7530=CARTESIAN_POINT('',(1067.5867768595,13.0000000000001,
-113.579863343554));
#7540=DIRECTION('',(-0.997811963190292,-0.,-0.0661157024793389));
#7550=DIRECTION('',(-0.0661157024793389,0.,0.997811963190292));
#7560=AXIS2_PLACEMENT_3D('',#7530,#7540,#7550);
#7570=CIRCLE('',#7560,2.);
#7580=CARTESIAN_POINT('',(1067.45454545455,13.0000000000001,
-111.584239417174));
#7590=VERTEX_POINT('',#7580);
#7600=EDGE_CURVE('',#7590,#2310,#7570,.T.);
#7610=ORIENTED_EDGE('',*,*,#7600,.T.);
#7620=CARTESIAN_POINT('',(729.867768595041,13.0000000000001,
-133.952969922708));
#7630=DIRECTION('',(0.997811963190292,0.,0.0661157024793388));
#7640=VECTOR('',#7630,1.);
#7650=LINE('',#7620,#7640);
#7660=CARTESIAN_POINT('',(964.704597948249,13.0000000000001,
-118.392521147304));
#7670=VERTEX_POINT('',#7660);
#7680=EDGE_CURVE('',#7670,#7590,#7650,.T.);
#7690=ORIENTED_EDGE('',*,*,#7680,.T.);
#7700=CARTESIAN_POINT('',(964.704597948249,13.0000000000001,
-118.392521147304));
#7710=CARTESIAN_POINT('',(964.704597948249,14.1715728752539,
-118.392521147304));
#7720=CARTESIAN_POINT('',(964.759369989554,15.0000000000001,
-119.219135643007));
#7730=CARTESIAN_POINT('',(964.836829353207,15.0000000000001,
-120.388145073685));
#7740=(BOUNDED_CURVE() B_SPLINE_CURVE(3,(#7700,#7710,#7720,#7730),
.UNSPECIFIED.,.F.,.F.) B_SPLINE_CURVE_WITH_KNOTS((4,4),(0.,1.),
.UNSPECIFIED.) CURVE() GEOMETRIC_REPRESENTATION_ITEM() 
RATIONAL_B_SPLINE_CURVE((1.,0.804737854124365,0.804737854124365,1.)) 
REPRESENTATION_ITEM(''));
#7750=EDGE_CURVE('',#7670,#2290,#7740,.T.);
#7760=ORIENTED_EDGE('',*,*,#7750,.F.);
#7770=ORIENTED_EDGE('',*,*,#2320,.F.);
#7780=EDGE_LOOP('',(#7770,#7760,#7690,#7610));
#7790=FACE_OUTER_BOUND('',#7780,.T.);
#7800=ADVANCED_FACE('',(#7790),#7520,.T.);
#7810=CARTESIAN_POINT('',(1070.,13.0000000000001,-150.));
#7820=DIRECTION('',(0.,-1.,0.));
#7830=DIRECTION('',(1.,0.,0.));
#7840=AXIS2_PLACEMENT_3D('',#7810,#7820,#7830);
#7850=TOROIDAL_SURFACE('',#7840,36.5,2.);
#7860=ORIENTED_EDGE('',*,*,#7420,.T.);
#7870=CARTESIAN_POINT('',(1070.,13.0000000000001,-150.));
#7880=DIRECTION('',(0.,-1.,0.));
#7890=DIRECTION('',(1.,0.,0.));
#7900=AXIS2_PLACEMENT_3D('',#7870,#7880,#7890);
#7910=CIRCLE('',#7900,38.5);
#7920=EDGE_CURVE('',#7340,#3050,#7910,.T.);
#7930=ORIENTED_EDGE('',*,*,#7920,.F.);
#7940=ORIENTED_EDGE('',*,*,#3060,.F.);
#7950=ORIENTED_EDGE('',*,*,#2570,.T.);
#7960=EDGE_LOOP('',(#7950,#7940,#7930,#7860));
#7970=FACE_OUTER_BOUND('',#7960,.T.);
#7980=ADVANCED_FACE('',(#7970),#7850,.T.);
#7990=CARTESIAN_POINT('',(1070.,13.0000000000001,-150.));
#8000=DIRECTION('',(0.,-1.,0.));
#8010=DIRECTION('',(1.,0.,0.));
#8020=AXIS2_PLACEMENT_3D('',#7990,#8000,#8010);
#8030=TOROIDAL_SURFACE('',#8020,36.5,2.);
#8040=ORIENTED_EDGE('',*,*,#7090,.T.);
#8050=CARTESIAN_POINT('',(1070.,13.0000000000001,-150.));
#8060=DIRECTION('',(0.,-1.,0.));
#8070=DIRECTION('',(1.,0.,0.));
#8080=AXIS2_PLACEMENT_3D('',#8050,#8060,#8070);
#8090=CIRCLE('',#8080,38.5);
#8100=EDGE_CURVE('',#7010,#7590,#8090,.T.);
#8110=ORIENTED_EDGE('',*,*,#8100,.F.);
#8120=ORIENTED_EDGE('',*,*,#7600,.F.);
#8130=ORIENTED_EDGE('',*,*,#2890,.T.);
#8140=EDGE_LOOP('',(#8130,#8120,#8110,#8040));
#8150=FACE_OUTER_BOUND('',#8140,.T.);
#8160=ADVANCED_FACE('',(#8150),#8030,.T.);
#8170=CARTESIAN_POINT('',(1098.50343441574,15.0000000000001,
-166.456465532758));
#8180=DIRECTION('',(0.,1.,0.));
#8190=DIRECTION('',(0.5,0.,0.866025403784439));
#8200=AXIS2_PLACEMENT_3D('',#8170,#8180,#8190);
#8210=CIRCLE('',#8200,8.76293106551588);
#8220=CARTESIAN_POINT('',(1090.54096981255,15.0000000000001,
-170.115443300105));
#8230=VERTEX_POINT('',#8220);
#8240=CARTESIAN_POINT('',(1097.69096981255,15.0000000000001,
-157.731280025988));
#8250=VERTEX_POINT('',#8240);
#8260=EDGE_CURVE('',#8230,#8250,#8210,.T.);
#8270=ORIENTED_EDGE('',*,*,#8260,.F.);
#8280=CARTESIAN_POINT('',(1070.,15.0000000000001,-150.));
#8290=DIRECTION('',(0.,1.,0.));
#8300=DIRECTION('',(1.,0.,0.));
#8310=AXIS2_PLACEMENT_3D('',#8280,#8290,#8300);
#8320=CIRCLE('',#8310,28.75);
#8330=CARTESIAN_POINT('',(1097.69096981255,15.0000000000001,
-142.268719974012));
#8340=VERTEX_POINT('',#8330);
#8350=EDGE_CURVE('',#8340,#8250,#8320,.T.);
#8360=ORIENTED_EDGE('',*,*,#8350,.T.);
#8370=CARTESIAN_POINT('',(1098.50343441574,15.0000000000001,
-133.543534467242));
#8380=DIRECTION('',(0.,1.,0.));
#8390=DIRECTION('',(-0.5,0.,0.866025403784439));
#8400=AXIS2_PLACEMENT_3D('',#8370,#8380,#8390);
#8410=CIRCLE('',#8400,8.76293106551588);
#8420=CARTESIAN_POINT('',(1090.54096981255,15.0000000000001,
-129.884556699895));
#8430=VERTEX_POINT('',#8420);
#8440=EDGE_CURVE('',#8340,#8430,#8410,.T.);
#8450=ORIENTED_EDGE('',*,*,#8440,.F.);
#8460=CARTESIAN_POINT('',(1070.,15.0000000000001,-150.));
#8470=DIRECTION('',(0.,1.,0.));
#8480=DIRECTION('',(1.,0.,0.));
#8490=AXIS2_PLACEMENT_3D('',#8460,#8470,#8480);
#8500=CIRCLE('',#8490,28.75);
#8510=CARTESIAN_POINT('',(1077.15,15.0000000000001,-122.153276673906));
#8520=VERTEX_POINT('',#8510);
#8530=EDGE_CURVE('',#8520,#8430,#8500,.T.);
#8540=ORIENTED_EDGE('',*,*,#8530,.T.);
#8550=CARTESIAN_POINT('',(1070.,15.0000000000001,-117.087068934484));
#8560=DIRECTION('',(0.,1.,0.));
#8570=DIRECTION('',(-1.,0.,0.));
#8580=AXIS2_PLACEMENT_3D('',#8550,#8560,#8570);
#8590=CIRCLE('',#8580,8.76293106551588);
#8600=CARTESIAN_POINT('',(1062.85,15.0000000000001,-122.153276673906));
#8610=VERTEX_POINT('',#8600);
#8620=EDGE_CURVE('',#8520,#8610,#8590,.T.);
#8630=ORIENTED_EDGE('',*,*,#8620,.F.);
#8640=CARTESIAN_POINT('',(1070.,15.0000000000001,-150.));
#8650=DIRECTION('',(0.,1.,0.));
#8660=DIRECTION('',(1.,0.,0.));
#8670=AXIS2_PLACEMENT_3D('',#8640,#8650,#8660);
#8680=CIRCLE('',#8670,28.75);
#8690=CARTESIAN_POINT('',(1049.45903018745,15.0000000000001,
-129.884556699895));
#8700=VERTEX_POINT('',#8690);
#8710=EDGE_CURVE('',#8700,#8610,#8680,.T.);
#8720=ORIENTED_EDGE('',*,*,#8710,.T.);
#8730=CARTESIAN_POINT('',(1041.49656558426,15.0000000000001,
-133.543534467242));
#8740=DIRECTION('',(0.,1.,0.));
#8750=DIRECTION('',(-0.5,-0.,-0.866025403784439));
#8760=AXIS2_PLACEMENT_3D('',#8730,#8740,#8750);
#8770=CIRCLE('',#8760,8.76293106551588);
#8780=CARTESIAN_POINT('',(1042.30903018745,15.0000000000001,
-142.268719974012));
#8790=VERTEX_POINT('',#8780);
#8800=EDGE_CURVE('',#8700,#8790,#8770,.T.);
#8810=ORIENTED_EDGE('',*,*,#8800,.F.);
#8820=CARTESIAN_POINT('',(1070.,15.0000000000001,-150.));
#8830=DIRECTION('',(0.,1.,0.));
#8840=DIRECTION('',(1.,0.,0.));
#8850=AXIS2_PLACEMENT_3D('',#8820,#8830,#8840);
#8860=CIRCLE('',#8850,28.75);
#8870=CARTESIAN_POINT('',(1042.30903018745,15.0000000000001,
-157.731280025988));
#8880=VERTEX_POINT('',#8870);
#8890=EDGE_CURVE('',#8880,#8790,#8860,.T.);
#8900=ORIENTED_EDGE('',*,*,#8890,.T.);
#8910=CARTESIAN_POINT('',(1041.49656558426,15.0000000000001,
-166.456465532758));
#8920=DIRECTION('',(0.,1.,0.));
#8930=DIRECTION('',(0.5,0.,-0.866025403784439));
#8940=AXIS2_PLACEMENT_3D('',#8910,#8920,#8930);
#8950=CIRCLE('',#8940,8.76293106551588);
#8960=CARTESIAN_POINT('',(1049.45903018745,15.0000000000001,
-170.115443300105));
#8970=VERTEX_POINT('',#8960);
#8980=EDGE_CURVE('',#8880,#8970,#8950,.T.);
#8990=ORIENTED_EDGE('',*,*,#8980,.F.);
#9000=CARTESIAN_POINT('',(1070.,15.0000000000001,-150.));
#9010=DIRECTION('',(0.,1.,0.));
#9020=DIRECTION('',(1.,0.,0.));
#9030=AXIS2_PLACEMENT_3D('',#9000,#9010,#9020);
#9040=CIRCLE('',#9030,28.75);
#9050=CARTESIAN_POINT('',(1062.85,15.0000000000001,-177.846723326094));
#9060=VERTEX_POINT('',#9050);
#9070=EDGE_CURVE('',#9060,#8970,#9040,.T.);
#9080=ORIENTED_EDGE('',*,*,#9070,.T.);
#9090=CARTESIAN_POINT('',(1070.,15.0000000000001,-182.912931065516));
#9100=DIRECTION('',(0.,1.,0.));
#9110=DIRECTION('',(1.,0.,0.));
#9120=AXIS2_PLACEMENT_3D('',#9090,#9100,#9110);
#9130=CIRCLE('',#9120,8.76293106551588);
#9140=CARTESIAN_POINT('',(1077.15,15.0000000000001,-177.846723326094));
#9150=VERTEX_POINT('',#9140);
#9160=EDGE_CURVE('',#9060,#9150,#9130,.T.);
#9170=ORIENTED_EDGE('',*,*,#9160,.F.);
#9180=CARTESIAN_POINT('',(1070.,15.0000000000001,-150.));
#9190=DIRECTION('',(0.,1.,0.));
#9200=DIRECTION('',(1.,0.,0.));
#9210=AXIS2_PLACEMENT_3D('',#9180,#9190,#9200);
#9220=CIRCLE('',#9210,28.75);
#9230=EDGE_CURVE('',#8230,#9150,#9220,.T.);
#9240=ORIENTED_EDGE('',*,*,#9230,.T.);
#9250=EDGE_LOOP('',(#9240,#9170,#9080,#8990,#8900,#8810,#8720,#8630,
#8540,#8450,#8360,#8270));
#9260=FACE_OUTER_BOUND('',#9250,.T.);
#9270=CARTESIAN_POINT('',(1070.,15.0000000000001,-150.));
#9280=DIRECTION('',(0.,-1.,0.));
#9290=DIRECTION('',(1.,0.,0.));
#9300=AXIS2_PLACEMENT_3D('',#9270,#9280,#9290);
#9310=CIRCLE('',#9300,5.09999999999999);
#9320=CARTESIAN_POINT('',(1075.1,15.0000000000001,-150.));
#9330=VERTEX_POINT('',#9320);
#9340=CARTESIAN_POINT('',(1064.9,15.0000000000001,-150.));
#9350=VERTEX_POINT('',#9340);
#9360=EDGE_CURVE('',#9330,#9350,#9310,.T.);
#9370=ORIENTED_EDGE('',*,*,#9360,.T.);
#9380=EDGE_CURVE('',#9350,#9330,#9310,.T.);
#9390=ORIENTED_EDGE('',*,*,#9380,.T.);
#9400=EDGE_LOOP('',(#9390,#9370));
#9410=FACE_BOUND('',#9400,.T.);
#9420=ADVANCED_FACE('',(#9260,#9410),#50,.F.);
#9430=CARTESIAN_POINT('',(730.,-28.9999999999999,-150.));
#9440=DIRECTION('',(0.,-1.,0.));
#9450=DIRECTION('',(1.,0.,0.));
#9460=AXIS2_PLACEMENT_3D('',#9430,#9440,#9450);
#9470=PLANE('',#9460);
#9480=CARTESIAN_POINT('',(949.,-28.9999999999999,-150.));
#9490=DIRECTION('',(0.,-1.,0.));
#9500=DIRECTION('',(1.,0.,0.));
#9510=AXIS2_PLACEMENT_3D('',#9480,#9490,#9500);
#9520=CIRCLE('',#9510,30.5);
#9530=CARTESIAN_POINT('',(946.98347107438,-28.9999999999999,
-119.566735122696));
#9540=VERTEX_POINT('',#9530);
#9550=CARTESIAN_POINT('',(946.98347107438,-28.9999999999999,
-180.433264877304));
#9560=VERTEX_POINT('',#9550);
#9570=EDGE_CURVE('',#9540,#9560,#9520,.T.);
#9580=ORIENTED_EDGE('',*,*,#9570,.T.);
#9590=CARTESIAN_POINT('',(946.98347107438,-28.9999999999999,
-119.566735122696));
#9600=DIRECTION('',(0.997811963190292,0.,0.0661157024793388));
#9610=VECTOR('',#9600,1.);
#9620=LINE('',#9590,#9610);
#9630=CARTESIAN_POINT('',(1067.45454545455,-28.9999999999999,
-111.584239417174));
#9640=VERTEX_POINT('',#9630);
#9650=EDGE_CURVE('',#9540,#9640,#9620,.T.);
#9660=ORIENTED_EDGE('',*,*,#9650,.F.);
#9670=CARTESIAN_POINT('',(1070.,-28.9999999999999,-150.));
#9680=DIRECTION('',(0.,-1.,0.));
#9690=DIRECTION('',(1.,0.,0.));
#9700=AXIS2_PLACEMENT_3D('',#9670,#9680,#9690);
#9710=CIRCLE('',#9700,38.5);
#9720=CARTESIAN_POINT('',(1103.27160493827,-28.9999999999999,
-130.628621504096));
#9730=VERTEX_POINT('',#9720);
#9740=EDGE_CURVE('',#9730,#9640,#9710,.T.);
#9750=ORIENTED_EDGE('',*,*,#9740,.T.);
#9760=CARTESIAN_POINT('',(1113.52469135802,-28.9999999999999,
-148.238965591281));
#9770=DIRECTION('',(-0.503152688205306,0.,0.864197530864197));
#9780=VECTOR('',#9770,1.);
#9790=LINE('',#9760,#9780);
#9800=CARTESIAN_POINT('',(1113.52469135802,-28.9999999999999,
-148.238965591281));
#9810=VERTEX_POINT('',#9800);
#9820=EDGE_CURVE('',#9810,#9730,#9790,.T.);
#9830=ORIENTED_EDGE('',*,*,#9820,.T.);
#9840=CARTESIAN_POINT('',(1110.5,-28.9999999999999,-150.));
#9850=DIRECTION('',(0.,-1.,0.));
#9860=DIRECTION('',(1.,0.,0.));
#9870=AXIS2_PLACEMENT_3D('',#9840,#9850,#9860);
#9880=CIRCLE('',#9870,3.5);
#9890=CARTESIAN_POINT('',(1113.52469135802,-28.9999999999999,
-151.761034408719));
#9900=VERTEX_POINT('',#9890);
#9910=EDGE_CURVE('',#9900,#9810,#9880,.T.);
#9920=ORIENTED_EDGE('',*,*,#9910,.T.);
#9930=CARTESIAN_POINT('',(1113.52469135802,-28.9999999999999,
-151.761034408719));
#9940=DIRECTION('',(-0.503152688205303,-0.,-0.864197530864198));
#9950=VECTOR('',#9940,1.);
#9960=LINE('',#9930,#9950);
#9970=CARTESIAN_POINT('',(1103.27160493827,-28.9999999999999,
-169.371378495904));
#9980=VERTEX_POINT('',#9970);
#9990=EDGE_CURVE('',#9900,#9980,#9960,.T.);
#10000=ORIENTED_EDGE('',*,*,#9990,.F.);
#10010=CARTESIAN_POINT('',(1070.,-28.9999999999999,-150.));
#10020=DIRECTION('',(0.,-1.,0.));
#10030=DIRECTION('',(1.,0.,0.));
#10040=AXIS2_PLACEMENT_3D('',#10010,#10020,#10030);
#10050=CIRCLE('',#10040,38.5);
#10060=CARTESIAN_POINT('',(1067.45454545455,-28.9999999999999,
-188.415760582826));
#10070=VERTEX_POINT('',#10060);
#10080=EDGE_CURVE('',#10070,#9980,#10050,.T.);
#10090=ORIENTED_EDGE('',*,*,#10080,.T.);
#10100=CARTESIAN_POINT('',(946.98347107438,-28.9999999999999,
-180.433264877304));
#10110=DIRECTION('',(0.997811963190292,0.,-0.066115702479339));
#10120=VECTOR('',#10110,1.);
#10130=LINE('',#10100,#10120);
#10140=EDGE_CURVE('',#9560,#10070,#10130,.T.);
#10150=ORIENTED_EDGE('',*,*,#10140,.T.);
#10160=EDGE_LOOP('',(#10150,#10090,#10000,#9920,#9830,#9750,#9660,#9580)
);
#10170=FACE_OUTER_BOUND('',#10160,.T.);
#10180=CARTESIAN_POINT('',(1070.,-28.9999999999999,-150.));
#10190=DIRECTION('',(0.,-1.,0.));
#10200=DIRECTION('',(1.,0.,0.));
#10210=AXIS2_PLACEMENT_3D('',#10180,#10190,#10200);
#10220=CIRCLE('',#10210,5.09999999999999);
#10230=CARTESIAN_POINT('',(1075.1,-28.9999999999999,-150.));
#10240=VERTEX_POINT('',#10230);
#10250=CARTESIAN_POINT('',(1064.9,-28.9999999999999,-150.));
#10260=VERTEX_POINT('',#10250);
#10270=EDGE_CURVE('',#10240,#10260,#10220,.T.);
#10280=ORIENTED_EDGE('',*,*,#10270,.F.);
#10290=EDGE_CURVE('',#10260,#10240,#10220,.T.);
#10300=ORIENTED_EDGE('',*,*,#10290,.F.);
#10310=EDGE_LOOP('',(#10300,#10280));
#10320=FACE_BOUND('',#10310,.T.);
#10330=CARTESIAN_POINT('',(949.,-28.9999999999999,-150.));
#10340=DIRECTION('',(0.,-1.,0.));
#10350=DIRECTION('',(1.,0.,0.));
#10360=AXIS2_PLACEMENT_3D('',#10330,#10340,#10350);
#10370=CIRCLE('',#10360,24.);
#10380=CARTESIAN_POINT('',(973.,-28.9999999999999,-150.));
#10390=VERTEX_POINT('',#10380);
#10400=CARTESIAN_POINT('',(925.,-28.9999999999999,-150.));
#10410=VERTEX_POINT('',#10400);
#10420=EDGE_CURVE('',#10390,#10410,#10370,.T.);
#10430=ORIENTED_EDGE('',*,*,#10420,.F.);
#10440=EDGE_CURVE('',#10410,#10390,#10370,.T.);
#10450=ORIENTED_EDGE('',*,*,#10440,.F.);
#10460=EDGE_LOOP('',(#10450,#10430));
#10470=FACE_BOUND('',#10460,.T.);
#10480=ADVANCED_FACE('',(#10170,#10320,#10470),#9470,.T.);
#10490=CARTESIAN_POINT('',(1070.,-28.9999999999999,-150.));
#10500=DIRECTION('',(0.,-1.,0.));
#10510=DIRECTION('',(1.,0.,0.));
#10520=AXIS2_PLACEMENT_3D('',#10490,#10500,#10510);
#10530=CYLINDRICAL_SURFACE('',#10520,5.09999999999999);
#10540=CARTESIAN_POINT('',(1075.1,-28.9999999999999,-150.));
#10550=DIRECTION('',(0.,-1.,0.));
#10560=VECTOR('',#10550,1.);
#10570=LINE('',#10540,#10560);
#10580=EDGE_CURVE('',#9330,#10240,#10570,.T.);
#10590=ORIENTED_EDGE('',*,*,#10580,.F.);
#10600=ORIENTED_EDGE('',*,*,#10290,.T.);
#10610=CARTESIAN_POINT('',(1064.9,-28.9999999999999,-150.));
#10620=DIRECTION('',(0.,-1.,0.));
#10630=VECTOR('',#10620,1.);
#10640=LINE('',#10610,#10630);
#10650=EDGE_CURVE('',#9350,#10260,#10640,.T.);
#10660=ORIENTED_EDGE('',*,*,#10650,.T.);
#10670=ORIENTED_EDGE('',*,*,#9380,.F.);
#10680=EDGE_LOOP('',(#10670,#10660,#10600,#10590));
#10690=FACE_OUTER_BOUND('',#10680,.T.);
#10700=ADVANCED_FACE('',(#10690),#10530,.F.);
#10710=CARTESIAN_POINT('',(1007.21900826446,-47.9999999999999,-150.));
#10720=DIRECTION('',(0.,-1.,0.));
#10730=DIRECTION('',(1.,0.,0.));
#10740=AXIS2_PLACEMENT_3D('',#10710,#10720,#10730);
#10750=PLANE('',#10740);
#10760=CARTESIAN_POINT('',(949.,-47.9999999999999,-150.));
#10770=DIRECTION('',(0.,-1.,0.));
#10780=DIRECTION('',(1.,0.,0.));
#10790=AXIS2_PLACEMENT_3D('',#10760,#10770,#10780);
#10800=CIRCLE('',#10790,24.);
#10810=CARTESIAN_POINT('',(973.,-47.9999999999999,-150.));
#10820=VERTEX_POINT('',#10810);
#10830=CARTESIAN_POINT('',(925.,-47.9999999999999,-150.));
#10840=VERTEX_POINT('',#10830);
#10850=EDGE_CURVE('',#10820,#10840,#10800,.T.);
#10860=ORIENTED_EDGE('',*,*,#10850,.T.);
#10870=EDGE_CURVE('',#10840,#10820,#10800,.T.);
#10880=ORIENTED_EDGE('',*,*,#10870,.T.);
#10890=EDGE_LOOP('',(#10880,#10860));
#10900=FACE_OUTER_BOUND('',#10890,.T.);
#10910=CARTESIAN_POINT('',(949.,-47.9999999999999,-150.));
#10920=DIRECTION('',(0.,-1.,0.));
#10930=DIRECTION('',(1.,0.,0.));
#10940=AXIS2_PLACEMENT_3D('',#10910,#10920,#10930);
#10950=CIRCLE('',#10940,21.5);
#10960=CARTESIAN_POINT('',(970.5,-47.9999999999999,-150.));
#10970=VERTEX_POINT('',#10960);
#10980=CARTESIAN_POINT('',(927.5,-47.9999999999999,-150.));
#10990=VERTEX_POINT('',#10980);
#11000=EDGE_CURVE('',#10970,#10990,#10950,.T.);
#11010=ORIENTED_EDGE('',*,*,#11000,.F.);
#11020=EDGE_CURVE('',#10990,#10970,#10950,.T.);
#11030=ORIENTED_EDGE('',*,*,#11020,.F.);
#11040=EDGE_LOOP('',(#11030,#11010));
#11050=FACE_BOUND('',#11040,.T.);
#11060=ADVANCED_FACE('',(#10900,#11050),#10750,.T.);
#11070=CARTESIAN_POINT('',(949.,-28.9999999999999,-150.));
#11080=DIRECTION('',(0.,-1.,0.));
#11090=DIRECTION('',(1.,0.,0.));
#11100=AXIS2_PLACEMENT_3D('',#11070,#11080,#11090);
#11110=CYLINDRICAL_SURFACE('',#11100,24.);
#11120=CARTESIAN_POINT('',(973.,-28.9999999999999,-150.));
#11130=DIRECTION('',(0.,-1.,0.));
#11140=VECTOR('',#11130,1.);
#11150=LINE('',#11120,#11140);
#11160=EDGE_CURVE('',#10390,#10820,#11150,.T.);
#11170=ORIENTED_EDGE('',*,*,#11160,.T.);
#11180=ORIENTED_EDGE('',*,*,#10440,.T.);
#11190=CARTESIAN_POINT('',(925.,-28.9999999999999,-150.));
#11200=DIRECTION('',(0.,-1.,0.));
#11210=VECTOR('',#11200,1.);
#11220=LINE('',#11190,#11210);
#11230=EDGE_CURVE('',#10410,#10840,#11220,.T.);
#11240=ORIENTED_EDGE('',*,*,#11230,.F.);
#11250=ORIENTED_EDGE('',*,*,#10870,.F.);
#11260=EDGE_LOOP('',(#11250,#11240,#11180,#11170));
#11270=FACE_OUTER_BOUND('',#11260,.T.);
#11280=ADVANCED_FACE('',(#11270),#11110,.T.);
#11290=CARTESIAN_POINT('',(949.,-28.9999999999999,-150.));
#11300=DIRECTION('',(0.,-1.,0.));
#11310=DIRECTION('',(1.,0.,0.));
#11320=AXIS2_PLACEMENT_3D('',#11290,#11300,#11310);
#11330=PLANE('',#11320);
#11340=CARTESIAN_POINT('',(949.,-28.9999999999999,-150.));
#11350=DIRECTION('',(0.,-1.,0.));
#11360=DIRECTION('',(1.,0.,0.));
#11370=AXIS2_PLACEMENT_3D('',#11340,#11350,#11360);
#11380=CIRCLE('',#11370,21.5);
#11390=CARTESIAN_POINT('',(970.5,-28.9999999999999,-150.));
#11400=VERTEX_POINT('',#11390);
#11410=CARTESIAN_POINT('',(927.5,-28.9999999999999,-150.));
#11420=VERTEX_POINT('',#11410);
#11430=EDGE_CURVE('',#11400,#11420,#11380,.T.);
#11440=ORIENTED_EDGE('',*,*,#11430,.T.);
#11450=EDGE_CURVE('',#11420,#11400,#11380,.T.);
#11460=ORIENTED_EDGE('',*,*,#11450,.T.);
#11470=EDGE_LOOP('',(#11460,#11440));
#11480=FACE_OUTER_BOUND('',#11470,.T.);
#11490=CARTESIAN_POINT('',(949.,-28.9999999999999,-150.));
#11500=DIRECTION('',(0.,-1.,0.));
#11510=DIRECTION('',(1.,0.,0.));
#11520=AXIS2_PLACEMENT_3D('',#11490,#11500,#11510);
#11530=CIRCLE('',#11520,14.5);
#11540=CARTESIAN_POINT('',(963.5,-28.9999999999999,-150.));
#11550=VERTEX_POINT('',#11540);
#11560=CARTESIAN_POINT('',(934.5,-28.9999999999999,-150.));
#11570=VERTEX_POINT('',#11560);
#11580=EDGE_CURVE('',#11550,#11570,#11530,.T.);
#11590=ORIENTED_EDGE('',*,*,#11580,.F.);
#11600=EDGE_CURVE('',#11570,#11550,#11530,.T.);
#11610=ORIENTED_EDGE('',*,*,#11600,.F.);
#11620=EDGE_LOOP('',(#11610,#11590));
#11630=FACE_BOUND('',#11620,.T.);
#11640=ADVANCED_FACE('',(#11480,#11630),#11330,.T.);
#11650=CARTESIAN_POINT('',(949.,-47.9999999999999,-150.));
#11660=DIRECTION('',(0.,-1.,0.));
#11670=DIRECTION('',(1.,0.,0.));
#11680=AXIS2_PLACEMENT_3D('',#11650,#11660,#11670);
#11690=CYLINDRICAL_SURFACE('',#11680,21.5);
#11700=CARTESIAN_POINT('',(970.5,-47.9999999999999,-150.));
#11710=DIRECTION('',(0.,-1.,0.));
#11720=VECTOR('',#11710,1.);
#11730=LINE('',#11700,#11720);
#11740=EDGE_CURVE('',#11400,#10970,#11730,.T.);
#11750=ORIENTED_EDGE('',*,*,#11740,.F.);
#11760=ORIENTED_EDGE('',*,*,#11020,.T.);
#11770=CARTESIAN_POINT('',(927.5,-47.9999999999999,-150.));
#11780=DIRECTION('',(0.,-1.,0.));
#11790=VECTOR('',#11780,1.);
#11800=LINE('',#11770,#11790);
#11810=EDGE_CURVE('',#11420,#10990,#11800,.T.);
#11820=ORIENTED_EDGE('',*,*,#11810,.T.);
#11830=ORIENTED_EDGE('',*,*,#11450,.F.);
#11840=EDGE_LOOP('',(#11830,#11820,#11760,#11750));
#11850=FACE_OUTER_BOUND('',#11840,.T.);
#11860=ADVANCED_FACE('',(#11850),#11690,.F.);
#11870=CARTESIAN_POINT('',(949.,-69.4999999999999,-150.));
#11880=DIRECTION('',(0.,-1.,0.));
#11890=DIRECTION('',(1.,0.,0.));
#11900=AXIS2_PLACEMENT_3D('',#11870,#11880,#11890);
#11910=PLANE('',#11900);
#11920=CARTESIAN_POINT('',(949.,-69.4999999999999,-150.));
#11930=DIRECTION('',(0.,-1.,0.));
#11940=DIRECTION('',(1.,0.,0.));
#11950=AXIS2_PLACEMENT_3D('',#11920,#11930,#11940);
#11960=CIRCLE('',#11950,14.5);
#11970=CARTESIAN_POINT('',(963.5,-69.4999999999999,-150.));
#11980=VERTEX_POINT('',#11970);
#11990=CARTESIAN_POINT('',(934.5,-69.4999999999999,-150.));
#12000=VERTEX_POINT('',#11990);
#12010=EDGE_CURVE('',#11980,#12000,#11960,.T.);
#12020=ORIENTED_EDGE('',*,*,#12010,.T.);
#12030=EDGE_CURVE('',#12000,#11980,#11960,.T.);
#12040=ORIENTED_EDGE('',*,*,#12030,.T.);
#12050=EDGE_LOOP('',(#12040,#12020));
#12060=FACE_OUTER_BOUND('',#12050,.T.);
#12070=CARTESIAN_POINT('',(730.,-69.4999999999999,-160.5));
#12080=DIRECTION('',(1.,0.,0.));
#12090=VECTOR('',#12080,1.);
#12100=LINE('',#12070,#12090);
#12110=CARTESIAN_POINT('',(948.,-69.4999999999999,-160.5));
#12120=VERTEX_POINT('',#12110);
#12130=CARTESIAN_POINT('',(950.,-69.4999999999999,-160.5));
#12140=VERTEX_POINT('',#12130);
#12150=EDGE_CURVE('',#12120,#12140,#12100,.T.);
#12160=ORIENTED_EDGE('',*,*,#12150,.F.);
#12170=CARTESIAN_POINT('',(950.,-69.4999999999999,-150.));
#12180=DIRECTION('',(0.,0.,1.));
#12190=VECTOR('',#12180,1.);
#12200=LINE('',#12170,#12190);
#12210=CARTESIAN_POINT('',(950.,-69.4999999999999,-160.));
#12220=VERTEX_POINT('',#12210);
#12230=EDGE_CURVE('',#12140,#12220,#12200,.T.);
#12240=ORIENTED_EDGE('',*,*,#12230,.F.);
#12250=CARTESIAN_POINT('',(730.,-69.4999999999999,-160.));
#12260=DIRECTION('',(-1.,0.,0.));
#12270=VECTOR('',#12260,1.);
#12280=LINE('',#12250,#12270);
#12290=CARTESIAN_POINT('',(948.,-69.4999999999999,-160.));
#12300=VERTEX_POINT('',#12290);
#12310=EDGE_CURVE('',#12220,#12300,#12280,.T.);
#12320=ORIENTED_EDGE('',*,*,#12310,.F.);
#12330=CARTESIAN_POINT('',(948.,-69.4999999999999,-150.));
#12340=DIRECTION('',(0.,0.,-1.));
#12350=VECTOR('',#12340,1.);
#12360=LINE('',#12330,#12350);
#12370=EDGE_CURVE('',#12300,#12120,#12360,.T.);
#12380=ORIENTED_EDGE('',*,*,#12370,.F.);
#12390=EDGE_LOOP('',(#12380,#12320,#12240,#12160));
#12400=FACE_BOUND('',#12390,.T.);
#12410=CARTESIAN_POINT('',(948.,-69.4999999999999,-150.));
#12420=DIRECTION('',(0.,0.,-1.));
#12430=VECTOR('',#12420,1.);
#12440=LINE('',#12410,#12430);
#12450=CARTESIAN_POINT('',(948.,-69.4999999999999,-139.5));
#12460=VERTEX_POINT('',#12450);
#12470=CARTESIAN_POINT('',(948.,-69.4999999999999,-140.));
#12480=VERTEX_POINT('',#12470);
#12490=EDGE_CURVE('',#12460,#12480,#12440,.T.);
#12500=ORIENTED_EDGE('',*,*,#12490,.F.);
#12510=CARTESIAN_POINT('',(730.,-69.4999999999999,-140.));
#12520=DIRECTION('',(1.,0.,0.));
#12530=VECTOR('',#12520,1.);
#12540=LINE('',#12510,#12530);
#12550=CARTESIAN_POINT('',(950.,-69.4999999999999,-140.));
#12560=VERTEX_POINT('',#12550);
#12570=EDGE_CURVE('',#12480,#12560,#12540,.T.);
#12580=ORIENTED_EDGE('',*,*,#12570,.F.);
#12590=CARTESIAN_POINT('',(950.,-69.4999999999999,-150.));
#12600=DIRECTION('',(0.,0.,1.));
#12610=VECTOR('',#12600,1.);
#12620=LINE('',#12590,#12610);
#12630=CARTESIAN_POINT('',(950.,-69.4999999999999,-139.5));
#12640=VERTEX_POINT('',#12630);
#12650=EDGE_CURVE('',#12560,#12640,#12620,.T.);
#12660=ORIENTED_EDGE('',*,*,#12650,.F.);
#12670=CARTESIAN_POINT('',(730.,-69.4999999999999,-139.5));
#12680=DIRECTION('',(-1.,0.,0.));
#12690=VECTOR('',#12680,1.);
#12700=LINE('',#12670,#12690);
#12710=EDGE_CURVE('',#12640,#12460,#12700,.T.);
#12720=ORIENTED_EDGE('',*,*,#12710,.F.);
#12730=EDGE_LOOP('',(#12720,#12660,#12580,#12500));
#12740=FACE_BOUND('',#12730,.T.);
#12750=CARTESIAN_POINT('',(949.,-69.4999999999999,-150.));
#12760=DIRECTION('',(0.,-1.,0.));
#12770=DIRECTION('',(1.,0.,0.));
#12780=AXIS2_PLACEMENT_3D('',#12750,#12760,#12770);
#12790=CIRCLE('',#12780,5.);
#12800=CARTESIAN_POINT('',(954.,-69.4999999999999,-150.));
#12810=VERTEX_POINT('',#12800);
#12820=CARTESIAN_POINT('',(944.,-69.4999999999999,-150.));
#12830=VERTEX_POINT('',#12820);
#12840=EDGE_CURVE('',#12810,#12830,#12790,.T.);
#12850=ORIENTED_EDGE('',*,*,#12840,.F.);
#12860=EDGE_CURVE('',#12830,#12810,#12790,.T.);
#12870=ORIENTED_EDGE('',*,*,#12860,.F.);
#12880=EDGE_LOOP('',(#12870,#12850));
#12890=FACE_BOUND('',#12880,.T.);
#12900=ADVANCED_FACE('',(#12060,#12400,#12740,#12890),#11910,.T.);
#12910=CARTESIAN_POINT('',(949.,-28.9999999999999,-150.));
#12920=DIRECTION('',(0.,-1.,0.));
#12930=DIRECTION('',(1.,0.,0.));
#12940=AXIS2_PLACEMENT_3D('',#12910,#12920,#12930);
#12950=CYLINDRICAL_SURFACE('',#12940,14.5);
#12960=CARTESIAN_POINT('',(963.5,-28.9999999999999,-150.));
#12970=DIRECTION('',(0.,-1.,0.));
#12980=VECTOR('',#12970,1.);
#12990=LINE('',#12960,#12980);
#13000=EDGE_CURVE('',#11550,#11980,#12990,.T.);
#13010=ORIENTED_EDGE('',*,*,#13000,.T.);
#13020=ORIENTED_EDGE('',*,*,#11600,.T.);
#13030=CARTESIAN_POINT('',(934.5,-28.9999999999999,-150.));
#13040=DIRECTION('',(0.,-1.,0.));
#13050=VECTOR('',#13040,1.);
#13060=LINE('',#13030,#13050);
#13070=EDGE_CURVE('',#11570,#12000,#13060,.T.);
#13080=ORIENTED_EDGE('',*,*,#13070,.F.);
#13090=ORIENTED_EDGE('',*,*,#12030,.F.);
#13100=EDGE_LOOP('',(#13090,#13080,#13020,#13010));
#13110=FACE_OUTER_BOUND('',#13100,.T.);
#13120=ADVANCED_FACE('',(#13110),#12950,.T.);
#13130=CARTESIAN_POINT('',(949.,-75.4999999999999,-150.));
#13140=DIRECTION('',(0.,-1.,0.));
#13150=DIRECTION('',(0.,0.,-1.));
#13160=AXIS2_PLACEMENT_3D('',#13130,#13140,#13150);
#13170=PLANE('',#13160);
#13180=CARTESIAN_POINT('',(950.,-75.4999999999999,-160.5));
#13190=DIRECTION('',(0.,0.,1.));
#13200=VECTOR('',#13190,1.);
#13210=LINE('',#13180,#13200);
#13220=CARTESIAN_POINT('',(950.,-75.4999999999999,-160.5));
#13230=VERTEX_POINT('',#13220);
#13240=CARTESIAN_POINT('',(950.,-75.4999999999999,-160.));
#13250=VERTEX_POINT('',#13240);
#13260=EDGE_CURVE('',#13230,#13250,#13210,.T.);
#13270=ORIENTED_EDGE('',*,*,#13260,.T.);
#13280=CARTESIAN_POINT('',(948.,-75.4999999999999,-160.5));
#13290=DIRECTION('',(1.,0.,0.));
#13300=VECTOR('',#13290,1.);
#13310=LINE('',#13280,#13300);
#13320=CARTESIAN_POINT('',(948.,-75.4999999999999,-160.5));
#13330=VERTEX_POINT('',#13320);
#13340=EDGE_CURVE('',#13330,#13230,#13310,.T.);
#13350=ORIENTED_EDGE('',*,*,#13340,.T.);
#13360=CARTESIAN_POINT('',(948.,-75.4999999999999,-160.));
#13370=DIRECTION('',(0.,0.,-1.));
#13380=VECTOR('',#13370,1.);
#13390=LINE('',#13360,#13380);
#13400=CARTESIAN_POINT('',(948.,-75.4999999999999,-160.));
#13410=VERTEX_POINT('',#13400);
#13420=EDGE_CURVE('',#13410,#13330,#13390,.T.);
#13430=ORIENTED_EDGE('',*,*,#13420,.T.);
#13440=CARTESIAN_POINT('',(950.,-75.4999999999999,-160.));
#13450=DIRECTION('',(-1.,0.,0.));
#13460=VECTOR('',#13450,1.);
#13470=LINE('',#13440,#13460);
#13480=EDGE_CURVE('',#13250,#13410,#13470,.T.);
#13490=ORIENTED_EDGE('',*,*,#13480,.T.);
#13500=EDGE_LOOP('',(#13490,#13430,#13350,#13270));
#13510=FACE_OUTER_BOUND('',#13500,.T.);
#13520=ADVANCED_FACE('',(#13510),#13170,.T.);
#13530=CARTESIAN_POINT('',(950.,-69.4999999999999,-160.5));
#13540=DIRECTION('',(0.,0.,-1.));
#13550=DIRECTION('',(-1.,0.,0.));
#13560=AXIS2_PLACEMENT_3D('',#13530,#13540,#13550);
#13570=PLANE('',#13560);
#13580=CARTESIAN_POINT('',(948.,-69.4999999999999,-160.5));
#13590=DIRECTION('',(0.,-1.,0.));
#13600=VECTOR('',#13590,1.);
#13610=LINE('',#13580,#13600);
#13620=EDGE_CURVE('',#12120,#13330,#13610,.T.);
#13630=ORIENTED_EDGE('',*,*,#13620,.F.);
#13640=ORIENTED_EDGE('',*,*,#13340,.F.);
#13650=CARTESIAN_POINT('',(950.,-69.4999999999999,-160.5));
#13660=DIRECTION('',(0.,-1.,0.));
#13670=VECTOR('',#13660,1.);
#13680=LINE('',#13650,#13670);
#13690=EDGE_CURVE('',#12140,#13230,#13680,.T.);
#13700=ORIENTED_EDGE('',*,*,#13690,.T.);
#13710=ORIENTED_EDGE('',*,*,#12150,.T.);
#13720=EDGE_LOOP('',(#13710,#13700,#13640,#13630));
#13730=FACE_OUTER_BOUND('',#13720,.T.);
#13740=ADVANCED_FACE('',(#13730),#13570,.T.);
#13750=CARTESIAN_POINT('',(950.,-69.4999999999999,-160.));
#13760=DIRECTION('',(1.,-0.,0.));
#13770=DIRECTION('',(0.,0.,-1.));
#13780=AXIS2_PLACEMENT_3D('',#13750,#13760,#13770);
#13790=PLANE('',#13780);
#13800=ORIENTED_EDGE('',*,*,#13690,.F.);
#13810=ORIENTED_EDGE('',*,*,#13260,.F.);
#13820=CARTESIAN_POINT('',(950.,-69.4999999999999,-160.));
#13830=DIRECTION('',(0.,-1.,0.));
#13840=VECTOR('',#13830,1.);
#13850=LINE('',#13820,#13840);
#13860=EDGE_CURVE('',#12220,#13250,#13850,.T.);
#13870=ORIENTED_EDGE('',*,*,#13860,.T.);
#13880=ORIENTED_EDGE('',*,*,#12230,.T.);
#13890=EDGE_LOOP('',(#13880,#13870,#13810,#13800));
#13900=FACE_OUTER_BOUND('',#13890,.T.);
#13910=ADVANCED_FACE('',(#13900),#13790,.T.);
#13920=CARTESIAN_POINT('',(948.,-69.4999999999999,-160.));
#13930=DIRECTION('',(0.,0.,1.));
#13940=DIRECTION('',(1.,0.,0.));
#13950=AXIS2_PLACEMENT_3D('',#13920,#13930,#13940);
#13960=PLANE('',#13950);
#13970=ORIENTED_EDGE('',*,*,#13860,.F.);
#13980=ORIENTED_EDGE('',*,*,#13480,.F.);
#13990=CARTESIAN_POINT('',(948.,-69.4999999999999,-160.));
#14000=DIRECTION('',(0.,-1.,0.));
#14010=VECTOR('',#14000,1.);
#14020=LINE('',#13990,#14010);
#14030=EDGE_CURVE('',#12300,#13410,#14020,.T.);
#14040=ORIENTED_EDGE('',*,*,#14030,.T.);
#14050=ORIENTED_EDGE('',*,*,#12310,.T.);
#14060=EDGE_LOOP('',(#14050,#14040,#13980,#13970));
#14070=FACE_OUTER_BOUND('',#14060,.T.);
#14080=ADVANCED_FACE('',(#14070),#13960,.T.);
#14090=CARTESIAN_POINT('',(948.,-69.4999999999999,-160.5));
#14100=DIRECTION('',(-1.,0.,0.));
#14110=DIRECTION('',(0.,0.,1.));
#14120=AXIS2_PLACEMENT_3D('',#14090,#14100,#14110);
#14130=PLANE('',#14120);
#14140=ORIENTED_EDGE('',*,*,#14030,.F.);
#14150=ORIENTED_EDGE('',*,*,#13420,.F.);
#14160=ORIENTED_EDGE('',*,*,#13620,.T.);
#14170=ORIENTED_EDGE('',*,*,#12370,.T.);
#14180=EDGE_LOOP('',(#14170,#14160,#14150,#14140));
#14190=FACE_OUTER_BOUND('',#14180,.T.);
#14200=ADVANCED_FACE('',(#14190),#14130,.T.);
#14210=CARTESIAN_POINT('',(949.,-75.4999999999999,-150.));
#14220=DIRECTION('',(0.,-1.,0.));
#14230=DIRECTION('',(0.,0.,-1.));
#14240=AXIS2_PLACEMENT_3D('',#14210,#14220,#14230);
#14250=PLANE('',#14240);
#14260=CARTESIAN_POINT('',(950.,-75.4999999999999,-140.));
#14270=DIRECTION('',(0.,0.,1.));
#14280=VECTOR('',#14270,1.);
#14290=LINE('',#14260,#14280);
#14300=CARTESIAN_POINT('',(950.,-75.4999999999999,-140.));
#14310=VERTEX_POINT('',#14300);
#14320=CARTESIAN_POINT('',(950.,-75.4999999999999,-139.5));
#14330=VERTEX_POINT('',#14320);
#14340=EDGE_CURVE('',#14310,#14330,#14290,.T.);
#14350=ORIENTED_EDGE('',*,*,#14340,.T.);
#14360=CARTESIAN_POINT('',(948.,-75.4999999999999,-140.));
#14370=DIRECTION('',(1.,0.,0.));
#14380=VECTOR('',#14370,1.);
#14390=LINE('',#14360,#14380);
#14400=CARTESIAN_POINT('',(948.,-75.4999999999999,-140.));
#14410=VERTEX_POINT('',#14400);
#14420=EDGE_CURVE('',#14410,#14310,#14390,.T.);
#14430=ORIENTED_EDGE('',*,*,#14420,.T.);
#14440=CARTESIAN_POINT('',(948.,-75.4999999999999,-139.5));
#14450=DIRECTION('',(0.,0.,-1.));
#14460=VECTOR('',#14450,1.);
#14470=LINE('',#14440,#14460);
#14480=CARTESIAN_POINT('',(948.,-75.4999999999999,-139.5));
#14490=VERTEX_POINT('',#14480);
#14500=EDGE_CURVE('',#14490,#14410,#14470,.T.);
#14510=ORIENTED_EDGE('',*,*,#14500,.T.);
#14520=CARTESIAN_POINT('',(950.,-75.4999999999999,-139.5));
#14530=DIRECTION('',(-1.,0.,0.));
#14540=VECTOR('',#14530,1.);
#14550=LINE('',#14520,#14540);
#14560=EDGE_CURVE('',#14330,#14490,#14550,.T.);
#14570=ORIENTED_EDGE('',*,*,#14560,.T.);
#14580=EDGE_LOOP('',(#14570,#14510,#14430,#14350));
#14590=FACE_OUTER_BOUND('',#14580,.T.);
#14600=ADVANCED_FACE('',(#14590),#14250,.T.);
#14610=CARTESIAN_POINT('',(948.,-69.4999999999999,-140.));
#14620=DIRECTION('',(-1.,0.,0.));
#14630=DIRECTION('',(0.,0.,1.));
#14640=AXIS2_PLACEMENT_3D('',#14610,#14620,#14630);
#14650=PLANE('',#14640);
#14660=CARTESIAN_POINT('',(948.,-69.4999999999999,-139.5));
#14670=DIRECTION('',(0.,-1.,0.));
#14680=VECTOR('',#14670,1.);
#14690=LINE('',#14660,#14680);
#14700=EDGE_CURVE('',#12460,#14490,#14690,.T.);
#14710=ORIENTED_EDGE('',*,*,#14700,.F.);
#14720=ORIENTED_EDGE('',*,*,#14500,.F.);
#14730=CARTESIAN_POINT('',(948.,-69.4999999999999,-140.));
#14740=DIRECTION('',(0.,-1.,0.));
#14750=VECTOR('',#14740,1.);
#14760=LINE('',#14730,#14750);
#14770=EDGE_CURVE('',#12480,#14410,#14760,.T.);
#14780=ORIENTED_EDGE('',*,*,#14770,.T.);
#14790=ORIENTED_EDGE('',*,*,#12490,.T.);
#14800=EDGE_LOOP('',(#14790,#14780,#14720,#14710));
#14810=FACE_OUTER_BOUND('',#14800,.T.);
#14820=ADVANCED_FACE('',(#14810),#14650,.T.);
#14830=CARTESIAN_POINT('',(950.,-69.4999999999999,-140.));
#14840=DIRECTION('',(0.,0.,-1.));
#14850=DIRECTION('',(-1.,0.,0.));
#14860=AXIS2_PLACEMENT_3D('',#14830,#14840,#14850);
#14870=PLANE('',#14860);
#14880=ORIENTED_EDGE('',*,*,#14770,.F.);
#14890=ORIENTED_EDGE('',*,*,#14420,.F.);
#14900=CARTESIAN_POINT('',(950.,-69.4999999999999,-140.));
#14910=DIRECTION('',(0.,-1.,0.));
#14920=VECTOR('',#14910,1.);
#14930=LINE('',#14900,#14920);
#14940=EDGE_CURVE('',#12560,#14310,#14930,.T.);
#14950=ORIENTED_EDGE('',*,*,#14940,.T.);
#14960=ORIENTED_EDGE('',*,*,#12570,.T.);
#14970=EDGE_LOOP('',(#14960,#14950,#14890,#14880));
#14980=FACE_OUTER_BOUND('',#14970,.T.);
#14990=ADVANCED_FACE('',(#14980),#14870,.T.);
#15000=CARTESIAN_POINT('',(950.,-69.4999999999999,-139.5));
#15010=DIRECTION('',(1.,-0.,0.));
#15020=DIRECTION('',(0.,0.,-1.));
#15030=AXIS2_PLACEMENT_3D('',#15000,#15010,#15020);
#15040=PLANE('',#15030);
#15050=ORIENTED_EDGE('',*,*,#14940,.F.);
#15060=ORIENTED_EDGE('',*,*,#14340,.F.);
#15070=CARTESIAN_POINT('',(950.,-69.4999999999999,-139.5));
#15080=DIRECTION('',(0.,-1.,0.));
#15090=VECTOR('',#15080,1.);
#15100=LINE('',#15070,#15090);
#15110=EDGE_CURVE('',#12640,#14330,#15100,.T.);
#15120=ORIENTED_EDGE('',*,*,#15110,.T.);
#15130=ORIENTED_EDGE('',*,*,#12650,.T.);
#15140=EDGE_LOOP('',(#15130,#15120,#15060,#15050));
#15150=FACE_OUTER_BOUND('',#15140,.T.);
#15160=ADVANCED_FACE('',(#15150),#15040,.T.);
#15170=CARTESIAN_POINT('',(948.,-69.4999999999999,-139.5));
#15180=DIRECTION('',(0.,0.,1.));
#15190=DIRECTION('',(1.,0.,0.));
#15200=AXIS2_PLACEMENT_3D('',#15170,#15180,#15190);
#15210=PLANE('',#15200);
#15220=ORIENTED_EDGE('',*,*,#15110,.F.);
#15230=ORIENTED_EDGE('',*,*,#14560,.F.);
#15240=ORIENTED_EDGE('',*,*,#14700,.T.);
#15250=ORIENTED_EDGE('',*,*,#12710,.T.);
#15260=EDGE_LOOP('',(#15250,#15240,#15230,#15220));
#15270=FACE_OUTER_BOUND('',#15260,.T.);
#15280=ADVANCED_FACE('',(#15270),#15210,.T.);
#15290=CARTESIAN_POINT('',(949.,-72.9999999999999,-150.));
#15300=DIRECTION('',(0.,-1.,0.));
#15310=DIRECTION('',(1.,0.,0.));
#15320=AXIS2_PLACEMENT_3D('',#15290,#15300,#15310);
#15330=PLANE('',#15320);
#15340=CARTESIAN_POINT('',(949.,-72.9999999999999,-150.));
#15350=DIRECTION('',(0.,-1.,0.));
#15360=DIRECTION('',(1.,0.,0.));
#15370=AXIS2_PLACEMENT_3D('',#15340,#15350,#15360);
#15380=CIRCLE('',#15370,5.);
#15390=CARTESIAN_POINT('',(954.,-72.9999999999999,-150.));
#15400=VERTEX_POINT('',#15390);
#15410=CARTESIAN_POINT('',(944.,-72.9999999999999,-150.));
#15420=VERTEX_POINT('',#15410);
#15430=EDGE_CURVE('',#15400,#15420,#15380,.T.);
#15440=ORIENTED_EDGE('',*,*,#15430,.T.);
#15450=EDGE_CURVE('',#15420,#15400,#15380,.T.);
#15460=ORIENTED_EDGE('',*,*,#15450,.T.);
#15470=EDGE_LOOP('',(#15460,#15440));
#15480=FACE_OUTER_BOUND('',#15470,.T.);
#15490=ADVANCED_FACE('',(#15480),#15330,.T.);
#15500=CARTESIAN_POINT('',(949.,-69.4999999999999,-150.));
#15510=DIRECTION('',(0.,-1.,0.));
#15520=DIRECTION('',(1.,0.,0.));
#15530=AXIS2_PLACEMENT_3D('',#15500,#15510,#15520);
#15540=CYLINDRICAL_SURFACE('',#15530,5.);
#15550=CARTESIAN_POINT('',(954.,-69.4999999999999,-150.));
#15560=DIRECTION('',(0.,-1.,0.));
#15570=VECTOR('',#15560,1.);
#15580=LINE('',#15550,#15570);
#15590=EDGE_CURVE('',#12810,#15400,#15580,.T.);
#15600=ORIENTED_EDGE('',*,*,#15590,.T.);
#15610=ORIENTED_EDGE('',*,*,#12860,.T.);
#15620=CARTESIAN_POINT('',(944.,-69.4999999999999,-150.));
#15630=DIRECTION('',(0.,-1.,0.));
#15640=VECTOR('',#15630,1.);
#15650=LINE('',#15620,#15640);
#15660=EDGE_CURVE('',#12830,#15420,#15650,.T.);
#15670=ORIENTED_EDGE('',*,*,#15660,.F.);
#15680=ORIENTED_EDGE('',*,*,#15450,.F.);
#15690=EDGE_LOOP('',(#15680,#15670,#15610,#15600));
#15700=FACE_OUTER_BOUND('',#15690,.T.);
#15710=ADVANCED_FACE('',(#15700),#15540,.T.);
#15720=CARTESIAN_POINT('',(1070.,15.0000000000001,-150.));
#15730=DIRECTION('',(0.,1.,0.));
#15740=DIRECTION('',(1.,0.,0.));
#15750=AXIS2_PLACEMENT_3D('',#15720,#15730,#15740);
#15760=CYLINDRICAL_SURFACE('',#15750,28.75);
#15770=CARTESIAN_POINT('',(1062.85,15.0000000000001,-122.153276673907));
#15780=DIRECTION('',(0.,1.,0.));
#15790=VECTOR('',#15780,1.);
#15800=LINE('',#15770,#15790);
#15810=EDGE_CURVE('',#8610,#6610,#15800,.T.);
#15820=ORIENTED_EDGE('',*,*,#15810,.F.);
#15830=ORIENTED_EDGE('',*,*,#6620,.T.);
#15840=CARTESIAN_POINT('',(1049.45903018745,15.0000000000001,
-129.884556699895));
#15850=DIRECTION('',(0.,1.,0.));
#15860=VECTOR('',#15850,1.);
#15870=LINE('',#15840,#15860);
#15880=EDGE_CURVE('',#8700,#6520,#15870,.T.);
#15890=ORIENTED_EDGE('',*,*,#15880,.T.);
#15900=ORIENTED_EDGE('',*,*,#8710,.F.);
#15910=EDGE_LOOP('',(#15900,#15890,#15830,#15820));
#15920=FACE_OUTER_BOUND('',#15910,.T.);
#15930=ADVANCED_FACE('',(#15920),#15760,.F.);
#15940=CARTESIAN_POINT('',(1041.49656558426,15.0000000000001,
-133.543534467242));
#15950=DIRECTION('',(0.,1.,0.));
#15960=DIRECTION('',(-0.5,-0.,-0.866025403784439));
#15970=AXIS2_PLACEMENT_3D('',#15940,#15950,#15960);
#15980=CYLINDRICAL_SURFACE('',#15970,8.76293106551588);
#15990=ORIENTED_EDGE('',*,*,#15880,.F.);
#16000=ORIENTED_EDGE('',*,*,#6530,.F.);
#16010=CARTESIAN_POINT('',(1042.30903018745,15.0000000000001,
-142.268719974012));
#16020=DIRECTION('',(0.,1.,0.));
#16030=VECTOR('',#16020,1.);
#16040=LINE('',#16010,#16030);
#16050=EDGE_CURVE('',#8790,#6430,#16040,.T.);
#16060=ORIENTED_EDGE('',*,*,#16050,.T.);
#16070=ORIENTED_EDGE('',*,*,#8800,.T.);
#16080=EDGE_LOOP('',(#16070,#16060,#16000,#15990));
#16090=FACE_OUTER_BOUND('',#16080,.T.);
#16100=ADVANCED_FACE('',(#16090),#15980,.T.);
#16110=CARTESIAN_POINT('',(1070.,15.0000000000001,-150.));
#16120=DIRECTION('',(0.,1.,0.));
#16130=DIRECTION('',(1.,0.,0.));
#16140=AXIS2_PLACEMENT_3D('',#16110,#16120,#16130);
#16150=CYLINDRICAL_SURFACE('',#16140,28.75);
#16160=ORIENTED_EDGE('',*,*,#16050,.F.);
#16170=ORIENTED_EDGE('',*,*,#6440,.T.);
#16180=CARTESIAN_POINT('',(1042.30903018745,15.0000000000001,
-157.731280025988));
#16190=DIRECTION('',(0.,1.,0.));
#16200=VECTOR('',#16190,1.);
#16210=LINE('',#16180,#16200);
#16220=EDGE_CURVE('',#8880,#6340,#16210,.T.);
#16230=ORIENTED_EDGE('',*,*,#16220,.T.);
#16240=ORIENTED_EDGE('',*,*,#8890,.F.);
#16250=EDGE_LOOP('',(#16240,#16230,#16170,#16160));
#16260=FACE_OUTER_BOUND('',#16250,.T.);
#16270=ADVANCED_FACE('',(#16260),#16150,.F.);
#16280=CARTESIAN_POINT('',(1041.49656558426,15.0000000000001,
-166.456465532758));
#16290=DIRECTION('',(0.,1.,0.));
#16300=DIRECTION('',(0.5,0.,-0.866025403784439));
#16310=AXIS2_PLACEMENT_3D('',#16280,#16290,#16300);
#16320=CYLINDRICAL_SURFACE('',#16310,8.76293106551588);
#16330=ORIENTED_EDGE('',*,*,#16220,.F.);
#16340=ORIENTED_EDGE('',*,*,#6350,.F.);
#16350=CARTESIAN_POINT('',(1049.45903018745,15.0000000000001,
-170.115443300105));
#16360=DIRECTION('',(0.,1.,0.));
#16370=VECTOR('',#16360,1.);
#16380=LINE('',#16350,#16370);
#16390=EDGE_CURVE('',#8970,#6250,#16380,.T.);
#16400=ORIENTED_EDGE('',*,*,#16390,.T.);
#16410=ORIENTED_EDGE('',*,*,#8980,.T.);
#16420=EDGE_LOOP('',(#16410,#16400,#16340,#16330));
#16430=FACE_OUTER_BOUND('',#16420,.T.);
#16440=ADVANCED_FACE('',(#16430),#16320,.T.);
#16450=CARTESIAN_POINT('',(1070.,15.0000000000001,-150.));
#16460=DIRECTION('',(0.,1.,0.));
#16470=DIRECTION('',(1.,0.,0.));
#16480=AXIS2_PLACEMENT_3D('',#16450,#16460,#16470);
#16490=CYLINDRICAL_SURFACE('',#16480,28.75);
#16500=ORIENTED_EDGE('',*,*,#16390,.F.);
#16510=ORIENTED_EDGE('',*,*,#6260,.T.);
#16520=CARTESIAN_POINT('',(1062.85,15.0000000000001,-177.846723326094));
#16530=DIRECTION('',(0.,1.,0.));
#16540=VECTOR('',#16530,1.);
#16550=LINE('',#16520,#16540);
#16560=EDGE_CURVE('',#9060,#6160,#16550,.T.);
#16570=ORIENTED_EDGE('',*,*,#16560,.T.);
#16580=ORIENTED_EDGE('',*,*,#9070,.F.);
#16590=EDGE_LOOP('',(#16580,#16570,#16510,#16500));
#16600=FACE_OUTER_BOUND('',#16590,.T.);
#16610=ADVANCED_FACE('',(#16600),#16490,.F.);
#16620=CARTESIAN_POINT('',(1070.,15.0000000000001,-182.912931065516));
#16630=DIRECTION('',(0.,1.,0.));
#16640=DIRECTION('',(1.,0.,0.));
#16650=AXIS2_PLACEMENT_3D('',#16620,#16630,#16640);
#16660=CYLINDRICAL_SURFACE('',#16650,8.76293106551588);
#16670=ORIENTED_EDGE('',*,*,#16560,.F.);
#16680=ORIENTED_EDGE('',*,*,#6170,.F.);
#16690=CARTESIAN_POINT('',(1077.15,15.0000000000001,-177.846723326094));
#16700=DIRECTION('',(0.,1.,0.));
#16710=VECTOR('',#16700,1.);
#16720=LINE('',#16690,#16710);
#16730=EDGE_CURVE('',#9150,#6070,#16720,.T.);
#16740=ORIENTED_EDGE('',*,*,#16730,.T.);
#16750=ORIENTED_EDGE('',*,*,#9160,.T.);
#16760=EDGE_LOOP('',(#16750,#16740,#16680,#16670));
#16770=FACE_OUTER_BOUND('',#16760,.T.);
#16780=ADVANCED_FACE('',(#16770),#16660,.T.);
#16790=CARTESIAN_POINT('',(1070.,15.0000000000001,-150.));
#16800=DIRECTION('',(0.,1.,0.));
#16810=DIRECTION('',(1.,0.,0.));
#16820=AXIS2_PLACEMENT_3D('',#16790,#16800,#16810);
#16830=CYLINDRICAL_SURFACE('',#16820,31.25);
#16840=CARTESIAN_POINT('',(1099.99544264818,15.0000000000001,
-141.234389904872));
#16850=DIRECTION('',(0.,1.,0.));
#16860=VECTOR('',#16850,1.);
#16870=LINE('',#16840,#16860);
#16880=EDGE_CURVE('',#2120,#5060,#16870,.T.);
#16890=ORIENTED_EDGE('',*,*,#16880,.F.);
#16900=ORIENTED_EDGE('',*,*,#5070,.F.);
#16910=CARTESIAN_POINT('',(1099.99544264818,15.0000000000001,
-158.765610095128));
#16920=DIRECTION('',(0.,1.,0.));
#16930=VECTOR('',#16920,1.);
#16940=LINE('',#16910,#16930);
#16950=EDGE_CURVE('',#120,#4970,#16940,.T.);
#16960=ORIENTED_EDGE('',*,*,#16950,.T.);
#16970=ORIENTED_EDGE('',*,*,#2200,.T.);
#16980=EDGE_LOOP('',(#16970,#16960,#16900,#16890));
#16990=FACE_OUTER_BOUND('',#16980,.T.);
#17000=ADVANCED_FACE('',(#16990),#16830,.T.);
#17010=CARTESIAN_POINT('',(1070.,15.0000000000001,-150.));
#17020=DIRECTION('',(0.,1.,0.));
#17030=DIRECTION('',(1.,0.,0.));
#17040=AXIS2_PLACEMENT_3D('',#17010,#17020,#17030);
#17050=CYLINDRICAL_SURFACE('',#17040,28.75);
#17060=ORIENTED_EDGE('',*,*,#16730,.F.);
#17070=ORIENTED_EDGE('',*,*,#6080,.T.);
#17080=CARTESIAN_POINT('',(1090.54096981255,15.0000000000001,
-170.115443300105));
#17090=DIRECTION('',(0.,1.,0.));
#17100=VECTOR('',#17090,1.);
#17110=LINE('',#17080,#17100);
#17120=EDGE_CURVE('',#8230,#5980,#17110,.T.);
#17130=ORIENTED_EDGE('',*,*,#17120,.T.);
#17140=ORIENTED_EDGE('',*,*,#9230,.F.);
#17150=EDGE_LOOP('',(#17140,#17130,#17070,#17060));
#17160=FACE_OUTER_BOUND('',#17150,.T.);
#17170=ADVANCED_FACE('',(#17160),#17050,.F.);
#17180=CARTESIAN_POINT('',(1098.50343441574,15.0000000000001,
-166.456465532758));
#17190=DIRECTION('',(0.,1.,0.));
#17200=DIRECTION('',(0.5,0.,0.866025403784439));
#17210=AXIS2_PLACEMENT_3D('',#17180,#17190,#17200);
#17220=CYLINDRICAL_SURFACE('',#17210,8.76293106551588);
#17230=ORIENTED_EDGE('',*,*,#17120,.F.);
#17240=ORIENTED_EDGE('',*,*,#5990,.F.);
#17250=CARTESIAN_POINT('',(1097.69096981255,15.0000000000001,
-157.731280025988));
#17260=DIRECTION('',(0.,1.,0.));
#17270=VECTOR('',#17260,1.);
#17280=LINE('',#17250,#17270);
#17290=EDGE_CURVE('',#8250,#5890,#17280,.T.);
#17300=ORIENTED_EDGE('',*,*,#17290,.T.);
#17310=ORIENTED_EDGE('',*,*,#8260,.T.);
#17320=EDGE_LOOP('',(#17310,#17300,#17240,#17230));
#17330=FACE_OUTER_BOUND('',#17320,.T.);
#17340=ADVANCED_FACE('',(#17330),#17220,.T.);
#17350=CARTESIAN_POINT('',(1070.,15.0000000000001,-150.));
#17360=DIRECTION('',(0.,1.,0.));
#17370=DIRECTION('',(1.,0.,0.));
#17380=AXIS2_PLACEMENT_3D('',#17350,#17360,#17370);
#17390=CYLINDRICAL_SURFACE('',#17380,28.75);
#17400=ORIENTED_EDGE('',*,*,#17290,.F.);
#17410=ORIENTED_EDGE('',*,*,#5900,.T.);
#17420=CARTESIAN_POINT('',(1097.69096981255,15.0000000000001,
-142.268719974012));
#17430=DIRECTION('',(0.,1.,0.));
#17440=VECTOR('',#17430,1.);
#17450=LINE('',#17420,#17440);
#17460=EDGE_CURVE('',#8340,#5800,#17450,.T.);
#17470=ORIENTED_EDGE('',*,*,#17460,.T.);
#17480=ORIENTED_EDGE('',*,*,#8350,.F.);
#17490=EDGE_LOOP('',(#17480,#17470,#17410,#17400));
#17500=FACE_OUTER_BOUND('',#17490,.T.);
#17510=ADVANCED_FACE('',(#17500),#17390,.F.);
#17520=CARTESIAN_POINT('',(1098.50343441574,15.0000000000001,
-133.543534467242));
#17530=DIRECTION('',(0.,1.,0.));
#17540=DIRECTION('',(-0.5,0.,0.866025403784439));
#17550=AXIS2_PLACEMENT_3D('',#17520,#17530,#17540);
#17560=CYLINDRICAL_SURFACE('',#17550,8.76293106551588);
#17570=ORIENTED_EDGE('',*,*,#17460,.F.);
#17580=ORIENTED_EDGE('',*,*,#5810,.F.);
#17590=CARTESIAN_POINT('',(1090.54096981255,15.0000000000001,
-129.884556699895));
#17600=DIRECTION('',(0.,1.,0.));
#17610=VECTOR('',#17600,1.);
#17620=LINE('',#17590,#17610);
#17630=EDGE_CURVE('',#8430,#5710,#17620,.T.);
#17640=ORIENTED_EDGE('',*,*,#17630,.T.);
#17650=ORIENTED_EDGE('',*,*,#8440,.T.);
#17660=EDGE_LOOP('',(#17650,#17640,#17580,#17570));
#17670=FACE_OUTER_BOUND('',#17660,.T.);
#17680=ADVANCED_FACE('',(#17670),#17560,.T.);
#17690=CARTESIAN_POINT('',(1070.,15.0000000000001,-150.));
#17700=DIRECTION('',(0.,1.,0.));
#17710=DIRECTION('',(1.,0.,0.));
#17720=AXIS2_PLACEMENT_3D('',#17690,#17700,#17710);
#17730=CYLINDRICAL_SURFACE('',#17720,28.75);
#17740=ORIENTED_EDGE('',*,*,#17630,.F.);
#17750=ORIENTED_EDGE('',*,*,#5720,.T.);
#17760=CARTESIAN_POINT('',(1077.15,15.0000000000001,-122.153276673906));
#17770=DIRECTION('',(0.,1.,0.));
#17780=VECTOR('',#17770,1.);
#17790=LINE('',#17760,#17780);
#17800=EDGE_CURVE('',#8520,#5690,#17790,.T.);
#17810=ORIENTED_EDGE('',*,*,#17800,.T.);
#17820=ORIENTED_EDGE('',*,*,#8530,.F.);
#17830=EDGE_LOOP('',(#17820,#17810,#17750,#17740));
#17840=FACE_OUTER_BOUND('',#17830,.T.);
#17850=ADVANCED_FACE('',(#17840),#17730,.F.);
#17860=CARTESIAN_POINT('',(1098.0757343187,15.0000000000001,
-141.79538895096));
#17870=DIRECTION('',(0.,1.,0.));
#17880=DIRECTION('',(-0.5,0.,0.866025403784439));
#17890=AXIS2_PLACEMENT_3D('',#17860,#17870,#17880);
#17900=CYLINDRICAL_SURFACE('',#17890,2.);
#17910=CARTESIAN_POINT('',(1098.17925692917,15.0000000000001,
-139.79806998066));
#17920=DIRECTION('',(0.,1.,0.));
#17930=VECTOR('',#17920,1.);
#17940=LINE('',#17910,#17930);
#17950=EDGE_CURVE('',#2030,#5150,#17940,.T.);
#17960=ORIENTED_EDGE('',*,*,#17950,.F.);
#17970=ORIENTED_EDGE('',*,*,#5160,.F.);
#17980=ORIENTED_EDGE('',*,*,#16880,.T.);
#17990=ORIENTED_EDGE('',*,*,#2130,.T.);
#18000=EDGE_LOOP('',(#17990,#17980,#17970,#17960));
#18010=FACE_OUTER_BOUND('',#18000,.T.);
#18020=ADVANCED_FACE('',(#18010),#17900,.T.);
#18030=CARTESIAN_POINT('',(1070.,15.0000000000001,-117.087068934484));
#18040=DIRECTION('',(0.,1.,0.));
#18050=DIRECTION('',(-1.,0.,0.));
#18060=AXIS2_PLACEMENT_3D('',#18030,#18040,#18050);
#18070=CYLINDRICAL_SURFACE('',#18060,8.76293106551588);
#18080=ORIENTED_EDGE('',*,*,#17800,.F.);
#18090=ORIENTED_EDGE('',*,*,#6690,.F.);
#18100=ORIENTED_EDGE('',*,*,#15810,.T.);
#18110=ORIENTED_EDGE('',*,*,#8620,.T.);
#18120=EDGE_LOOP('',(#18110,#18100,#18090,#18080));
#18130=FACE_OUTER_BOUND('',#18120,.T.);
#18140=ADVANCED_FACE('',(#18130),#18070,.T.);
#18150=CARTESIAN_POINT('',(1098.0757343187,15.0000000000001,
-158.20461104904));
#18160=DIRECTION('',(0.,1.,0.));
#18170=DIRECTION('',(0.5,0.,0.866025403784439));
#18180=AXIS2_PLACEMENT_3D('',#18150,#18160,#18170);
#18190=CYLINDRICAL_SURFACE('',#18180,2.);
#18200=ORIENTED_EDGE('',*,*,#16950,.F.);
#18210=ORIENTED_EDGE('',*,*,#4980,.F.);
#18220=CARTESIAN_POINT('',(1098.17925692917,15.0000000000001,
-160.20193001934));
#18230=DIRECTION('',(0.,1.,0.));
#18240=VECTOR('',#18230,1.);
#18250=LINE('',#18220,#18240);
#18260=EDGE_CURVE('',#140,#4880,#18250,.T.);
#18270=ORIENTED_EDGE('',*,*,#18260,.T.);
#18280=ORIENTED_EDGE('',*,*,#150,.T.);
#18290=EDGE_LOOP('',(#18280,#18270,#18210,#18200));
#18300=FACE_OUTER_BOUND('',#18290,.T.);
#18310=ADVANCED_FACE('',(#18300),#18190,.T.);
#18320=CARTESIAN_POINT('',(1098.50343441574,15.0000000000001,
-166.456465532758));
#18330=DIRECTION('',(0.,1.,0.));
#18340=DIRECTION('',(0.5,0.,0.866025403784439));
#18350=AXIS2_PLACEMENT_3D('',#18320,#18330,#18340);
#18360=CYLINDRICAL_SURFACE('',#18350,6.26293106551588);
#18370=ORIENTED_EDGE('',*,*,#18260,.F.);
#18380=ORIENTED_EDGE('',*,*,#4890,.T.);
#18390=CARTESIAN_POINT('',(1092.92475902897,15.0000000000001,
-169.302987350762));
#18400=DIRECTION('',(0.,1.,0.));
#18410=VECTOR('',#18400,1.);
#18420=LINE('',#18390,#18410);
#18430=EDGE_CURVE('',#230,#4790,#18420,.T.);
#18440=ORIENTED_EDGE('',*,*,#18430,.T.);
#18450=ORIENTED_EDGE('',*,*,#240,.F.);
#18460=EDGE_LOOP('',(#18450,#18440,#18380,#18370));
#18470=FACE_OUTER_BOUND('',#18460,.T.);
#18480=ADVANCED_FACE('',(#18470),#18360,.F.);
#18490=CARTESIAN_POINT('',(1091.14326875599,15.0000000000001,
-170.211993625373));
#18500=DIRECTION('',(0.,1.,0.));
#18510=DIRECTION('',(0.5,0.,0.866025403784439));
#18520=AXIS2_PLACEMENT_3D('',#18490,#18500,#18510);
#18530=CYLINDRICAL_SURFACE('',#18520,2.);
#18540=ORIENTED_EDGE('',*,*,#18430,.F.);
#18550=ORIENTED_EDGE('',*,*,#4800,.F.);
#18560=CARTESIAN_POINT('',(1092.58896234614,15.0000000000001,
-171.594010283518));
#18570=DIRECTION('',(0.,1.,0.));
#18580=VECTOR('',#18570,1.);
#18590=LINE('',#18560,#18580);
#18600=EDGE_CURVE('',#320,#4700,#18590,.T.);
#18610=ORIENTED_EDGE('',*,*,#18600,.T.);
#18620=ORIENTED_EDGE('',*,*,#330,.T.);
#18630=EDGE_LOOP('',(#18620,#18610,#18550,#18540));
#18640=FACE_OUTER_BOUND('',#18630,.T.);
#18650=ADVANCED_FACE('',(#18640),#18530,.T.);
#18660=CARTESIAN_POINT('',(1070.,15.0000000000001,-150.));
#18670=DIRECTION('',(0.,1.,0.));
#18680=DIRECTION('',(1.,0.,0.));
#18690=AXIS2_PLACEMENT_3D('',#18660,#18670,#18680);
#18700=CYLINDRICAL_SURFACE('',#18690,31.25);
#18710=ORIENTED_EDGE('',*,*,#18600,.F.);
#18720=ORIENTED_EDGE('',*,*,#4710,.F.);
#18730=CARTESIAN_POINT('',(1077.40648030204,15.0000000000001,
-180.359620378646));
#18740=DIRECTION('',(0.,1.,0.));
#18750=VECTOR('',#18740,1.);
#18760=LINE('',#18730,#18750);
#18770=EDGE_CURVE('',#410,#4610,#18760,.T.);
#18780=ORIENTED_EDGE('',*,*,#18770,.T.);
#18790=ORIENTED_EDGE('',*,*,#420,.T.);
#18800=EDGE_LOOP('',(#18790,#18780,#18720,#18710));
#18810=FACE_OUTER_BOUND('',#18800,.T.);
#18820=ADVANCED_FACE('',(#18810),#18700,.T.);
#18830=CARTESIAN_POINT('',(1076.93246556271,15.0000000000001,
-178.416604674413));
#18840=DIRECTION('',(0.,1.,0.));
#18850=DIRECTION('',(1.,0.,0.));
#18860=AXIS2_PLACEMENT_3D('',#18830,#18840,#18850);
#18870=CYLINDRICAL_SURFACE('',#18860,2.);
#18880=ORIENTED_EDGE('',*,*,#18770,.F.);
#18890=ORIENTED_EDGE('',*,*,#4620,.F.);
#18900=CARTESIAN_POINT('',(1075.25449790021,15.0000000000001,
-179.504917370102));
#18910=DIRECTION('',(0.,1.,0.));
#18920=VECTOR('',#18910,1.);
#18930=LINE('',#18900,#18920);
#18940=EDGE_CURVE('',#500,#4520,#18930,.T.);
#18950=ORIENTED_EDGE('',*,*,#18940,.T.);
#18960=ORIENTED_EDGE('',*,*,#510,.T.);
#18970=EDGE_LOOP('',(#18960,#18950,#18890,#18880));
#18980=FACE_OUTER_BOUND('',#18970,.T.);
#18990=ADVANCED_FACE('',(#18980),#18870,.T.);
#19000=CARTESIAN_POINT('',(1070.,15.0000000000001,-182.912931065516));
#19010=DIRECTION('',(0.,1.,0.));
#19020=DIRECTION('',(1.,0.,0.));
#19030=AXIS2_PLACEMENT_3D('',#19000,#19010,#19020);
#19040=CYLINDRICAL_SURFACE('',#19030,6.26293106551588);
#19050=ORIENTED_EDGE('',*,*,#18940,.F.);
#19060=ORIENTED_EDGE('',*,*,#4530,.T.);
#19070=CARTESIAN_POINT('',(1064.74550209979,15.0000000000001,
-179.504917370102));
#19080=DIRECTION('',(0.,1.,0.));
#19090=VECTOR('',#19080,1.);
#19100=LINE('',#19070,#19090);
#19110=EDGE_CURVE('',#590,#4430,#19100,.T.);
#19120=ORIENTED_EDGE('',*,*,#19110,.T.);
#19130=ORIENTED_EDGE('',*,*,#600,.F.);
#19140=EDGE_LOOP('',(#19130,#19120,#19060,#19050));
#19150=FACE_OUTER_BOUND('',#19140,.T.);
#19160=ADVANCED_FACE('',(#19150),#19040,.F.);
#19170=CARTESIAN_POINT('',(1063.06753443729,15.0000000000001,
-178.416604674413));
#19180=DIRECTION('',(0.,1.,0.));
#19190=DIRECTION('',(1.,0.,0.));
#19200=AXIS2_PLACEMENT_3D('',#19170,#19180,#19190);
#19210=CYLINDRICAL_SURFACE('',#19200,2.);
#19220=ORIENTED_EDGE('',*,*,#19110,.F.);
#19230=ORIENTED_EDGE('',*,*,#4440,.F.);
#19240=CARTESIAN_POINT('',(1062.59351969796,15.0000000000001,
-180.359620378646));
#19250=DIRECTION('',(0.,1.,0.));
#19260=VECTOR('',#19250,1.);
#19270=LINE('',#19240,#19260);
#19280=EDGE_CURVE('',#680,#4340,#19270,.T.);
#19290=ORIENTED_EDGE('',*,*,#19280,.T.);
#19300=ORIENTED_EDGE('',*,*,#690,.T.);
#19310=EDGE_LOOP('',(#19300,#19290,#19230,#19220));
#19320=FACE_OUTER_BOUND('',#19310,.T.);
#19330=ADVANCED_FACE('',(#19320),#19210,.T.);
#19340=CARTESIAN_POINT('',(1070.,15.0000000000001,-150.));
#19350=DIRECTION('',(0.,1.,0.));
#19360=DIRECTION('',(1.,0.,0.));
#19370=AXIS2_PLACEMENT_3D('',#19340,#19350,#19360);
#19380=CYLINDRICAL_SURFACE('',#19370,31.25);
#19390=ORIENTED_EDGE('',*,*,#19280,.F.);
#19400=ORIENTED_EDGE('',*,*,#4350,.F.);
#19410=CARTESIAN_POINT('',(1047.41103765386,15.0000000000001,
-171.594010283518));
#19420=DIRECTION('',(0.,1.,0.));
#19430=VECTOR('',#19420,1.);
#19440=LINE('',#19410,#19430);
#19450=EDGE_CURVE('',#770,#4250,#19440,.T.);
#19460=ORIENTED_EDGE('',*,*,#19450,.T.);
#19470=ORIENTED_EDGE('',*,*,#780,.T.);
#19480=EDGE_LOOP('',(#19470,#19460,#19400,#19390));
#19490=FACE_OUTER_BOUND('',#19480,.T.);
#19500=ADVANCED_FACE('',(#19490),#19380,.T.);
#19510=CARTESIAN_POINT('',(1048.85673124401,15.0000000000001,
-170.211993625373));
#19520=DIRECTION('',(0.,1.,0.));
#19530=DIRECTION('',(0.5,0.,-0.866025403784439));
#19540=AXIS2_PLACEMENT_3D('',#19510,#19520,#19530);
#19550=CYLINDRICAL_SURFACE('',#19540,2.);
#19560=ORIENTED_EDGE('',*,*,#19450,.F.);
#19570=ORIENTED_EDGE('',*,*,#4260,.F.);
#19580=CARTESIAN_POINT('',(1047.07524097103,15.0000000000001,
-169.302987350762));
#19590=DIRECTION('',(0.,1.,0.));
#19600=VECTOR('',#19590,1.);
#19610=LINE('',#19580,#19600);
#19620=EDGE_CURVE('',#860,#4160,#19610,.T.);
#19630=ORIENTED_EDGE('',*,*,#19620,.T.);
#19640=ORIENTED_EDGE('',*,*,#870,.T.);
#19650=EDGE_LOOP('',(#19640,#19630,#19570,#19560));
#19660=FACE_OUTER_BOUND('',#19650,.T.);
#19670=ADVANCED_FACE('',(#19660),#19550,.T.);
#19680=CARTESIAN_POINT('',(1041.49656558426,15.0000000000001,
-166.456465532758));
#19690=DIRECTION('',(0.,1.,0.));
#19700=DIRECTION('',(0.5,0.,-0.866025403784439));
#19710=AXIS2_PLACEMENT_3D('',#19680,#19690,#19700);
#19720=CYLINDRICAL_SURFACE('',#19710,6.26293106551588);
#19730=ORIENTED_EDGE('',*,*,#19620,.F.);
#19740=ORIENTED_EDGE('',*,*,#4170,.T.);
#19750=CARTESIAN_POINT('',(1041.82074307083,15.0000000000001,
-160.20193001934));
#19760=DIRECTION('',(0.,1.,0.));
#19770=VECTOR('',#19760,1.);
#19780=LINE('',#19750,#19770);
#19790=EDGE_CURVE('',#950,#4070,#19780,.T.);
#19800=ORIENTED_EDGE('',*,*,#19790,.T.);
#19810=ORIENTED_EDGE('',*,*,#960,.F.);
#19820=EDGE_LOOP('',(#19810,#19800,#19740,#19730));
#19830=FACE_OUTER_BOUND('',#19820,.T.);
#19840=ADVANCED_FACE('',(#19830),#19720,.F.);
#19850=CARTESIAN_POINT('',(1041.9242656813,15.0000000000001,
-158.20461104904));
#19860=DIRECTION('',(0.,1.,0.));
#19870=DIRECTION('',(0.5,0.,-0.866025403784439));
#19880=AXIS2_PLACEMENT_3D('',#19850,#19860,#19870);
#19890=CYLINDRICAL_SURFACE('',#19880,2.);
#19900=ORIENTED_EDGE('',*,*,#19790,.F.);
#19910=ORIENTED_EDGE('',*,*,#4080,.F.);
#19920=CARTESIAN_POINT('',(1040.00455735182,15.0000000000001,
-158.765610095128));
#19930=DIRECTION('',(0.,1.,0.));
#19940=VECTOR('',#19930,1.);
#19950=LINE('',#19920,#19940);
#19960=EDGE_CURVE('',#1040,#3980,#19950,.T.);
#19970=ORIENTED_EDGE('',*,*,#19960,.T.);
#19980=ORIENTED_EDGE('',*,*,#1050,.T.);
#19990=EDGE_LOOP('',(#19980,#19970,#19910,#19900));
#20000=FACE_OUTER_BOUND('',#19990,.T.);
#20010=ADVANCED_FACE('',(#20000),#19890,.T.);
#20020=CARTESIAN_POINT('',(1070.,15.0000000000001,-150.));
#20030=DIRECTION('',(0.,1.,0.));
#20040=DIRECTION('',(1.,0.,0.));
#20050=AXIS2_PLACEMENT_3D('',#20020,#20030,#20040);
#20060=CYLINDRICAL_SURFACE('',#20050,31.25);
#20070=ORIENTED_EDGE('',*,*,#19960,.F.);
#20080=ORIENTED_EDGE('',*,*,#3990,.F.);
#20090=CARTESIAN_POINT('',(1040.00455735182,15.0000000000001,
-141.234389904872));
#20100=DIRECTION('',(0.,1.,0.));
#20110=VECTOR('',#20100,1.);
#20120=LINE('',#20090,#20110);
#20130=EDGE_CURVE('',#1130,#3890,#20120,.T.);
#20140=ORIENTED_EDGE('',*,*,#20130,.T.);
#20150=ORIENTED_EDGE('',*,*,#1140,.T.);
#20160=EDGE_LOOP('',(#20150,#20140,#20080,#20070));
#20170=FACE_OUTER_BOUND('',#20160,.T.);
#20180=ADVANCED_FACE('',(#20170),#20060,.T.);
#20190=CARTESIAN_POINT('',(1041.9242656813,15.0000000000001,
-141.79538895096));
#20200=DIRECTION('',(0.,1.,0.));
#20210=DIRECTION('',(-0.5,-0.,-0.866025403784439));
#20220=AXIS2_PLACEMENT_3D('',#20190,#20200,#20210);
#20230=CYLINDRICAL_SURFACE('',#20220,2.);
#20240=ORIENTED_EDGE('',*,*,#20130,.F.);
#20250=ORIENTED_EDGE('',*,*,#3900,.F.);
#20260=CARTESIAN_POINT('',(1041.82074307083,15.0000000000001,
-139.79806998066));
#20270=DIRECTION('',(0.,1.,0.));
#20280=VECTOR('',#20270,1.);
#20290=LINE('',#20260,#20280);
#20300=EDGE_CURVE('',#1220,#3800,#20290,.T.);
#20310=ORIENTED_EDGE('',*,*,#20300,.T.);
#20320=ORIENTED_EDGE('',*,*,#1230,.T.);
#20330=EDGE_LOOP('',(#20320,#20310,#20250,#20240));
#20340=FACE_OUTER_BOUND('',#20330,.T.);
#20350=ADVANCED_FACE('',(#20340),#20230,.T.);
#20360=CARTESIAN_POINT('',(1041.49656558426,15.0000000000001,
-133.543534467242));
#20370=DIRECTION('',(0.,1.,0.));
#20380=DIRECTION('',(-0.5,-0.,-0.866025403784439));
#20390=AXIS2_PLACEMENT_3D('',#20360,#20370,#20380);
#20400=CYLINDRICAL_SURFACE('',#20390,6.26293106551588);
#20410=ORIENTED_EDGE('',*,*,#20300,.F.);
#20420=ORIENTED_EDGE('',*,*,#3810,.T.);
#20430=CARTESIAN_POINT('',(1047.07524097103,15.0000000000001,
-130.697012649238));
#20440=DIRECTION('',(0.,1.,0.));
#20450=VECTOR('',#20440,1.);
#20460=LINE('',#20430,#20450);
#20470=EDGE_CURVE('',#1310,#3710,#20460,.T.);
#20480=ORIENTED_EDGE('',*,*,#20470,.T.);
#20490=ORIENTED_EDGE('',*,*,#1320,.F.);
#20500=EDGE_LOOP('',(#20490,#20480,#20420,#20410));
#20510=FACE_OUTER_BOUND('',#20500,.T.);
#20520=ADVANCED_FACE('',(#20510),#20400,.F.);
#20530=CARTESIAN_POINT('',(1048.85673124401,15.0000000000001,
-129.788006374627));
#20540=DIRECTION('',(0.,1.,0.));
#20550=DIRECTION('',(-0.5,-0.,-0.866025403784439));
#20560=AXIS2_PLACEMENT_3D('',#20530,#20540,#20550);
#20570=CYLINDRICAL_SURFACE('',#20560,2.);
#20580=ORIENTED_EDGE('',*,*,#20470,.F.);
#20590=ORIENTED_EDGE('',*,*,#3720,.F.);
#20600=CARTESIAN_POINT('',(1047.41103765386,15.0000000000001,
-128.405989716482));
#20610=DIRECTION('',(0.,1.,0.));
#20620=VECTOR('',#20610,1.);
#20630=LINE('',#20600,#20620);
#20640=EDGE_CURVE('',#1400,#3620,#20630,.T.);
#20650=ORIENTED_EDGE('',*,*,#20640,.T.);
#20660=ORIENTED_EDGE('',*,*,#1410,.T.);
#20670=EDGE_LOOP('',(#20660,#20650,#20590,#20580));
#20680=FACE_OUTER_BOUND('',#20670,.T.);
#20690=ADVANCED_FACE('',(#20680),#20570,.T.);
#20700=CARTESIAN_POINT('',(1070.,15.0000000000001,-150.));
#20710=DIRECTION('',(0.,1.,0.));
#20720=DIRECTION('',(1.,0.,0.));
#20730=AXIS2_PLACEMENT_3D('',#20700,#20710,#20720);
#20740=CYLINDRICAL_SURFACE('',#20730,31.25);
#20750=ORIENTED_EDGE('',*,*,#20640,.F.);
#20760=ORIENTED_EDGE('',*,*,#3630,.F.);
#20770=CARTESIAN_POINT('',(1062.59351969796,15.0000000000001,
-119.640379621354));
#20780=DIRECTION('',(0.,1.,0.));
#20790=VECTOR('',#20780,1.);
#20800=LINE('',#20770,#20790);
#20810=EDGE_CURVE('',#1490,#3510,#20800,.T.);
#20820=ORIENTED_EDGE('',*,*,#20810,.T.);
#20830=ORIENTED_EDGE('',*,*,#1500,.T.);
#20840=EDGE_LOOP('',(#20830,#20820,#20760,#20750));
#20850=FACE_OUTER_BOUND('',#20840,.T.);
#20860=ADVANCED_FACE('',(#20850),#20740,.T.);
#20870=CARTESIAN_POINT('',(1063.06753443729,15.0000000000001,
-121.583395325587));
#20880=DIRECTION('',(0.,1.,0.));
#20890=DIRECTION('',(-1.,0.,0.));
#20900=AXIS2_PLACEMENT_3D('',#20870,#20880,#20890);
#20910=CYLINDRICAL_SURFACE('',#20900,2.);
#20920=ORIENTED_EDGE('',*,*,#20810,.F.);
#20930=ORIENTED_EDGE('',*,*,#3540,.F.);
#20940=CARTESIAN_POINT('',(1064.74550209979,15.0000000000001,
-120.495082629898));
#20950=DIRECTION('',(0.,1.,0.));
#20960=VECTOR('',#20950,1.);
#20970=LINE('',#20940,#20960);
#20980=EDGE_CURVE('',#1580,#3530,#20970,.T.);
#20990=ORIENTED_EDGE('',*,*,#20980,.T.);
#21000=ORIENTED_EDGE('',*,*,#1590,.T.);
#21010=EDGE_LOOP('',(#21000,#20990,#20930,#20920));
#21020=FACE_OUTER_BOUND('',#21010,.T.);
#21030=ADVANCED_FACE('',(#21020),#20910,.T.);
#21040=CARTESIAN_POINT('',(1070.,15.0000000000001,-117.087068934484));
#21050=DIRECTION('',(0.,1.,0.));
#21060=DIRECTION('',(-1.,0.,0.));
#21070=AXIS2_PLACEMENT_3D('',#21040,#21050,#21060);
#21080=CYLINDRICAL_SURFACE('',#21070,6.26293106551588);
#21090=ORIENTED_EDGE('',*,*,#20980,.F.);
#21100=ORIENTED_EDGE('',*,*,#5590,.T.);
#21110=CARTESIAN_POINT('',(1075.25449790021,15.0000000000001,
-120.495082629898));
#21120=DIRECTION('',(0.,1.,0.));
#21130=VECTOR('',#21120,1.);
#21140=LINE('',#21110,#21130);
#21150=EDGE_CURVE('',#1670,#5510,#21140,.T.);
#21160=ORIENTED_EDGE('',*,*,#21150,.T.);
#21170=ORIENTED_EDGE('',*,*,#1680,.F.);
#21180=EDGE_LOOP('',(#21170,#21160,#21100,#21090));
#21190=FACE_OUTER_BOUND('',#21180,.T.);
#21200=ADVANCED_FACE('',(#21190),#21080,.F.);
#21210=CARTESIAN_POINT('',(1076.93246556271,15.0000000000001,
-121.583395325587));
#21220=DIRECTION('',(0.,1.,0.));
#21230=DIRECTION('',(-1.,0.,0.));
#21240=AXIS2_PLACEMENT_3D('',#21210,#21220,#21230);
#21250=CYLINDRICAL_SURFACE('',#21240,2.);
#21260=ORIENTED_EDGE('',*,*,#21150,.F.);
#21270=ORIENTED_EDGE('',*,*,#5520,.F.);
#21280=CARTESIAN_POINT('',(1077.40648030204,15.0000000000001,
-119.640379621354));
#21290=DIRECTION('',(0.,1.,0.));
#21300=VECTOR('',#21290,1.);
#21310=LINE('',#21280,#21300);
#21320=EDGE_CURVE('',#1760,#5420,#21310,.T.);
#21330=ORIENTED_EDGE('',*,*,#21320,.T.);
#21340=ORIENTED_EDGE('',*,*,#1770,.T.);
#21350=EDGE_LOOP('',(#21340,#21330,#21270,#21260));
#21360=FACE_OUTER_BOUND('',#21350,.T.);
#21370=ADVANCED_FACE('',(#21360),#21250,.T.);
#21380=CARTESIAN_POINT('',(1070.,15.0000000000001,-150.));
#21390=DIRECTION('',(0.,1.,0.));
#21400=DIRECTION('',(1.,0.,0.));
#21410=AXIS2_PLACEMENT_3D('',#21380,#21390,#21400);
#21420=CYLINDRICAL_SURFACE('',#21410,31.25);
#21430=ORIENTED_EDGE('',*,*,#21320,.F.);
#21440=ORIENTED_EDGE('',*,*,#5430,.F.);
#21450=CARTESIAN_POINT('',(1092.58896234614,15.0000000000001,
-128.405989716482));
#21460=DIRECTION('',(0.,1.,0.));
#21470=VECTOR('',#21460,1.);
#21480=LINE('',#21450,#21470);
#21490=EDGE_CURVE('',#1850,#5330,#21480,.T.);
#21500=ORIENTED_EDGE('',*,*,#21490,.T.);
#21510=ORIENTED_EDGE('',*,*,#1860,.T.);
#21520=EDGE_LOOP('',(#21510,#21500,#21440,#21430));
#21530=FACE_OUTER_BOUND('',#21520,.T.);
#21540=ADVANCED_FACE('',(#21530),#21420,.T.);
#21550=CARTESIAN_POINT('',(1091.14326875599,15.0000000000001,
-129.788006374627));
#21560=DIRECTION('',(0.,1.,0.));
#21570=DIRECTION('',(-0.5,0.,0.866025403784439));
#21580=AXIS2_PLACEMENT_3D('',#21550,#21560,#21570);
#21590=CYLINDRICAL_SURFACE('',#21580,2.);
#21600=ORIENTED_EDGE('',*,*,#21490,.F.);
#21610=ORIENTED_EDGE('',*,*,#5340,.F.);
#21620=CARTESIAN_POINT('',(1092.92475902897,15.0000000000001,
-130.697012649238));
#21630=DIRECTION('',(0.,1.,0.));
#21640=VECTOR('',#21630,1.);
#21650=LINE('',#21620,#21640);
#21660=EDGE_CURVE('',#1940,#5240,#21650,.T.);
#21670=ORIENTED_EDGE('',*,*,#21660,.T.);
#21680=ORIENTED_EDGE('',*,*,#1950,.T.);
#21690=EDGE_LOOP('',(#21680,#21670,#21610,#21600));
#21700=FACE_OUTER_BOUND('',#21690,.T.);
#21710=ADVANCED_FACE('',(#21700),#21590,.T.);
#21720=CARTESIAN_POINT('',(1098.50343441574,15.0000000000001,
-133.543534467242));
#21730=DIRECTION('',(0.,1.,0.));
#21740=DIRECTION('',(-0.5,0.,0.866025403784439));
#21750=AXIS2_PLACEMENT_3D('',#21720,#21730,#21740);
#21760=CYLINDRICAL_SURFACE('',#21750,6.26293106551588);
#21770=ORIENTED_EDGE('',*,*,#21660,.F.);
#21780=ORIENTED_EDGE('',*,*,#5250,.T.);
#21790=ORIENTED_EDGE('',*,*,#17950,.T.);
#21800=ORIENTED_EDGE('',*,*,#2040,.F.);
#21810=EDGE_LOOP('',(#21800,#21790,#21780,#21770));
#21820=FACE_OUTER_BOUND('',#21810,.T.);
#21830=ADVANCED_FACE('',(#21820),#21760,.F.);
#21840=CARTESIAN_POINT('',(949.,-69.4999999999999,-150.));
#21850=DIRECTION('',(0.,-1.,0.));
#21860=DIRECTION('',(1.,0.,0.));
#21870=AXIS2_PLACEMENT_3D('',#21840,#21850,#21860);
#21880=CYLINDRICAL_SURFACE('',#21870,5.);
#21890=ORIENTED_EDGE('',*,*,#15430,.F.);
#21900=ORIENTED_EDGE('',*,*,#15660,.T.);
#21910=ORIENTED_EDGE('',*,*,#12840,.T.);
#21920=ORIENTED_EDGE('',*,*,#15590,.F.);
#21930=EDGE_LOOP('',(#21920,#21910,#21900,#21890));
#21940=FACE_OUTER_BOUND('',#21930,.T.);
#21950=ADVANCED_FACE('',(#21940),#21880,.T.);
#21960=CARTESIAN_POINT('',(949.,-28.9999999999999,-150.));
#21970=DIRECTION('',(0.,-1.,0.));
#21980=DIRECTION('',(1.,0.,0.));
#21990=AXIS2_PLACEMENT_3D('',#21960,#21970,#21980);
#22000=CYLINDRICAL_SURFACE('',#21990,14.5);
#22010=ORIENTED_EDGE('',*,*,#12010,.F.);
#22020=ORIENTED_EDGE('',*,*,#13070,.T.);
#22030=ORIENTED_EDGE('',*,*,#11580,.T.);
#22040=ORIENTED_EDGE('',*,*,#13000,.F.);
#22050=EDGE_LOOP('',(#22040,#22030,#22020,#22010));
#22060=FACE_OUTER_BOUND('',#22050,.T.);
#22070=ADVANCED_FACE('',(#22060),#22000,.T.);
#22080=CARTESIAN_POINT('',(949.,-28.9999999999999,-150.));
#22090=DIRECTION('',(0.,-1.,0.));
#22100=DIRECTION('',(1.,0.,0.));
#22110=AXIS2_PLACEMENT_3D('',#22080,#22090,#22100);
#22120=CYLINDRICAL_SURFACE('',#22110,24.);
#22130=ORIENTED_EDGE('',*,*,#10850,.F.);
#22140=ORIENTED_EDGE('',*,*,#11230,.T.);
#22150=ORIENTED_EDGE('',*,*,#10420,.T.);
#22160=ORIENTED_EDGE('',*,*,#11160,.F.);
#22170=EDGE_LOOP('',(#22160,#22150,#22140,#22130));
#22180=FACE_OUTER_BOUND('',#22170,.T.);
#22190=ADVANCED_FACE('',(#22180),#22120,.T.);
#22200=CARTESIAN_POINT('',(949.,-47.9999999999999,-150.));
#22210=DIRECTION('',(0.,-1.,0.));
#22220=DIRECTION('',(1.,0.,0.));
#22230=AXIS2_PLACEMENT_3D('',#22200,#22210,#22220);
#22240=CYLINDRICAL_SURFACE('',#22230,21.5);
#22250=ORIENTED_EDGE('',*,*,#11430,.F.);
#22260=ORIENTED_EDGE('',*,*,#11810,.F.);
#22270=ORIENTED_EDGE('',*,*,#11000,.T.);
#22280=ORIENTED_EDGE('',*,*,#11740,.T.);
#22290=EDGE_LOOP('',(#22280,#22270,#22260,#22250));
#22300=FACE_OUTER_BOUND('',#22290,.T.);
#22310=ADVANCED_FACE('',(#22300),#22240,.F.);
#22320=CARTESIAN_POINT('',(1070.,-28.9999999999999,-150.));
#22330=DIRECTION('',(0.,-1.,0.));
#22340=DIRECTION('',(1.,0.,0.));
#22350=AXIS2_PLACEMENT_3D('',#22320,#22330,#22340);
#22360=CYLINDRICAL_SURFACE('',#22350,5.09999999999999);
#22370=ORIENTED_EDGE('',*,*,#9360,.F.);
#22380=ORIENTED_EDGE('',*,*,#10650,.F.);
#22390=ORIENTED_EDGE('',*,*,#10270,.T.);
#22400=ORIENTED_EDGE('',*,*,#10580,.T.);
#22410=EDGE_LOOP('',(#22400,#22390,#22380,#22370));
#22420=FACE_OUTER_BOUND('',#22410,.T.);
#22430=ADVANCED_FACE('',(#22420),#22360,.F.);
#22440=CARTESIAN_POINT('',(1067.45454545455,15.0000000000001,
-188.415760582826));
#22450=DIRECTION('',(-0.066115702479339,0.,-0.997811963190292));
#22460=DIRECTION('',(-0.997811963190292,0.,0.066115702479339));
#22470=AXIS2_PLACEMENT_3D('',#22440,#22450,#22460);
#22480=PLANE('',#22470);
#22490=CARTESIAN_POINT('',(946.98347107438,15.0000000000001,
-180.433264877304));
#22500=DIRECTION('',(0.,-1.,0.));
#22510=VECTOR('',#22500,1.);
#22520=LINE('',#22490,#22510);
#22530=CARTESIAN_POINT('',(946.98347107438,1.01155280893605,
-180.433264877304));
#22540=VERTEX_POINT('',#22530);
#22550=EDGE_CURVE('',#22540,#9560,#22520,.T.);
#22560=ORIENTED_EDGE('',*,*,#22550,.F.);
#22570=ORIENTED_EDGE('',*,*,#10140,.F.);
#22580=CARTESIAN_POINT('',(1067.45454545455,15.0000000000001,
-188.415760582826));
#22590=DIRECTION('',(0.,-1.,0.));
#22600=VECTOR('',#22590,1.);
#22610=LINE('',#22580,#22600);
#22620=EDGE_CURVE('',#7340,#10070,#22610,.T.);
#22630=ORIENTED_EDGE('',*,*,#22620,.T.);
#22640=ORIENTED_EDGE('',*,*,#7350,.T.);
#22650=CARTESIAN_POINT('',(962.959143402794,12.439956645056,
-181.491823841856));
#22660=CARTESIAN_POINT('',(963.015459599391,12.4802426154423,
-181.495555391523));
#22670=CARTESIAN_POINT('',(963.0731491151,12.5185642102888,
-181.499377938253));
#22680=CARTESIAN_POINT('',(963.372149107818,12.7025946075286,
-181.519189882075));
#22690=CARTESIAN_POINT('',(963.632683185091,12.8163079153746,
-181.536453048057));
#22700=CARTESIAN_POINT('',(963.906335234059,12.8918465794601,
-181.554585419806));
#22710=CARTESIAN_POINT('',(964.098435886388,12.9448738697786,
-181.56731414029));
#22720=CARTESIAN_POINT('',(964.294992859613,12.9785301953675,
-181.580338139642));
#22730=CARTESIAN_POINT('',(964.563467186018,12.9975085093924,
-181.598127431957));
#22740=CARTESIAN_POINT('',(964.634020606027,12.9999999520478,
-181.602802349775));
#22750=CARTESIAN_POINT('',(964.704597948249,13.0000000000001,
-181.607478852696));
#22760=B_SPLINE_CURVE_WITH_KNOTS('',3,(#22650,#22660,#22670,#22680,
#22690,#22700,#22710,#22720,#22730,#22740,#22750),.UNSPECIFIED.,.F.,.F.,
(4,2,3,2,4),(0.,0.278584339115081,1.41276743081649,2.2089514195078,
2.49195698755295),.UNSPECIFIED.);
#22770=CARTESIAN_POINT('',(962.959143402794,12.439956645056,
-181.491823841856));
#22780=VERTEX_POINT('',#22770);
#22790=EDGE_CURVE('',#22780,#7260,#22760,.T.);
#22800=ORIENTED_EDGE('',*,*,#22790,.T.);
#22810=CARTESIAN_POINT('',(729.867768595041,-154.304973224439,
-166.047030077292));
#22820=DIRECTION('',(0.812140408589646,0.580975145846363,
-0.0538129784033484));
#22830=VECTOR('',#22820,1.);
#22840=LINE('',#22810,#22830);
#22850=EDGE_CURVE('',#22540,#22780,#22840,.T.);
#22860=ORIENTED_EDGE('',*,*,#22850,.T.);
#22870=EDGE_LOOP('',(#22860,#22800,#22640,#22630,#22570,#22560));
#22880=FACE_OUTER_BOUND('',#22870,.T.);
#22890=ADVANCED_FACE('',(#22880),#22480,.T.);
#22900=CARTESIAN_POINT('',(1070.,15.0000000000001,-150.));
#22910=DIRECTION('',(0.,-1.,0.));
#22920=DIRECTION('',(1.,0.,0.));
#22930=AXIS2_PLACEMENT_3D('',#22900,#22910,#22920);
#22940=CYLINDRICAL_SURFACE('',#22930,38.5);
#22950=ORIENTED_EDGE('',*,*,#22620,.F.);
#22960=ORIENTED_EDGE('',*,*,#10080,.F.);
#22970=CARTESIAN_POINT('',(1103.27160493827,15.0000000000001,
-169.371378495904));
#22980=DIRECTION('',(0.,-1.,0.));
#22990=VECTOR('',#22980,1.);
#23000=LINE('',#22970,#22990);
#23010=CARTESIAN_POINT('',(1103.27160493827,-2.99999999999994,
-169.371378495904));
#23020=VERTEX_POINT('',#23010);
#23030=EDGE_CURVE('',#23020,#9980,#23000,.T.);
#23040=ORIENTED_EDGE('',*,*,#23030,.T.);
#23050=CARTESIAN_POINT('',(1070.,-2.99999999999994,-150.));
#23060=DIRECTION('',(0.,1.,0.));
#23070=DIRECTION('',(1.,0.,0.));
#23080=AXIS2_PLACEMENT_3D('',#23050,#23060,#23070);
#23090=CIRCLE('',#23080,38.5);
#23100=CARTESIAN_POINT('',(1103.27160493827,-2.99999999999994,
-130.628621504096));
#23110=VERTEX_POINT('',#23100);
#23120=EDGE_CURVE('',#23110,#23020,#23090,.T.);
#23130=ORIENTED_EDGE('',*,*,#23120,.T.);
#23140=CARTESIAN_POINT('',(1103.27160493827,15.0000000000001,
-130.628621504096));
#23150=DIRECTION('',(0.,-1.,0.));
#23160=VECTOR('',#23150,1.);
#23170=LINE('',#23140,#23160);
#23180=EDGE_CURVE('',#23110,#9730,#23170,.T.);
#23190=ORIENTED_EDGE('',*,*,#23180,.F.);
#23200=ORIENTED_EDGE('',*,*,#9740,.F.);
#23210=CARTESIAN_POINT('',(1067.45454545455,15.0000000000001,
-111.584239417174));
#23220=DIRECTION('',(0.,-1.,0.));
#23230=VECTOR('',#23220,1.);
#23240=LINE('',#23210,#23230);
#23250=EDGE_CURVE('',#7590,#9640,#23240,.T.);
#23260=ORIENTED_EDGE('',*,*,#23250,.T.);
#23270=ORIENTED_EDGE('',*,*,#8100,.T.);
#23280=ORIENTED_EDGE('',*,*,#7020,.F.);
#23290=ORIENTED_EDGE('',*,*,#2740,.F.);
#23300=ORIENTED_EDGE('',*,*,#3340,.F.);
#23310=ORIENTED_EDGE('',*,*,#7920,.T.);
#23320=EDGE_LOOP('',(#23310,#23300,#23290,#23280,#23270,#23260,#23200,
#23190,#23130,#23040,#22960,#22950));
#23330=FACE_OUTER_BOUND('',#23320,.T.);
#23340=ADVANCED_FACE('',(#23330),#22940,.T.);
#23350=CARTESIAN_POINT('',(1110.5,15.0000000000001,-150.));
#23360=DIRECTION('',(0.,-1.,0.));
#23370=DIRECTION('',(1.,0.,0.));
#23380=AXIS2_PLACEMENT_3D('',#23350,#23360,#23370);
#23390=CYLINDRICAL_SURFACE('',#23380,3.5);
#23400=CARTESIAN_POINT('',(1113.52469135802,15.0000000000001,
-151.761034408719));
#23410=DIRECTION('',(0.,-1.,0.));
#23420=VECTOR('',#23410,1.);
#23430=LINE('',#23400,#23420);
#23440=CARTESIAN_POINT('',(1113.52469135802,-2.99999999999994,
-151.761034408719));
#23450=VERTEX_POINT('',#23440);
#23460=EDGE_CURVE('',#23450,#9900,#23430,.T.);
#23470=ORIENTED_EDGE('',*,*,#23460,.F.);
#23480=ORIENTED_EDGE('',*,*,#9910,.F.);
#23490=CARTESIAN_POINT('',(1113.52469135802,15.0000000000001,
-148.238965591281));
#23500=DIRECTION('',(0.,-1.,0.));
#23510=VECTOR('',#23500,1.);
#23520=LINE('',#23490,#23510);
#23530=CARTESIAN_POINT('',(1113.52469135802,-2.99999999999994,
-148.238965591281));
#23540=VERTEX_POINT('',#23530);
#23550=EDGE_CURVE('',#23540,#9810,#23520,.T.);
#23560=ORIENTED_EDGE('',*,*,#23550,.T.);
#23570=CARTESIAN_POINT('',(1110.5,-2.99999999999994,-150.));
#23580=DIRECTION('',(0.,-1.,0.));
#23590=DIRECTION('',(1.,0.,0.));
#23600=AXIS2_PLACEMENT_3D('',#23570,#23580,#23590);
#23610=CIRCLE('',#23600,3.5);
#23620=EDGE_CURVE('',#23450,#23540,#23610,.T.);
#23630=ORIENTED_EDGE('',*,*,#23620,.T.);
#23640=EDGE_LOOP('',(#23630,#23560,#23480,#23470));
#23650=FACE_OUTER_BOUND('',#23640,.T.);
#23660=ADVANCED_FACE('',(#23650),#23390,.T.);
#23670=CARTESIAN_POINT('',(1113.52469135802,15.0000000000001,
-151.761034408719));
#23680=DIRECTION('',(0.864197530864198,0.,-0.503152688205303));
#23690=DIRECTION('',(-0.503152688205303,-0.,-0.864197530864198));
#23700=AXIS2_PLACEMENT_3D('',#23670,#23680,#23690);
#23710=PLANE('',#23700);
#23720=ORIENTED_EDGE('',*,*,#23030,.F.);
#23730=ORIENTED_EDGE('',*,*,#9990,.T.);
#23740=ORIENTED_EDGE('',*,*,#23460,.T.);
#23750=CARTESIAN_POINT('',(1114.55,-2.99999999999994,-150.));
#23760=DIRECTION('',(0.503152688205303,0.,0.864197530864198));
#23770=VECTOR('',#23760,1.);
#23780=LINE('',#23750,#23770);
#23790=EDGE_CURVE('',#23020,#23450,#23780,.T.);
#23800=ORIENTED_EDGE('',*,*,#23790,.T.);
#23810=EDGE_LOOP('',(#23800,#23740,#23730,#23720));
#23820=FACE_OUTER_BOUND('',#23810,.T.);
#23830=ADVANCED_FACE('',(#23820),#23710,.T.);
#23840=CARTESIAN_POINT('',(1103.27160493827,15.0000000000001,
-130.628621504096));
#23850=DIRECTION('',(0.864197530864197,-0.,0.503152688205306));
#23860=DIRECTION('',(0.503152688205306,0.,-0.864197530864197));
#23870=AXIS2_PLACEMENT_3D('',#23840,#23850,#23860);
#23880=PLANE('',#23870);
#23890=ORIENTED_EDGE('',*,*,#23550,.F.);
#23900=ORIENTED_EDGE('',*,*,#9820,.F.);
#23910=ORIENTED_EDGE('',*,*,#23180,.T.);
#23920=CARTESIAN_POINT('',(1114.55,-2.99999999999994,-150.));
#23930=DIRECTION('',(-0.503152688205306,0.,0.864197530864197));
#23940=VECTOR('',#23930,1.);
#23950=LINE('',#23920,#23940);
#23960=EDGE_CURVE('',#23540,#23110,#23950,.T.);
#23970=ORIENTED_EDGE('',*,*,#23960,.T.);
#23980=EDGE_LOOP('',(#23970,#23910,#23900,#23890));
#23990=FACE_OUTER_BOUND('',#23980,.T.);
#24000=ADVANCED_FACE('',(#23990),#23880,.T.);
#24010=CARTESIAN_POINT('',(1016.21180310636,-2.99999999999994,-150.));
#24020=DIRECTION('',(-0.,1.,0.));
#24030=DIRECTION('',(1.,0.,0.));
#24040=AXIS2_PLACEMENT_3D('',#24010,#24020,#24030);
#24050=PLANE('',#24040);
#24060=ORIENTED_EDGE('',*,*,#23120,.F.);
#24070=ORIENTED_EDGE('',*,*,#23790,.F.);
#24080=ORIENTED_EDGE('',*,*,#23620,.F.);
#24090=ORIENTED_EDGE('',*,*,#23960,.F.);
#24100=EDGE_LOOP('',(#24090,#24080,#24070,#24060));
#24110=FACE_OUTER_BOUND('',#24100,.T.);
#24120=ADVANCED_FACE('',(#24110),#24050,.T.);
#24130=CARTESIAN_POINT('',(946.98347107438,15.0000000000001,
-119.566735122696));
#24140=DIRECTION('',(-0.0661157024793388,0.,0.997811963190292));
#24150=DIRECTION('',(0.997811963190292,0.,0.0661157024793388));
#24160=AXIS2_PLACEMENT_3D('',#24130,#24140,#24150);
#24170=PLANE('',#24160);
#24180=CARTESIAN_POINT('',(964.704597948249,13.0000000000001,
-118.392521147304));
#24190=CARTESIAN_POINT('',(964.634020605926,12.9999999520407,
-118.397197650231));
#24200=CARTESIAN_POINT('',(964.563467185817,12.9975085093853,
-118.401872568057));
#24210=CARTESIAN_POINT('',(964.294992859414,12.9785301953334,
-118.419661860371));
#24220=CARTESIAN_POINT('',(964.098435886291,12.9448738697518,
-118.432685859716));
#24230=CARTESIAN_POINT('',(963.906335234059,12.8918465794601,
-118.445414580194));
#24240=CARTESIAN_POINT('',(963.632683184895,12.8163079153206,
-118.463546951956));
#24250=CARTESIAN_POINT('',(963.372149107445,12.7025946073659,
-118.480810117949));
#24260=CARTESIAN_POINT('',(963.073149114763,12.5185642100655,
-118.500622061769));
#24270=CARTESIAN_POINT('',(963.015459599219,12.4802426153363,
-118.504444608488));
#24280=CARTESIAN_POINT('',(962.959143402794,12.439956645056,
-118.508176158144));
#24290=B_SPLINE_CURVE_WITH_KNOTS('',3,(#24180,#24190,#24200,#24210,
#24220,#24230,#24240,#24250,#24260,#24270,#24280),.UNSPECIFIED.,.F.,.F.,
(4,2,3,2,4),(0.,0.283005568448785,1.07918955673665,2.21337264924968,
2.49195698755262),.UNSPECIFIED.);
#24300=CARTESIAN_POINT('',(962.959143402794,12.439956645056,
-118.508176158144));
#24310=VERTEX_POINT('',#24300);
#24320=EDGE_CURVE('',#7670,#24310,#24290,.T.);
#24330=ORIENTED_EDGE('',*,*,#24320,.T.);
#24340=ORIENTED_EDGE('',*,*,#7680,.F.);
#24350=ORIENTED_EDGE('',*,*,#23250,.F.);
#24360=ORIENTED_EDGE('',*,*,#9650,.T.);
#24370=CARTESIAN_POINT('',(946.98347107438,15.0000000000001,
-119.566735122696));
#24380=DIRECTION('',(0.,-1.,0.));
#24390=VECTOR('',#24380,1.);
#24400=LINE('',#24370,#24390);
#24410=CARTESIAN_POINT('',(946.98347107438,1.011552808936,
-119.566735122696));
#24420=VERTEX_POINT('',#24410);
#24430=EDGE_CURVE('',#24420,#9540,#24400,.T.);
#24440=ORIENTED_EDGE('',*,*,#24430,.T.);
#24450=CARTESIAN_POINT('',(729.867768595041,-154.304973224439,
-133.952969922708));
#24460=DIRECTION('',(-0.812140408589646,-0.580975145846363,
-0.0538129784033484));
#24470=VECTOR('',#24460,1.);
#24480=LINE('',#24450,#24470);
#24490=EDGE_CURVE('',#24310,#24420,#24480,.T.);
#24500=ORIENTED_EDGE('',*,*,#24490,.T.);
#24510=EDGE_LOOP('',(#24500,#24440,#24360,#24350,#24340,#24330));
#24520=FACE_OUTER_BOUND('',#24510,.T.);
#24530=ADVANCED_FACE('',(#24520),#24170,.T.);
#24540=CARTESIAN_POINT('',(949.,15.0000000000001,-150.));
#24550=DIRECTION('',(0.,-1.,0.));
#24560=DIRECTION('',(1.,0.,0.));
#24570=AXIS2_PLACEMENT_3D('',#24540,#24550,#24560);
#24580=CYLINDRICAL_SURFACE('',#24570,30.5);
#24590=ORIENTED_EDGE('',*,*,#24430,.F.);
#24600=ORIENTED_EDGE('',*,*,#9570,.F.);
#24610=ORIENTED_EDGE('',*,*,#22550,.T.);
#24620=CARTESIAN_POINT('',(946.98347107438,1.011552808936,
-180.433264877304));
#24630=CARTESIAN_POINT('',(946.904964515163,0.959074844902903,
-180.428062979047));
#24640=CARTESIAN_POINT('',(946.82647651725,0.906609186586252,
-180.422572895861));
#24650=CARTESIAN_POINT('',(946.403892908325,0.624131529545936,
-180.391278073863));
#24660=CARTESIAN_POINT('',(946.060049158721,0.394287837730907,
-180.359941681858));
#24670=CARTESIAN_POINT('',(944.424035095225,-0.69931212634922,
-180.182788935943));
#24680=CARTESIAN_POINT('',(943.138634616258,-1.55854307612603,
-179.96011716127));
#24690=CARTESIAN_POINT('',(940.592229877509,-3.26069722807623,
-179.347485826463));
#24700=CARTESIAN_POINT('',(939.333363066783,-4.10219164411391,
-178.957966931292));
#24710=CARTESIAN_POINT('',(937.118233255166,-5.5829037825166,
-178.109926951153));
#24720=CARTESIAN_POINT('',(936.155308538046,-6.22657455500583,
-177.683702738576));
#24730=CARTESIAN_POINT('',(934.263861776443,-7.49091949964986,
-176.72491637929));
#24740=CARTESIAN_POINT('',(933.336491515325,-8.11082375773439,
-176.192860317008));
#24750=CARTESIAN_POINT('',(931.526830762854,-9.32049852646422,
-175.021987037648));
#24760=CARTESIAN_POINT('',(930.645739187909,-9.90946761677361,
-174.383936637937));
#24770=CARTESIAN_POINT('',(928.939354671554,-11.0501069837752,
-173.000607120375));
#24780=CARTESIAN_POINT('',(928.115516354496,-11.600804911162,
-172.256391155483));
#24790=CARTESIAN_POINT('',(926.002490389766,-13.0132653359761,
-170.122229754701));
#24800=CARTESIAN_POINT('',(924.781644923018,-13.8293442367466,
-168.642152196013));
#24810=CARTESIAN_POINT('',(922.601971827346,-15.2863551954658,
-165.401668854617));
#24820=CARTESIAN_POINT('',(921.64941969629,-15.9230923724562,
-163.648718117324));
#24830=CARTESIAN_POINT('',(920.487391593279,-16.699854577664,
-160.874352982665));
#24840=CARTESIAN_POINT('',(920.147992084044,-16.9267274997215,
-159.940344277213));
#24850=CARTESIAN_POINT('',(919.558936036671,-17.3204843057425,
-158.029568671309));
#24860=CARTESIAN_POINT('',(919.309680658773,-17.4871000325835,
-157.05389046415));
#24870=CARTESIAN_POINT('',(918.907693539966,-17.7558098856939,
-155.072017844618));
#24880=CARTESIAN_POINT('',(918.755269396419,-17.8576983973072,
-154.067296764315));
#24890=CARTESIAN_POINT('',(918.551326939907,-17.9940245256039,
-152.040955996822));
#24900=CARTESIAN_POINT('',(918.5,-18.0283342182226,-151.020867536433));
#24910=CARTESIAN_POINT('',(918.5,-18.0283342182226,-148.979132463561));
#24920=CARTESIAN_POINT('',(918.551326934777,-17.9940245290328,
-147.959044054141));
#24930=CARTESIAN_POINT('',(918.755269391297,-17.8576984007304,
-145.932703286574));
#24940=CARTESIAN_POINT('',(918.907693503842,-17.7558099098406,
-144.92798233347));
#24950=CARTESIAN_POINT('',(919.309680622717,-17.4871000566857,
-142.946109713622));
#24960=CARTESIAN_POINT('',(919.558935937386,-17.3204843721103,
-141.970431650747));
#24970=CARTESIAN_POINT('',(920.147991985079,-16.9267275658748,
-140.059656043814));
#24980=CARTESIAN_POINT('',(920.48739114961,-16.6998548742361,
-139.125648076597));
#24990=CARTESIAN_POINT('',(921.649418789389,-15.9230929786772,
-136.35128404793));
#25000=CARTESIAN_POINT('',(922.601969317798,-15.2863568729831,
-134.598334876279));
#25010=CARTESIAN_POINT('',(924.781642432411,-13.8293459016023,
-131.357851506738));
#25020=CARTESIAN_POINT('',(926.002488713016,-13.0132664568067,
-129.877771938815));
#25030=CARTESIAN_POINT('',(928.115515359422,-11.6008055763228,
-127.743609849548));
#25040=CARTESIAN_POINT('',(928.939354218232,-11.0501072868005,
-126.999393247121));
#25050=CARTESIAN_POINT('',(930.645738736395,-9.90946791858994,
-125.616063728099));
#25060=CARTESIAN_POINT('',(931.526830415412,-9.32049875871314,
-124.978013187149));
#25070=CARTESIAN_POINT('',(933.336491168806,-8.11082398936584,
-123.807139907197));
#25080=CARTESIAN_POINT('',(934.2638615342,-7.49091966157778,
-123.275083743502));
#25090=CARTESIAN_POINT('',(936.155308296481,-6.22657471648099,
-122.316297383878));
#25100=CARTESIAN_POINT('',(937.118233072625,-5.58290390453675,
-121.890073118728));
#25110=CARTESIAN_POINT('',(939.333362835851,-4.10219179848098,
-121.042033157122));
#25120=CARTESIAN_POINT('',(940.592229748097,-3.26069731458196,
-120.652514204668));
#25130=CARTESIAN_POINT('',(943.138634487075,-1.55854316247909,
-120.039882869814));
#25140=CARTESIAN_POINT('',(944.42403506819,-0.699312144420549,
-119.81721106698));
#25150=CARTESIAN_POINT('',(946.060049161362,0.394287839496251,
-119.640058317857));
#25160=CARTESIAN_POINT('',(946.403892917302,0.624131535547246,
-119.608721925493));
#25170=CARTESIAN_POINT('',(946.826476529005,0.906609194444092,
-119.577427103737));
#25180=CARTESIAN_POINT('',(946.904964521033,0.959074848823056,
-119.571937020564));
#25190=CARTESIAN_POINT('',(946.98347107438,1.011552808936,
-119.566735122696));
#25200=B_SPLINE_CURVE_WITH_KNOTS('',3,(#24620,#24630,#24640,#24650,
#24660,#24670,#24680,#24690,#24700,#24710,#24720,#24730,#24740,#24750,
#24760,#24770,#24780,#24790,#24800,#24810,#24820,#24830,#24840,#24850,
#24860,#24870,#24880,#24890,#24900,#24910,#24920,#24930,#24940,#24950,
#24960,#24970,#24980,#24990,#25000,#25010,#25020,#25030,#25040,#25050,
#25060,#25070,#25080,#25090,#25100,#25110,#25120,#25130,#25140,#25150,
#25160,#25170,#25180,#25190),.UNSPECIFIED.,.F.,.F.,(4,2,2,2,2,2,2,2,2,2,
2,2,2,2,2,2,2,2,2,2,2,2,2,2,2,2,2,2,4),(0.,0.277411670102554,
1.49371154114863,6.07051954941056,10.6490603797035,14.2617891818999,
17.8768150557089,21.4919169786073,25.1102613175112,31.1781981211349,
37.2530884250245,40.2114912282066,43.1719891717007,46.1322552260904,
49.0933211121343,52.0543869981954,55.0146527549114,57.9751493373439,
60.9335487887852,67.0084180772728,73.0763060497273,76.6946121251545,
80.3096719845189,83.9246530226732,87.5373351690287,92.1158151606762,
96.6925614231701,97.9088448686208,98.1862527647214),.UNSPECIFIED.);
#25210=EDGE_CURVE('',#22540,#24420,#25200,.T.);
#25220=ORIENTED_EDGE('',*,*,#25210,.F.);
#25230=EDGE_LOOP('',(#25220,#24610,#24600,#24590));
#25240=FACE_OUTER_BOUND('',#25230,.T.);
#25250=ADVANCED_FACE('',(#25240),#24580,.T.);
#25260=CARTESIAN_POINT('',(918.5,-16.9999999999999,-300.));
#25270=DIRECTION('',(-0.581818181818182,0.813318881685274,0.));
#25280=DIRECTION('',(-0.813318881685274,-0.581818181818182,0.));
#25290=AXIS2_PLACEMENT_3D('',#25260,#25270,#25280);
#25300=PLANE('',#25290);
#25310=CARTESIAN_POINT('',(728.836363636364,-152.678335461068,
-164.051406150911));
#25320=DIRECTION('',(0.812140408589646,0.580975145846363,
-0.0538129784033484));
#25330=VECTOR('',#25320,1.);
#25340=LINE('',#25310,#25330);
#25350=CARTESIAN_POINT('',(945.952066115703,2.63819057230666,
-178.437640950923));
#25360=VERTEX_POINT('',#25350);
#25370=CARTESIAN_POINT('',(961.927738444116,14.0665944084264,
-179.496199915476));
#25380=VERTEX_POINT('',#25370);
#25390=EDGE_CURVE('',#25360,#25380,#25340,.T.);
#25400=ORIENTED_EDGE('',*,*,#25390,.F.);
#25410=CARTESIAN_POINT('',(961.927738444116,14.0665944084264,-150.));
#25420=DIRECTION('',(0.,0.,-1.));
#25430=VECTOR('',#25420,1.);
#25440=LINE('',#25410,#25430);
#25450=CARTESIAN_POINT('',(961.927738444116,14.0665944084264,
-120.503800084524));
#25460=VERTEX_POINT('',#25450);
#25470=EDGE_CURVE('',#25460,#25380,#25440,.T.);
#25480=ORIENTED_EDGE('',*,*,#25470,.T.);
#25490=CARTESIAN_POINT('',(728.836363636364,-152.678335461068,
-135.948593849089));
#25500=DIRECTION('',(-0.812140408589646,-0.580975145846363,
-0.0538129784033484));
#25510=VECTOR('',#25500,1.);
#25520=LINE('',#25490,#25510);
#25530=CARTESIAN_POINT('',(945.952066115703,2.63819057230666,
-121.562359049077));
#25540=VERTEX_POINT('',#25530);
#25550=EDGE_CURVE('',#25460,#25540,#25520,.T.);
#25560=ORIENTED_EDGE('',*,*,#25550,.F.);
#25570=CARTESIAN_POINT('',(945.952066115703,2.63819057230666,
-178.437640950923));
#25580=CARTESIAN_POINT('',(945.878698039698,2.58570577016346,
-178.432778649999));
#25590=CARTESIAN_POINT('',(945.805337214984,2.53322615532483,
-178.427644471824));
#25600=CARTESIAN_POINT('',(945.410457887139,2.25074412061739,
-178.398402575689));
#25610=CARTESIAN_POINT('',(945.089167208541,2.02090467797525,
-178.369122666773));
#25620=CARTESIAN_POINT('',(943.560572062174,0.927404368536243,
-178.203601578897));
#25630=CARTESIAN_POINT('',(942.359239671437,0.0680157042900351,
-177.995492751532));
#25640=CARTESIAN_POINT('',(939.980033153661,-1.6339804518475,
-177.423087099521));
#25650=CARTESIAN_POINT('',(938.803601564471,-2.47555600562983,
-177.059082716657));
#25660=CARTESIAN_POINT('',(936.733731480876,-3.95626434248994,
-176.26665395001));
#25670=CARTESIAN_POINT('',(935.833894581236,-4.59997430751181,
-175.868351385075));
#25680=CARTESIAN_POINT('',(934.066582035096,-5.86424419654915,
-174.972489446883));
#25690=CARTESIAN_POINT('',(933.199921733021,-6.48422085338294,
-174.475264177691));
#25700=CARTESIAN_POINT('',(931.509024718702,-7.69382590334122,
-173.381232531421));
#25710=CARTESIAN_POINT('',(930.685618510025,-8.28286018499654,
-172.784955600146));
#25720=CARTESIAN_POINT('',(929.091212898919,-9.42343886160654,
-171.492404991728));
#25730=CARTESIAN_POINT('',(928.32101020926,-9.97441331777568,
-170.796608108835));
#25740=CARTESIAN_POINT('',(926.347464528238,-11.3862147473553,
-168.803322136291));
#25750=CARTESIAN_POINT('',(925.206088151272,-12.2027131016544,
-167.419702211402));
#25760=CARTESIAN_POINT('',(923.169362980773,-13.6597107962213,
-164.391737146774));
#25770=CARTESIAN_POINT('',(922.279702379333,-14.2961410147016,
-162.754766827509));
#25780=CARTESIAN_POINT('',(921.1932209877,-15.0733695312082,
-160.160770964077));
#25790=CARTESIAN_POINT('',(920.876310128362,-15.300075813493,
-159.288581555767));
#25800=CARTESIAN_POINT('',(920.325841767964,-15.6938604750901,
-157.502976400602));
#25810=CARTESIAN_POINT('',(920.092968631787,-15.8604492851327,
-156.591429754392));
#25820=CARTESIAN_POINT('',(919.71730502479,-16.1291851053866,
-154.739337032942));
#25830=CARTESIAN_POINT('',(919.574905010212,-16.2310527976766,
-153.800697619445));
#25840=CARTESIAN_POINT('',(919.38431391809,-16.3673946006105,
-151.90701394762));
#25850=CARTESIAN_POINT('',(919.336363636364,-16.4016964548521,
-150.954041574869));
#25860=CARTESIAN_POINT('',(919.336363636364,-16.4016964548521,
-149.045958425126));
#25870=CARTESIAN_POINT('',(919.3843139133,-16.3673946040366,
-148.092986099961));
#25880=CARTESIAN_POINT('',(919.574905005421,-16.2310528011035,
-146.199302428157));
#25890=CARTESIAN_POINT('',(919.717304991093,-16.1291851294922,
-145.260663133185));
#25900=CARTESIAN_POINT('',(920.09296859803,-15.8604493092805,
-143.408570412038));
#25910=CARTESIAN_POINT('',(920.325841675411,-15.6938605412993,
-142.497023899617));
#25920=CARTESIAN_POINT('',(920.876310035652,-15.3000758798141,
-140.71141874497));
#25930=CARTESIAN_POINT('',(921.19322057477,-15.0733698266036,
-139.839230021798));
#25940=CARTESIAN_POINT('',(922.279701527504,-14.2961416240686,
-137.245235206261));
#25950=CARTESIAN_POINT('',(923.169360650827,-13.6597124629782,
-135.60826631711));
#25960=CARTESIAN_POINT('',(925.206085809002,-12.2027147772278,
-132.580301270819));
#25970=CARTESIAN_POINT('',(926.347462969621,-11.3862158623322,
-131.196679437911));
#25980=CARTESIAN_POINT('',(928.321009275428,-9.97441398580489,
-129.203392834342));
#25990=CARTESIAN_POINT('',(929.091212476652,-9.42343916368083,
-128.507595350592));
#26000=CARTESIAN_POINT('',(930.685618086835,-8.28286048773082,
-127.215044742928));
#26010=CARTESIAN_POINT('',(931.509024394914,-7.69382613496728,
-126.618767678071));
#26020=CARTESIAN_POINT('',(933.199921408392,-6.48422108561053,
-125.524736032351));
#26030=CARTESIAN_POINT('',(934.066581809237,-5.86424435812028,
-125.027510667604));
#26040=CARTESIAN_POINT('',(935.83389435504,-4.59997446932435,
-124.131648729589));
#26050=CARTESIAN_POINT('',(936.733731310618,-3.95626446428616,
-123.733346115169));
#26060=CARTESIAN_POINT('',(938.803601348287,-2.47555616027988,
-122.94091736611));
#26070=CARTESIAN_POINT('',(939.98003303291,-1.63398053822824,
-122.576912929527));
#26080=CARTESIAN_POINT('',(942.359239550573,0.0680156178280189,
-122.00450727755));
#26090=CARTESIAN_POINT('',(943.56057203693,0.927404350477678,
-121.796398423833));
#26100=CARTESIAN_POINT('',(945.089167211004,2.02090467973748,
-121.630877332961));
#26110=CARTESIAN_POINT('',(945.410457895522,2.25074412661476,
-121.60159742371));
#26120=CARTESIAN_POINT('',(945.805337225963,2.53322616317886,
-121.572355527801));
#26130=CARTESIAN_POINT('',(945.878698045176,2.58570577408237,
-121.567221349567));
#26140=CARTESIAN_POINT('',(945.952066115703,2.63819057230666,
-121.562359049077));
#26150=B_SPLINE_CURVE_WITH_KNOTS('',3,(#25570,#25580,#25590,#25600,
#25610,#25620,#25630,#25640,#25650,#25660,#25670,#25680,#25690,#25700,
#25710,#25720,#25730,#25740,#25750,#25760,#25770,#25780,#25790,#25800,
#25810,#25820,#25830,#25840,#25850,#25860,#25870,#25880,#25890,#25900,
#25910,#25920,#25930,#25940,#25950,#25960,#25970,#25980,#25990,#26000,
#26010,#26020,#26030,#26040,#26050,#26060,#26070,#26080,#26090,#26100,
#26110,#26120,#26130,#26140),.UNSPECIFIED.,.F.,.F.,(4,2,2,2,2,2,2,2,2,2,
2,2,2,2,2,2,2,2,2,2,2,2,2,2,2,2,2,2,4),(0.,0.277411670102554,
1.49371154114863,6.07051954941056,10.6490603797035,14.2617891818999,
17.8768150557089,21.4919169786073,25.1102613175112,31.1781981211349,
37.2530884250245,40.2114912282066,43.1719891717007,46.1322552260904,
49.0933211121343,52.0543869981954,55.0146527549114,57.9751493373439,
60.9335487887852,67.0084180772728,73.0763060497273,76.6946121251545,
80.3096719845189,83.9246530226732,87.5373351690287,92.1158151606762,
96.6925614231701,97.9088448686208,98.1862527647214),.UNSPECIFIED.);
#26160=EDGE_CURVE('',#25360,#25540,#26150,.T.);
#26170=ORIENTED_EDGE('',*,*,#26160,.T.);
#26180=EDGE_LOOP('',(#26170,#25560,#25480,#25400));
#26190=FACE_OUTER_BOUND('',#26180,.T.);
#26200=ADVANCED_FACE('',(#26190),#25300,.T.);
#26210=CARTESIAN_POINT('',(964.836829353207,10.0000000000001,-150.));
#26220=DIRECTION('',(0.,0.,1.));
#26230=DIRECTION('',(1.,0.,0.));
#26240=AXIS2_PLACEMENT_3D('',#26210,#26220,#26230);
#26250=CYLINDRICAL_SURFACE('',#26240,5.);
#26260=ORIENTED_EDGE('',*,*,#25470,.F.);
#26270=CARTESIAN_POINT('',(961.927738444116,14.0665944084264,
-179.496199915476));
#26280=CARTESIAN_POINT('',(962.021587861949,14.1337308033606,
-179.499931018361));
#26290=CARTESIAN_POINT('',(962.11772752956,14.1976022958555,
-179.503753199448));
#26300=CARTESIAN_POINT('',(962.616043300434,14.5043145349647,
-179.523564445532));
#26310=CARTESIAN_POINT('',(963.05025949151,14.6938340330791,
-179.540827322443));
#26320=CARTESIAN_POINT('',(963.506391496224,14.8197442991001,
-179.558961493425));
#26330=CARTESIAN_POINT('',(963.826591019613,14.9081318859236,
-179.571691476951));
#26340=CARTESIAN_POINT('',(964.154162838199,14.9642257655066,
-179.584714556468));
#26350=CARTESIAN_POINT('',(964.601600126507,14.9958531036902,
-179.60250305674));
#26360=CARTESIAN_POINT('',(964.719198200748,15.0000000000001,
-179.607178333992));
#26370=CARTESIAN_POINT('',(964.836829353207,15.0000000000001,
-179.611854926315));
#26380=B_SPLINE_CURVE_WITH_KNOTS('',3,(#26270,#26280,#26290,#26300,
#26310,#26320,#26330,#26340,#26350,#26360,#26370),.UNSPECIFIED.,.F.,.F.,
(4,2,3,2,4),(0.,0.278584339115081,1.41276743081649,2.2089514195078,
2.49195698755295),.UNSPECIFIED.);
#26390=EDGE_CURVE('',#25380,#2390,#26380,.T.);
#26400=ORIENTED_EDGE('',*,*,#26390,.F.);
#26410=ORIENTED_EDGE('',*,*,#2400,.T.);
#26420=CARTESIAN_POINT('',(964.836829353207,15.0000000000001,
-120.388145073685));
#26430=CARTESIAN_POINT('',(964.719198200581,15.0000000000001,
-120.392821666015));
#26440=CARTESIAN_POINT('',(964.601600126172,14.9958531036784,
-120.397496943273));
#26450=CARTESIAN_POINT('',(964.154162837867,14.9642257654498,
-120.415285443546));
#26460=CARTESIAN_POINT('',(963.826591019451,14.9081318858788,
-120.428308523055));
#26470=CARTESIAN_POINT('',(963.506391496224,14.8197442991001,
-120.441038506575));
#26480=CARTESIAN_POINT('',(963.050259491184,14.693834032989,
-120.45917267757));
#26490=CARTESIAN_POINT('',(962.616043299812,14.5043145346935,
-120.476435554493));
#26500=CARTESIAN_POINT('',(962.117727528999,14.1976022954832,
-120.496246800575));
#26510=CARTESIAN_POINT('',(962.021587861676,14.1337308031649,
-120.50006898165));
#26520=CARTESIAN_POINT('',(961.927738444116,14.0665944084264,
-120.503800084524));
#26530=B_SPLINE_CURVE_WITH_KNOTS('',3,(#26420,#26430,#26440,#26450,
#26460,#26470,#26480,#26490,#26500,#26510,#26520),.UNSPECIFIED.,.F.,.F.,
(4,2,3,2,4),(0.,0.283005568448785,1.07918955673665,2.21337264924968,
2.49195698755262),.UNSPECIFIED.);
#26540=EDGE_CURVE('',#2290,#25460,#26530,.T.);
#26550=ORIENTED_EDGE('',*,*,#26540,.F.);
#26560=EDGE_LOOP('',(#26550,#26410,#26400,#26260));
#26570=FACE_OUTER_BOUND('',#26560,.T.);
#26580=ADVANCED_FACE('',(#26570),#26250,.T.);
#26590=CARTESIAN_POINT('',(945.952066115703,2.63819057230666,
-178.437640950923));
#26600=CARTESIAN_POINT('',(945.878698039698,2.58570577016346,
-178.432778649999));
#26610=CARTESIAN_POINT('',(945.805337214984,2.53322615532483,
-178.427644471824));
#26620=CARTESIAN_POINT('',(945.410457887139,2.25074412061739,
-178.398402575689));
#26630=CARTESIAN_POINT('',(945.089167208541,2.02090467797525,
-178.369122666773));
#26640=CARTESIAN_POINT('',(943.560572062174,0.927404368536243,
-178.203601578897));
#26650=CARTESIAN_POINT('',(942.359239671437,0.0680157042900351,
-177.995492751532));
#26660=CARTESIAN_POINT('',(939.980033153661,-1.6339804518475,
-177.423087099521));
#26670=CARTESIAN_POINT('',(938.803601564471,-2.47555600562983,
-177.059082716657));
#26680=CARTESIAN_POINT('',(936.733731480876,-3.95626434248994,
-176.26665395001));
#26690=CARTESIAN_POINT('',(935.833894581236,-4.59997430751181,
-175.868351385075));
#26700=CARTESIAN_POINT('',(934.066582035096,-5.86424419654915,
-174.972489446883));
#26710=CARTESIAN_POINT('',(933.199921733021,-6.48422085338294,
-174.475264177691));
#26720=CARTESIAN_POINT('',(931.509024718702,-7.69382590334122,
-173.381232531421));
#26730=CARTESIAN_POINT('',(930.685618510025,-8.28286018499654,
-172.784955600146));
#26740=CARTESIAN_POINT('',(929.091212898919,-9.42343886160654,
-171.492404991728));
#26750=CARTESIAN_POINT('',(928.32101020926,-9.97441331777568,
-170.796608108835));
#26760=CARTESIAN_POINT('',(926.347464528238,-11.3862147473553,
-168.803322136291));
#26770=CARTESIAN_POINT('',(925.206088151272,-12.2027131016544,
-167.419702211402));
#26780=CARTESIAN_POINT('',(923.169362980773,-13.6597107962213,
-164.391737146774));
#26790=CARTESIAN_POINT('',(922.279702379333,-14.2961410147016,
-162.754766827509));
#26800=CARTESIAN_POINT('',(921.1932209877,-15.0733695312082,
-160.160770964077));
#26810=CARTESIAN_POINT('',(920.876310128362,-15.300075813493,
-159.288581555767));
#26820=CARTESIAN_POINT('',(920.325841767964,-15.6938604750901,
-157.502976400602));
#26830=CARTESIAN_POINT('',(920.092968631787,-15.8604492851327,
-156.591429754392));
#26840=CARTESIAN_POINT('',(919.71730502479,-16.1291851053866,
-154.739337032942));
#26850=CARTESIAN_POINT('',(919.574905010212,-16.2310527976766,
-153.800697619445));
#26860=CARTESIAN_POINT('',(919.38431391809,-16.3673946006105,
-151.90701394762));
#26870=CARTESIAN_POINT('',(919.336363636364,-16.4016964548521,
-150.954041574869));
#26880=CARTESIAN_POINT('',(919.336363636364,-16.4016964548521,
-149.045958425126));
#26890=CARTESIAN_POINT('',(919.3843139133,-16.3673946040366,
-148.092986099961));
#26900=CARTESIAN_POINT('',(919.574905005421,-16.2310528011035,
-146.199302428157));
#26910=CARTESIAN_POINT('',(919.717304991093,-16.1291851294922,
-145.260663133185));
#26920=CARTESIAN_POINT('',(920.09296859803,-15.8604493092805,
-143.408570412038));
#26930=CARTESIAN_POINT('',(920.325841675411,-15.6938605412993,
-142.497023899617));
#26940=CARTESIAN_POINT('',(920.876310035652,-15.3000758798141,
-140.71141874497));
#26950=CARTESIAN_POINT('',(921.19322057477,-15.0733698266036,
-139.839230021798));
#26960=CARTESIAN_POINT('',(922.279701527504,-14.2961416240686,
-137.245235206261));
#26970=CARTESIAN_POINT('',(923.169360650827,-13.6597124629782,
-135.60826631711));
#26980=CARTESIAN_POINT('',(925.206085809002,-12.2027147772278,
-132.580301270819));
#26990=CARTESIAN_POINT('',(926.347462969621,-11.3862158623322,
-131.196679437911));
#27000=CARTESIAN_POINT('',(928.321009275428,-9.97441398580489,
-129.203392834342));
#27010=CARTESIAN_POINT('',(929.091212476652,-9.42343916368083,
-128.507595350592));
#27020=CARTESIAN_POINT('',(930.685618086835,-8.28286048773082,
-127.215044742928));
#27030=CARTESIAN_POINT('',(931.509024394914,-7.69382613496728,
-126.618767678071));
#27040=CARTESIAN_POINT('',(933.199921408392,-6.48422108561053,
-125.524736032351));
#27050=CARTESIAN_POINT('',(934.066581809237,-5.86424435812028,
-125.027510667604));
#27060=CARTESIAN_POINT('',(935.83389435504,-4.59997446932435,
-124.131648729589));
#27070=CARTESIAN_POINT('',(936.733731310618,-3.95626446428616,
-123.733346115169));
#27080=CARTESIAN_POINT('',(938.803601348287,-2.47555616027988,
-122.94091736611));
#27090=CARTESIAN_POINT('',(939.98003303291,-1.63398053822824,
-122.576912929527));
#27100=CARTESIAN_POINT('',(942.359239550573,0.0680156178280189,
-122.00450727755));
#27110=CARTESIAN_POINT('',(943.56057203693,0.927404350477678,
-121.796398423833));
#27120=CARTESIAN_POINT('',(945.089167211004,2.02090467973748,
-121.630877332961));
#27130=CARTESIAN_POINT('',(945.410457895522,2.25074412661476,
-121.60159742371));
#27140=CARTESIAN_POINT('',(945.805337225963,2.53322616317886,
-121.572355527801));
#27150=CARTESIAN_POINT('',(945.878698045176,2.58570577408237,
-121.567221349567));
#27160=CARTESIAN_POINT('',(945.952066115703,2.63819057230666,
-121.562359049077));
#27170=CARTESIAN_POINT('',(945.902340619951,2.6026187957504,
-179.572133118451));
#27180=CARTESIAN_POINT('',(945.826858544834,2.54862171699873,
-179.565749024621));
#27190=CARTESIAN_POINT('',(945.751830318604,2.49494930491874,
-179.559131874543));
#27200=CARTESIAN_POINT('',(945.346941592515,2.20530691771221,
-179.521791820854));
#27210=CARTESIAN_POINT('',(945.017599362619,1.9697076937066,
-179.485799741643));
#27220=CARTESIAN_POINT('',(943.451240471681,0.84919260113664,
-179.287830714917));
#27230=CARTESIAN_POINT('',(942.22190803587,-0.0302262575173451,
-179.052692788751));
#27240=CARTESIAN_POINT('',(939.789855252265,-1.77002667345128,
-178.423805400637));
#27250=CARTESIAN_POINT('',(938.588735188871,-2.62926344658675,
-178.030433569964));
#27260=CARTESIAN_POINT('',(936.477007017564,-4.13991550790119,
-177.183462556147));
#27270=CARTESIAN_POINT('',(935.559783856761,-4.79606295972745,
-176.760528299249));
#27280=CARTESIAN_POINT('',(933.759308956293,-6.08405596786829,
-175.814135544606));
#27290=CARTESIAN_POINT('',(932.876936082228,-6.71527281630811,
-175.291051146434));
#27300=CARTESIAN_POINT('',(931.156327111323,-7.94613269871729,
-174.144179680383));
#27310=CARTESIAN_POINT('',(930.31889150941,-8.54520308828609,
-173.520923431731));
#27320=CARTESIAN_POINT('',(928.698092464959,-9.70466264882284,
-172.173329332258));
#27330=CARTESIAN_POINT('',(927.915408623172,-10.2645656586031,
-171.449374693035));
#27340=CARTESIAN_POINT('',(925.911111097973,-11.6983658176719,
-169.379783696801));
#27350=CARTESIAN_POINT('',(924.752408274133,-12.5272588698506,
-167.946580256246));
#27360=CARTESIAN_POINT('',(922.686290550292,-14.0052829076257,
-164.81734549809));
#27370=CARTESIAN_POINT('',(921.784054770722,-14.6507089424335,
-163.12815347061));
#27380=CARTESIAN_POINT('',(920.68269137696,-15.4385834916533,
-160.455067536901));
#27390=CARTESIAN_POINT('',(920.361452935181,-15.6683855660128,
-159.556631469886));
#27400=CARTESIAN_POINT('',(919.803585774729,-16.0674630549278,
-157.71825657298));
#27410=CARTESIAN_POINT('',(919.567590468941,-16.2362853493837,
-156.780032269359));
#27420=CARTESIAN_POINT('',(919.186955565715,-16.508577450697,
-154.87445439524));
#27430=CARTESIAN_POINT('',(919.042667420909,-16.6117958413663,
-153.908832770076));
#27440=CARTESIAN_POINT('',(918.849576927542,-16.7499256233092,
-151.961212165443));
#27450=CARTESIAN_POINT('',(918.800994383108,-16.7846797748568,
-150.981090108259));
#27460=CARTESIAN_POINT('',(918.800994383117,-16.7846797748508,
-149.018909891735));
#27470=CARTESIAN_POINT('',(918.849576922698,-16.7499256267742,
-148.038787883494));
#27480=CARTESIAN_POINT('',(919.042667416075,-16.6117958448244,
-146.091167278884));
#27490=CARTESIAN_POINT('',(919.186955531591,-16.5085774751077,
-145.125545775689));
#27500=CARTESIAN_POINT('',(919.567590434755,-16.2362853738393,
-143.219967901878));
#27510=CARTESIAN_POINT('',(919.803585680951,-16.0674631220126,
-142.281743736114));
#27520=CARTESIAN_POINT('',(920.361452841313,-15.6683856331622,
-140.443368839741));
#27530=CARTESIAN_POINT('',(920.682690958495,-15.4385837910083,
-139.544933479042));
#27540=CARTESIAN_POINT('',(921.784053907268,-14.6507095601166,
-136.871848625041));
#27550=CARTESIAN_POINT('',(922.686288186909,-14.0052845983021,
-135.182658081714));
#27560=CARTESIAN_POINT('',(924.752405896932,-12.5272605704115,
-132.053423341579));
#27570=CARTESIAN_POINT('',(925.91110951439,-11.6983669505091,
-130.620217936889));
#27580=CARTESIAN_POINT('',(927.915407674641,-10.2645663371475,
-128.550626286046));
#27590=CARTESIAN_POINT('',(928.698092035602,-9.70466295596853,
-127.826671024509));
#27600=CARTESIAN_POINT('',(930.31889107918,-8.54520339605686,
-126.479076925896));
#27610=CARTESIAN_POINT('',(931.156326781827,-7.94613293442606,
-125.855820539201));
#27620=CARTESIAN_POINT('',(932.876935751871,-6.71527305263339,
-124.708949073714));
#27630=CARTESIAN_POINT('',(933.759308726183,-6.08405613248025,
-124.185864576319));
#27640=CARTESIAN_POINT('',(935.55978362631,-4.7960631245835,
-123.23947182186));
#27650=CARTESIAN_POINT('',(936.477006843859,-4.13991563216363,
-122.816537513509));
#27660=CARTESIAN_POINT('',(938.588734968298,-2.62926360437647,
-121.969566518473));
#27670=CARTESIAN_POINT('',(939.78985512882,-1.77002676175945,
-121.576194631259));
#27680=CARTESIAN_POINT('',(942.221907912307,-0.0302263459098988,
-120.947307243181));
#27690=CARTESIAN_POINT('',(943.451240445801,0.849192582623477,
-120.712169288333));
#27700=CARTESIAN_POINT('',(945.017599365143,1.96970769551236,
-120.514200258039));
#27710=CARTESIAN_POINT('',(945.346941601111,2.2053069238615,
-120.478208178373));
#27720=CARTESIAN_POINT('',(945.751830329872,2.49494931297972,
-120.440868124862));
#27730=CARTESIAN_POINT('',(945.826858550473,2.54862172103277,
-120.434250974851));
#27740=CARTESIAN_POINT('',(945.902340619951,2.6026187957504,
-120.427866881549));
#27750=CARTESIAN_POINT('',(946.324847157636,1.93628004714653,
-180.389624006547));
#27760=CARTESIAN_POINT('',(946.247359681023,1.88275399696748,
-180.382743669101));
#27770=CARTESIAN_POINT('',(946.169857974733,1.8292349849231,
-180.375629851909));
#27780=CARTESIAN_POINT('',(945.752652148413,1.54110217093704,
-180.335606728417));
#27790=CARTESIAN_POINT('',(945.413363482288,1.30671801727567,
-180.29727412434));
#27800=CARTESIAN_POINT('',(943.799729562945,0.191783933413895,
-180.087503444126));
#27810=CARTESIAN_POINT('',(942.534689649734,-0.682982430522927,
-179.841250573898));
#27820=CARTESIAN_POINT('',(940.03205485716,-2.41474452448539,
-179.186275899568));
#27830=CARTESIAN_POINT('',(938.79734769525,-3.26972443699354,
-178.778241501602));
#27840=CARTESIAN_POINT('',(936.626559283783,-4.77383744108814,
-177.901591828033));
#27850=CARTESIAN_POINT('',(935.684429624723,-5.42693535041257,
-177.464665327633));
#27860=CARTESIAN_POINT('',(933.834971090546,-6.70957073240578,
-176.487845267122));
#27870=CARTESIAN_POINT('',(932.929218947818,-7.33800225944525,
-175.94867924318));
#27880=CARTESIAN_POINT('',(931.162909593546,-8.56397924803758,
-174.767197737269));
#27890=CARTESIAN_POINT('',(930.303811900166,-9.16050535476361,
-174.125844382269));
#27900=CARTESIAN_POINT('',(928.640909374564,-10.3155560910265,
-172.739547836157));
#27910=CARTESIAN_POINT('',(927.838620676931,-10.8730251546706,
-171.99571505221));
#27920=CARTESIAN_POINT('',(925.782736962841,-12.3019309280028,
-169.868441507165));
#27930=CARTESIAN_POINT('',(924.59604924639,-13.1271847063453,
-168.398005107804));
#27940=CARTESIAN_POINT('',(922.478274593997,-14.6004452568899,
-165.185974814462));
#27950=CARTESIAN_POINT('',(921.554439619456,-15.243390327545,
-163.453941795795));
#27960=CARTESIAN_POINT('',(920.426626786214,-16.0285192996936,
-160.713702235666));
#27970=CARTESIAN_POINT('',(920.097665369802,-16.2575416941176,
-159.792734605222));
#27980=CARTESIAN_POINT('',(919.526422204031,-16.6552834035334,
-157.908450953278));
#27990=CARTESIAN_POINT('',(919.284822060806,-16.8235195411209,
-156.947039746595));
#28000=CARTESIAN_POINT('',(918.895111109057,-17.0949070273693,
-154.994280338007));
#28010=CARTESIAN_POINT('',(918.747408084819,-17.19777201168,
-154.004932607741));
#28020=CARTESIAN_POINT('',(918.549730295286,-17.3354445251528,
-152.009345804935));
#28030=CARTESIAN_POINT('',(918.499999885372,-17.3700805794266,
-151.005209196647));
#28040=CARTESIAN_POINT('',(918.499999885372,-17.3700805794121,
-148.994790803347));
#28050=CARTESIAN_POINT('',(918.549730290314,-17.3354445286014,
-147.990654245255));
#28060=CARTESIAN_POINT('',(918.747408079854,-17.197772015099,
-145.995067442379));
#28070=CARTESIAN_POINT('',(918.895111074035,-17.0949070517196,
-145.005719837472));
#28080=CARTESIAN_POINT('',(919.284822025847,-16.8235195654148,
-143.052960428574));
#28090=CARTESIAN_POINT('',(919.526422107743,-16.6552834705258,
-142.091549364324));
#28100=CARTESIAN_POINT('',(920.097665273805,-16.2575417606969,
-140.207265711413));
#28110=CARTESIAN_POINT('',(920.426626355571,-16.0285195992163,
-139.286298810639));
#28120=CARTESIAN_POINT('',(921.554438738955,-15.2433909387751,
-136.546060343276));
#28130=CARTESIAN_POINT('',(922.478272155255,-14.6004469517946,
-134.814028884164));
#28140=CARTESIAN_POINT('',(924.596046826671,-13.1271863901287,
-131.601998562243));
#28150=CARTESIAN_POINT('',(925.78273533161,-12.3019320621587,
-130.131560180721));
#28160=CARTESIAN_POINT('',(927.838619708835,-10.8730258276751,
-128.004285949536));
#28170=CARTESIAN_POINT('',(928.640908932858,-10.315556397962,
-127.260452532095));
#28180=CARTESIAN_POINT('',(930.303811460167,-9.16050566040268,
-125.874155984547));
#28190=CARTESIAN_POINT('',(931.162909254437,-8.56397948342373,
-125.23280248956));
#28200=CARTESIAN_POINT('',(932.929218609612,-7.33800249420852,
-124.051320983053));
#28210=CARTESIAN_POINT('',(933.834970853691,-6.70957089668449,
-123.512154857977));
#28220=CARTESIAN_POINT('',(935.684429388526,-5.42693551422729,
-122.535334797123));
#28230=CARTESIAN_POINT('',(936.626559104901,-4.77383756503895,
-122.098408244205));
#28240=CARTESIAN_POINT('',(938.797347468956,-3.26972459381225,
-121.221758589796));
#28250=CARTESIAN_POINT('',(940.032054729987,-2.41474461250614,
-120.813724133718));
#28260=CARTESIAN_POINT('',(942.534689522785,-0.682982518391132,
-120.15874945934));
#28270=CARTESIAN_POINT('',(943.799729536292,0.191783914978124,
-119.912496559344));
#28280=CARTESIAN_POINT('',(945.413363484893,1.30671801907548,
-119.702725875322));
#28290=CARTESIAN_POINT('',(945.752652157277,1.54110217705743,
-119.664393270753));
#28300=CARTESIAN_POINT('',(946.169857986352,1.82923499294199,
-119.624370147433));
#28310=CARTESIAN_POINT('',(946.247359686831,1.88275400095233,
-119.617256330383));
#28320=CARTESIAN_POINT('',(946.324847157636,1.93628004714656,
-119.610375993453));
#28330=CARTESIAN_POINT('',(946.98347107438,1.011552808936,
-180.433264877304));
#28340=CARTESIAN_POINT('',(946.904964515163,0.959074844902903,
-180.428062979047));
#28350=CARTESIAN_POINT('',(946.82647651725,0.906609186586252,
-180.422572895861));
#28360=CARTESIAN_POINT('',(946.403892908325,0.624131529545936,
-180.391278073863));
#28370=CARTESIAN_POINT('',(946.060049158721,0.394287837730907,
-180.359941681858));
#28380=CARTESIAN_POINT('',(944.424035095225,-0.69931212634922,
-180.182788935943));
#28390=CARTESIAN_POINT('',(943.138634616258,-1.55854307612603,
-179.96011716127));
#28400=CARTESIAN_POINT('',(940.592229877509,-3.26069722807623,
-179.347485826463));
#28410=CARTESIAN_POINT('',(939.333363066783,-4.10219164411391,
-178.957966931292));
#28420=CARTESIAN_POINT('',(937.118233255166,-5.5829037825166,
-178.109926951153));
#28430=CARTESIAN_POINT('',(936.155308538046,-6.22657455500583,
-177.683702738576));
#28440=CARTESIAN_POINT('',(934.263861776443,-7.49091949964986,
-176.72491637929));
#28450=CARTESIAN_POINT('',(933.336491515325,-8.11082375773439,
-176.192860317008));
#28460=CARTESIAN_POINT('',(931.526830762854,-9.32049852646422,
-175.021987037648));
#28470=CARTESIAN_POINT('',(930.645739187909,-9.90946761677361,
-174.383936637937));
#28480=CARTESIAN_POINT('',(928.939354671554,-11.0501069837752,
-173.000607120375));
#28490=CARTESIAN_POINT('',(928.115516354496,-11.600804911162,
-172.256391155483));
#28500=CARTESIAN_POINT('',(926.002490389766,-13.0132653359761,
-170.122229754701));
#28510=CARTESIAN_POINT('',(924.781644923018,-13.8293442367466,
-168.642152196013));
#28520=CARTESIAN_POINT('',(922.601971827346,-15.2863551954658,
-165.401668854617));
#28530=CARTESIAN_POINT('',(921.64941969629,-15.9230923724562,
-163.648718117324));
#28540=CARTESIAN_POINT('',(920.487391593279,-16.699854577664,
-160.874352982665));
#28550=CARTESIAN_POINT('',(920.147992084044,-16.9267274997215,
-159.940344277213));
#28560=CARTESIAN_POINT('',(919.558936036671,-17.3204843057425,
-158.029568671309));
#28570=CARTESIAN_POINT('',(919.309680658773,-17.4871000325835,
-157.05389046415));
#28580=CARTESIAN_POINT('',(918.907693539966,-17.7558098856939,
-155.072017844618));
#28590=CARTESIAN_POINT('',(918.755269396419,-17.8576983973072,
-154.067296764315));
#28600=CARTESIAN_POINT('',(918.551326939907,-17.9940245256039,
-152.040955996822));
#28610=CARTESIAN_POINT('',(918.5,-18.0283342182226,-151.020867536433));
#28620=CARTESIAN_POINT('',(918.5,-18.0283342182226,-148.979132463561));
#28630=CARTESIAN_POINT('',(918.551326934777,-17.9940245290328,
-147.959044054141));
#28640=CARTESIAN_POINT('',(918.755269391297,-17.8576984007304,
-145.932703286574));
#28650=CARTESIAN_POINT('',(918.907693503842,-17.7558099098406,
-144.92798233347));
#28660=CARTESIAN_POINT('',(919.309680622717,-17.4871000566857,
-142.946109713622));
#28670=CARTESIAN_POINT('',(919.558935937386,-17.3204843721103,
-141.970431650747));
#28680=CARTESIAN_POINT('',(920.147991985079,-16.9267275658748,
-140.059656043814));
#28690=CARTESIAN_POINT('',(920.48739114961,-16.6998548742361,
-139.125648076597));
#28700=CARTESIAN_POINT('',(921.649418789389,-15.9230929786772,
-136.35128404793));
#28710=CARTESIAN_POINT('',(922.601969317798,-15.2863568729831,
-134.598334876279));
#28720=CARTESIAN_POINT('',(924.781642432411,-13.8293459016023,
-131.357851506738));
#28730=CARTESIAN_POINT('',(926.002488713016,-13.0132664568067,
-129.877771938815));
#28740=CARTESIAN_POINT('',(928.115515359422,-11.6008055763228,
-127.743609849548));
#28750=CARTESIAN_POINT('',(928.939354218232,-11.0501072868005,
-126.999393247121));
#28760=CARTESIAN_POINT('',(930.645738736395,-9.90946791858994,
-125.616063728099));
#28770=CARTESIAN_POINT('',(931.526830415412,-9.32049875871314,
-124.978013187149));
#28780=CARTESIAN_POINT('',(933.336491168806,-8.11082398936584,
-123.807139907197));
#28790=CARTESIAN_POINT('',(934.2638615342,-7.49091966157778,
-123.275083743502));
#28800=CARTESIAN_POINT('',(936.155308296481,-6.22657471648099,
-122.316297383878));
#28810=CARTESIAN_POINT('',(937.118233072625,-5.58290390453675,
-121.890073118728));
#28820=CARTESIAN_POINT('',(939.333362835851,-4.10219179848098,
-121.042033157122));
#28830=CARTESIAN_POINT('',(940.592229748097,-3.26069731458196,
-120.652514204668));
#28840=CARTESIAN_POINT('',(943.138634487075,-1.55854316247909,
-120.039882869814));
#28850=CARTESIAN_POINT('',(944.42403506819,-0.699312144420549,
-119.81721106698));
#28860=CARTESIAN_POINT('',(946.060049161362,0.394287839496251,
-119.640058317857));
#28870=CARTESIAN_POINT('',(946.403892917302,0.624131535547246,
-119.608721925493));
#28880=CARTESIAN_POINT('',(946.826476529005,0.906609194444092,
-119.577427103737));
#28890=CARTESIAN_POINT('',(946.904964521033,0.959074848823056,
-119.571937020564));
#28900=CARTESIAN_POINT('',(946.98347107438,1.011552808936,
-119.566735122696));
#28910=(BOUNDED_SURFACE() B_SPLINE_SURFACE(3,3,((#26590,#27170,#27750,
#28330),(#26600,#27180,#27760,#28340),(#26610,#27190,#27770,#28350),(
#26620,#27200,#27780,#28360),(#26630,#27210,#27790,#28370),(#26640,
#27220,#27800,#28380),(#26650,#27230,#27810,#28390),(#26660,#27240,
#27820,#28400),(#26670,#27250,#27830,#28410),(#26680,#27260,#27840,
#28420),(#26690,#27270,#27850,#28430),(#26700,#27280,#27860,#28440),(
#26710,#27290,#27870,#28450),(#26720,#27300,#27880,#28460),(#26730,
#27310,#27890,#28470),(#26740,#27320,#27900,#28480),(#26750,#27330,
#27910,#28490),(#26760,#27340,#27920,#28500),(#26770,#27350,#27930,
#28510),(#26780,#27360,#27940,#28520),(#26790,#27370,#27950,#28530),(
#26800,#27380,#27960,#28540),(#26810,#27390,#27970,#28550),(#26820,
#27400,#27980,#28560),(#26830,#27410,#27990,#28570),(#26840,#27420,
#28000,#28580),(#26850,#27430,#28010,#28590),(#26860,#27440,#28020,
#28600),(#26870,#27450,#28030,#28610),(#26880,#27460,#28040,#28620),(
#26890,#27470,#28050,#28630),(#26900,#27480,#28060,#28640),(#26910,
#27490,#28070,#28650),(#26920,#27500,#28080,#28660),(#26930,#27510,
#28090,#28670),(#26940,#27520,#28100,#28680),(#26950,#27530,#28110,
#28690),(#26960,#27540,#28120,#28700),(#26970,#27550,#28130,#28710),(
#26980,#27560,#28140,#28720),(#26990,#27570,#28150,#28730),(#27000,
#27580,#28160,#28740),(#27010,#27590,#28170,#28750),(#27020,#27600,
#28180,#28760),(#27030,#27610,#28190,#28770),(#27040,#27620,#28200,
#28780),(#27050,#27630,#28210,#28790),(#27060,#27640,#28220,#28800),(
#27070,#27650,#28230,#28810),(#27080,#27660,#28240,#28820),(#27090,
#27670,#28250,#28830),(#27100,#27680,#28260,#28840),(#27110,#27690,
#28270,#28850),(#27120,#27700,#28280,#28860),(#27130,#27710,#28290,
#28870),(#27140,#27720,#28300,#28880),(#27150,#27730,#28310,#28890),(
#27160,#27740,#28320,#28900)),.UNSPECIFIED.,.F.,.F.,.F.) 
B_SPLINE_SURFACE_WITH_KNOTS((4,2,2,2,2,2,2,2,2,2,2,2,2,2,2,2,2,2,2,2,2,2
,2,2,2,2,2,2,4),(4,4),(0.,0.277411670102554,1.49371154114863,
6.07051954941056,10.6490603797035,14.2617891818999,17.8768150557089,
21.4919169786073,25.1102613175112,31.1781981211349,37.2530884250245,
40.2114912282066,43.1719891717007,46.1322552260904,49.0933211121343,
52.0543869981954,55.0146527549114,57.9751493373439,60.9335487887852,
67.0084180772728,73.0763060497273,76.6946121251545,80.3096719845189,
83.9246530226732,87.5373351690287,92.1158151606762,96.6925614231701,
97.9088448686208,98.1862527647214),(0.,1.),.UNSPECIFIED.) 
GEOMETRIC_REPRESENTATION_ITEM() RATIONAL_B_SPLINE_SURFACE(((1.,
0.813719131487319,0.813719131487319,1.),(1.,0.814073535511608,
0.814073535511608,1.),(1.,0.814417350603574,0.814417350603574,1.),(1.,
0.816271299010775,0.816271299010775,1.),(1.,0.817778622982216,
0.817778622982216,1.),(1.,0.824912476619737,0.824912476619737,1.),(1.,
0.830420895225645,0.830420895225645,1.),(1.,0.841161250500845,
0.841161250500845,1.),(1.,0.846385380299176,0.846385380299176,1.),(1.,
0.855448661398707,0.855448661398707,1.),(1.,0.859341580272028,
0.859341580272028,1.),(1.,0.866909771136006,0.866909771136006,1.),(1.,
0.870579354635691,0.870579354635691,1.),(1.,0.877671963515753,
0.877671963515753,1.),(1.,0.881090366817753,0.881090366817753,1.),(1.,
0.887655415598343,0.887655415598343,1.),(1.,0.890794956758424,
0.890794956758424,1.),(1.,0.898782593635306,0.898782593635306,1.),(1.,
0.903332781114522,0.903332781114522,1.),(1.,0.911367846321724,
0.911367846321724,1.),(1.,0.91484294940377,0.91484294940377,1.),(1.,
0.919071301532623,0.919071301532623,1.),(1.,0.920297497119145,
0.920297497119145,1.),(1.,0.922422503051371,0.922422503051371,1.),(1.,
0.923318129750541,0.923318129750541,1.),(1.,0.924760434328238,
0.924760434328238,1.),(1.,0.925306110800194,0.925306110800194,1.),(1.,
0.926035822650457,0.926035822650457,1.),(1.,0.926219230777375,
0.926219230777375,1.),(1.,0.926219230781407,0.926219230781407,1.),(1.,
0.926035822672858,0.926035822672858,1.),(1.,0.925306110828634,
0.925306110828634,1.),(1.,0.924760434467969,0.924760434467969,1.),(1.,
0.923318129891513,0.923318129891513,1.),(1.,0.922422503420845,
0.922422503420845,1.),(1.,0.920297497533857,0.920297497533857,1.),(1.,
0.919071303197956,0.919071303197956,1.),(1.,0.914842952971335,
0.914842952971335,1.),(1.,0.911367855865746,0.911367855865746,1.),(1.,
0.903332789988075,0.903332789988075,1.),(1.,0.898782599650186,
0.898782599650186,1.),(1.,0.890794960447189,0.890794960447189,1.),(1.,
0.887655417267542,0.887655417267542,1.),(1.,0.881090368538737,
0.881090368538737,1.),(1.,0.877671964861276,0.877671964861276,1.),(1.,
0.870579355981504,0.870579355981504,1.),(1.,0.866909772092389,
0.866909772092389,1.),(1.,0.859341581231498,0.859341581231498,1.),(1.,
0.855448662138027,0.855448662138027,1.),(1.,0.846385381233255,
0.846385381233255,1.),(1.,0.841161251035126,0.841161251035126,1.),(1.,
0.830420895762435,0.830420895762435,1.),(1.,0.824912476728742,
0.824912476728742,1.),(1.,0.817778622970692,0.817778622970692,1.),(1.,
0.816271298970679,0.816271298970679,1.),(1.,0.81441735054967,
0.81441735054967,1.),(1.,0.814073535485058,0.814073535485058,1.),(1.,
0.813719131487317,0.813719131487317,1.))) REPRESENTATION_ITEM('') 
SURFACE());
#28920=CARTESIAN_POINT('',(946.98347107438,1.011552808936,
-119.566735122696));
#28930=CARTESIAN_POINT('',(946.324847157636,1.93628004714654,
-119.610375993453));
#28940=CARTESIAN_POINT('',(945.902340619951,2.6026187957504,
-120.427866881549));
#28950=CARTESIAN_POINT('',(945.952066115703,2.63819057230666,
-121.562359049077));
#28960=(BOUNDED_CURVE() B_SPLINE_CURVE(3,(#28920,#28930,#28940,#28950),
.UNSPECIFIED.,.F.,.F.) B_SPLINE_CURVE_WITH_KNOTS((4,4),(0.,1.),
.UNSPECIFIED.) CURVE() GEOMETRIC_REPRESENTATION_ITEM() 
RATIONAL_B_SPLINE_CURVE((1.,0.813719131487312,0.813719131487312,1.)) 
REPRESENTATION_ITEM(''));
#28970=EDGE_CURVE('',#24420,#25540,#28960,.T.);
#28980=ORIENTED_EDGE('',*,*,#28970,.T.);
#28990=ORIENTED_EDGE('',*,*,#25210,.T.);
#29000=CARTESIAN_POINT('',(945.952066115703,2.63819057230666,
-178.437640950923));
#29010=CARTESIAN_POINT('',(945.902340619951,2.6026187957504,
-179.572133118451));
#29020=CARTESIAN_POINT('',(946.324847157636,1.93628004714655,
-180.389624006547));
#29030=CARTESIAN_POINT('',(946.98347107438,1.011552808936,
-180.433264877304));
#29040=(BOUNDED_CURVE() B_SPLINE_CURVE(3,(#29000,#29010,#29020,#29030),
.UNSPECIFIED.,.F.,.F.) B_SPLINE_CURVE_WITH_KNOTS((4,4),(0.,1.),
.UNSPECIFIED.) CURVE() GEOMETRIC_REPRESENTATION_ITEM() 
RATIONAL_B_SPLINE_CURVE((1.,0.813719131487312,0.813719131487312,1.)) 
REPRESENTATION_ITEM(''));
#29050=EDGE_CURVE('',#25360,#22540,#29040,.T.);
#29060=ORIENTED_EDGE('',*,*,#29050,.T.);
#29070=ORIENTED_EDGE('',*,*,#26160,.F.);
#29080=EDGE_LOOP('',(#29070,#29060,#28990,#28980));
#29090=FACE_OUTER_BOUND('',#29080,.T.);
#29100=ADVANCED_FACE('',(#29090),#28910,.F.);
#29110=CARTESIAN_POINT('',(962.959143402794,12.439956645056,
-181.491823841856));
#29120=CARTESIAN_POINT('',(963.015459599391,12.4802426154423,
-181.495555391523));
#29130=CARTESIAN_POINT('',(963.0731491151,12.5185642102888,
-181.499377938253));
#29140=CARTESIAN_POINT('',(963.372149107818,12.7025946075286,
-181.519189882075));
#29150=CARTESIAN_POINT('',(963.632683185091,12.8163079153746,
-181.536453048057));
#29160=CARTESIAN_POINT('',(963.906335234059,12.8918465794601,
-181.554585419806));
#29170=CARTESIAN_POINT('',(964.098435886388,12.9448738697786,
-181.56731414029));
#29180=CARTESIAN_POINT('',(964.294992859613,12.9785301953675,
-181.580338139642));
#29190=CARTESIAN_POINT('',(964.563467186018,12.9975085093924,
-181.598127431957));
#29200=CARTESIAN_POINT('',(964.634020606027,12.9999999520478,
-181.602802349775));
#29210=CARTESIAN_POINT('',(964.704597948249,13.0000000000001,
-181.607478852696));
#29220=CARTESIAN_POINT('',(962.300519486049,13.3646838832665,
-181.4481829711));
#29230=CARTESIAN_POINT('',(962.379604863472,13.4225926752197,
-181.453423222246));
#29240=CARTESIAN_POINT('',(962.45497977625,13.4740207271819,
-181.458417615469));
#29250=CARTESIAN_POINT('',(962.865490237789,13.7342806662274,
-181.48561831915));
#29260=CARTESIAN_POINT('',(963.22669026767,13.8969879521495,
-181.509551679936));
#29270=CARTESIAN_POINT('',(963.600222079872,14.0056639418811,
-181.534302153044));
#29280=CARTESIAN_POINT('',(963.862379513118,14.0821585263678,
-181.551672883702));
#29290=CARTESIAN_POINT('',(964.135818518728,14.133486732334,
-181.569791139052));
#29300=CARTESIAN_POINT('',(964.509010623222,14.1651779523834,
-181.594519102895));
#29310=CARTESIAN_POINT('',(964.603142718495,14.1700554532891,
-181.600756359849));
#29320=CARTESIAN_POINT('',(964.704597948249,14.1715728752539,
-181.607478852696));
#29330=CARTESIAN_POINT('',(961.878012948365,14.0310226318702,
-180.630692083004));
#29340=CARTESIAN_POINT('',(961.970362521151,14.098866424475,
-180.635525088516));
#29350=CARTESIAN_POINT('',(962.065171225485,14.1637269065137,
-180.640518668019));
#29360=CARTESIAN_POINT('',(962.555307118798,14.4741405798212,
-180.666098068605));
#29370=CARTESIAN_POINT('',(962.983467678097,14.668167607248,
-180.688364758398));
#29380=CARTESIAN_POINT('',(963.435405514303,14.8001493928557,
-180.711906774403));
#29390=CARTESIAN_POINT('',(963.752660262842,14.8927995424748,
-180.728440205082));
#29400=CARTESIAN_POINT('',(964.078106705036,14.9537559897111,
-180.7454025845));
#29410=CARTESIAN_POINT('',(964.524188575264,14.9921881978366,
-180.768613041712));
#29420=CARTESIAN_POINT('',(964.641872745523,14.9981332756717,
-180.774735228142));
#29430=CARTESIAN_POINT('',(964.759369989554,15.0000000000001,
-180.780864356993));
#29440=CARTESIAN_POINT('',(961.927738444116,14.0665944084264,
-179.496199915476));
#29450=CARTESIAN_POINT('',(962.021587861949,14.1337308033606,
-179.499931018361));
#29460=CARTESIAN_POINT('',(962.11772752956,14.1976022958555,
-179.503753199448));
#29470=CARTESIAN_POINT('',(962.616043300434,14.5043145349647,
-179.523564445532));
#29480=CARTESIAN_POINT('',(963.05025949151,14.6938340330791,
-179.540827322443));
#29490=CARTESIAN_POINT('',(963.506391496224,14.8197442991001,
-179.558961493425));
#29500=CARTESIAN_POINT('',(963.826591019613,14.9081318859236,
-179.571691476951));
#29510=CARTESIAN_POINT('',(964.154162838199,14.9642257655066,
-179.584714556468));
#29520=CARTESIAN_POINT('',(964.601600126507,14.9958531036902,
-179.60250305674));
#29530=CARTESIAN_POINT('',(964.719198200748,15.0000000000001,
-179.607178333992));
#29540=CARTESIAN_POINT('',(964.836829353207,15.0000000000001,
-179.611854926315));
#29550=(BOUNDED_SURFACE() B_SPLINE_SURFACE(3,3,((#29110,#29220,#29330,
#29440),(#29120,#29230,#29340,#29450),(#29130,#29240,#29350,#29460),(
#29140,#29250,#29360,#29470),(#29150,#29260,#29370,#29480),(#29160,
#29270,#29380,#29490),(#29170,#29280,#29390,#29500),(#29180,#29290,
#29400,#29510),(#29190,#29300,#29410,#29520),(#29200,#29310,#29420,
#29530),(#29210,#29320,#29430,#29540)),.UNSPECIFIED.,.F.,.F.,.F.) 
B_SPLINE_SURFACE_WITH_KNOTS((4,2,3,2,4),(4,4),(0.,0.278584339115081,
1.41276743081649,2.2089514195078,2.49195698755295),(0.,1.),.UNSPECIFIED.
) GEOMETRIC_REPRESENTATION_ITEM() RATIONAL_B_SPLINE_SURFACE(((1.,
0.813719131487321,0.813719131487321,1.),(1.,0.813425089473433,
0.813425089473433,1.),(1.,0.813105122109235,0.813105122109235,1.),(1.,
0.811572221716594,0.811572221716594,1.),(1.,0.810270794838815,
0.810270794838815,1.),(1.,0.808866383172939,0.808866383172939,1.),(1.,
0.807876151355326,0.807876151355326,1.),(1.,0.806854947133597,
0.806854947133597,1.),(1.,0.805474419428045,0.805474419428045,1.),(1.,
0.805113602454074,0.805113602454074,1.),(1.,0.804737854124364,
0.804737854124364,1.))) REPRESENTATION_ITEM('') SURFACE());
#29560=ORIENTED_EDGE('',*,*,#7270,.T.);
#29570=ORIENTED_EDGE('',*,*,#26390,.T.);
#29580=CARTESIAN_POINT('',(962.959143402794,12.439956645056,
-181.491823841856));
#29590=CARTESIAN_POINT('',(962.300519486049,13.3646838832665,
-181.4481829711));
#29600=CARTESIAN_POINT('',(961.878012948364,14.0310226318702,
-180.630692083004));
#29610=CARTESIAN_POINT('',(961.927738444116,14.0665944084264,
-179.496199915476));
#29620=(BOUNDED_CURVE() B_SPLINE_CURVE(3,(#29580,#29590,#29600,#29610),
.UNSPECIFIED.,.F.,.F.) B_SPLINE_CURVE_WITH_KNOTS((4,4),(0.,1.),
.UNSPECIFIED.) CURVE() GEOMETRIC_REPRESENTATION_ITEM() 
RATIONAL_B_SPLINE_CURVE((1.,0.813719131487311,0.813719131487311,1.)) 
REPRESENTATION_ITEM(''));
#29630=EDGE_CURVE('',#22780,#25380,#29620,.T.);
#29640=ORIENTED_EDGE('',*,*,#29630,.T.);
#29650=ORIENTED_EDGE('',*,*,#22790,.F.);
#29660=EDGE_LOOP('',(#29650,#29640,#29570,#29560));
#29670=FACE_OUTER_BOUND('',#29660,.T.);
#29680=ADVANCED_FACE('',(#29670),#29550,.F.);
#29690=CARTESIAN_POINT('',(964.836829353207,15.0000000000001,
-120.388145073685));
#29700=CARTESIAN_POINT('',(964.719198200581,15.0000000000001,
-120.392821666015));
#29710=CARTESIAN_POINT('',(964.601600126172,14.9958531036784,
-120.397496943273));
#29720=CARTESIAN_POINT('',(964.154162837867,14.9642257654498,
-120.415285443546));
#29730=CARTESIAN_POINT('',(963.826591019451,14.9081318858788,
-120.428308523055));
#29740=CARTESIAN_POINT('',(963.506391496224,14.8197442991001,
-120.441038506575));
#29750=CARTESIAN_POINT('',(963.050259491184,14.693834032989,
-120.45917267757));
#29760=CARTESIAN_POINT('',(962.616043299812,14.5043145346935,
-120.476435554493));
#29770=CARTESIAN_POINT('',(962.117727528999,14.1976022954832,
-120.496246800575));
#29780=CARTESIAN_POINT('',(962.021587861676,14.1337308031649,
-120.50006898165));
#29790=CARTESIAN_POINT('',(961.927738444116,14.0665944084264,
-120.503800084524));
#29800=CARTESIAN_POINT('',(964.759369989554,15.0000000000001,
-119.219135643007));
#29810=CARTESIAN_POINT('',(964.641872745356,14.998133275669,
-119.225264771864));
#29820=CARTESIAN_POINT('',(964.52418857493,14.9921881978196,
-119.231386958306));
#29830=CARTESIAN_POINT('',(964.078106704706,14.9537559896494,
-119.254597415517));
#29840=CARTESIAN_POINT('',(963.752660262681,14.8927995424279,
-119.271559794927));
#29850=CARTESIAN_POINT('',(963.435405514304,14.8001493928557,
-119.288093225597));
#29860=CARTESIAN_POINT('',(962.983467677774,14.6681676071536,
-119.311635241619));
#29870=CARTESIAN_POINT('',(962.555307118185,14.4741405795435,
-119.333901931427));
#29880=CARTESIAN_POINT('',(962.065171224934,14.1637269061377,
-119.35948133201));
#29890=CARTESIAN_POINT('',(961.970362520882,14.0988664242778,
-119.364474911503));
#29900=CARTESIAN_POINT('',(961.878012948364,14.0310226318702,
-119.369307916996));
#29910=CARTESIAN_POINT('',(964.704597948249,14.1715728752539,
-118.392521147304));
#29920=CARTESIAN_POINT('',(964.60314271835,14.1700554532819,
-118.399243640161));
#29930=CARTESIAN_POINT('',(964.509010622941,14.1651779523692,
-118.405480897124));
#29940=CARTESIAN_POINT('',(964.135818518451,14.1334867322822,
-118.430208860966));
#29950=CARTESIAN_POINT('',(963.862379512986,14.0821585263289,
-118.448327116307));
#29960=CARTESIAN_POINT('',(963.600222079872,14.0056639418811,
-118.465697846956));
#29970=CARTESIAN_POINT('',(963.226690267403,13.8969879520721,
-118.490448320082));
#29980=CARTESIAN_POINT('',(962.865490237272,13.7342806659939,
-118.514381680884));
#29990=CARTESIAN_POINT('',(962.454979775787,13.4740207268664,
-118.541582384561));
#30000=CARTESIAN_POINT('',(962.379604863233,13.4225926750572,
-118.54657677777));
#30010=CARTESIAN_POINT('',(962.300519486049,13.3646838832665,
-118.5518170289));
#30020=CARTESIAN_POINT('',(964.704597948249,13.0000000000001,
-118.392521147304));
#30030=CARTESIAN_POINT('',(964.634020605926,12.9999999520407,
-118.397197650231));
#30040=CARTESIAN_POINT('',(964.563467185817,12.9975085093853,
-118.401872568057));
#30050=CARTESIAN_POINT('',(964.294992859414,12.9785301953334,
-118.419661860371));
#30060=CARTESIAN_POINT('',(964.098435886291,12.9448738697518,
-118.432685859716));
#30070=CARTESIAN_POINT('',(963.906335234059,12.8918465794601,
-118.445414580194));
#30080=CARTESIAN_POINT('',(963.632683184895,12.8163079153206,
-118.463546951956));
#30090=CARTESIAN_POINT('',(963.372149107445,12.7025946073659,
-118.480810117949));
#30100=CARTESIAN_POINT('',(963.073149114763,12.5185642100655,
-118.500622061769));
#30110=CARTESIAN_POINT('',(963.015459599219,12.4802426153363,
-118.504444608488));
#30120=CARTESIAN_POINT('',(962.959143402794,12.439956645056,
-118.508176158144));
#30130=(BOUNDED_SURFACE() B_SPLINE_SURFACE(3,3,((#29690,#29800,#29910,
#30020),(#29700,#29810,#29920,#30030),(#29710,#29820,#29930,#30040),(
#29720,#29830,#29940,#30050),(#29730,#29840,#29950,#30060),(#29740,
#29850,#29960,#30070),(#29750,#29860,#29970,#30080),(#29760,#29870,
#29980,#30090),(#29770,#29880,#29990,#30100),(#29780,#29890,#30000,
#30110),(#29790,#29900,#30010,#30120)),.UNSPECIFIED.,.F.,.F.,.F.) 
B_SPLINE_SURFACE_WITH_KNOTS((4,2,3,2,4),(4,4),(0.,0.283005568448785,
1.07918955673665,2.21337264924968,2.49195698755262),(0.,1.),
.UNSPECIFIED.) GEOMETRIC_REPRESENTATION_ITEM() RATIONAL_B_SPLINE_SURFACE
(((1.,0.804737854124365,0.804737854124365,1.),(1.,0.805113602454611,
0.805113602454611,1.),(1.,0.8054744194291,0.8054744194291,1.),(1.,
0.806854947134627,0.806854947134627,1.),(1.,0.807876151355831,
0.807876151355831,1.),(1.,0.808866383172937,0.808866383172937,1.),(1.,
0.810270794839811,0.810270794839811,1.),(1.,0.811572221718468,
0.811572221718468,1.),(1.,0.813105122110981,0.813105122110981,1.),(1.,
0.81342508947429,0.81342508947429,1.),(1.,0.813719131487317,
0.813719131487317,1.))) REPRESENTATION_ITEM('') SURFACE());
#30140=ORIENTED_EDGE('',*,*,#7750,.T.);
#30150=ORIENTED_EDGE('',*,*,#24320,.F.);
#30160=CARTESIAN_POINT('',(961.927738444116,14.0665944084264,
-120.503800084524));
#30170=CARTESIAN_POINT('',(961.878012948364,14.0310226318702,
-119.369307916996));
#30180=CARTESIAN_POINT('',(962.300519486049,13.3646838832665,
-118.5518170289));
#30190=CARTESIAN_POINT('',(962.959143402794,12.439956645056,
-118.508176158144));
#30200=(BOUNDED_CURVE() B_SPLINE_CURVE(3,(#30160,#30170,#30180,#30190),
.UNSPECIFIED.,.F.,.F.) B_SPLINE_CURVE_WITH_KNOTS((4,4),(0.,1.),
.UNSPECIFIED.) CURVE() GEOMETRIC_REPRESENTATION_ITEM() 
RATIONAL_B_SPLINE_CURVE((1.,0.813719131487312,0.813719131487312,1.)) 
REPRESENTATION_ITEM(''));
#30210=EDGE_CURVE('',#25460,#24310,#30200,.T.);
#30220=ORIENTED_EDGE('',*,*,#30210,.T.);
#30230=ORIENTED_EDGE('',*,*,#26540,.T.);
#30240=EDGE_LOOP('',(#30230,#30220,#30150,#30140));
#30250=FACE_OUTER_BOUND('',#30240,.T.);
#30260=ADVANCED_FACE('',(#30250),#30130,.T.);
#30270=CARTESIAN_POINT('',(730.,-154.304973224439,-164.051406150911));
#30280=DIRECTION('',(0.812140408589646,0.580975145846363,
-0.0538129784033484));
#30290=DIRECTION('',(-0.581818181818182,0.813318881685274,0.));
#30300=AXIS2_PLACEMENT_3D('',#30270,#30280,#30290);
#30310=CYLINDRICAL_SURFACE('',#30300,2.);
#30320=ORIENTED_EDGE('',*,*,#29630,.F.);
#30330=ORIENTED_EDGE('',*,*,#25390,.T.);
#30340=ORIENTED_EDGE('',*,*,#29050,.F.);
#30350=ORIENTED_EDGE('',*,*,#22850,.F.);
#30360=EDGE_LOOP('',(#30350,#30340,#30330,#30320));
#30370=FACE_OUTER_BOUND('',#30360,.T.);
#30380=ADVANCED_FACE('',(#30370),#30310,.T.);
#30390=CARTESIAN_POINT('',(730.,-154.304973224439,-135.948593849089));
#30400=DIRECTION('',(-0.812140408589646,-0.580975145846363,
-0.0538129784033484));
#30410=DIRECTION('',(0.581818181818182,-0.813318881685274,0.));
#30420=AXIS2_PLACEMENT_3D('',#30390,#30400,#30410);
#30430=CYLINDRICAL_SURFACE('',#30420,2.);
#30440=ORIENTED_EDGE('',*,*,#28970,.F.);
#30450=ORIENTED_EDGE('',*,*,#25550,.T.);
#30460=ORIENTED_EDGE('',*,*,#30210,.F.);
#30470=ORIENTED_EDGE('',*,*,#24490,.F.);
#30480=EDGE_LOOP('',(#30470,#30460,#30450,#30440));
#30490=FACE_OUTER_BOUND('',#30480,.T.);
#30500=ADVANCED_FACE('',(#30490),#30430,.T.);
#30510=CLOSED_SHELL('',(#22890,#23340,#23660,#23830,#24000,#24120,#24530
,#25250,#26200,#26580,#29100,#29680,#30260,#30380,#30500,#10480,#10700,
#11060,#11280,#11640,#11860,#12900,#13120,#13520,#13740,#13910,#14080,
#14200,#14600,#14820,#14990,#15160,#15280,#15490,#15710,#15930,#16100,
#16270,#16440,#16610,#16780,#17000,#17170,#17340,#17510,#17680,#17850,
#18020,#18140,#18310,#18480,#18650,#18820,#18990,#19160,#19330,#19500,
#19670,#19840,#20010,#20180,#20350,#20520,#20690,#20860,#21030,#21200,
#21370,#21540,#21710,#21830,#21950,#22070,#22190,#22310,#22430,#2930,
#3390,#6730,#7140,#7470,#7800,#7980,#8160,#9420));
#30520=MANIFOLD_SOLID_BREP('',#30510);
#30530=CARTESIAN_POINT('',(0.,0.,0.));
#30540=DIRECTION('',(0.,0.,1.));
#30550=DIRECTION('',(1.,0.,0.));
#30560=AXIS2_PLACEMENT_3D('',#30530,#30540,#30550);
#30570=APPLICATION_CONTEXT(' ');
#30580=APPLICATION_PROTOCOL_DEFINITION(' ','automotive_design',1998,
#30570);
#30590=PRODUCT_CONTEXT('',#30570,'mechanical');
#30600=PRODUCT_DEFINITION_CONTEXT('part definition',#30570,'design');
#30610=PRODUCT('sdfsgdfsd','sdfsgdfsd','',(#30590));
#30620=PRODUCT_RELATED_PRODUCT_CATEGORY('part',' ',(#30610));
#30630=PRODUCT_DEFINITION_FORMATION_WITH_SPECIFIED_SOURCE('','',#30610,
.BOUGHT.);
#30640=PRODUCT_DEFINITION('',' ',#30630,#30600);
#30650=PRODUCT_DEFINITION_SHAPE('','',#30640);
#30660=DIMENSIONAL_EXPONENTS(1.,0.,0.,0.,0.,0.,0.);
#30670=DIMENSIONAL_EXPONENTS(0.,0.,0.,0.,0.,0.,0.);
#30680=DIMENSIONAL_EXPONENTS(0.,0.,0.,0.,0.,0.,0.);
#30690=(LENGTH_UNIT() NAMED_UNIT(*) SI_UNIT(.MILLI.,.METRE.));
#30700=(NAMED_UNIT(*) PLANE_ANGLE_UNIT() SI_UNIT($,.RADIAN.));
#30710=(NAMED_UNIT(*) SI_UNIT($,.STERADIAN.) SOLID_ANGLE_UNIT());
#30720=(GEOMETRIC_REPRESENTATION_CONTEXT(3) 
GLOBAL_UNCERTAINTY_ASSIGNED_CONTEXT((#30730)) 
GLOBAL_UNIT_ASSIGNED_CONTEXT((#30690,#30700,#30710)) 
REPRESENTATION_CONTEXT('',''));
#30730=UNCERTAINTY_MEASURE_WITH_UNIT(LENGTH_MEASURE(0.0001),#30690,
'distance_accuracy_value','maximum gap value');
#30740=ADVANCED_BREP_SHAPE_REPRESENTATION('',(#30560,#30520),#30720);
#30750=SHAPE_DEFINITION_REPRESENTATION(#30650,#30740);
#30760=COLOUR_RGB('',0.600000023841858,0.600000023841858,
0.600000023841858);
#30770=FILL_AREA_STYLE_COLOUR('',#30760);
#30780=FILL_AREA_STYLE('',(#30770));
#30790=SURFACE_STYLE_FILL_AREA(#30780);
#30800=SURFACE_SIDE_STYLE('',(#30790));
#30810=SURFACE_STYLE_USAGE(.BOTH.,#30800);
#30820=PRESENTATION_STYLE_ASSIGNMENT((#30810));
#30830=STYLED_ITEM('',(#30820),#30520);
#30840=DRAUGHTING_MODEL('',(#30830),#30720);
#30850=CARTESIAN_POINT('',(-515.5,545.,99.));
#30860=DIRECTION('',(0.,0.,1.));
#30870=DIRECTION('',(1.,0.,0.));
#30880=AXIS2_PLACEMENT_3D('',#30850,#30860,#30870);
#30890=ITEM_DEFINED_TRANSFORMATION('sdfsgdfsd','',#30560,#30880);
#30900=APPLICATION_CONTEXT(' ');
#30910=APPLICATION_PROTOCOL_DEFINITION(' ','automotive_design',1998,
#30900);
#30920=PRODUCT_CONTEXT('',#30900,'mechanical');
#30930=PRODUCT_DEFINITION_CONTEXT('part definition',#30900,'design');
#30940=PRODUCT('sdfsgdfsd','sdfsgdfsd','',(#30920));
#30950=PRODUCT_RELATED_PRODUCT_CATEGORY('part',' ',(#30940));
#30960=PRODUCT_DEFINITION_FORMATION_WITH_SPECIFIED_SOURCE('','',#30940,
.BOUGHT.);
#30970=PRODUCT_DEFINITION('',' ',#30960,#30930);
#30980=PRODUCT_DEFINITION_SHAPE('','',#30970);
#30990=DIMENSIONAL_EXPONENTS(1.,0.,0.,0.,0.,0.,0.);
#31000=DIMENSIONAL_EXPONENTS(0.,0.,0.,0.,0.,0.,0.);
#31010=DIMENSIONAL_EXPONENTS(0.,0.,0.,0.,0.,0.,0.);
#31020=(LENGTH_UNIT() NAMED_UNIT(*) SI_UNIT(.MILLI.,.METRE.));
#31030=(NAMED_UNIT(*) PLANE_ANGLE_UNIT() SI_UNIT($,.RADIAN.));
#31040=(NAMED_UNIT(*) SI_UNIT($,.STERADIAN.) SOLID_ANGLE_UNIT());
#31050=(GEOMETRIC_REPRESENTATION_CONTEXT(3) 
GLOBAL_UNCERTAINTY_ASSIGNED_CONTEXT((#31060)) 
GLOBAL_UNIT_ASSIGNED_CONTEXT((#31020,#31030,#31040)) 
REPRESENTATION_CONTEXT('',''));
#31060=UNCERTAINTY_MEASURE_WITH_UNIT(LENGTH_MEASURE(0.0001),#31020,
'distance_accuracy_value','maximum gap value');
#31070=SHAPE_REPRESENTATION('',(#30560,#30880),#31050);
#31080=SHAPE_DEFINITION_REPRESENTATION(#30980,#31070);
#31090=(REPRESENTATION_RELATIONSHIP('','',#30740,#31070) 
REPRESENTATION_RELATIONSHIP_WITH_TRANSFORMATION(#30890) 
SHAPE_REPRESENTATION_RELATIONSHIP());
#31100=NEXT_ASSEMBLY_USAGE_OCCURRENCE('1','','sdfsgdfsd',#30970,#30640,
'');
#31110=PRODUCT_DEFINITION_SHAPE('','',#31100);
#31120=CONTEXT_DEPENDENT_SHAPE_REPRESENTATION(#31090,#31110);
ENDSEC;
END-ISO-10303-21;
