                                                                        S      1
,,8Hastra v1,8Hastra v1,7Hunknown,7Hunknown,32,38,7,99,15,,1.,2,2HMM,1, G      1
0.08,15H20180423.194816,0.01,10000.,18Hasheepcalledgeorge,7Hunknown,11, G      2
0,15H20180423.184504;                                                   G      3
     408       1                                       7        00000001D      1
     408       0               1       0                               0D      2
     408       2                                       9        00000001D      3
     408       0               1       0                               0D      4
     408       3                                      11        00000001D      5
     408       0               1       0                               0D      6
     124       4                                                00000000D      7
     124                       4       0                               0D      8
     124       8                                                00000000D      9
     124                       5       0                               0D     10
     124      13                                                00000000D     11
     124                       5       0                               0D     12
     308      18                                                00010200D     13
     308       0               1       0                               0D     14
     308      19                                                00010200D     15
     308       0               1       0                               0D     16
     308      20                                                00010200D     17
     308       0               1       0                               0D     18
     186      21                                                00010000D     19
     186           -2521       1       0                               0D     20
     186      22                                                00010000D     21
     186           -2521       1       0                               0D     22
     186      23                                                00010000D     23
     186           -2521       1       0                               0D     24
     514      24                                                00010000D     25
     514                      15       1                               0D     26
     514      39                                                00010000D     27
     514                       6       1                               0D     28
     514      45                                                00010000D     29
     514                       3       1                               0D     30
     510      48                                                00010000D     31
     510           -2523       1       1                               0D     32
     510      49                                                00010000D     33
     510           -2523       1       1                               0D     34
     510      50                                                00010000D     35
     510           -2523       1       1                               0D     36
     510      51                                                00010000D     37
     510           -2525       1       1                               0D     38
     510      52                                                00010000D     39
     510           -2523       1       1                               0D     40
     510      53                                                00010000D     41
     510           -2523       1       1                               0D     42
     510      54                                                00010000D     43
     510           -2523       1       1                               0D     44
     510      55                                                00010000D     45
     510           -2523       1       1                               0D     46
     510      56                                                00010000D     47
     510           -2523       1       1                               0D     48
     510      57                                                00010000D     49
     510           -2525       1       1                               0D     50
     510      58                                                00010000D     51
     510           -2523       1       1                               0D     52
     510      59                                                00010000D     53
     510           -2523       1       1                               0D     54
     510      60                                                00010000D     55
     510           -2523       1       1                               0D     56
     510      61                                                00010000D     57
     510           -2523       1       1                               0D     58
     510      62                                                00010000D     59
     510           -2523       1       1                               0D     60
     510      63                                                00010000D     61
     510           -2523       1       1                               0D     62
     510      64                                                00010000D     63
     510           -2523       1       1                               0D     64
     510      65                                                00010000D     65
     510           -2523       1       1                               0D     66
     510      66                                                00010000D     67
     510           -2523       1       1                               0D     68
     510      67                                                00010000D     69
     510           -2523       1       1                               0D     70
     510      68                                                00010000D     71
     510           -2523       1       1                               0D     72
     510      69                                                00010000D     73
     510           -2523       1       1                               0D     74
     510      70                                                00010000D     75
     510           -2523       1       1                               0D     76
     510      71                                                00010000D     77
     510           -2523       1       1                               0D     78
     510      72                                                00010000D     79
     510           -2523       1       1                               0D     80
     510      73                                                00010000D     81
     510           -2523       1       1                               0D     82
     510      74                                                00010000D     83
     510           -2523       1       1                               0D     84
     510      75                                                00010000D     85
     510           -2523       1       1                               0D     86
     510      76                                                00010000D     87
     510           -2523       1       1                               0D     88
     510      77                                                00010000D     89
     510           -2523       1       1                               0D     90
     510      78                                                00010000D     91
     510           -2523       1       1                               0D     92
     510      79                                                00010000D     93
     510           -2523       1       1                               0D     94
     510      80                                                00010000D     95
     510           -2523       1       1                               0D     96
     510      81                                                00010000D     97
     510           -2523       1       1                               0D     98
     510      82                                                00010000D     99
     510           -2523       1       1                               0D    100
     510      83                                                00010000D    101
     510           -2523       1       1                               0D    102
     510      84                                                00010000D    103
     510           -2523       1       1                               0D    104
     510      85                                                00010000D    105
     510           -2523       1       1                               0D    106
     510      86                                                00010000D    107
     510           -2523       1       1                               0D    108
     510      87                                                00010000D    109
     510           -2523       1       1                               0D    110
     510      88                                                00010000D    111
     510           -2523       1       1                               0D    112
     510      89                                                00010000D    113
     510           -2523       1       1                               0D    114
     510      90                                                00010000D    115
     510           -2523       1       1                               0D    116
     510      91                                                00010000D    117
     510           -2523       1       1                               0D    118
     510      92                                                00010000D    119
     510           -2523       1       1                               0D    120
     510      93                                                00010000D    121
     510           -2523       1       1                               0D    122
     510      94                                                00010000D    123
     510           -2523       1       1                               0D    124
     510      95                                                00010000D    125
     510           -2523       1       1                               0D    126
     510      96                                                00010000D    127
     510           -2523       1       1                               0D    128
     510      97                                                00010000D    129
     510           -2523       1       1                               0D    130
     510      98                                                00010000D    131
     510           -2523       1       1                               0D    132
     510      99                                                00010000D    133
     510           -2523       1       1                               0D    134
     510     100                                                00010000D    135
     510           -2523       1       1                               0D    136
     510     101                                                00010000D    137
     510           -2523       1       1                               0D    138
     510     102                                                00010000D    139
     510           -2523       1       1                               0D    140
     510     103                                                00010000D    141
     510           -2523       1       1                               0D    142
     510     104                                                00010000D    143
     510           -2523       1       1                               0D    144
     510     105                                                00010000D    145
     510           -2523       1       1                               0D    146
     510     106                                                00010000D    147
     510           -2523       1       1                               0D    148
     510     107                                                00010000D    149
     510           -2523       1       1                               0D    150
     510     108                                                00010000D    151
     510           -2523       1       1                               0D    152
     510     109                                                00010000D    153
     510           -2527       1       1                               0D    154
     510     110                                                00010000D    155
     510           -2523       1       1                               0D    156
     510     111                                                00010000D    157
     510           -2527       1       1                               0D    158
     510     112                                                00010000D    159
     510           -2523       1       1                               0D    160
     510     113                                                00010000D    161
     510           -2523       1       1                               0D    162
     510     114                                                00010000D    163
     510           -2523       1       1                               0D    164
     510     115                                                00010000D    165
     510           -2523       1       1                               0D    166
     510     116                                                00010000D    167
     510           -2523       1       1                               0D    168
     510     117                                                00010000D    169
     510           -2523       1       1                               0D    170
     510     118                                                00010000D    171
     510           -2523       1       1                               0D    172
     510     119                                                00010000D    173
     510           -2523       1       1                               0D    174
     510     120                                                00010000D    175
     510           -2529       1       1                               0D    176
     510     121                                                00010000D    177
     510           -2523       1       1                               0D    178
     510     122                                                00010000D    179
     510           -2523       1       1                               0D    180
     510     123                                                00010000D    181
     510           -2523       1       1                               0D    182
     510     124                                                00010000D    183
     510           -2523       1       1                               0D    184
     510     125                                                00010000D    185
     510           -2529       1       1                               0D    186
     510     126                                                00010000D    187
     510           -2523       1       1                               0D    188
     510     127                                                00010000D    189
     510           -2529       1       1                               0D    190
     510     128                                                00010000D    191
     510           -2523       1       1                               0D    192
     510     129                                                00010000D    193
     510           -2523       1       1                               0D    194
     510     130                                                00010000D    195
     510           -2523       1       1                               0D    196
     510     131                                                00010000D    197
     510           -2523       1       1                               0D    198
     510     132                                                00010000D    199
     510           -2523       1       1                               0D    200
     510     133                                                00010000D    201
     510           -2523       1       1                               0D    202
     510     134                                                00010000D    203
     510           -2523       1       1                               0D    204
     510     135                                                00010000D    205
     510           -2523       1       1                               0D    206
     510     136                                                00010000D    207
     510           -2523       1       1                               0D    208
     510     137                                                00010000D    209
     510           -2523       1       1                               0D    210
     510     138                                                00010000D    211
     510           -2523       1       1                               0D    212
     510     139                                                00010000D    213
     510           -2523       1       1                               0D    214
     510     140                                                00010000D    215
     510           -2523       1       1                               0D    216
     510     141                                                00010000D    217
     510           -2523       1       1                               0D    218
     510     142                                                00010000D    219
     510           -2523       1       1                               0D    220
     510     143                                                00010000D    221
     510           -2523       1       1                               0D    222
     510     144                                                00010000D    223
     510           -2523       1       1                               0D    224
     510     145                                                00010000D    225
     510           -2523       1       1                               0D    226
     510     146                                                00010000D    227
     510           -2523       1       1                               0D    228
     510     147                                                00010000D    229
     510           -2523       1       1                               0D    230
     510     148                                                00010000D    231
     510           -2523       1       1                               0D    232
     510     149                                                00010000D    233
     510           -2523       1       1                               0D    234
     510     150                                                00010000D    235
     510           -2523       1       1                               0D    236
     510     151                                                00010000D    237
     510           -2523       1       1                               0D    238
     510     152                                                00010000D    239
     510           -2523       1       1                               0D    240
     510     153                                                00010000D    241
     510           -2523       1       1                               0D    242
     510     154                                                00010000D    243
     510           -2523       1       1                               0D    244
     510     155                                                00010000D    245
     510           -2523       1       1                               0D    246
     510     156                                                00010000D    247
     510           -2523       1       1                               0D    248
     510     157                                                00010000D    249
     510           -2523       1       1                               0D    250
     510     158                                                00010000D    251
     510           -2523       1       1                               0D    252
     510     159                                                00010000D    253
     510           -2523       1       1                               0D    254
     510     160                                                00010000D    255
     510           -2523       1       1                               0D    256
     510     161                                                00010000D    257
     510           -2523       1       1                               0D    258
     510     162                                                00010000D    259
     510           -2523       1       1                               0D    260
     510     163                                                00010000D    261
     510           -2523       1       1                               0D    262
     510     164                                                00010000D    263
     510           -2523       1       1                               0D    264
     510     165                                                00010000D    265
     510           -2523       1       1                               0D    266
     510     166                                                00010000D    267
     510           -2523       1       1                               0D    268
     510     167                                                00010000D    269
     510           -2523       1       1                               0D    270
     510     168                                                00010000D    271
     510           -2523       1       1                               0D    272
     510     169                                                00010000D    273
     510           -2523       1       1                               0D    274
     510     170                                                00010000D    275
     510           -2523       1       1                               0D    276
     510     171                                                00010000D    277
     510           -2523       1       1                               0D    278
     510     172                                                00010000D    279
     510           -2523       1       1                               0D    280
     510     173                                                00010000D    281
     510           -2523       1       1                               0D    282
     510     174                                                00010000D    283
     510           -2523       1       1                               0D    284
     510     175                                                00010000D    285
     510           -2523       1       1                               0D    286
     510     176                                                00010000D    287
     510           -2523       1       1                               0D    288
     510     177                                                00010000D    289
     510           -2523       1       1                               0D    290
     510     178                                                00010000D    291
     510           -2523       1       1                               0D    292
     510     179                                                00010000D    293
     510           -2523       1       1                               0D    294
     510     180                                                00010000D    295
     510           -2523       1       1                               0D    296
     510     181                                                00010000D    297
     510           -2523       1       1                               0D    298
     510     182                                                00010000D    299
     510           -2523       1       1                               0D    300
     510     183                                                00010000D    301
     510           -2523       1       1                               0D    302
     510     184                                                00010000D    303
     510           -2523       1       1                               0D    304
     510     185                                                00010000D    305
     510           -2523       1       1                               0D    306
     510     186                                                00010000D    307
     510           -2523       1       1                               0D    308
     510     187                                                00010000D    309
     510           -2523       1       1                               0D    310
     510     188                                                00010000D    311
     510           -2523       1       1                               0D    312
     510     189                                                00010000D    313
     510           -2523       1       1                               0D    314
     510     190                                                00010000D    315
     510           -2523       1       1                               0D    316
     510     191                                                00010000D    317
     510           -2523       1       1                               0D    318
     510     192                                                00010000D    319
     510           -2523       1       1                               0D    320
     510     193                                                00010000D    321
     510           -2523       1       1                               0D    322
     510     194                                                00010000D    323
     510           -2523       1       1                               0D    324
     510     195                                                00010000D    325
     510           -2523       1       1                               0D    326
     510     196                                                00010000D    327
     510           -2523       1       1                               0D    328
     510     197                                                00010000D    329
     510           -2523       1       1                               0D    330
     510     198                                                00010000D    331
     510           -2523       1       1                               0D    332
     510     199                                                00010000D    333
     510           -2523       1       1                               0D    334
     510     200                                                00010000D    335
     510           -2531       1       1                               0D    336
     510     201                                                00010000D    337
     510           -2531       1       1                               0D    338
     510     202                                                00010000D    339
     510           -2531       1       1                               0D    340
     510     203                                                00010000D    341
     510           -2531       1       1                               0D    342
     510     204                                                00010000D    343
     510           -2533       1       1                               0D    344
     510     205                                                00010000D    345
     510           -2533       1       1                               0D    346
     510     206                                                00010000D    347
     510           -2533       1       1                               0D    348
     510     207                                                00010000D    349
     510           -2533       1       1                               0D    350
     510     208                                                00010000D    351
     510           -2533       1       1                               0D    352
     510     209                                                00010000D    353
     510           -2533       1       1                               0D    354
     510     210                                                00010000D    355
     510           -2533       1       1                               0D    356
     510     211                                                00010000D    357
     510           -2533       1       1                               0D    358
     510     212                                                00010000D    359
     510           -2533       1       1                               0D    360
     510     213                                                00010000D    361
     510           -2533       1       1                               0D    362
     510     214                                                00010000D    363
     510           -2533       1       1                               0D    364
     510     215                                                00010000D    365
     510           -2533       1       1                               0D    366
     510     216                                                00010000D    367
     510           -2533       1       1                               0D    368
     510     217                                                00010000D    369
     510           -2533       1       1                               0D    370
     510     218                                                00010000D    371
     510           -2533       1       1                               0D    372
     510     219                                                00010000D    373
     510           -2533       1       1                               0D    374
     510     220                                                00010000D    375
     510           -2533       1       1                               0D    376
     510     221                                                00010000D    377
     510           -2533       1       1                               0D    378
     510     222                                                00010000D    379
     510           -2535       1       1                               0D    380
     510     223                                                00010000D    381
     510           -2533       1       1                               0D    382
     510     224                                                00010000D    383
     510           -2533       1       1                               0D    384
     510     225                                                00010000D    385
     510           -2533       1       1                               0D    386
     510     226                                                00010000D    387
     510           -2533       1       1                               0D    388
     510     227                                                00010000D    389
     510           -2533       1       1                               0D    390
     510     228                                                00010000D    391
     510           -2533       1       1                               0D    392
     510     229                                                00010000D    393
     510           -2533       1       1                               0D    394
     510     230                                                00010000D    395
     510           -2533       1       1                               0D    396
     510     231                                                00010000D    397
     510           -2533       1       1                               0D    398
     510     232                                                00010000D    399
     510           -2533       1       1                               0D    400
     510     233                                                00010000D    401
     510           -2533       1       1                               0D    402
     510     234                                                00010000D    403
     510           -2533       1       1                               0D    404
     510     235                                                00010000D    405
     510           -2533       1       1                               0D    406
     510     236                                                00010000D    407
     510           -2533       1       1                               0D    408
     510     237                                                00010000D    409
     510           -2533       1       1                               0D    410
     510     238                                                00010000D    411
     510           -2533       1       1                               0D    412
     510     239                                                00010000D    413
     510           -2533       1       1                               0D    414
     510     240                                                00010000D    415
     510           -2533       1       1                               0D    416
     510     241                                                00010000D    417
     510           -2533       1       1                               0D    418
     510     242                                                00010000D    419
     510           -2533       1       1                               0D    420
     510     243                                                00010000D    421
     510           -2533       1       1                               0D    422
     510     244                                                00010000D    423
     510           -2533       1       1                               0D    424
     510     245                                                00010000D    425
     510           -2533       1       1                               0D    426
     510     246                                                00010000D    427
     510           -2533       1       1                               0D    428
     510     247                                                00010000D    429
     510           -2533       1       1                               0D    430
     510     248                                                00010000D    431
     510           -2533       1       1                               0D    432
     510     249                                                00010000D    433
     510           -2533       1       1                               0D    434
     510     250                                                00010000D    435
     510           -2533       1       1                               0D    436
     510     251                                                00010000D    437
     510           -2533       1       1                               0D    438
     510     252                                                00010000D    439
     510           -2533       1       1                               0D    440
     510     253                                                00010000D    441
     510           -2533       1       1                               0D    442
     510     254                                                00010000D    443
     510           -2533       1       1                               0D    444
     510     255                                                00010000D    445
     510           -2521       1       1                               0D    446
     510     256                                                00010000D    447
     510           -2521       1       1                               0D    448
     510     257                                                00010000D    449
     510           -2533       1       1                               0D    450
     510     258                                                00010000D    451
     510           -2533       1       1                               0D    452
     510     259                                                00010000D    453
     510           -2533       1       1                               0D    454
     510     260                                                00010000D    455
     510           -2533       1       1                               0D    456
     510     261                                                00010000D    457
     510           -2521       1       1                               0D    458
     510     262                                                00010000D    459
     510           -2533       1       1                               0D    460
     510     263                                                00010000D    461
     510           -2533       1       1                               0D    462
     510     264                                                00010000D    463
     510           -2533       1       1                               0D    464
     510     265                                                00010000D    465
     510           -2533       1       1                               0D    466
     510     266                                                00010000D    467
     510           -2535       1       1                               0D    468
     510     267                                                00010000D    469
     510           -2533       1       1                               0D    470
     510     268                                                00010000D    471
     510           -2533       1       1                               0D    472
     510     269                                                00010000D    473
     510           -2533       1       1                               0D    474
     510     270                                                00010000D    475
     510           -2533       1       1                               0D    476
     510     271                                                00010000D    477
     510           -2533       1       1                               0D    478
     510     272                                                00010000D    479
     510           -2533       1       1                               0D    480
     510     273                                                00010000D    481
     510           -2533       1       1                               0D    482
     510     274                                                00010000D    483
     510           -2533       1       1                               0D    484
     510     275                                                00010000D    485
     510           -2535       1       1                               0D    486
     508     276                                                00010000D    487
     508                       1       1                               0D    488
     508     277                                                00010000D    489
     508                       1       1                               0D    490
     508     278                                                00010000D    491
     508                       1       1                               0D    492
     508     279                                                00010000D    493
     508                       1       1                               0D    494
     508     280                                                00010000D    495
     508                       1       1                               0D    496
     508     281                                                00010000D    497
     508                       1       1                               0D    498
     508     282                                                00010000D    499
     508                       3       1                               0D    500
     508     285                                                00010000D    501
     508                       1       1                               0D    502
     508     286                                                00010000D    503
     508                       1       1                               0D    504
     508     287                                                00010000D    505
     508                       1       1                               0D    506
     508     288                                                00010000D    507
     508                       1       1                               0D    508
     508     289                                                00010000D    509
     508                       1       1                               0D    510
     508     290                                                00010000D    511
     508                       1       1                               0D    512
     508     291                                                00010000D    513
     508                       3       1                               0D    514
     508     294                                                00010000D    515
     508                       1       1                               0D    516
     508     295                                                00010000D    517
     508                       1       1                               0D    518
     508     296                                                00010000D    519
     508                       2       1                               0D    520
     508     298                                                00010000D    521
     508                       1       1                               0D    522
     508     299                                                00010000D    523
     508                       1       1                               0D    524
     508     300                                                00010000D    525
     508                       1       1                               0D    526
     508     301                                                00010000D    527
     508                       2       1                               0D    528
     508     303                                                00010000D    529
     508                       1       1                               0D    530
     508     304                                                00010000D    531
     508                       1       1                               0D    532
     508     305                                                00010000D    533
     508                       1       1                               0D    534
     508     306                                                00010000D    535
     508                       1       1                               0D    536
     508     307                                                00010000D    537
     508                       1       1                               0D    538
     508     308                                                00010000D    539
     508                       1       1                               0D    540
     508     309                                                00010000D    541
     508                       1       1                               0D    542
     508     310                                                00010000D    543
     508                       1       1                               0D    544
     508     311                                                00010000D    545
     508                       1       1                               0D    546
     508     312                                                00010000D    547
     508                       1       1                               0D    548
     508     313                                                00010000D    549
     508                       1       1                               0D    550
     508     314                                                00010000D    551
     508                       1       1                               0D    552
     508     315                                                00010000D    553
     508                       1       1                               0D    554
     508     316                                                00010000D    555
     508                       1       1                               0D    556
     508     317                                                00010000D    557
     508                       1       1                               0D    558
     508     318                                                00010000D    559
     508                       1       1                               0D    560
     508     319                                                00010000D    561
     508                       1       1                               0D    562
     508     320                                                00010000D    563
     508                       1       1                               0D    564
     508     321                                                00010000D    565
     508                       2       1                               0D    566
     508     323                                                00010000D    567
     508                       2       1                               0D    568
     508     325                                                00010000D    569
     508                       2       1                               0D    570
     508     327                                                00010000D    571
     508                       2       1                               0D    572
     508     329                                                00010000D    573
     508                       2       1                               0D    574
     508     331                                                00010000D    575
     508                       2       1                               0D    576
     508     333                                                00010000D    577
     508                       1       1                               0D    578
     508     334                                                00010000D    579
     508                       2       1                               0D    580
     508     336                                                00010000D    581
     508                       2       1                               0D    582
     508     338                                                00010000D    583
     508                       1       1                               0D    584
     508     339                                                00010000D    585
     508                       1       1                               0D    586
     508     340                                                00010000D    587
     508                       1       1                               0D    588
     508     341                                                00010000D    589
     508                       2       1                               0D    590
     508     343                                                00010000D    591
     508                       1       1                               0D    592
     508     344                                                00010000D    593
     508                       1       1                               0D    594
     508     345                                                00010000D    595
     508                       2       1                               0D    596
     508     347                                                00010000D    597
     508                       2       1                               0D    598
     508     349                                                00010000D    599
     508                       2       1                               0D    600
     508     351                                                00010000D    601
     508                       2       1                               0D    602
     508     353                                                00010000D    603
     508                       2       1                               0D    604
     508     355                                                00010000D    605
     508                       1       1                               0D    606
     508     356                                                00010000D    607
     508                       2       1                               0D    608
     508     358                                                00010000D    609
     508                       2       1                               0D    610
     508     360                                                00010000D    611
     508                       1       1                               0D    612
     508     361                                                00010000D    613
     508                       1       1                               0D    614
     508     362                                                00010000D    615
     508                       2       1                               0D    616
     508     364                                                00010000D    617
     508                       2       1                               0D    618
     508     366                                                00010000D    619
     508                       1       1                               0D    620
     508     367                                                00010000D    621
     508                       1       1                               0D    622
     508     368                                                00010000D    623
     508                       2       1                               0D    624
     508     370                                                00010000D    625
     508                       2       1                               0D    626
     508     372                                                00010000D    627
     508                       1       1                               0D    628
     508     373                                                00010000D    629
     508                       1       1                               0D    630
     508     374                                                00010000D    631
     508                       1       1                               0D    632
     508     375                                                00010000D    633
     508                       2       1                               0D    634
     508     377                                                00010000D    635
     508                       2       1                               0D    636
     508     379                                                00010000D    637
     508                       1       1                               0D    638
     508     380                                                00010000D    639
     508                       2       1                               0D    640
     508     382                                                00010000D    641
     508                       2       1                               0D    642
     508     384                                                00010000D    643
     508                       1       1                               0D    644
     508     385                                                00010000D    645
     508                       2       1                               0D    646
     508     387                                                00010000D    647
     508                       2       1                               0D    648
     508     389                                                00010000D    649
     508                       1       1                               0D    650
     508     390                                                00010000D    651
     508                       1       1                               0D    652
     508     391                                                00010000D    653
     508                       2       1                               0D    654
     508     393                                                00010000D    655
     508                       2       1                               0D    656
     508     395                                                00010000D    657
     508                       1       1                               0D    658
     508     396                                                00010000D    659
     508                       1       1                               0D    660
     508     397                                                00010000D    661
     508                       1       1                               0D    662
     508     398                                                00010000D    663
     508                       2       1                               0D    664
     508     400                                                00010000D    665
     508                       2       1                               0D    666
     508     402                                                00010000D    667
     508                       2       1                               0D    668
     508     404                                                00010000D    669
     508                       1       1                               0D    670
     508     405                                                00010000D    671
     508                       1       1                               0D    672
     508     406                                                00010000D    673
     508                       1       1                               0D    674
     508     407                                                00010000D    675
     508                       1       1                               0D    676
     508     408                                                00010000D    677
     508                       2       1                               0D    678
     508     410                                                00010000D    679
     508                       1       1                               0D    680
     508     411                                                00010000D    681
     508                       2       1                               0D    682
     508     413                                                00010000D    683
     508                       2       1                               0D    684
     508     415                                                00010000D    685
     508                       2       1                               0D    686
     508     417                                                00010000D    687
     508                       2       1                               0D    688
     508     419                                                00010000D    689
     508                       2       1                               0D    690
     508     421                                                00010000D    691
     508                       2       1                               0D    692
     508     423                                                00010000D    693
     508                       1       1                               0D    694
     508     424                                                00010000D    695
     508                       2       1                               0D    696
     508     426                                                00010000D    697
     508                       1       1                               0D    698
     508     427                                                00010000D    699
     508                       1       1                               0D    700
     508     428                                                00010000D    701
     508                       2       1                               0D    702
     508     430                                                00010000D    703
     508                       1       1                               0D    704
     508     431                                                00010000D    705
     508                       2       1                               0D    706
     508     433                                                00010000D    707
     508                       2       1                               0D    708
     508     435                                                00010000D    709
     508                       1       1                               0D    710
     508     436                                                00010000D    711
     508                       1       1                               0D    712
     508     437                                                00010000D    713
     508                       2       1                               0D    714
     508     439                                                00010000D    715
     508                       1       1                               0D    716
     508     440                                                00010000D    717
     508                       1       1                               0D    718
     508     441                                                00010000D    719
     508                       2       1                               0D    720
     508     443                                                00010000D    721
     508                       1       1                               0D    722
     508     444                                                00010000D    723
     508                       1       1                               0D    724
     508     445                                                00010000D    725
     508                       2       1                               0D    726
     508     447                                                00010000D    727
     508                       1       1                               0D    728
     508     448                                                00010000D    729
     508                       1       1                               0D    730
     508     449                                                00010000D    731
     508                       2       1                               0D    732
     508     451                                                00010000D    733
     508                       1       1                               0D    734
     508     452                                                00010000D    735
     508                       1       1                               0D    736
     508     453                                                00010000D    737
     508                       2       1                               0D    738
     508     455                                                00010000D    739
     508                       1       1                               0D    740
     508     456                                                00010000D    741
     508                       1       1                               0D    742
     508     457                                                00010000D    743
     508                       2       1                               0D    744
     508     459                                                00010000D    745
     508                       1       1                               0D    746
     508     460                                                00010000D    747
     508                       1       1                               0D    748
     508     461                                                00010000D    749
     508                       2       1                               0D    750
     508     463                                                00010000D    751
     508                       2       1                               0D    752
     508     465                                                00010000D    753
     508                       2       1                               0D    754
     508     467                                                00010000D    755
     508                       1       1                               0D    756
     508     468                                                00010000D    757
     508                       1       1                               0D    758
     508     469                                                00010000D    759
     508                       1       1                               0D    760
     508     470                                                00010000D    761
     508                       1       1                               0D    762
     508     471                                                00010000D    763
     508                       1       1                               0D    764
     508     472                                                00010000D    765
     508                       1       1                               0D    766
     508     473                                                00010000D    767
     508                       2       1                               0D    768
     508     475                                                00010000D    769
     508                       2       1                               0D    770
     508     477                                                00010000D    771
     508                       2       1                               0D    772
     508     479                                                00010000D    773
     508                       2       1                               0D    774
     508     481                                                00010000D    775
     508                       2       1                               0D    776
     508     483                                                00010000D    777
     508                       2       1                               0D    778
     508     485                                                00010000D    779
     508                       2       1                               0D    780
     508     487                                                00010000D    781
     508                       2       1                               0D    782
     508     489                                                00010000D    783
     508                       2       1                               0D    784
     508     491                                                00010000D    785
     508                       2       1                               0D    786
     508     493                                                00010000D    787
     508                       2       1                               0D    788
     508     495                                                00010000D    789
     508                       2       1                               0D    790
     508     497                                                00010000D    791
     508                       2       1                               0D    792
     508     499                                                00010000D    793
     508                       2       1                               0D    794
     508     501                                                00010000D    795
     508                       2       1                               0D    796
     508     503                                                00010000D    797
     508                       2       1                               0D    798
     508     505                                                00010000D    799
     508                       2       1                               0D    800
     508     507                                                00010000D    801
     508                       2       1                               0D    802
     508     509                                                00010000D    803
     508                       2       1                               0D    804
     508     511                                                00010000D    805
     508                       2       1                               0D    806
     508     513                                                00010000D    807
     508                       2       1                               0D    808
     508     515                                                00010000D    809
     508                       2       1                               0D    810
     508     517                                                00010000D    811
     508                       2       1                               0D    812
     508     519                                                00010000D    813
     508                       2       1                               0D    814
     508     521                                                00010000D    815
     508                       2       1                               0D    816
     508     523                                                00010000D    817
     508                       2       1                               0D    818
     508     525                                                00010000D    819
     508                       2       1                               0D    820
     508     527                                                00010000D    821
     508                       2       1                               0D    822
     508     529                                                00010000D    823
     508                       2       1                               0D    824
     508     531                                                00010000D    825
     508                       2       1                               0D    826
     508     533                                                00010000D    827
     508                       1       1                               0D    828
     508     534                                                00010000D    829
     508                       2       1                               0D    830
     508     536                                                00010000D    831
     508                       2       1                               0D    832
     508     538                                                00010000D    833
     508                       2       1                               0D    834
     508     540                                                00010000D    835
     508                       2       1                               0D    836
     508     542                                                00010000D    837
     508                       2       1                               0D    838
     508     544                                                00010000D    839
     508                       2       1                               0D    840
     508     546                                                00010000D    841
     508                       2       1                               0D    842
     508     548                                                00010000D    843
     508                       2       1                               0D    844
     508     550                                                00010000D    845
     508                       2       1                               0D    846
     508     552                                                00010000D    847
     508                       2       1                               0D    848
     508     554                                                00010000D    849
     508                       2       1                               0D    850
     508     556                                                00010000D    851
     508                       2       1                               0D    852
     508     558                                                00010000D    853
     508                       2       1                               0D    854
     508     560                                                00010000D    855
     508                       2       1                               0D    856
     508     562                                                00010000D    857
     508                       2       1                               0D    858
     508     564                                                00010000D    859
     508                       2       1                               0D    860
     508     566                                                00010000D    861
     508                       2       1                               0D    862
     508     568                                                00010000D    863
     508                       2       1                               0D    864
     508     570                                                00010000D    865
     508                       1       1                               0D    866
     508     571                                                00010000D    867
     508                       1       1                               0D    868
     508     572                                                00010000D    869
     508                       1       1                               0D    870
     508     573                                                00010000D    871
     508                       1       1                               0D    872
     508     574                                                00010000D    873
     508                       1       1                               0D    874
     508     575                                                00010000D    875
     508                       1       1                               0D    876
     508     576                                                00010000D    877
     508                       1       1                               0D    878
     508     577                                                00010000D    879
     508                       1       1                               0D    880
     508     578                                                00010000D    881
     508                       1       1                               0D    882
     508     579                                                00010000D    883
     508                       1       1                               0D    884
     508     580                                                00010000D    885
     508                       1       1                               0D    886
     508     581                                                00010000D    887
     508                       1       1                               0D    888
     508     582                                                00010000D    889
     508                       1       1                               0D    890
     508     583                                                00010000D    891
     508                       1       1                               0D    892
     508     584                                                00010000D    893
     508                       1       1                               0D    894
     508     585                                                00010000D    895
     508                       1       1                               0D    896
     508     586                                                00010000D    897
     508                       1       1                               0D    898
     508     587                                                00010000D    899
     508                       1       1                               0D    900
     508     588                                                00010000D    901
     508                       1       1                               0D    902
     508     589                                                00010000D    903
     508                       1       1                               0D    904
     508     590                                                00010000D    905
     508                       1       1                               0D    906
     508     591                                                00010000D    907
     508                       1       1                               0D    908
     508     592                                                00010000D    909
     508                       1       1                               0D    910
     508     593                                                00010000D    911
     508                       1       1                               0D    912
     508     594                                                00010000D    913
     508                       1       1                               0D    914
     508     595                                                00010000D    915
     508                       1       1                               0D    916
     508     596                                                00010000D    917
     508                       1       1                               0D    918
     508     597                                                00010000D    919
     508                       1       1                               0D    920
     508     598                                                00010000D    921
     508                       1       1                               0D    922
     508     599                                                00010000D    923
     508                       1       1                               0D    924
     508     600                                                00010000D    925
     508                       2       1                               0D    926
     508     602                                                00010000D    927
     508                       1       1                               0D    928
     508     603                                                00010000D    929
     508                       1       1                               0D    930
     508     604                                                00010000D    931
     508                       2       1                               0D    932
     508     606                                                00010000D    933
     508                       1       1                               0D    934
     508     607                                                00010000D    935
     508                       1       1                               0D    936
     508     608                                                00010000D    937
     508                       2       1                               0D    938
     508     610                                                00010000D    939
     508                       1       1                               0D    940
     508     611                                                00010000D    941
     508                       1       1                               0D    942
     508     612                                                00010000D    943
     508                       1       1                               0D    944
     508     613                                                00010000D    945
     508                       3       1                               0D    946
     508     616                                                00010000D    947
     508                       2       1                               0D    948
     508     618                                                00010000D    949
     508                       1       1                               0D    950
     508     619                                                00010000D    951
     508                       1       1                               0D    952
     508     620                                                00010000D    953
     508                       1       1                               0D    954
     508     621                                                00010000D    955
     508                       2       1                               0D    956
     508     623                                                00010000D    957
     508                       2       1                               0D    958
     508     625                                                00010000D    959
     508                       3       1                               0D    960
     508     628                                                00010000D    961
     508                       2       1                               0D    962
     508     630                                                00010000D    963
     508                       1       1                               0D    964
     508     631                                                00010000D    965
     508                       1       1                               0D    966
     508     632                                                00010000D    967
     508                       1       1                               0D    968
     508     633                                                00010000D    969
     508                       1       1                               0D    970
     508     634                                                00010000D    971
     508                       2       1                               0D    972
     508     636                                                00010000D    973
     508                       2       1                               0D    974
     508     638                                                00010000D    975
     508                       2       1                               0D    976
     508     640                                                00010000D    977
     508                       2       1                               0D    978
     508     642                                                00010000D    979
     508                       2       1                               0D    980
     508     644                                                00010000D    981
     508                       2       1                               0D    982
     508     646                                                00010000D    983
     508                       2       1                               0D    984
     508     648                                                00010000D    985
     508                       2       1                               0D    986
     508     650                                                00010000D    987
     508                       2       1                               0D    988
     508     652                                                00010000D    989
     508                       2       1                               0D    990
     508     654                                                00010000D    991
     508                       2       1                               0D    992
     508     656                                                00010000D    993
     508                       2       1                               0D    994
     508     658                                                00010000D    995
     508                       1       1                               0D    996
     508     659                                                00010000D    997
     508                       1       1                               0D    998
     508     660                                                00010000D    999
     508                       1       1                               0D   1000
     508     661                                                00010000D   1001
     508                       2       1                               0D   1002
     508     663                                                00010000D   1003
     508                       2       1                               0D   1004
     508     665                                                00010000D   1005
     508                       1       1                               0D   1006
     508     666                                                00010000D   1007
     508                       1       1                               0D   1008
     508     667                                                00010000D   1009
     508                       2       1                               0D   1010
     508     669                                                00010000D   1011
     508                       1       1                               0D   1012
     508     670                                                00010000D   1013
     508                       1       1                               0D   1014
     508     671                                                00010000D   1015
     508                       1       1                               0D   1016
     508     672                                                00010000D   1017
     508                       1       1                               0D   1018
     508     673                                                00010000D   1019
     508                       1       1                               0D   1020
     508     674                                                00010000D   1021
     508                       1       1                               0D   1022
     508     675                                                00010000D   1023
     508                       1       1                               0D   1024
     508     676                                                00010000D   1025
     508                       2       1                               0D   1026
     508     678                                                00010000D   1027
     508                       1       1                               0D   1028
     508     679                                                00010000D   1029
     508                       1       1                               0D   1030
     508     680                                                00010000D   1031
     508                       1       1                               0D   1032
     508     681                                                00010000D   1033
     508                       1       1                               0D   1034
     508     682                                                00010000D   1035
     508                       1       1                               0D   1036
     508     683                                                00010000D   1037
     508                       1       1                               0D   1038
     508     684                                                00010000D   1039
     508                       1       1                               0D   1040
     508     685                                                00010000D   1041
     508                       1       1                               0D   1042
     508     686                                                00010000D   1043
     508                       1       1                               0D   1044
     126     687                                                00010000D   1045
     126       0              10       0                               0D   1046
     126     697                                                00010000D   1047
     126       0               2       0                               0D   1048
     126     699                                                00010000D   1049
     126       0              10       0                               0D   1050
     126     709                                                00010000D   1051
     126       0               3       0                               0D   1052
     126     712                                                00010000D   1053
     126       0               2       0                               0D   1054
     126     714                                                00010000D   1055
     126       0               3       0                               0D   1056
     126     717                                                00010000D   1057
     126       0               2       0                               0D   1058
     126     719                                                00010000D   1059
     126       0               3       0                               0D   1060
     126     722                                                00010000D   1061
     126       0               2       0                               0D   1062
     126     724                                                00010000D   1063
     126       0               3       0                               0D   1064
     126     727                                                00010000D   1065
     126       0               2       0                               0D   1066
     126     729                                                00010000D   1067
     126       0               3       0                               0D   1068
     126     732                                                00010000D   1069
     126       0               3       0                               0D   1070
     126     735                                                00010000D   1071
     126       0               4       0                               0D   1072
     126     739                                                00010000D   1073
     126       0               2       0                               0D   1074
     126     741                                                00010000D   1075
     126       0               4       0                               0D   1076
     126     745                                                00010000D   1077
     126       0               5       0                               0D   1078
     126     750                                                00010000D   1079
     126       0               2       0                               0D   1080
     126     752                                                00010000D   1081
     126       0               5       0                               0D   1082
     126     757                                                00010000D   1083
     126       0               2       0                               0D   1084
     126     759                                                00010000D   1085
     126       0               5       0                               0D   1086
     126     764                                                00010000D   1087
     126       0               3       0                               0D   1088
     126     767                                                00010000D   1089
     126       0               3       0                               0D   1090
     126     770                                                00010000D   1091
     126       0               3       0                               0D   1092
     126     773                                                00010000D   1093
     126       0               4       0                               0D   1094
     126     777                                                00010000D   1095
     126       0               2       0                               0D   1096
     126     779                                                00010000D   1097
     126       0               6       0                               0D   1098
     126     785                                                00010000D   1099
     126       0               2       0                               0D   1100
     126     787                                                00010000D   1101
     126       0               5       0                               0D   1102
     126     792                                                00010000D   1103
     126       0               2       0                               0D   1104
     126     794                                                00010000D   1105
     126       0               2       0                               0D   1106
     126     796                                                00010000D   1107
     126       0               3       0                               0D   1108
     126     799                                                00010000D   1109
     126       0               2       0                               0D   1110
     126     801                                                00010000D   1111
     126       0               2       0                               0D   1112
     126     803                                                00010000D   1113
     126       0               3       0                               0D   1114
     126     806                                                00010000D   1115
     126       0               2       0                               0D   1116
     126     808                                                00010000D   1117
     126       0               3       0                               0D   1118
     126     811                                                00010000D   1119
     126       0               2       0                               0D   1120
     126     813                                                00010000D   1121
     126       0               5       0                               0D   1122
     126     818                                                00010000D   1123
     126       0               4       0                               0D   1124
     126     822                                                00010000D   1125
     126       0               2       0                               0D   1126
     126     824                                                00010000D   1127
     126       0               2       0                               0D   1128
     126     826                                                00010000D   1129
     126       0               2       0                               0D   1130
     126     828                                                00010000D   1131
     126       0               5       0                               0D   1132
     126     833                                                00010000D   1133
     126       0               2       0                               0D   1134
     126     835                                                00010000D   1135
     126       0               6       0                               0D   1136
     126     841                                                00010000D   1137
     126       0               2       0                               0D   1138
     126     843                                                00010000D   1139
     126       0               4       0                               0D   1140
     126     847                                                00010000D   1141
     126       0               2       0                               0D   1142
     126     849                                                00010000D   1143
     126       0               5       0                               0D   1144
     126     854                                                00010000D   1145
     126       0               2       0                               0D   1146
     126     856                                                00010000D   1147
     126       0               2       0                               0D   1148
     126     858                                                00010000D   1149
     126       0               5       0                               0D   1150
     126     863                                                00010000D   1151
     126       0               2       0                               0D   1152
     126     865                                                00010000D   1153
     126       0               2       0                               0D   1154
     126     867                                                00010000D   1155
     126       0               2       0                               0D   1156
     126     869                                                00010000D   1157
     126       0               2       0                               0D   1158
     126     871                                                00010000D   1159
     126       0               2       0                               0D   1160
     126     873                                                00010000D   1161
     126       0               4       0                               0D   1162
     126     877                                                00010000D   1163
     126       0               2       0                               0D   1164
     126     879                                                00010000D   1165
     126       0               2       0                               0D   1166
     126     881                                                00010000D   1167
     126       0               2       0                               0D   1168
     126     883                                                00010000D   1169
     126       0               2       0                               0D   1170
     126     885                                                00010000D   1171
     126       0               2       0                               0D   1172
     126     887                                                00010000D   1173
     126       0               2       0                               0D   1174
     126     889                                                00010000D   1175
     126       0               3       0                               0D   1176
     126     892                                                00010000D   1177
     126       0               4       0                               0D   1178
     126     896                                                00010000D   1179
     126       0               3       0                               0D   1180
     126     899                                                00010000D   1181
     126       0               3       0                               0D   1182
     126     902                                                00010000D   1183
     126       0               6       0                               0D   1184
     126     908                                                00010000D   1185
     126       0               6       0                               0D   1186
     126     914                                                00010000D   1187
     126       0               3       0                               0D   1188
     126     917                                                00010000D   1189
     126       0               6       0                               0D   1190
     126     923                                                00010000D   1191
     126       0               3       0                               0D   1192
     126     926                                                00010000D   1193
     126       0               3       0                               0D   1194
     126     929                                                00010000D   1195
     126       0               3       0                               0D   1196
     126     932                                                00010000D   1197
     126       0               6       0                               0D   1198
     126     938                                                00010000D   1199
     126       0               3       0                               0D   1200
     126     941                                                00010000D   1201
     126       0               4       0                               0D   1202
     126     945                                                00010000D   1203
     126       0               3       0                               0D   1204
     126     948                                                00010000D   1205
     126       0               4       0                               0D   1206
     126     952                                                00010000D   1207
     126       0               6       0                               0D   1208
     126     958                                                00010000D   1209
     126       0               6       0                               0D   1210
     126     964                                                00010000D   1211
     126       0               3       0                               0D   1212
     126     967                                                00010000D   1213
     126       0               6       0                               0D   1214
     126     973                                                00010000D   1215
     126       0               3       0                               0D   1216
     126     976                                                00010000D   1217
     126       0               3       0                               0D   1218
     126     979                                                00010000D   1219
     126       0               3       0                               0D   1220
     126     982                                                00010000D   1221
     126       0               6       0                               0D   1222
     126     988                                                00010000D   1223
     126       0               3       0                               0D   1224
     126     991                                                00010000D   1225
     126       0               4       0                               0D   1226
     126     995                                                00010000D   1227
     126       0               3       0                               0D   1228
     126     998                                                00010000D   1229
     126       0               4       0                               0D   1230
     126    1002                                                00010000D   1231
     126       0               6       0                               0D   1232
     126    1008                                                00010000D   1233
     126       0               6       0                               0D   1234
     126    1014                                                00010000D   1235
     126       0               3       0                               0D   1236
     126    1017                                                00010000D   1237
     126       0               6       0                               0D   1238
     126    1023                                                00010000D   1239
     126       0               3       0                               0D   1240
     126    1026                                                00010000D   1241
     126       0               3       0                               0D   1242
     126    1029                                                00010000D   1243
     126       0               3       0                               0D   1244
     126    1032                                                00010000D   1245
     126       0               6       0                               0D   1246
     126    1038                                                00010000D   1247
     126       0               3       0                               0D   1248
     126    1041                                                00010000D   1249
     126       0               4       0                               0D   1250
     126    1045                                                00010000D   1251
     126       0               3       0                               0D   1252
     126    1048                                                00010000D   1253
     126       0               4       0                               0D   1254
     126    1052                                                00010000D   1255
     126       0               6       0                               0D   1256
     126    1058                                                00010000D   1257
     126       0               6       0                               0D   1258
     126    1064                                                00010000D   1259
     126       0               3       0                               0D   1260
     126    1067                                                00010000D   1261
     126       0               6       0                               0D   1262
     126    1073                                                00010000D   1263
     126       0               3       0                               0D   1264
     126    1076                                                00010000D   1265
     126       0               3       0                               0D   1266
     126    1079                                                00010000D   1267
     126       0               3       0                               0D   1268
     126    1082                                                00010000D   1269
     126       0               6       0                               0D   1270
     126    1088                                                00010000D   1271
     126       0              11       0                               0D   1272
     126    1099                                                00010000D   1273
     126       0               3       0                               0D   1274
     126    1102                                                00010000D   1275
     126       0              11       0                               0D   1276
     126    1113                                                00010000D   1277
     126       0               9       0                               0D   1278
     126    1122                                                00010000D   1279
     126       0               6       0                               0D   1280
     126    1128                                                00010000D   1281
     126       0               9       0                               0D   1282
     126    1137                                                00010000D   1283
     126       0               6       0                               0D   1284
     126    1143                                                00010000D   1285
     126       0               5       0                               0D   1286
     126    1148                                                00010000D   1287
     126       0               2       0                               0D   1288
     126    1150                                                00010000D   1289
     126       0              11       0                               0D   1290
     126    1161                                                00010000D   1291
     126       0               6       0                               0D   1292
     126    1167                                                00010000D   1293
     126       0               3       0                               0D   1294
     126    1170                                                00010000D   1295
     126       0               6       0                               0D   1296
     126    1176                                                00010000D   1297
     126       0               2       0                               0D   1298
     126    1178                                                00010000D   1299
     126       0               3       0                               0D   1300
     126    1181                                                00010000D   1301
     126       0               3       0                               0D   1302
     126    1184                                                00010000D   1303
     126       0               3       0                               0D   1304
     126    1187                                                00010000D   1305
     126       0               8       0                               0D   1306
     126    1195                                                00010000D   1307
     126       0               2       0                               0D   1308
     126    1197                                                00010000D   1309
     126       0               8       0                               0D   1310
     126    1205                                                00010000D   1311
     126       0               3       0                               0D   1312
     126    1208                                                00010000D   1313
     126       0               3       0                               0D   1314
     126    1211                                                00010000D   1315
     126       0              11       0                               0D   1316
     126    1222                                                00010000D   1317
     126       0               3       0                               0D   1318
     126    1225                                                00010000D   1319
     126       0              11       0                               0D   1320
     126    1236                                                00010000D   1321
     126       0              11       0                               0D   1322
     126    1247                                                00010000D   1323
     126       0               3       0                               0D   1324
     126    1250                                                00010000D   1325
     126       0              11       0                               0D   1326
     126    1261                                                00010000D   1327
     126       0               6       0                               0D   1328
     126    1267                                                00010000D   1329
     126       0               2       0                               0D   1330
     126    1269                                                00010000D   1331
     126       0               5       0                               0D   1332
     126    1274                                                00010000D   1333
     126       0               2       0                               0D   1334
     126    1276                                                00010000D   1335
     126       0              11       0                               0D   1336
     126    1287                                                00010000D   1337
     126       0              11       0                               0D   1338
     126    1298                                                00010000D   1339
     126       0               3       0                               0D   1340
     126    1301                                                00010000D   1341
     126       0              11       0                               0D   1342
     126    1312                                                00010000D   1343
     126       0               3       0                               0D   1344
     126    1315                                                00010000D   1345
     126       0              11       0                               0D   1346
     126    1326                                                00010000D   1347
     126       0               7       0                               0D   1348
     126    1333                                                00010000D   1349
     126       0               3       0                               0D   1350
     126    1336                                                00010000D   1351
     126       0               7       0                               0D   1352
     126    1343                                                00010000D   1353
     126       0               5       0                               0D   1354
     126    1348                                                00010000D   1355
     126       0               4       0                               0D   1356
     126    1352                                                00010000D   1357
     126       0               2       0                               0D   1358
     126    1354                                                00010000D   1359
     126       0               8       0                               0D   1360
     126    1362                                                00010000D   1361
     126       0               7       0                               0D   1362
     126    1369                                                00010000D   1363
     126       0               4       0                               0D   1364
     126    1373                                                00010000D   1365
     126       0               7       0                               0D   1366
     126    1380                                                00010000D   1367
     126       0               5       0                               0D   1368
     126    1385                                                00010000D   1369
     126       0               4       0                               0D   1370
     126    1389                                                00010000D   1371
     126       0               4       0                               0D   1372
     126    1393                                                00010000D   1373
     126       0               8       0                               0D   1374
     126    1401                                                00010000D   1375
     126       0               9       0                               0D   1376
     126    1410                                                00010000D   1377
     126       0               3       0                               0D   1378
     126    1413                                                00010000D   1379
     126       0               8       0                               0D   1380
     126    1421                                                00010000D   1381
     126       0               6       0                               0D   1382
     126    1427                                                00010000D   1383
     126       0               2       0                               0D   1384
     126    1429                                                00010000D   1385
     126       0               6       0                               0D   1386
     126    1435                                                00010000D   1387
     126       0               2       0                               0D   1388
     126    1437                                                00010000D   1389
     126       0               9       0                               0D   1390
     126    1446                                                00010000D   1391
     126       0               9       0                               0D   1392
     126    1455                                                00010000D   1393
     126       0               7       0                               0D   1394
     126    1462                                                00010000D   1395
     126       0               7       0                               0D   1396
     126    1469                                                00010000D   1397
     126       0               7       0                               0D   1398
     126    1476                                                00010000D   1399
     126       0               8       0                               0D   1400
     126    1484                                                00010000D   1401
     126       0               7       0                               0D   1402
     126    1491                                                00010000D   1403
     126       0               8       0                               0D   1404
     126    1499                                                00010000D   1405
     126       0               7       0                               0D   1406
     126    1506                                                00010000D   1407
     126       0               7       0                               0D   1408
     126    1513                                                00010000D   1409
     126       0               9       0                               0D   1410
     126    1522                                                00010000D   1411
     126       0              11       0                               0D   1412
     126    1533                                                00010000D   1413
     126       0               3       0                               0D   1414
     126    1536                                                00010000D   1415
     126       0               8       0                               0D   1416
     126    1544                                                00010000D   1417
     126       0               3       0                               0D   1418
     126    1547                                                00010000D   1419
     126       0               9       0                               0D   1420
     126    1556                                                00010000D   1421
     126       0               3       0                               0D   1422
     126    1559                                                00010000D   1423
     126       0               8       0                               0D   1424
     126    1567                                                00010000D   1425
     126       0               9       0                               0D   1426
     126    1576                                                00010000D   1427
     126       0               3       0                               0D   1428
     126    1579                                                00010000D   1429
     126       0               9       0                               0D   1430
     126    1588                                                00010000D   1431
     126       0               3       0                               0D   1432
     126    1591                                                00010000D   1433
     126       0               3       0                               0D   1434
     126    1594                                                00010000D   1435
     126       0               2       0                               0D   1436
     126    1596                                                00010000D   1437
     126       0               3       0                               0D   1438
     126    1599                                                00010000D   1439
     126       0               3       0                               0D   1440
     126    1602                                                00010000D   1441
     126       0               3       0                               0D   1442
     126    1605                                                00010000D   1443
     126       0               2       0                               0D   1444
     126    1607                                                00010000D   1445
     126       0               3       0                               0D   1446
     126    1610                                                00010000D   1447
     126       0               5       0                               0D   1448
     126    1615                                                00010000D   1449
     126       0               5       0                               0D   1450
     126    1620                                                00010000D   1451
     126       0               6       0                               0D   1452
     126    1626                                                00010000D   1453
     126       0               6       0                               0D   1454
     126    1632                                                00010000D   1455
     126       0               9       0                               0D   1456
     126    1641                                                00010000D   1457
     126       0               3       0                               0D   1458
     126    1644                                                00010000D   1459
     126       0               9       0                               0D   1460
     126    1653                                                00010000D   1461
     126       0               9       0                               0D   1462
     126    1662                                                00010000D   1463
     126       0               3       0                               0D   1464
     126    1665                                                00010000D   1465
     126       0               9       0                               0D   1466
     126    1674                                                00010000D   1467
     126       0              11       0                               0D   1468
     126    1685                                                00010000D   1469
     126       0               3       0                               0D   1470
     126    1688                                                00010000D   1471
     126       0              11       0                               0D   1472
     126    1699                                                00010000D   1473
     126       0               9       0                               0D   1474
     126    1708                                                00010000D   1475
     126       0               3       0                               0D   1476
     126    1711                                                00010000D   1477
     126       0               9       0                               0D   1478
     126    1720                                                00010000D   1479
     126       0               9       0                               0D   1480
     126    1729                                                00010000D   1481
     126       0               3       0                               0D   1482
     126    1732                                                00010000D   1483
     126       0               9       0                               0D   1484
     126    1741                                                00010000D   1485
     126       0              11       0                               0D   1486
     126    1752                                                00010000D   1487
     126       0               3       0                               0D   1488
     126    1755                                                00010000D   1489
     126       0              11       0                               0D   1490
     126    1766                                                00010000D   1491
     126       0              10       0                               0D   1492
     126    1776                                                00010000D   1493
     126       0               4       0                               0D   1494
     126    1780                                                00010000D   1495
     126       0               9       0                               0D   1496
     126    1789                                                00010000D   1497
     126       0              10       0                               0D   1498
     126    1799                                                00010000D   1499
     126       0               3       0                               0D   1500
     126    1802                                                00010000D   1501
     126       0              10       0                               0D   1502
     126    1812                                                00010000D   1503
     126       0               9       0                               0D   1504
     126    1821                                                00010000D   1505
     126       0               3       0                               0D   1506
     126    1824                                                00010000D   1507
     126       0               9       0                               0D   1508
     126    1833                                                00010000D   1509
     126       0              11       0                               0D   1510
     126    1844                                                00010000D   1511
     126       0               3       0                               0D   1512
     126    1847                                                00010000D   1513
     126       0              11       0                               0D   1514
     126    1858                                                00010000D   1515
     126       0               4       0                               0D   1516
     126    1862                                                00010000D   1517
     126       0              11       0                               0D   1518
     126    1873                                                00010000D   1519
     126       0               4       0                               0D   1520
     126    1877                                                00010000D   1521
     126       0               9       0                               0D   1522
     126    1886                                                00010000D   1523
     126       0               4       0                               0D   1524
     126    1890                                                00010000D   1525
     126       0               9       0                               0D   1526
     126    1899                                                00010000D   1527
     126       0               3       0                               0D   1528
     126    1902                                                00010000D   1529
     126       0               7       0                               0D   1530
     126    1909                                                00010000D   1531
     126       0               3       0                               0D   1532
     126    1912                                                00010000D   1533
     126       0               8       0                               0D   1534
     126    1920                                                00010000D   1535
     126       0               3       0                               0D   1536
     126    1923                                                00010000D   1537
     126       0               9       0                               0D   1538
     126    1932                                                00010000D   1539
     126       0               3       0                               0D   1540
     126    1935                                                00010000D   1541
     126       0               7       0                               0D   1542
     126    1942                                                00010000D   1543
     126       0               3       0                               0D   1544
     126    1945                                                00010000D   1545
     126       0               7       0                               0D   1546
     126    1952                                                00010000D   1547
     126       0               3       0                               0D   1548
     126    1955                                                00010000D   1549
     126       0               3       0                               0D   1550
     126    1958                                                00010000D   1551
     126       0               8       0                               0D   1552
     126    1966                                                00010000D   1553
     126       0               3       0                               0D   1554
     126    1969                                                00010000D   1555
     126       0               9       0                               0D   1556
     126    1978                                                00010000D   1557
     126       0               7       0                               0D   1558
     126    1985                                                00010000D   1559
     126       0               6       0                               0D   1560
     126    1991                                                00010000D   1561
     126       0               2       0                               0D   1562
     126    1993                                                00010000D   1563
     126       0               6       0                               0D   1564
     126    1999                                                00010000D   1565
     126       0               2       0                               0D   1566
     126    2001                                                00010000D   1567
     126       0               2       0                               0D   1568
     126    2003                                                00010000D   1569
     126       0               2       0                               0D   1570
     126    2005                                                00010000D   1571
     126       0               2       0                               0D   1572
     126    2007                                                00010000D   1573
     126       0               5       0                               0D   1574
     126    2012                                                00010000D   1575
     126       0               5       0                               0D   1576
     126    2017                                                00010000D   1577
     126       0               2       0                               0D   1578
     126    2019                                                00010000D   1579
     126       0               2       0                               0D   1580
     126    2021                                                00010000D   1581
     126       0               2       0                               0D   1582
     126    2023                                                00010000D   1583
     126       0               2       0                               0D   1584
     126    2025                                                00010000D   1585
     126       0               6       0                               0D   1586
     126    2031                                                00010000D   1587
     126       0               2       0                               0D   1588
     126    2033                                                00010000D   1589
     126       0               2       0                               0D   1590
     126    2035                                                00010000D   1591
     126       0               2       0                               0D   1592
     126    2037                                                00010000D   1593
     126       0               2       0                               0D   1594
     126    2039                                                00010000D   1595
     126       0               5       0                               0D   1596
     126    2044                                                00010000D   1597
     126       0               2       0                               0D   1598
     126    2046                                                00010000D   1599
     126       0               4       0                               0D   1600
     126    2050                                                00010000D   1601
     126       0               9       0                               0D   1602
     126    2059                                                00010000D   1603
     126       0               5       0                               0D   1604
     126    2064                                                00010000D   1605
     126       0               8       0                               0D   1606
     126    2072                                                00010000D   1607
     126       0               5       0                               0D   1608
     126    2077                                                00010000D   1609
     126       0               3       0                               0D   1610
     126    2080                                                00010000D   1611
     126       0               3       0                               0D   1612
     126    2083                                                00010000D   1613
     126       0               5       0                               0D   1614
     126    2088                                                00010000D   1615
     126       0               7       0                               0D   1616
     126    2095                                                00010000D   1617
     126       0               9       0                               0D   1618
     126    2104                                                00010000D   1619
     126       0               3       0                               0D   1620
     126    2107                                                00010000D   1621
     126       0               3       0                               0D   1622
     126    2110                                                00010000D   1623
     126       0               4       0                               0D   1624
     126    2114                                                00010000D   1625
     126       0               4       0                               0D   1626
     126    2118                                                00010000D   1627
     126       0               5       0                               0D   1628
     126    2123                                                00010000D   1629
     126       0               4       0                               0D   1630
     126    2127                                                00010000D   1631
     126       0               3       0                               0D   1632
     126    2130                                                00010000D   1633
     126       0               2       0                               0D   1634
     126    2132                                                00010000D   1635
     126       0               3       0                               0D   1636
     126    2135                                                00010000D   1637
     126       0               2       0                               0D   1638
     126    2137                                                00010000D   1639
     126       0               8       0                               0D   1640
     126    2145                                                00010000D   1641
     126       0               7       0                               0D   1642
     126    2152                                                00010000D   1643
     126       0               2       0                               0D   1644
     126    2154                                                00010000D   1645
     126       0               3       0                               0D   1646
     126    2157                                                00010000D   1647
     126       0               3       0                               0D   1648
     126    2160                                                00010000D   1649
     126       0               2       0                               0D   1650
     126    2162                                                00010000D   1651
     126       0               7       0                               0D   1652
     126    2169                                                00010000D   1653
     126       0               9       0                               0D   1654
     126    2178                                                00010000D   1655
     126       0               2       0                               0D   1656
     126    2180                                                00010000D   1657
     126       0               5       0                               0D   1658
     126    2185                                                00010000D   1659
     126       0               2       0                               0D   1660
     126    2187                                                00010000D   1661
     126       0               2       0                               0D   1662
     126    2189                                                00010000D   1663
     126       0               2       0                               0D   1664
     126    2191                                                00010000D   1665
     126       0               2       0                               0D   1666
     126    2193                                                00010000D   1667
     126       0               6       0                               0D   1668
     126    2199                                                00010000D   1669
     126       0               2       0                               0D   1670
     126    2201                                                00010000D   1671
     126       0               4       0                               0D   1672
     126    2205                                                00010000D   1673
     126       0               8       0                               0D   1674
     126    2213                                                00010000D   1675
     126       0               4       0                               0D   1676
     126    2217                                                00010000D   1677
     126       0               4       0                               0D   1678
     126    2221                                                00010000D   1679
     126       0               3       0                               0D   1680
     126    2224                                                00010000D   1681
     126       0               4       0                               0D   1682
     126    2228                                                00010000D   1683
     126       0               8       0                               0D   1684
     126    2236                                                00010000D   1685
     126       0               3       0                               0D   1686
     126    2239                                                00010000D   1687
     126       0               4       0                               0D   1688
     126    2243                                                00010000D   1689
     126       0               4       0                               0D   1690
     126    2247                                                00010000D   1691
     126       0               5       0                               0D   1692
     126    2252                                                00010000D   1693
     126       0               4       0                               0D   1694
     126    2256                                                00010000D   1695
     126       0              10       0                               0D   1696
     126    2266                                                00010000D   1697
     126       0               4       0                               0D   1698
     126    2270                                                00010000D   1699
     126       0              10       0                               0D   1700
     126    2280                                                00010000D   1701
     126       0              10       0                               0D   1702
     126    2290                                                00010000D   1703
     126       0               3       0                               0D   1704
     126    2293                                                00010000D   1705
     126       0              10       0                               0D   1706
     126    2303                                                00010000D   1707
     126       0               7       0                               0D   1708
     126    2310                                                00010000D   1709
     126       0               2       0                               0D   1710
     126    2312                                                00010000D   1711
     126       0               4       0                               0D   1712
     126    2316                                                00010000D   1713
     126       0               2       0                               0D   1714
     126    2318                                                00010000D   1715
     126       0               3       0                               0D   1716
     126    2321                                                00010000D   1717
     126       0               7       0                               0D   1718
     126    2328                                                00010000D   1719
     126       0               3       0                               0D   1720
     126    2331                                                00010000D   1721
     126       0               7       0                               0D   1722
     126    2338                                                00010000D   1723
     126       0               2       0                               0D   1724
     126    2340                                                00010000D   1725
     126       0               4       0                               0D   1726
     126    2344                                                00010000D   1727
     126       0               2       0                               0D   1728
     126    2346                                                00010000D   1729
     126       0               3       0                               0D   1730
     126    2349                                                00010000D   1731
     126       0               7       0                               0D   1732
     126    2356                                                00010000D   1733
     126       0               3       0                               0D   1734
     126    2359                                                00010000D   1735
     126       0               2       0                               0D   1736
     126    2361                                                00010000D   1737
     126       0               3       0                               0D   1738
     126    2364                                                00010000D   1739
     126       0               2       0                               0D   1740
     126    2366                                                00010000D   1741
     126       0               4       0                               0D   1742
     126    2370                                                00010000D   1743
     126       0               3       0                               0D   1744
     126    2373                                                00010000D   1745
     126       0               2       0                               0D   1746
     126    2375                                                00010000D   1747
     126       0               4       0                               0D   1748
     126    2379                                                00010000D   1749
     126       0               2       0                               0D   1750
     126    2381                                                00010000D   1751
     126       0               3       0                               0D   1752
     126    2384                                                00010000D   1753
     126       0               3       0                               0D   1754
     126    2387                                                00010000D   1755
     126       0              11       0                               0D   1756
     126    2398                                                00010000D   1757
     126       0               4       0                               0D   1758
     126    2402                                                00010000D   1759
     126       0              11       0                               0D   1760
     126    2413                                                00010000D   1761
     126       0              11       0                               0D   1762
     126    2424                                                00010000D   1763
     126       0               3       0                               0D   1764
     126    2427                                                00010000D   1765
     126       0              11       0                               0D   1766
     126    2438                                                00010000D   1767
     126       0               3       0                               0D   1768
     126    2441                                                00010000D   1769
     126       0               2       0                               0D   1770
     126    2443                                                00010000D   1771
     126       0               2       0                               0D   1772
     126    2445                                                00010000D   1773
     126       0               2       0                               0D   1774
     126    2447                                                00010000D   1775
     126       0               2       0                               0D   1776
     126    2449                                                00010000D   1777
     126       0               2       0                               0D   1778
     126    2451                                                00010000D   1779
     126       0               2       0                               0D   1780
     126    2453                                                00010000D   1781
     126       0               3       0                               0D   1782
     126    2456                                                00010000D   1783
     126       0               2       0                               0D   1784
     126    2458                                                00010000D   1785
     126       0               2       0                               0D   1786
     126    2460                                                00010000D   1787
     126       0               2       0                               0D   1788
     126    2462                                                00010000D   1789
     126       0               2       0                               0D   1790
     126    2464                                                00010000D   1791
     126       0               4       0                               0D   1792
     126    2468                                                00010000D   1793
     126       0               2       0                               0D   1794
     126    2470                                                00010000D   1795
     126       0               3       0                               0D   1796
     126    2473                                                00010000D   1797
     126       0               3       0                               0D   1798
     126    2476                                                00010000D   1799
     126       0               4       0                               0D   1800
     126    2480                                                00010000D   1801
     126       0               3       0                               0D   1802
     126    2483                                                00010000D   1803
     126       0               3       0                               0D   1804
     126    2486                                                00010000D   1805
     126       0               2       0                               0D   1806
     126    2488                                                00010000D   1807
     126       0               3       0                               0D   1808
     126    2491                                                00010000D   1809
     126       0               2       0                               0D   1810
     126    2493                                                00010000D   1811
     126       0               4       0                               0D   1812
     126    2497                                                00010000D   1813
     126       0               3       0                               0D   1814
     126    2500                                                00010000D   1815
     126       0               4       0                               0D   1816
     126    2504                                                00010000D   1817
     126       0               4       0                               0D   1818
     126    2508                                                00010000D   1819
     126       0               4       0                               0D   1820
     126    2512                                                00010000D   1821
     126       0              60       0                               0D   1822
     126    2572                                                00010000D   1823
     126       0               3       0                               0D   1824
     126    2575                                                00010000D   1825
     126       0               2       0                               0D   1826
     126    2577                                                00010000D   1827
     126       0               3       0                               0D   1828
     126    2580                                                00010000D   1829
     126       0               3       0                               0D   1830
     126    2583                                                00010000D   1831
     126       0               4       0                               0D   1832
     126    2587                                                00010000D   1833
     126       0               6       0                               0D   1834
     126    2593                                                00010000D   1835
     126       0               2       0                               0D   1836
     126    2595                                                00010000D   1837
     126       0               3       0                               0D   1838
     126    2598                                                00010000D   1839
     126       0              60       0                               0D   1840
     126    2658                                                00010000D   1841
     126       0               7       0                               0D   1842
     126    2665                                                00010000D   1843
     126       0               3       0                               0D   1844
     126    2668                                                00010000D   1845
     126       0               3       0                               0D   1846
     126    2671                                                00010000D   1847
     126       0               2       0                               0D   1848
     126    2673                                                00010000D   1849
     126       0               3       0                               0D   1850
     126    2676                                                00010000D   1851
     126       0               3       0                               0D   1852
     126    2679                                                00010000D   1853
     126       0               9       0                               0D   1854
     126    2688                                                00010000D   1855
     126       0               4       0                               0D   1856
     126    2692                                                00010000D   1857
     126       0               8       0                               0D   1858
     126    2700                                                00010000D   1859
     126       0               4       0                               0D   1860
     126    2704                                                00010000D   1861
     126       0               6       0                               0D   1862
     126    2710                                                00010000D   1863
     126       0               4       0                               0D   1864
     126    2714                                                00010000D   1865
     126       0               6       0                               0D   1866
     126    2720                                                00010000D   1867
     126       0               4       0                               0D   1868
     126    2724                                                00010000D   1869
     126       0               7       0                               0D   1870
     126    2731                                                00010000D   1871
     126       0               4       0                               0D   1872
     126    2735                                                00010000D   1873
     126       0               3       0                               0D   1874
     126    2738                                                00010000D   1875
     126       0               6       0                               0D   1876
     126    2744                                                00010000D   1877
     126       0               4       0                               0D   1878
     126    2748                                                00010000D   1879
     126       0               3       0                               0D   1880
     126    2751                                                00010000D   1881
     126       0               4       0                               0D   1882
     126    2755                                                00010000D   1883
     126       0               4       0                               0D   1884
     126    2759                                                00010000D   1885
     126       0               6       0                               0D   1886
     126    2765                                                00010000D   1887
     126       0               4       0                               0D   1888
     126    2769                                                00010000D   1889
     126       0               8       0                               0D   1890
     126    2777                                                00010000D   1891
     126       0               4       0                               0D   1892
     126    2781                                                00010000D   1893
     126       0               7       0                               0D   1894
     126    2788                                                00010000D   1895
     126       0               4       0                               0D   1896
     126    2792                                                00010000D   1897
     126       0               4       0                               0D   1898
     126    2796                                                00010000D   1899
     126       0               4       0                               0D   1900
     126    2800                                                00010000D   1901
     126       0               4       0                               0D   1902
     126    2804                                                00010000D   1903
     126       0               8       0                               0D   1904
     126    2812                                                00010000D   1905
     126       0               4       0                               0D   1906
     126    2816                                                00010000D   1907
     126       0               5       0                               0D   1908
     126    2821                                                00010000D   1909
     126       0              74       0                               0D   1910
     126    2895                                                00010000D   1911
     126       0               5       0                               0D   1912
     126    2900                                                00010000D   1913
     126       0              70       0                               0D   1914
     126    2970                                                00010000D   1915
     126       0               5       0                               0D   1916
     126    2975                                                00010000D   1917
     126       0               4       0                               0D   1918
     126    2979                                                00010000D   1919
     126       0               4       0                               0D   1920
     126    2983                                                00010000D   1921
     126       0               5       0                               0D   1922
     126    2988                                                00010000D   1923
     126       0              75       0                               0D   1924
     126    3063                                                00010000D   1925
     126       0              70       0                               0D   1926
     126    3133                                                00010000D   1927
     126       0               4       0                               0D   1928
     126    3137                                                00010000D   1929
     126       0               4       0                               0D   1930
     126    3141                                                00010000D   1931
     126       0               4       0                               0D   1932
     126    3145                                                00010000D   1933
     126       0               4       0                               0D   1934
     126    3149                                                00010000D   1935
     126       0               6       0                               0D   1936
     126    3155                                                00010000D   1937
     126       0               6       0                               0D   1938
     126    3161                                                00010000D   1939
     126       0              68       0                               0D   1940
     126    3229                                                00010000D   1941
     126       0               6       0                               0D   1942
     126    3235                                                00010000D   1943
     126       0               4       0                               0D   1944
     126    3239                                                00010000D   1945
     126       0              73       0                               0D   1946
     126    3312                                                00010000D   1947
     126       0               4       0                               0D   1948
     126    3316                                                00010000D   1949
     126       0               9       0                               0D   1950
     126    3325                                                00010000D   1951
     126       0               2       0                               0D   1952
     126    3327                                                00010000D   1953
     126       0               9       0                               0D   1954
     126    3336                                                00010000D   1955
     126       0               4       0                               0D   1956
     126    3340                                                00010000D   1957
     126       0               5       0                               0D   1958
     126    3345                                                00010000D   1959
     126       0               4       0                               0D   1960
     126    3349                                                00010000D   1961
     126       0               5       0                               0D   1962
     126    3354                                                00010000D   1963
     126       0               4       0                               0D   1964
     126    3358                                                00010000D   1965
     126       0               4       0                               0D   1966
     126    3362                                                00010000D   1967
     126       0               4       0                               0D   1968
     126    3366                                                00010000D   1969
     126       0               6       0                               0D   1970
     126    3372                                                00010000D   1971
     126       0              13       0                               0D   1972
     126    3385                                                00010000D   1973
     126       0               8       0                               0D   1974
     126    3393                                                00010000D   1975
     126       0               6       0                               0D   1976
     126    3399                                                00010000D   1977
     126       0               6       0                               0D   1978
     126    3405                                                00010000D   1979
     126       0               4       0                               0D   1980
     126    3409                                                00010000D   1981
     126       0               4       0                               0D   1982
     126    3413                                                00010000D   1983
     126       0               5       0                               0D   1984
     126    3418                                                00010000D   1985
     126       0               6       0                               0D   1986
     126    3424                                                00010000D   1987
     126       0               8       0                               0D   1988
     126    3432                                                00010000D   1989
     126       0              12       0                               0D   1990
     126    3444                                                00010000D   1991
     126       0               6       0                               0D   1992
     126    3450                                                00010000D   1993
     126       0              11       0                               0D   1994
     126    3461                                                00010000D   1995
     126       0               2       0                               0D   1996
     126    3463                                                00010000D   1997
     126       0              11       0                               0D   1998
     126    3474                                                00010000D   1999
     126       0               4       0                               0D   2000
     126    3478                                                00010000D   2001
     126       0               2       0                               0D   2002
     126    3480                                                00010000D   2003
     126       0              68       0                               0D   2004
     126    3548                                                00010000D   2005
     126       0               4       0                               0D   2006
     126    3552                                                00010000D   2007
     126       0               2       0                               0D   2008
     126    3554                                                00010000D   2009
     126       0               4       0                               0D   2010
     126    3558                                                00010000D   2011
     126       0              64       0                               0D   2012
     126    3622                                                00010000D   2013
     126       0               4       0                               0D   2014
     126    3626                                                00010000D   2015
     126       0               8       0                               0D   2016
     126    3634                                                00010000D   2017
     126       0               4       0                               0D   2018
     126    3638                                                00010000D   2019
     126       0               8       0                               0D   2020
     126    3646                                                00010000D   2021
     126       0               8       0                               0D   2022
     126    3654                                                00010000D   2023
     126       0              12       0                               0D   2024
     126    3666                                                00010000D   2025
     126       0               8       0                               0D   2026
     126    3674                                                00010000D   2027
     126       0               4       0                               0D   2028
     126    3678                                                00010000D   2029
     126       0               6       0                               0D   2030
     126    3684                                                00010000D   2031
     126       0               4       0                               0D   2032
     126    3688                                                00010000D   2033
     126       0               4       0                               0D   2034
     126    3692                                                00010000D   2035
     126       0               8       0                               0D   2036
     126    3700                                                00010000D   2037
     126       0               6       0                               0D   2038
     126    3706                                                00010000D   2039
     126       0              13       0                               0D   2040
     126    3719                                                00010000D   2041
     126       0              10       0                               0D   2042
     126    3729                                                00010000D   2043
     126       0               4       0                               0D   2044
     128    3733                                                00010000D   2045
     128       0   -2523      17       0                               0D   2046
     128    3750                                                00010000D   2047
     128       0   -2523       6       0                               0D   2048
     128    3756                                                00010000D   2049
     128       0   -2523       5       0                               0D   2050
     128    3761                                                00010000D   2051
     128       0   -2525       4       0                               0D   2052
     128    3765                                                00010000D   2053
     128       0   -2523       6       0                               0D   2054
     128    3771                                                00010000D   2055
     128       0   -2523       7       0                               0D   2056
     128    3778                                                00010000D   2057
     128       0   -2523       6       0                               0D   2058
     128    3784                                                00010000D   2059
     128       0   -2523       6       0                               0D   2060
     128    3790                                                00010000D   2061
     128       0   -2523       5       0                               0D   2062
     128    3795                                                00010000D   2063
     128       0   -2525       4       0                               0D   2064
     128    3799                                                00010000D   2065
     128       0   -2523       7       0                               0D   2066
     128    3806                                                00010000D   2067
     128       0   -2523       6       0                               0D   2068
     128    3812                                                00010000D   2069
     128       0   -2523       6       0                               0D   2070
     128    3818                                                00010000D   2071
     128       0   -2523       6       0                               0D   2072
     128    3824                                                00010000D   2073
     128       0   -2523       3       0                               0D   2074
     128    3827                                                00010000D   2075
     128       0   -2523       5       0                               0D   2076
     128    3832                                                00010000D   2077
     128       0   -2523       6       0                               0D   2078
     128    3838                                                00010000D   2079
     128       0   -2523       4       0                               0D   2080
     128    3842                                                00010000D   2081
     128       0   -2523       4       0                               0D   2082
     128    3846                                                00010000D   2083
     128       0   -2523       5       0                               0D   2084
     128    3851                                                00010000D   2085
     128       0   -2523       6       0                               0D   2086
     128    3857                                                00010000D   2087
     128       0   -2523       7       0                               0D   2088
     128    3864                                                00010000D   2089
     128       0   -2523       9       0                               0D   2090
     128    3873                                                00010000D   2091
     128       0   -2523       6       0                               0D   2092
     128    3879                                                00010000D   2093
     128       0   -2523       7       0                               0D   2094
     128    3886                                                00010000D   2095
     128       0   -2523       6       0                               0D   2096
     128    3892                                                00010000D   2097
     128       0   -2523       7       0                               0D   2098
     128    3899                                                00010000D   2099
     128       0   -2523       9       0                               0D   2100
     128    3908                                                00010000D   2101
     128       0   -2523       6       0                               0D   2102
     128    3914                                                00010000D   2103
     128       0   -2523       7       0                               0D   2104
     128    3921                                                00010000D   2105
     128       0   -2523       6       0                               0D   2106
     128    3927                                                00010000D   2107
     128       0   -2523       7       0                               0D   2108
     128    3934                                                00010000D   2109
     128       0   -2523       9       0                               0D   2110
     128    3943                                                00010000D   2111
     128       0   -2523       6       0                               0D   2112
     128    3949                                                00010000D   2113
     128       0   -2523       7       0                               0D   2114
     128    3956                                                00010000D   2115
     128       0   -2523       5       0                               0D   2116
     128    3961                                                00010000D   2117
     128       0   -2523       7       0                               0D   2118
     128    3968                                                00010000D   2119
     128       0   -2523       9       0                               0D   2120
     128    3977                                                00010000D   2121
     128       0   -2523       6       0                               0D   2122
     128    3983                                                00010000D   2123
     128       0   -2523       7       0                               0D   2124
     128    3990                                                00010000D   2125
     128       0   -2523      19       0                               0D   2126
     128    4009                                                00010000D   2127
     128       0   -2523       4       0                               0D   2128
     128    4013                                                00010000D   2129
     128       0   -2523      28       0                               0D   2130
     128    4041                                                00010000D   2131
     128       0   -2523      19       0                               0D   2132
     128    4060                                                00010000D   2133
     128       0   -2523       4       0                               0D   2134
     128    4064                                                00010000D   2135
     128       0   -2523      12       0                               0D   2136
     128    4076                                                00010000D   2137
     128       0   -2523       4       0                               0D   2138
     128    4080                                                00010000D   2139
     128       0   -2523      10       0                               0D   2140
     128    4090                                                00010000D   2141
     128       0   -2523       4       0                               0D   2142
     128    4094                                                00010000D   2143
     128       0   -2523       4       0                               0D   2144
     128    4098                                                00010000D   2145
     128       0   -2523      18       0                               0D   2146
     128    4116                                                00010000D   2147
     128       0   -2523      18       0                               0D   2148
     128    4134                                                00010000D   2149
     128       0   -2523       6       0                               0D   2150
     128    4140                                                00010000D   2151
     128       0   -2523       3       0                               0D   2152
     128    4143                                                00010000D   2153
     128       0   -2523      18       0                               0D   2154
     128    4161                                                00010000D   2155
     128       0   -2523      18       0                               0D   2156
     128    4179                                                00010000D   2157
     128       0   -2523       6       0                               0D   2158
     128    4185                                                00010000D   2159
     128       0   -2523       6       0                               0D   2160
     128    4191                                                00010000D   2161
     128       0   -2523      18       0                               0D   2162
     128    4209                                                00010000D   2163
     128       0   -2523      13       0                               0D   2164
     128    4222                                                00010000D   2165
     128       0   -2523       6       0                               0D   2166
     128    4228                                                00010000D   2167
     128       0   -2527      19       0                               0D   2168
     128    4247                                                00010000D   2169
     128       0   -2523      14       0                               0D   2170
     128    4261                                                00010000D   2171
     128       0   -2527       6       0                               0D   2172
     128    4267                                                00010000D   2173
     128       0   -2523      15       0                               0D   2174
     128    4282                                                00010000D   2175
     128       0   -2523       3       0                               0D   2176
     128    4285                                                00010000D   2177
     128       0   -2523      15       0                               0D   2178
     128    4300                                                00010000D   2179
     128       0   -2523      15       0                               0D   2180
     128    4315                                                00010000D   2181
     128       0   -2523      14       0                               0D   2182
     128    4329                                                00010000D   2183
     128       0   -2523       4       0                               0D   2184
     128    4333                                                00010000D   2185
     128       0   -2523       3       0                               0D   2186
     128    4336                                                00010000D   2187
     128       0   -2523      15       0                               0D   2188
     128    4351                                                00010000D   2189
     128       0   -2529       3       0                               0D   2190
     128    4354                                                00010000D   2191
     128       0   -2523       6       0                               0D   2192
     128    4360                                                00010000D   2193
     128       0   -2523       5       0                               0D   2194
     128    4365                                                00010000D   2195
     128       0   -2523       8       0                               0D   2196
     128    4373                                                00010000D   2197
     128       0   -2523       8       0                               0D   2198
     128    4381                                                00010000D   2199
     128       0   -2529       6       0                               0D   2200
     128    4387                                                00010000D   2201
     128       0   -2523      16       0                               0D   2202
     128    4403                                                00010000D   2203
     128       0   -2529       4       0                               0D   2204
     128    4407                                                00010000D   2205
     128       0   -2523      14       0                               0D   2206
     128    4421                                                00010000D   2207
     128       0   -2523       3       0                               0D   2208
     128    4424                                                00010000D   2209
     128       0   -2523      18       0                               0D   2210
     128    4442                                                00010000D   2211
     128       0   -2523       6       0                               0D   2212
     128    4448                                                00010000D   2213
     128       0   -2523      15       0                               0D   2214
     128    4463                                                00010000D   2215
     128       0   -2523       3       0                               0D   2216
     128    4466                                                00010000D   2217
     128       0   -2523      14       0                               0D   2218
     128    4480                                                00010000D   2219
     128       0   -2523       3       0                               0D   2220
     128    4483                                                00010000D   2221
     128       0   -2523      18       0                               0D   2222
     128    4501                                                00010000D   2223
     128       0   -2523       4       0                               0D   2224
     128    4505                                                00010000D   2225
     128       0   -2523      16       0                               0D   2226
     128    4521                                                00010000D   2227
     128       0   -2523       5       0                               0D   2228
     128    4526                                                00010000D   2229
     128       0   -2523      15       0                               0D   2230
     128    4541                                                00010000D   2231
     128       0   -2523       5       0                               0D   2232
     128    4546                                                00010000D   2233
     128       0   -2523      15       0                               0D   2234
     128    4561                                                00010000D   2235
     128       0   -2523       3       0                               0D   2236
     128    4564                                                00010000D   2237
     128       0   -2523      18       0                               0D   2238
     128    4582                                                00010000D   2239
     128       0   -2523       4       0                               0D   2240
     128    4586                                                00010000D   2241
     128       0   -2523      18       0                               0D   2242
     128    4604                                                00010000D   2243
     128       0   -2523      16       0                               0D   2244
     128    4620                                                00010000D   2245
     128       0   -2523      17       0                               0D   2246
     128    4637                                                00010000D   2247
     128       0   -2523       3       0                               0D   2248
     128    4640                                                00010000D   2249
     128       0   -2523       5       0                               0D   2250
     128    4645                                                00010000D   2251
     128       0   -2523       4       0                               0D   2252
     128    4649                                                00010000D   2253
     128       0   -2523      13       0                               0D   2254
     128    4662                                                00010000D   2255
     128       0   -2523      13       0                               0D   2256
     128    4675                                                00010000D   2257
     128       0   -2523      12       0                               0D   2258
     128    4687                                                00010000D   2259
     128       0   -2523      13       0                               0D   2260
     128    4700                                                00010000D   2261
     128       0   -2523       7       0                               0D   2262
     128    4707                                                00010000D   2263
     128       0   -2523      13       0                               0D   2264
     128    4720                                                00010000D   2265
     128       0   -2523      13       0                               0D   2266
     128    4733                                                00010000D   2267
     128       0   -2523      12       0                               0D   2268
     128    4745                                                00010000D   2269
     128       0   -2523      14       0                               0D   2270
     128    4759                                                00010000D   2271
     128       0   -2523       7       0                               0D   2272
     128    4766                                                00010000D   2273
     128       0   -2523       8       0                               0D   2274
     128    4774                                                00010000D   2275
     128       0   -2523       3       0                               0D   2276
     128    4777                                                00010000D   2277
     128       0   -2523       8       0                               0D   2278
     128    4785                                                00010000D   2279
     128       0   -2523       3       0                               0D   2280
     128    4788                                                00010000D   2281
     128       0   -2523      10       0                               0D   2282
     128    4798                                                00010000D   2283
     128       0   -2523       3       0                               0D   2284
     128    4801                                                00010000D   2285
     128       0   -2523       8       0                               0D   2286
     128    4809                                                00010000D   2287
     128       0   -2523       3       0                               0D   2288
     128    4812                                                00010000D   2289
     128       0   -2523       3       0                               0D   2290
     128    4815                                                00010000D   2291
     128       0   -2523      20       0                               0D   2292
     128    4835                                                00010000D   2293
     128       0   -2523      10       0                               0D   2294
     128    4845                                                00010000D   2295
     128       0   -2523      22       0                               0D   2296
     128    4867                                                00010000D   2297
     128       0   -2523      10       0                               0D   2298
     128    4877                                                00010000D   2299
     128       0   -2523       8       0                               0D   2300
     128    4885                                                00010000D   2301
     128       0   -2523      17       0                               0D   2302
     128    4902                                                00010000D   2303
     128       0   -2523       3       0                               0D   2304
     128    4905                                                00010000D   2305
     128       0   -2523      19       0                               0D   2306
     128    4924                                                00010000D   2307
     128       0   -2523       8       0                               0D   2308
     128    4932                                                00010000D   2309
     128       0   -2523       6       0                               0D   2310
     128    4938                                                00010000D   2311
     128       0   -2523       4       0                               0D   2312
     128    4942                                                00010000D   2313
     128       0   -2523      12       0                               0D   2314
     128    4954                                                00010000D   2315
     128       0   -2523       4       0                               0D   2316
     128    4958                                                00010000D   2317
     128       0   -2523      13       0                               0D   2318
     128    4971                                                00010000D   2319
     128       0   -2523       8       0                               0D   2320
     128    4979                                                00010000D   2321
     128       0   -2523       3       0                               0D   2322
     128    4982                                                00010000D   2323
     128       0   -2523      10       0                               0D   2324
     128    4992                                                00010000D   2325
     128       0   -2523       3       0                               0D   2326
     128    4995                                                00010000D   2327
     128       0   -2523       3       0                               0D   2328
     128    4998                                                00010000D   2329
     128       0   -2523      19       0                               0D   2330
     128    5017                                                00010000D   2331
     128       0   -2523       8       0                               0D   2332
     128    5025                                                00010000D   2333
     128       0   -2523      18       0                               0D   2334
     128    5043                                                00010000D   2335
     128       0   -2523       8       0                               0D   2336
     128    5051                                                00010000D   2337
     128       0   -2523       7       0                               0D   2338
     128    5058                                                00010000D   2339
     128       0   -2523      18       0                               0D   2340
     128    5076                                                00010000D   2341
     128       0   -2523      16       0                               0D   2342
     128    5092                                                00010000D   2343
     128       0   -2523       7       0                               0D   2344
     128    5099                                                00010000D   2345
     128       0   -2523       3       0                               0D   2346
     128    5102                                                00010000D   2347
     128       0   -2523       3       0                               0D   2348
     128    5105                                                00010000D   2349
     128       0   -2531      19       0                               0D   2350
     128    5124                                                00010000D   2351
     128       0   -2531       4       0                               0D   2352
     128    5128                                                00010000D   2353
     128       0   -2531      17       0                               0D   2354
     128    5145                                                00010000D   2355
     128       0   -2531       4       0                               0D   2356
     128    5149                                                00010000D   2357
     128       0   -2533       5       0                               0D   2358
     128    5154                                                00010000D   2359
     128       0   -2533      11       0                               0D   2360
     128    5165                                                00010000D   2361
     128       0   -2533       4       0                               0D   2362
     128    5169                                                00010000D   2363
     128       0   -2533      11       0                               0D   2364
     128    5180                                                00010000D   2365
     128       0   -2533       4       0                               0D   2366
     128    5184                                                00010000D   2367
     128       0   -2533       5       0                               0D   2368
     128    5189                                                00010000D   2369
     128       0   -2533       4       0                               0D   2370
     128    5193                                                00010000D   2371
     128       0   -2533       4       0                               0D   2372
     128    5197                                                00010000D   2373
     128       0   -2533       4       0                               0D   2374
     128    5201                                                00010000D   2375
     128       0   -2533       4       0                               0D   2376
     128    5205                                                00010000D   2377
     128       0   -2533      19       0                               0D   2378
     128    5224                                                00010000D   2379
     128       0   -2533       4       0                               0D   2380
     128    5228                                                00010000D   2381
     128       0   -2533      17       0                               0D   2382
     128    5245                                                00010000D   2383
     128       0   -2533       4       0                               0D   2384
     128    5249                                                00010000D   2385
     128       0   -2533       4       0                               0D   2386
     128    5253                                                00010000D   2387
     128       0   -2533       4       0                               0D   2388
     128    5257                                                00010000D   2389
     128       0   -2533       4       0                               0D   2390
     128    5261                                                00010000D   2391
     128       0   -2533       4       0                               0D   2392
     128    5265                                                00010000D   2393
     128       0   -2535       5       0                               0D   2394
     128    5270                                                00010000D   2395
     128       0   -2533       8       0                               0D   2396
     128    5278                                                00010000D   2397
     128       0   -2533       7       0                               0D   2398
     128    5285                                                00010000D   2399
     128       0   -2533       7       0                               0D   2400
     128    5292                                                00010000D   2401
     128       0   -2533       6       0                               0D   2402
     128    5298                                                00010000D   2403
     128       0   -2533       5       0                               0D   2404
     128    5303                                                00010000D   2405
     128       0   -2533       4       0                               0D   2406
     128    5307                                                00010000D   2407
     128       0   -2533       5       0                               0D   2408
     128    5312                                                00010000D   2409
     128       0   -2533       4       0                               0D   2410
     128    5316                                                00010000D   2411
     128       0   -2533      48       0                               0D   2412
     128    5364                                                00010000D   2413
     128       0   -2533      14       0                               0D   2414
     128    5378                                                00010000D   2415
     128       0   -2533       5       0                               0D   2416
     128    5383                                                00010000D   2417
     128       0   -2533       7       0                               0D   2418
     128    5390                                                00010000D   2419
     128       0   -2533       7       0                               0D   2420
     128    5397                                                00010000D   2421
     128       0   -2533       6       0                               0D   2422
     128    5403                                                00010000D   2423
     128       0   -2533       5       0                               0D   2424
     128    5408                                                00010000D   2425
     128       0   -2533       7       0                               0D   2426
     128    5415                                                00010000D   2427
     128       0   -2533      14       0                               0D   2428
     128    5429                                                00010000D   2429
     128       0   -2533       9       0                               0D   2430
     128    5438                                                00010000D   2431
     128       0   -2533      53       0                               0D   2432
     128    5491                                                00010000D   2433
     128       0   -2533       7       0                               0D   2434
     128    5498                                                00010000D   2435
     128       0   -2533       6       0                               0D   2436
     128    5504                                                00010000D   2437
     128       0   -2533     230       0                               0D   2438
     128    5734                                                00010000D   2439
     128       0   -2533      10       0                               0D   2440
     128    5744                                                00010000D   2441
     128       0   -2533     235       0                               0D   2442
     128    5979                                                00010000D   2443
     128       0   -2533      10       0                               0D   2444
     128    5989                                                00010000D   2445
     128       0   -2533      10       0                               0D   2446
     128    5999                                                00010000D   2447
     128       0   -2533     250       0                               0D   2448
     128    6249                                                00010000D   2449
     128       0   -2533       7       0                               0D   2450
     128    6256                                                00010000D   2451
     128       0   -2533      10       0                               0D   2452
     128    6266                                                00010000D   2453
     128       0   -2533     258       0                               0D   2454
     128    6524                                                00010000D   2455
     128       0   -2533       4       0                               0D   2456
     128    6528                                                00010000D   2457
     128       0   -2533       7       0                               0D   2458
     128    6535                                                00010000D   2459
     128       0   -2521      13       0                               0D   2460
     128    6548                                                00010000D   2461
     128       0   -2521       3       0                               0D   2462
     128    6551                                                00010000D   2463
     128       0   -2533       5       0                               0D   2464
     128    6556                                                00010000D   2465
     128       0   -2533      11       0                               0D   2466
     128    6567                                                00010000D   2467
     128       0   -2533       7       0                               0D   2468
     128    6574                                                00010000D   2469
     128       0   -2533      10       0                               0D   2470
     128    6584                                                00010000D   2471
     128       0   -2521      17       0                               0D   2472
     128    6601                                                00010000D   2473
     128       0   -2533       7       0                               0D   2474
     128    6608                                                00010000D   2475
     128       0   -2533       7       0                               0D   2476
     128    6615                                                00010000D   2477
     128       0   -2533       7       0                               0D   2478
     128    6622                                                00010000D   2479
     128       0   -2533       7       0                               0D   2480
     128    6629                                                00010000D   2481
     128       0   -2535       7       0                               0D   2482
     128    6636                                                00010000D   2483
     128       0   -2533      30       0                               0D   2484
     128    6666                                                00010000D   2485
     128       0   -2533      54       0                               0D   2486
     128    6720                                                00010000D   2487
     128       0   -2533      22       0                               0D   2488
     128    6742                                                00010000D   2489
     128       0   -2533       9       0                               0D   2490
     128    6751                                                00010000D   2491
     128       0   -2533      22       0                               0D   2492
     128    6773                                                00010000D   2493
     128       0   -2533      61       0                               0D   2494
     128    6834                                                00010000D   2495
     128       0   -2533      30       0                               0D   2496
     128    6864                                                00010000D   2497
     128       0   -2533       6       0                               0D   2498
     128    6870                                                00010000D   2499
     128       0   -2535      11       0                               0D   2500
     502    6881                                                00010000D   2501
     502                      96       1                               0D   2502
     502    6977                                                00010000D   2503
     502                      42       1                               0D   2504
     502    7019                                                00010000D   2505
     502                      18       1                               0D   2506
     504    7037                                                00010001D   2507
     504                     116       1                               0D   2508
     504    7153                                                00010001D   2509
     504                      42       1                               0D   2510
     504    7195                                                00010001D   2511
     504                      16       1                               0D   2512
     406    7211                                                00000000D   2513
     406                       1      15                               0D   2514
     406    7212                                                00000000D   2515
     406                       1      15                               0D   2516
     406    7213                                                00000000D   2517
     406                       1      15                               0D   2518
     406    7214                                                00000000D   2519
     406                       1      15                               0D   2520
     314    7215                                                00000200D   2521
     314                       2       0                               0D   2522
     314    7217                                                00000200D   2523
     314                       2       0                               0D   2524
     314    7219                                                00000200D   2525
     314                       1       0                               0D   2526
     314    7220                                                00000200D   2527
     314                       1       0                               0D   2528
     314    7221                                                00000200D   2529
     314                       2       0                               0D   2530
     314    7223                                                00000200D   2531
     314                       1       0                               0D   2532
     314    7224                                                00000200D   2533
     314                       2       0                               0D   2534
     314    7226                                                00000200D   2535
     314                       1       0                               0D   2536
     314    7227                                                00000200D   2537
     314                       2       0                               0D   2538
408,13,0.,0.,0.,0.999999999999973,0,1,2515;                            1P      1
408,15,0.,0.,0.,0.999999999999995,0,1,2517;                            3P      2
408,17,0.,0.,0.,1.00000000000002,0,1,2519;                             5P      3
124,1.00000000000003,1.62115836743504D-15,-1.11240942535403D-15,       7P      4
-21.41559795108,-1.11368384479503D-15,0.000786328698847922,            7P      5
-0.999999690843527,-42.24272094747,-1.62028314678704D-15,              7P      6
0.999999690843527,0.000786328698847922,-47.48516691278;                7P      7
124,-1.00000000000001,1.11408657668301D-15,                            9P      8
-1.52613571367901D-15,-21.41559795108,1.08085024996701D-15,            9P      9
0.999766527312105,0.0216076575844901,-75.97525711917,                  9P     10
1.54985220394101D-15,0.0216076575844901,-0.999766527312105,            9P     11
-42.57968480271;                                                       9P     12
124,0.999999999999976,-6.18280305679285D-16,                          11P     13
-1.62445493393396D-15,-21.66559795108,-5.83015142376886D-16,          11P     14
-0.999766261392776,0.0216199579262995,-62.5876519332,                 11P     15
-1.63744243029596D-15,-0.0216199579262995,-0.999766261392776,         11P     16
-44.29068871552;                                                      11P     17
308,0,5HAstra,1,19;                                                   13P     18
308,0,11Hastra_clip1,1,21;                                            15P     19
308,0,11Hastra_clip2,1,23;                                            17P     20
186,25,1,0,0,1,2513;                                                  19P     21
186,27,1,0,0,1,2513;                                                  21P     22
186,29,1,0,0,1,2513;                                                  23P     23
514,152,31,1,33,1,35,1,37,1,39,1,41,1,43,1,45,1,47,1,49,1,51,1,       25P     24
53,1,55,1,57,1,59,1,61,1,63,1,65,1,67,1,69,1,71,1,73,1,75,1,77,       25P     25
1,79,1,81,1,83,1,85,1,87,1,89,1,91,1,93,1,95,1,97,1,99,1,101,1,       25P     26
103,1,105,1,107,1,109,1,111,1,113,1,115,1,117,1,119,1,121,1,123,      25P     27
1,125,1,127,1,129,1,131,1,133,1,135,1,137,1,139,1,141,1,143,1,        25P     28
145,1,147,1,149,1,151,1,153,1,155,1,157,1,159,1,161,1,163,1,165,      25P     29
1,167,1,169,1,171,1,173,1,175,1,177,1,179,1,181,1,183,1,185,1,        25P     30
187,1,189,1,191,1,193,1,195,1,197,1,199,1,201,1,203,1,205,1,207,      25P     31
1,209,1,211,1,213,1,215,1,217,1,219,1,221,1,223,1,225,1,227,1,        25P     32
229,1,231,1,233,1,235,1,237,1,239,1,241,1,243,1,245,1,247,1,249,      25P     33
1,251,1,253,1,255,1,257,1,259,1,261,1,263,1,265,1,267,1,269,1,        25P     34
271,1,273,1,275,1,277,1,279,1,281,1,283,1,285,1,287,1,289,1,291,      25P     35
1,293,1,295,1,297,1,299,1,301,1,303,1,305,1,307,1,309,1,311,1,        25P     36
313,1,315,1,317,1,319,1,321,1,323,1,325,1,327,1,329,1,331,1,333,      25P     37
1;                                                                    25P     38
514,55,335,1,337,1,339,1,341,1,343,1,345,1,347,1,349,1,351,1,         27P     39
353,1,355,1,357,1,359,1,361,1,363,1,365,1,367,1,369,1,371,1,373,      27P     40
1,375,1,377,1,379,1,381,1,383,1,385,1,387,1,389,1,391,1,393,1,        27P     41
395,1,397,1,399,1,401,1,403,1,405,1,407,1,409,1,411,1,413,1,415,      27P     42
1,417,1,419,1,421,1,423,1,425,1,427,1,429,1,431,1,433,1,435,1,        27P     43
437,1,439,1,441,1,443,1;                                              27P     44
514,21,445,1,447,1,449,1,451,1,453,1,455,1,457,1,459,1,461,1,         29P     45
463,1,465,1,467,1,469,1,471,1,473,1,475,1,477,1,479,1,481,1,483,      29P     46
1,485,1;                                                              29P     47
510,2045,1,1,487;                                                     31P     48
510,2047,1,1,489;                                                     33P     49
510,2049,1,1,491;                                                     35P     50
510,2051,1,1,493;                                                     37P     51
510,2053,1,1,495;                                                     39P     52
510,2055,1,1,497;                                                     41P     53
510,2057,2,1,499,501;                                                 43P     54
510,2059,1,1,503;                                                     45P     55
510,2061,1,1,505;                                                     47P     56
510,2063,1,1,507;                                                     49P     57
510,2065,1,1,509;                                                     51P     58
510,2067,1,1,511;                                                     53P     59
510,2069,2,1,513,515;                                                 55P     60
510,2071,1,1,517;                                                     57P     61
510,2073,2,1,519,521;                                                 59P     62
510,2075,1,1,523;                                                     61P     63
510,2077,1,1,525;                                                     63P     64
510,2079,2,1,527,529;                                                 65P     65
510,2081,1,1,531;                                                     67P     66
510,2083,1,1,533;                                                     69P     67
510,2085,1,1,535;                                                     71P     68
510,2087,1,1,537;                                                     73P     69
510,2089,1,1,539;                                                     75P     70
510,2091,1,1,541;                                                     77P     71
510,2093,1,1,543;                                                     79P     72
510,2095,1,1,545;                                                     81P     73
510,2097,1,1,547;                                                     83P     74
510,2099,1,1,549;                                                     85P     75
510,2101,1,1,551;                                                     87P     76
510,2103,1,1,553;                                                     89P     77
510,2105,1,1,555;                                                     91P     78
510,2107,1,1,557;                                                     93P     79
510,2109,1,1,559;                                                     95P     80
510,2111,1,1,561;                                                     97P     81
510,2113,1,1,563;                                                     99P     82
510,2115,1,1,565;                                                    101P     83
510,2117,1,1,567;                                                    103P     84
510,2119,1,1,569;                                                    105P     85
510,2121,1,1,571;                                                    107P     86
510,2123,1,1,573;                                                    109P     87
510,2125,1,1,575;                                                    111P     88
510,2127,1,1,577;                                                    113P     89
510,2129,1,1,579;                                                    115P     90
510,2131,5,1,581,583,585,587,589;                                    117P     91
510,2133,2,1,591,593;                                                119P     92
510,2135,1,1,595;                                                    121P     93
510,2137,1,1,597;                                                    123P     94
510,2139,1,1,599;                                                    125P     95
510,2141,1,1,601;                                                    127P     96
510,2143,2,1,603,605;                                                129P     97
510,2145,1,1,607;                                                    131P     98
510,2147,1,1,609;                                                    133P     99
510,2149,2,1,611,613;                                                135P    100
510,2151,4,1,615,617,619,621;                                        137P    101
510,2153,1,1,623;                                                    139P    102
510,2155,1,1,625;                                                    141P    103
510,2157,2,1,627,629;                                                143P    104
510,2159,1,1,631;                                                    145P    105
510,2161,1,1,633;                                                    147P    106
510,2163,1,1,635;                                                    149P    107
510,2165,1,1,637;                                                    151P    108
510,2167,1,1,639;                                                    153P    109
510,2169,1,1,641;                                                    155P    110
510,2171,1,1,643;                                                    157P    111
510,2173,1,1,645;                                                    159P    112
510,2175,8,1,647,649,651,653,655,657,659,661;                        161P    113
510,2177,1,1,663;                                                    163P    114
510,2179,1,1,665;                                                    165P    115
510,2181,1,1,667;                                                    167P    116
510,2183,2,1,669,671;                                                169P    117
510,2185,2,1,673,675;                                                171P    118
510,2187,1,1,677;                                                    173P    119
510,2189,1,1,679;                                                    175P    120
510,2191,1,1,681;                                                    177P    121
510,2193,1,1,683;                                                    179P    122
510,2195,1,1,685;                                                    181P    123
510,2197,1,1,687;                                                    183P    124
510,2199,1,1,689;                                                    185P    125
510,2201,1,1,691;                                                    187P    126
510,2203,1,1,693;                                                    189P    127
510,2205,1,1,695;                                                    191P    128
510,2207,2,1,697,699;                                                193P    129
510,2209,1,1,701;                                                    195P    130
510,2211,2,1,703,705;                                                197P    131
510,2213,1,1,707;                                                    199P    132
510,2215,2,1,709,711;                                                201P    133
510,2217,1,1,713;                                                    203P    134
510,2219,2,1,715,717;                                                205P    135
510,2221,1,1,719;                                                    207P    136
510,2223,2,1,721,723;                                                209P    137
510,2225,1,1,725;                                                    211P    138
510,2227,2,1,727,729;                                                213P    139
510,2229,1,1,731;                                                    215P    140
510,2231,2,1,733,735;                                                217P    141
510,2233,1,1,737;                                                    219P    142
510,2235,2,1,739,741;                                                221P    143
510,2237,1,1,743;                                                    223P    144
510,2239,2,1,745,747;                                                225P    145
510,2241,1,1,749;                                                    227P    146
510,2243,1,1,751;                                                    229P    147
510,2245,1,1,753;                                                    231P    148
510,2247,2,1,755,757;                                                233P    149
510,2249,2,1,759,761;                                                235P    150
510,2251,2,1,763,765;                                                237P    151
510,2253,1,1,767;                                                    239P    152
510,2255,1,1,769;                                                    241P    153
510,2257,1,1,771;                                                    243P    154
510,2259,1,1,773;                                                    245P    155
510,2261,1,1,775;                                                    247P    156
510,2263,1,1,777;                                                    249P    157
510,2265,1,1,779;                                                    251P    158
510,2267,1,1,781;                                                    253P    159
510,2269,1,1,783;                                                    255P    160
510,2271,1,1,785;                                                    257P    161
510,2273,1,1,787;                                                    259P    162
510,2275,1,1,789;                                                    261P    163
510,2277,1,1,791;                                                    263P    164
510,2279,1,1,793;                                                    265P    165
510,2281,1,1,795;                                                    267P    166
510,2283,1,1,797;                                                    269P    167
510,2285,1,1,799;                                                    271P    168
510,2287,1,1,801;                                                    273P    169
510,2289,2,1,803,805;                                                275P    170
510,2291,1,1,807;                                                    277P    171
510,2293,1,1,809;                                                    279P    172
510,2295,1,1,811;                                                    281P    173
510,2297,1,1,813;                                                    283P    174
510,2299,1,1,815;                                                    285P    175
510,2301,1,1,817;                                                    287P    176
510,2303,2,1,819,821;                                                289P    177
510,2305,1,1,823;                                                    291P    178
510,2307,1,1,825;                                                    293P    179
510,2309,1,1,827;                                                    295P    180
510,2311,1,1,829;                                                    297P    181
510,2313,1,1,831;                                                    299P    182
510,2315,1,1,833;                                                    301P    183
510,2317,1,1,835;                                                    303P    184
510,2319,1,1,837;                                                    305P    185
510,2321,1,1,839;                                                    307P    186
510,2323,1,1,841;                                                    309P    187
510,2325,1,1,843;                                                    311P    188
510,2327,2,1,845,847;                                                313P    189
510,2329,1,1,849;                                                    315P    190
510,2331,1,1,851;                                                    317P    191
510,2333,1,1,853;                                                    319P    192
510,2335,1,1,855;                                                    321P    193
510,2337,1,1,857;                                                    323P    194
510,2339,1,1,859;                                                    325P    195
510,2341,1,1,861;                                                    327P    196
510,2343,1,1,863;                                                    329P    197
510,2345,1,1,865;                                                    331P    198
510,2347,2,1,867,869;                                                333P    199
510,2349,1,1,871;                                                    335P    200
510,2351,1,1,873;                                                    337P    201
510,2353,1,1,875;                                                    339P    202
510,2355,1,1,877;                                                    341P    203
510,2357,2,1,879,881;                                                343P    204
510,2359,1,1,883;                                                    345P    205
510,2361,2,1,885,887;                                                347P    206
510,2363,1,1,889;                                                    349P    207
510,2365,1,1,891;                                                    351P    208
510,2367,1,1,893;                                                    353P    209
510,2369,1,1,895;                                                    355P    210
510,2371,1,1,897;                                                    357P    211
510,2373,1,1,899;                                                    359P    212
510,2375,1,1,901;                                                    361P    213
510,2377,1,1,903;                                                    363P    214
510,2379,1,1,905;                                                    365P    215
510,2381,1,1,907;                                                    367P    216
510,2383,1,1,909;                                                    369P    217
510,2385,1,1,911;                                                    371P    218
510,2387,1,1,913;                                                    373P    219
510,2389,1,1,915;                                                    375P    220
510,2391,1,1,917;                                                    377P    221
510,2393,1,1,919;                                                    379P    222
510,2395,1,1,921;                                                    381P    223
510,2397,1,1,923;                                                    383P    224
510,2399,2,1,925,927;                                                385P    225
510,2401,1,1,929;                                                    387P    226
510,2403,2,1,931,933;                                                389P    227
510,2405,1,1,935;                                                    391P    228
510,2407,2,1,937,939;                                                393P    229
510,2409,1,1,941;                                                    395P    230
510,2411,1,1,943;                                                    397P    231
510,2413,1,1,945;                                                    399P    232
510,2415,1,1,947;                                                    401P    233
510,2417,1,1,949;                                                    403P    234
510,2419,1,1,951;                                                    405P    235
510,2421,1,1,953;                                                    407P    236
510,2423,1,1,955;                                                    409P    237
510,2425,1,1,957;                                                    411P    238
510,2427,1,1,959;                                                    413P    239
510,2429,1,1,961;                                                    415P    240
510,2431,1,1,963;                                                    417P    241
510,2433,3,1,965,967,969;                                            419P    242
510,2435,1,1,971;                                                    421P    243
510,2437,1,1,973;                                                    423P    244
510,2439,1,1,975;                                                    425P    245
510,2441,1,1,977;                                                    427P    246
510,2443,1,1,979;                                                    429P    247
510,2445,1,1,981;                                                    431P    248
510,2447,1,1,983;                                                    433P    249
510,2449,1,1,985;                                                    435P    250
510,2451,1,1,987;                                                    437P    251
510,2453,1,1,989;                                                    439P    252
510,2455,2,1,991,993;                                                441P    253
510,2457,1,1,995;                                                    443P    254
510,2459,1,1,997;                                                    445P    255
510,2461,1,1,999;                                                    447P    256
510,2463,1,1,1001;                                                   449P    257
510,2465,1,1,1003;                                                   451P    258
510,2467,2,1,1005,1007;                                              453P    259
510,2469,1,1,1009;                                                   455P    260
510,2471,1,1,1011;                                                   457P    261
510,2473,2,1,1013,1015;                                              459P    262
510,2475,1,1,1017;                                                   461P    263
510,2477,2,1,1019,1021;                                              463P    264
510,2479,1,1,1023;                                                   465P    265
510,2481,1,1,1025;                                                   467P    266
510,2483,1,1,1027;                                                   469P    267
510,2485,1,1,1029;                                                   471P    268
510,2487,1,1,1031;                                                   473P    269
510,2489,1,1,1033;                                                   475P    270
510,2491,1,1,1035;                                                   477P    271
510,2493,1,1,1037;                                                   479P    272
510,2495,1,1,1039;                                                   481P    273
510,2497,1,1,1041;                                                   483P    274
510,2499,1,1,1043;                                                   485P    275
508,4,0,2507,1,0,0,0,2507,2,1,0,0,2507,3,0,0,0,2507,2,0,0;           487P    276
508,4,0,2507,4,0,0,0,2507,5,0,0,0,2507,6,0,0,0,2507,7,1,0;           489P    277
508,4,0,2507,8,0,0,0,2507,9,0,0,0,2507,10,0,0,0,2507,11,0,0;         491P    278
508,4,0,2507,12,0,0,0,2507,7,0,0,0,2507,13,0,0,0,2507,9,1,0;         493P    279
508,4,0,2507,11,1,0,0,2507,14,0,0,0,2507,15,0,0,0,2507,16,1,0;       495P    280
508,4,0,2507,5,1,0,0,2507,17,1,0,0,2507,18,1,0,0,2507,19,0,0;        497P    281
508,12,0,2507,4,1,0,0,2507,12,1,0,0,2507,8,1,0,0,2507,16,0,0,0,      499P    282
2507,20,0,0,0,2507,21,0,0,0,2507,22,1,0,0,2507,23,1,0,0,2507,24,     499P    283
1,0,0,2507,25,0,0,0,2507,26,0,0,0,2507,17,0,0;                       499P    284
508,4,0,2507,27,1,0,0,2507,28,1,0,0,2507,29,1,0,0,2507,30,1,0;       501P    285
508,4,0,2507,24,0,0,0,2507,31,0,0,0,2507,32,0,0,0,2507,33,0,0;       503P    286
508,4,0,2507,22,0,0,0,2507,34,0,0,0,2507,35,0,0,0,2507,36,1,0;       505P    287
508,4,0,2507,23,0,0,0,2507,36,0,0,0,2507,37,0,0,0,2507,31,1,0;       507P    288
508,4,0,2507,34,1,0,0,2507,21,1,0,0,2507,38,1,0,0,2507,39,0,0;       509P    289
508,4,0,2507,33,1,0,0,2507,40,0,0,0,2507,41,0,0,0,2507,25,1,0;       511P    290
508,12,0,2507,6,1,0,0,2507,19,1,0,0,2507,42,1,0,0,2507,40,1,0,0,     513P    291
2507,32,1,0,0,2507,37,1,0,0,2507,35,1,0,0,2507,39,1,0,0,2507,43,     513P    292
1,0,0,2507,14,1,0,0,2507,10,1,0,0,2507,13,1,0;                       513P    293
508,4,0,2507,44,1,0,0,2507,45,1,0,0,2507,46,1,0,0,2507,47,1,0;       515P    294
508,4,0,2507,48,1,0,0,2507,49,1,0,0,2507,50,1,0,0,2507,51,1,0;       517P    295
508,6,0,2507,50,0,0,0,2507,52,0,0,0,2507,53,0,0,0,2507,54,0,0,0,     519P    296
2507,55,0,0,0,2507,56,1,0;                                           519P    297
508,1,0,2507,1,1,0;                                                  521P    298
508,4,0,2507,49,0,0,0,2507,57,1,0,0,2507,58,0,0,0,2507,52,1,0;       523P    299
508,4,0,2507,53,1,0,0,2507,58,1,0,0,2507,59,1,0,0,2507,60,1,0;       525P    300
508,6,0,2507,48,0,0,0,2507,61,0,0,0,2507,62,0,0,0,2507,63,1,0,0,     527P    301
2507,59,0,0,0,2507,57,0,0;                                           527P    302
508,1,0,2507,3,1,0;                                                  529P    303
508,4,0,2507,51,0,0,0,2507,56,0,0,0,2507,64,0,0,0,2507,61,1,0;       531P    304
508,4,0,2507,60,0,0,0,2507,63,0,0,0,2507,65,0,0,0,2507,54,1,0;       533P    305
508,4,0,2507,66,0,0,0,2507,67,1,0,0,2507,68,1,0,0,2507,69,1,0;       535P    306
508,4,0,2507,70,0,0,0,2507,69,0,0,0,2507,71,0,0,0,2507,72,0,0;       537P    307
508,4,0,2507,73,1,0,0,2507,74,1,0,0,2507,71,1,0,0,2507,68,0,0;       539P    308
508,4,0,2507,75,0,0,0,2507,72,1,0,0,2507,74,0,0,0,2507,76,1,0;       541P    309
508,4,0,2507,77,0,0,0,2507,76,0,0,0,2507,73,0,0,0,2507,67,0,0;       543P    310
508,4,0,2507,78,0,0,0,2507,79,1,0,0,2507,80,1,0,0,2507,81,1,0;       545P    311
508,4,0,2507,82,0,0,0,2507,81,0,0,0,2507,83,0,0,0,2507,84,0,0;       547P    312
508,4,0,2507,85,1,0,0,2507,86,1,0,0,2507,83,1,0,0,2507,80,0,0;       549P    313
508,4,0,2507,87,0,0,0,2507,84,1,0,0,2507,86,0,0,0,2507,88,1,0;       551P    314
508,4,0,2507,89,0,0,0,2507,88,0,0,0,2507,85,0,0,0,2507,79,0,0;       553P    315
508,4,0,2507,90,0,0,0,2507,91,1,0,0,2507,92,1,0,0,2507,93,1,0;       555P    316
508,4,0,2507,94,0,0,0,2507,93,0,0,0,2507,95,0,0,0,2507,96,0,0;       557P    317
508,4,0,2507,97,1,0,0,2507,98,1,0,0,2507,95,1,0,0,2507,92,0,0;       559P    318
508,4,0,2507,99,0,0,0,2507,96,1,0,0,2507,98,0,0,0,2507,100,1,0;      561P    319
508,4,0,2507,101,0,0,0,2507,100,0,0,0,2507,97,0,0,0,2507,91,0,0;     563P    320
508,4,0,2507,102,0,0,0,2507,103,1,0,0,2507,104,1,0,0,2507,105,1,     565P    321
0;                                                                   565P    322
508,4,0,2507,106,0,0,0,2507,105,0,0,0,2507,107,0,0,0,2507,108,0,     567P    323
0;                                                                   567P    324
508,4,0,2507,109,1,0,0,2507,110,1,0,0,2507,107,1,0,0,2507,104,0,     569P    325
0;                                                                   569P    326
508,4,0,2507,111,0,0,0,2507,108,1,0,0,2507,110,0,0,0,2507,112,1,     571P    327
0;                                                                   571P    328
508,4,0,2507,113,0,0,0,2507,112,0,0,0,2507,109,0,0,0,2507,103,0,     573P    329
0;                                                                   573P    330
508,4,0,2507,114,0,0,0,2507,115,1,0,0,2507,116,0,0,0,2507,115,0,     575P    331
0;                                                                   575P    332
508,1,0,2507,114,1,0;                                                577P    333
508,6,0,2507,117,1,0,0,2507,118,1,0,0,2507,119,1,0,0,2507,120,1,     579P    334
0,0,2507,118,0,0,0,2507,121,1,0;                                     579P    335
508,5,0,2507,120,0,0,0,2507,122,1,0,0,2507,123,0,0,0,2507,122,0,     581P    336
0,0,2507,119,0,0;                                                    581P    337
508,4,0,2507,75,1,0,0,2507,77,1,0,0,2507,66,1,0,0,2507,70,1,0;       583P    338
508,4,0,2507,87,1,0,0,2507,89,1,0,0,2507,78,1,0,0,2507,82,1,0;       585P    339
508,4,0,2507,99,1,0,0,2507,101,1,0,0,2507,90,1,0,0,2507,94,1,0;      587P    340
508,4,0,2507,111,1,0,0,2507,113,1,0,0,2507,102,1,0,0,2507,106,1,     589P    341
0;                                                                   589P    342
508,2,0,2507,117,0,0,0,2507,121,0,0;                                 591P    343
508,1,0,2507,116,1,0;                                                593P    344
508,4,0,2507,124,0,0,0,2507,125,1,0,0,2507,126,1,0,0,2507,127,0,     595P    345
0;                                                                   595P    346
508,4,0,2507,128,0,0,0,2507,129,1,0,0,2507,130,1,0,0,2507,125,0,     597P    347
0;                                                                   597P    348
508,4,0,2507,131,0,0,0,2507,132,1,0,0,2507,133,1,0,0,2507,129,0,     599P    349
0;                                                                   599P    350
508,4,0,2507,134,0,0,0,2507,127,1,0,0,2507,135,1,0,0,2507,132,0,     601P    351
0;                                                                   601P    352
508,4,0,2507,135,0,0,0,2507,126,0,0,0,2507,130,0,0,0,2507,133,0,     603P    353
0;                                                                   603P    354
508,1,0,2507,123,1,0;                                                605P    355
508,4,0,2507,136,0,0,0,2507,137,1,0,0,2507,138,0,0,0,2507,137,0,     607P    356
0;                                                                   607P    357
508,4,0,2507,139,0,0,0,2507,140,1,0,0,2507,141,0,0,0,2507,140,0,     609P    358
0;                                                                   609P    359
508,1,0,2507,141,1,0;                                                611P    360
508,1,0,2507,136,1,0;                                                613P    361
508,4,0,2507,142,0,0,0,2507,143,0,0,0,2507,144,0,0,0,2507,145,0,     615P    362
0;                                                                   615P    363
508,4,0,2507,124,1,0,0,2507,134,1,0,0,2507,131,1,0,0,2507,128,1,     617P    364
0;                                                                   617P    365
508,1,0,2507,146,1,0;                                                619P    366
508,1,0,2507,139,1,0;                                                621P    367
508,4,0,2507,147,1,0,0,2507,148,1,0,0,2507,149,0,0,0,2507,148,0,     623P    368
0;                                                                   623P    369
508,4,0,2507,146,0,0,0,2507,150,1,0,0,2507,151,1,0,0,2507,150,0,     625P    370
0;                                                                   625P    371
508,1,0,2507,151,0,0;                                                627P    372
508,1,0,2507,147,0,0;                                                629P    373
508,1,0,2507,138,1,0;                                                631P    374
508,6,0,2507,152,1,0,0,2507,153,1,0,0,2507,154,1,0,0,2507,155,1,     633P    375
0,0,2507,153,0,0,0,2507,156,1,0;                                     633P    376
508,5,0,2507,155,0,0,0,2507,157,1,0,0,2507,158,0,0,0,2507,157,0,     635P    377
0,0,2507,154,0,0;                                                    635P    378
508,2,0,2507,152,0,0,0,2507,156,0,0;                                 637P    379
508,6,0,2507,159,1,0,0,2507,160,1,0,0,2507,161,1,0,0,2507,162,1,     639P    380
0,0,2507,160,0,0,0,2507,163,1,0;                                     639P    381
508,5,0,2507,162,0,0,0,2507,164,1,0,0,2507,165,0,0,0,2507,164,0,     641P    382
0,0,2507,161,0,0;                                                    641P    383
508,2,0,2507,159,0,0,0,2507,163,0,0;                                 643P    384
508,4,0,2507,166,1,0,0,2507,167,1,0,0,2507,168,1,0,0,2507,167,0,     645P    385
0;                                                                   645P    386
508,4,0,2507,169,0,0,0,2507,170,0,0,0,2507,171,0,0,0,2507,172,0,     647P    387
0;                                                                   647P    388
508,1,0,2507,173,0,0;                                                649P    389
508,1,0,2507,174,0,0;                                                651P    390
508,4,0,2507,175,1,0,0,2507,176,1,0,0,2507,177,1,0,0,2507,178,1,     653P    391
0;                                                                   653P    392
508,4,0,2507,179,1,0,0,2507,180,1,0,0,2507,181,1,0,0,2507,182,1,     655P    393
0;                                                                   655P    394
508,1,0,2507,183,0,0;                                                657P    395
508,1,0,2507,184,0,0;                                                659P    396
508,1,0,2507,166,0,0;                                                661P    397
508,4,0,2507,168,0,0,0,2507,185,1,0,0,2507,186,1,0,0,2507,185,0,     663P    398
0;                                                                   663P    399
508,4,0,2507,173,1,0,0,2507,187,1,0,0,2507,188,1,0,0,2507,187,0,     665P    400
0;                                                                   665P    401
508,4,0,2507,188,0,0,0,2507,189,1,0,0,2507,190,1,0,0,2507,189,0,     667P    402
0;                                                                   667P    403
508,1,0,2507,190,0,0;                                                669P    404
508,1,0,2507,165,1,0;                                                671P    405
508,1,0,2507,186,0,0;                                                673P    406
508,1,0,2507,158,1,0;                                                675P    407
508,4,0,2507,191,0,0,0,2507,192,1,0,0,2507,193,1,0,0,2507,192,0,     677P    408
0;                                                                   677P    409
508,1,0,2507,193,0,0;                                                679P    410
508,4,0,2507,194,0,0,0,2507,195,1,0,0,2507,196,1,0,0,2507,197,0,     681P    411
0;                                                                   681P    412
508,4,0,2507,198,0,0,0,2507,199,1,0,0,2507,200,1,0,0,2507,201,0,     683P    413
0;                                                                   683P    414
508,4,0,2507,202,0,0,0,2507,197,1,0,0,2507,203,1,0,0,2507,199,0,     685P    415
0;                                                                   685P    416
508,4,0,2507,204,0,0,0,2507,201,1,0,0,2507,205,1,0,0,2507,195,0,     687P    417
0;                                                                   687P    418
508,4,0,2507,205,0,0,0,2507,200,0,0,0,2507,203,0,0,0,2507,196,0,     689P    419
0;                                                                   689P    420
508,4,0,2507,206,0,0,0,2507,207,1,0,0,2507,208,1,0,0,2507,207,0,     691P    421
0;                                                                   691P    422
508,1,0,2507,208,0,0;                                                693P    423
508,4,0,2507,209,0,0,0,2507,210,1,0,0,2507,211,1,0,0,2507,210,0,     695P    424
0;                                                                   695P    425
508,1,0,2507,211,0,0;                                                697P    426
508,1,0,2507,191,1,0;                                                699P    427
508,4,0,2507,212,0,0,0,2507,213,1,0,0,2507,214,1,0,0,2507,213,0,     701P    428
0;                                                                   701P    429
508,1,0,2507,214,0,0;                                                703P    430
508,4,0,2507,198,1,0,0,2507,204,1,0,0,2507,194,1,0,0,2507,202,1,     705P    431
0;                                                                   705P    432
508,4,0,2507,215,0,0,0,2507,216,1,0,0,2507,217,1,0,0,2507,216,0,     707P    433
0;                                                                   707P    434
508,1,0,2507,217,0,0;                                                709P    435
508,1,0,2507,206,1,0;                                                711P    436
508,4,0,2507,218,0,0,0,2507,219,1,0,0,2507,220,1,0,0,2507,219,0,     713P    437
0;                                                                   713P    438
508,1,0,2507,220,0,0;                                                715P    439
508,1,0,2507,209,1,0;                                                717P    440
508,4,0,2507,221,0,0,0,2507,222,1,0,0,2507,223,1,0,0,2507,222,0,     719P    441
0;                                                                   719P    442
508,1,0,2507,223,0,0;                                                721P    443
508,1,0,2507,212,1,0;                                                723P    444
508,4,0,2507,224,0,0,0,2507,225,1,0,0,2507,226,1,0,0,2507,225,0,     725P    445
0;                                                                   725P    446
508,1,0,2507,226,0,0;                                                727P    447
508,1,0,2507,215,1,0;                                                729P    448
508,4,0,2507,227,0,0,0,2507,228,1,0,0,2507,229,1,0,0,2507,228,0,     731P    449
0;                                                                   731P    450
508,1,0,2507,229,0,0;                                                733P    451
508,1,0,2507,224,1,0;                                                735P    452
508,4,0,2507,230,0,0,0,2507,231,1,0,0,2507,232,1,0,0,2507,231,0,     737P    453
0;                                                                   737P    454
508,1,0,2507,232,0,0;                                                739P    455
508,1,0,2507,218,1,0;                                                741P    456
508,4,0,2507,233,0,0,0,2507,234,1,0,0,2507,235,1,0,0,2507,234,0,     743P    457
0;                                                                   743P    458
508,1,0,2507,235,0,0;                                                745P    459
508,1,0,2507,221,1,0;                                                747P    460
508,4,0,2507,184,1,0,0,2507,236,1,0,0,2507,237,1,0,0,2507,236,0,     749P    461
0;                                                                   749P    462
508,4,0,2507,174,1,0,0,2507,238,1,0,0,2507,239,1,0,0,2507,238,0,     751P    463
0;                                                                   751P    464
508,4,0,2507,183,1,0,0,2507,240,1,0,0,2507,241,1,0,0,2507,240,0,     753P    465
0;                                                                   753P    466
508,1,0,2507,239,0,0;                                                755P    467
508,1,0,2507,230,1,0;                                                757P    468
508,1,0,2507,237,0,0;                                                759P    469
508,1,0,2507,233,1,0;                                                761P    470
508,1,0,2507,241,0,0;                                                763P    471
508,1,0,2507,227,1,0;                                                765P    472
508,4,0,2507,179,0,0,0,2507,242,1,0,0,2507,243,0,0,0,2507,244,0,     767P    473
0;                                                                   767P    474
508,4,0,2507,180,0,0,0,2507,244,1,0,0,2507,245,0,0,0,2507,246,0,     769P    475
0;                                                                   769P    476
508,4,0,2507,181,0,0,0,2507,246,1,0,0,2507,247,0,0,0,2507,248,0,     771P    477
0;                                                                   771P    478
508,4,0,2507,182,0,0,0,2507,248,1,0,0,2507,249,0,0,0,2507,242,0,     773P    479
0;                                                                   773P    480
508,4,0,2507,249,1,0,0,2507,247,1,0,0,2507,245,1,0,0,2507,243,1,     775P    481
0;                                                                   775P    482
508,4,0,2507,175,0,0,0,2507,250,1,0,0,2507,251,1,0,0,2507,252,0,     777P    483
0;                                                                   777P    484
508,4,0,2507,178,0,0,0,2507,253,1,0,0,2507,254,1,0,0,2507,250,0,     779P    485
0;                                                                   779P    486
508,4,0,2507,177,0,0,0,2507,255,1,0,0,2507,256,1,0,0,2507,253,0,     781P    487
0;                                                                   781P    488
508,4,0,2507,176,0,0,0,2507,252,1,0,0,2507,257,1,0,0,2507,255,0,     783P    489
0;                                                                   783P    490
508,4,0,2507,257,0,0,0,2507,251,0,0,0,2507,254,0,0,0,2507,256,0,     785P    491
0;                                                                   785P    492
508,4,0,2507,258,0,0,0,2507,259,1,0,0,2507,260,1,0,0,2507,261,0,     787P    493
0;                                                                   787P    494
508,4,0,2507,262,0,0,0,2507,261,1,0,0,2507,263,1,0,0,2507,264,0,     789P    495
0;                                                                   789P    496
508,4,0,2507,265,0,0,0,2507,264,1,0,0,2507,266,1,0,0,2507,267,0,     791P    497
0;                                                                   791P    498
508,4,0,2507,268,0,0,0,2507,267,1,0,0,2507,269,1,0,0,2507,259,0,     793P    499
0;                                                                   793P    500
508,4,0,2507,27,0,0,0,2507,270,1,0,0,2507,271,1,0,0,2507,272,0,      795P    501
0;                                                                   795P    502
508,4,0,2507,30,0,0,0,2507,273,1,0,0,2507,274,1,0,0,2507,270,0,      797P    503
0;                                                                   797P    504
508,4,0,2507,29,0,0,0,2507,275,1,0,0,2507,276,1,0,0,2507,273,0,      799P    505
0;                                                                   799P    506
508,4,0,2507,28,0,0,0,2507,272,1,0,0,2507,277,1,0,0,2507,275,0,      801P    507
0;                                                                   801P    508
508,4,0,2507,277,0,0,0,2507,271,0,0,0,2507,274,0,0,0,2507,276,0,     803P    509
0;                                                                   803P    510
508,4,0,2507,260,0,0,0,2507,269,0,0,0,2507,266,0,0,0,2507,263,0,     805P    511
0;                                                                   805P    512
508,4,0,2507,278,1,0,0,2507,279,1,0,0,2507,280,1,0,0,2507,281,1,     807P    513
0;                                                                   807P    514
508,4,0,2507,282,1,0,0,2507,283,1,0,0,2507,280,0,0,0,2507,284,1,     809P    515
0;                                                                   809P    516
508,4,0,2507,285,1,0,0,2507,286,1,0,0,2507,282,0,0,0,2507,287,1,     811P    517
0;                                                                   811P    518
508,4,0,2507,278,0,0,0,2507,288,1,0,0,2507,285,0,0,0,2507,289,1,     813P    519
0;                                                                   813P    520
508,4,0,2507,284,0,0,0,2507,290,0,0,0,2507,145,1,0,0,2507,291,1,     815P    521
0;                                                                   815P    522
508,4,0,2507,279,0,0,0,2507,292,1,0,0,2507,142,1,0,0,2507,290,1,     817P    523
0;                                                                   817P    524
508,4,0,2507,258,1,0,0,2507,262,1,0,0,2507,265,1,0,0,2507,268,1,     819P    525
0;                                                                   819P    526
508,4,0,2507,281,0,0,0,2507,283,0,0,0,2507,286,0,0,0,2507,288,0,     821P    527
0;                                                                   821P    528
508,4,0,2507,287,0,0,0,2507,291,0,0,0,2507,144,1,0,0,2507,293,1,     823P    529
0;                                                                   823P    530
508,4,0,2507,289,0,0,0,2507,293,0,0,0,2507,143,1,0,0,2507,292,0,     825P    531
0;                                                                   825P    532
508,1,0,2507,149,1,0;                                                827P    533
508,4,0,2507,294,0,0,0,2507,295,1,0,0,2507,296,1,0,0,2507,297,0,     829P    534
0;                                                                   829P    535
508,4,0,2507,298,0,0,0,2507,297,1,0,0,2507,299,1,0,0,2507,300,0,     831P    536
0;                                                                   831P    537
508,4,0,2507,301,0,0,0,2507,300,1,0,0,2507,302,1,0,0,2507,303,0,     833P    538
0;                                                                   833P    539
508,4,0,2507,304,0,0,0,2507,303,1,0,0,2507,305,1,0,0,2507,295,0,     835P    540
0;                                                                   835P    541
508,4,0,2507,44,0,0,0,2507,306,1,0,0,2507,307,1,0,0,2507,308,0,      837P    542
0;                                                                   837P    543
508,4,0,2507,47,0,0,0,2507,309,1,0,0,2507,310,1,0,0,2507,306,0,      839P    544
0;                                                                   839P    545
508,4,0,2507,46,0,0,0,2507,311,1,0,0,2507,312,1,0,0,2507,309,0,      841P    546
0;                                                                   841P    547
508,4,0,2507,45,0,0,0,2507,308,1,0,0,2507,313,1,0,0,2507,311,0,      843P    548
0;                                                                   843P    549
508,4,0,2507,313,0,0,0,2507,307,0,0,0,2507,310,0,0,0,2507,312,0,     845P    550
0;                                                                   845P    551
508,4,0,2507,296,0,0,0,2507,305,0,0,0,2507,302,0,0,0,2507,299,0,     847P    552
0;                                                                   847P    553
508,4,0,2507,314,1,0,0,2507,315,1,0,0,2507,316,1,0,0,2507,304,1,     849P    554
0;                                                                   849P    555
508,4,0,2507,317,1,0,0,2507,301,1,0,0,2507,316,0,0,0,2507,318,1,     851P    556
0;                                                                   851P    557
508,4,0,2507,319,1,0,0,2507,298,1,0,0,2507,317,0,0,0,2507,320,1,     853P    558
0;                                                                   853P    559
508,4,0,2507,314,0,0,0,2507,294,1,0,0,2507,319,0,0,0,2507,321,1,     855P    560
0;                                                                   855P    561
508,4,0,2507,318,0,0,0,2507,322,0,0,0,2507,172,1,0,0,2507,323,1,     857P    562
0;                                                                   857P    563
508,4,0,2507,315,0,0,0,2507,324,1,0,0,2507,169,1,0,0,2507,322,1,     859P    564
0;                                                                   859P    565
508,4,0,2507,320,0,0,0,2507,323,0,0,0,2507,171,1,0,0,2507,325,1,     861P    566
0;                                                                   861P    567
508,4,0,2507,321,0,0,0,2507,325,0,0,0,2507,170,1,0,0,2507,324,0,     863P    568
0;                                                                   863P    569
508,4,0,2507,26,1,0,0,2507,41,1,0,0,2507,42,0,0,0,2507,18,0,0;       865P    570
508,4,0,2507,20,1,0,0,2507,15,1,0,0,2507,43,0,0,0,2507,38,0,0;       867P    571
508,4,0,2507,62,1,0,0,2507,64,1,0,0,2507,55,1,0,0,2507,65,1,0;       869P    572
508,4,0,2509,1,1,0,0,2509,2,1,0,0,2509,3,0,0,0,2509,2,0,0;           871P    573
508,1,0,2509,1,0,0;                                                  873P    574
508,4,0,2509,4,0,0,0,2509,5,1,0,0,2509,6,0,0,0,2509,5,0,0;           875P    575
508,1,0,2509,4,1,0;                                                  877P    576
508,4,0,2509,7,0,0,0,2509,8,0,0,0,2509,9,0,0,0,2509,10,1,0;          879P    577
508,1,0,2509,3,1,0;                                                  881P    578
508,4,0,2509,7,1,0,0,2509,11,1,0,0,2509,12,1,0,0,2509,13,1,0;        883P    579
508,4,0,2509,14,0,0,0,2509,15,0,0,0,2509,16,0,0,0,2509,17,1,0;       885P    580
508,1,0,2509,6,1,0;                                                  887P    581
508,4,0,2509,14,1,0,0,2509,18,1,0,0,2509,19,1,0,0,2509,20,1,0;       889P    582
508,4,0,2509,20,0,0,0,2509,21,0,0,0,2509,22,0,0,0,2509,15,1,0;       891P    583
508,4,0,2509,19,0,0,0,2509,23,0,0,0,2509,24,0,0,0,2509,21,1,0;       893P    584
508,4,0,2509,18,0,0,0,2509,17,0,0,0,2509,25,0,0,0,2509,23,1,0;       895P    585
508,4,0,2509,12,0,0,0,2509,26,0,0,0,2509,27,0,0,0,2509,28,1,0;       897P    586
508,4,0,2509,11,0,0,0,2509,10,0,0,0,2509,29,0,0,0,2509,26,1,0;       899P    587
508,4,0,2509,13,0,0,0,2509,28,0,0,0,2509,30,0,0,0,2509,8,1,0;        901P    588
508,4,0,2509,31,0,0,0,2509,32,1,0,0,2509,33,0,0,0,2509,32,0,0;       903P    589
508,1,0,2509,33,1,0;                                                 905P    590
508,4,0,2509,34,0,0,0,2509,35,1,0,0,2509,36,1,0,0,2509,35,0,0;       907P    591
508,1,0,2509,36,0,0;                                                 909P    592
508,4,0,2509,37,0,0,0,2509,38,1,0,0,2509,39,0,0,0,2509,40,0,0;       911P    593
508,4,0,2509,41,0,0,0,2509,40,1,0,0,2509,42,0,0,0,2509,43,0,0;       913P    594
508,4,0,2509,44,0,0,0,2509,43,1,0,0,2509,45,0,0,0,2509,46,0,0;       915P    595
508,4,0,2509,47,0,0,0,2509,46,1,0,0,2509,48,0,0,0,2509,38,0,0;       917P    596
508,4,0,2509,48,1,0,0,2509,45,1,0,0,2509,42,1,0,0,2509,39,1,0;       919P    597
508,4,0,2509,49,0,0,0,2509,50,1,0,0,2509,51,1,0,0,2509,52,0,0;       921P    598
508,4,0,2509,53,0,0,0,2509,54,1,0,0,2509,55,1,0,0,2509,56,0,0;       923P    599
508,6,0,2509,55,0,0,0,2509,57,0,0,0,2509,58,0,0,0,2509,59,0,0,0,     925P    600
2509,51,0,0,0,2509,60,0,0;                                           925P    601
508,4,0,2509,37,1,0,0,2509,41,1,0,0,2509,44,1,0,0,2509,47,1,0;       927P    602
508,4,0,2509,49,1,0,0,2509,61,0,0,0,2509,62,0,0,0,2509,63,1,0;       929P    603
508,7,0,2509,64,0,0,0,2509,65,0,0,0,2509,66,1,0,0,2509,67,0,0,0,     931P    604
2509,68,0,0,0,2509,69,0,0,0,2509,70,0,0;                             931P    605
508,1,0,2509,31,1,0;                                                 933P    606
508,4,0,2509,58,1,0,0,2509,67,1,0,0,2509,71,1,0,0,2509,72,0,0;       935P    607
508,7,0,2509,73,0,0,0,2509,74,0,0,0,2509,75,0,0,0,2509,76,1,0,0,     937P    608
2509,72,1,0,0,2509,77,1,0,0,2509,78,0,0;                             937P    609
508,1,0,2509,34,1,0;                                                 939P    610
508,4,0,2509,66,0,0,0,2509,79,0,0,0,2509,77,0,0,0,2509,71,0,0;       941P    611
508,4,0,2509,64,1,0,0,2509,80,1,0,0,2509,81,0,0,0,2509,82,1,0;       943P    612
508,9,0,2509,70,1,0,0,2509,83,1,0,0,2509,84,1,0,0,2509,85,1,0,0,     945P    613
2509,86,1,0,0,2509,87,1,0,0,2509,88,1,0,0,2509,89,1,0,0,2509,80,     945P    614
0,0;                                                                 945P    615
508,6,0,2509,76,0,0,0,2509,90,0,0,0,2509,91,0,0,0,2509,61,1,0,0,     947P    616
2509,52,1,0,0,2509,59,1,0;                                           947P    617
508,3,0,2509,75,1,0,0,2509,92,0,0,0,2509,90,1,0;                     949P    618
508,3,0,2509,69,1,0,0,2509,93,1,0,0,2509,83,0,0;                     951P    619
508,4,0,2509,53,1,0,0,2509,94,1,0,0,2509,85,0,0,0,2509,95,0,0;       953P    620
508,6,0,2509,68,1,0,0,2509,57,1,0,0,2509,54,0,0,0,2509,95,1,0,0,     955P    621
2509,84,0,0,0,2509,93,0,0;                                           955P    622
508,8,0,2509,96,0,0,0,2509,97,0,0,0,2509,86,0,0,0,2509,94,0,0,0,     957P    623
2509,56,1,0,0,2509,60,1,0,0,2509,50,0,0,0,2509,63,0,0;               957P    624
508,9,0,2509,74,1,0,0,2509,98,0,0,0,2509,99,1,0,0,2509,100,1,0,      959P    625
0,2509,101,1,0,0,2509,96,1,0,0,2509,62,1,0,0,2509,91,1,0,0,2509,     959P    626
92,1,0;                                                              959P    627
508,4,0,2509,102,1,0,0,2509,103,1,0,0,2509,81,1,0,0,2509,104,1,      961P    628
0;                                                                   961P    629
508,4,0,2509,73,1,0,0,2509,105,1,0,0,2509,102,0,0,0,2509,98,1,0;     963P    630
508,4,0,2509,104,0,0,0,2509,89,0,0,0,2509,106,1,0,0,2509,99,0,0;     965P    631
508,4,0,2509,16,1,0,0,2509,22,1,0,0,2509,24,1,0,0,2509,25,1,0;       967P    632
508,4,0,2509,27,1,0,0,2509,29,1,0,0,2509,9,1,0,0,2509,30,1,0;        969P    633
508,6,0,2509,65,1,0,0,2509,82,0,0,0,2509,103,0,0,0,2509,105,0,0,     971P    634
0,2509,78,1,0,0,2509,79,1,0;                                         971P    635
508,4,0,2509,107,1,0,0,2509,108,1,0,0,2509,109,1,0,0,2509,110,1,     973P    636
0;                                                                   973P    637
508,4,0,2509,111,1,0,0,2509,112,1,0,0,2509,107,0,0,0,2509,113,1,     975P    638
0;                                                                   975P    639
508,4,0,2509,114,1,0,0,2509,115,1,0,0,2509,111,0,0,0,2509,116,1,     977P    640
0;                                                                   977P    641
508,4,0,2509,109,0,0,0,2509,117,1,0,0,2509,114,0,0,0,2509,118,1,     979P    642
0;                                                                   979P    643
508,4,0,2509,117,0,0,0,2509,119,0,0,0,2509,120,1,0,0,2509,121,0,     981P    644
0;                                                                   981P    645
508,4,0,2509,108,0,0,0,2509,122,1,0,0,2509,123,1,0,0,2509,119,1,     983P    646
0;                                                                   983P    647
508,4,0,2509,110,0,0,0,2509,118,0,0,0,2509,116,0,0,0,2509,113,0,     985P    648
0;                                                                   985P    649
508,4,0,2509,112,0,0,0,2509,124,1,0,0,2509,125,1,0,0,2509,122,0,     987P    650
0;                                                                   987P    651
508,4,0,2509,115,0,0,0,2509,121,1,0,0,2509,126,1,0,0,2509,124,0,     989P    652
0;                                                                   989P    653
508,4,0,2509,88,0,0,0,2509,127,1,0,0,2509,100,0,0,0,2509,106,0,      991P    654
0;                                                                   991P    655
508,4,0,2509,123,0,0,0,2509,125,0,0,0,2509,126,0,0,0,2509,120,0,     993P    656
0;                                                                   993P    657
508,4,0,2509,97,1,0,0,2509,101,0,0,0,2509,127,0,0,0,2509,87,0,0;     995P    658
508,4,0,2511,1,0,0,0,2511,2,1,0,0,2511,3,1,0,0,2511,2,0,0;           997P    659
508,1,0,2511,3,0,0;                                                  999P    660
508,6,0,2511,4,0,0,0,2511,5,0,0,0,2511,6,0,0,0,2511,7,0,0,0,        1001P    661
2511,8,0,0,0,2511,9,0,0;                                            1001P    662
508,7,0,2511,7,1,0,0,2511,10,1,0,0,2511,11,0,0,0,2511,12,0,0,0,     1003P    663
2511,13,0,0,0,2511,14,1,0,0,2511,15,1,0;                            1003P    664
508,4,0,2511,6,1,0,0,2511,16,0,0,0,2511,17,0,0,0,2511,10,0,0;       1005P    665
508,1,0,2511,1,1,0;                                                 1007P    666
508,7,0,2511,5,1,0,0,2511,18,1,0,0,2511,19,1,0,0,2511,20,0,0,0,     1009P    667
2511,21,0,0,0,2511,22,0,0,0,2511,16,1,0;                            1009P    668
508,4,0,2511,23,0,0,0,2511,24,1,0,0,2511,25,0,0,0,2511,24,0,0;      1011P    669
508,4,0,2511,8,1,0,0,2511,15,0,0,0,2511,26,1,0,0,2511,27,0,0;       1013P    670
508,1,0,2511,23,1,0;                                                1015P    671
508,4,0,2511,14,0,0,0,2511,28,0,0,0,2511,29,0,0,0,2511,26,0,0;      1017P    672
508,4,0,2511,4,1,0,0,2511,30,0,0,0,2511,31,0,0,0,2511,18,0,0;       1019P    673
508,1,0,2511,25,1,0;                                                1021P    674
508,4,0,2511,32,0,0,0,2511,19,0,0,0,2511,31,1,0,0,2511,33,0,0;      1023P    675
508,8,0,2511,9,1,0,0,2511,27,1,0,0,2511,29,1,0,0,2511,34,0,0,0,     1025P    676
2511,35,0,0,0,2511,36,0,0,0,2511,33,1,0,0,2511,30,1,0;              1025P    677
508,4,0,2511,32,1,0,0,2511,36,1,0,0,2511,37,1,0,0,2511,20,1,0;      1027P    678
508,4,0,2511,37,0,0,0,2511,38,1,0,0,2511,39,1,0,0,2511,21,1,0;      1029P    679
508,4,0,2511,40,1,0,0,2511,22,1,0,0,2511,39,0,0,0,2511,41,1,0;      1031P    680
508,4,0,2511,42,1,0,0,2511,17,1,0,0,2511,40,0,0,0,2511,43,1,0;      1033P    681
508,4,0,2511,44,1,0,0,2511,11,1,0,0,2511,42,0,0,0,2511,45,1,0;      1035P    682
508,4,0,2511,44,0,0,0,2511,46,1,0,0,2511,47,1,0,0,2511,12,1,0;      1037P    683
508,4,0,2511,28,1,0,0,2511,13,1,0,0,2511,47,0,0,0,2511,34,1,0;      1039P    684
508,4,0,2511,45,0,0,0,2511,43,0,0,0,2511,41,0,0,0,2511,48,0,0;      1041P    685
508,4,0,2511,46,0,0,0,2511,48,1,0,0,2511,38,0,0,0,2511,35,1,0;      1043P    686
126,8,2,0,1,0,0,-3.14159265358979,-3.14159265358979,                1045P    687
-3.14159265358979,-1.5707963267949,-1.5707963267949,0.,0.,          1045P    688
1.5707963267949,1.5707963267949,3.14159265358979,                   1045P    689
3.14159265358979,3.14159265358979,1.,0.707106781186547,1.,          1045P    690
0.707106781186547,1.,0.707106781186547,1.,0.707106781186547,1.,     1045P    691
-12.5,29.5,18.261467228243,-12.5,29.5,19.261467228243,-12.5,        1045P    692
28.5,19.261467228243,-12.5,27.5,19.261467228243,-12.5,27.5,         1045P    693
18.261467228243,-12.5,27.5,17.261467228243,-12.5,28.5,              1045P    694
17.261467228243,-12.5,29.5,17.261467228243,-12.5,29.5,              1045P    695
18.261467228243,-3.14159265358979,3.14159265358979,0.,0.,0.;        1045P    696
126,1,1,0,0,1,0,-12.5,-12.5,12.5,12.5,1.,1.,-12.5,29.5,             1047P    697
18.261467228243,12.5,29.5,18.261467228243,-12.5,12.5,0.,0.,0.;      1047P    698
126,8,2,0,1,0,0,-3.14159265358979,-3.14159265358979,                1049P    699
-3.14159265358979,-1.5707963267949,-1.5707963267949,0.,0.,          1049P    700
1.5707963267949,1.5707963267949,3.14159265358979,                   1049P    701
3.14159265358979,3.14159265358979,1.,0.707106781186547,1.,          1049P    702
0.707106781186547,1.,0.707106781186547,1.,0.707106781186547,1.,     1049P    703
12.5,29.5,18.261467228243,12.5,29.5,17.261467228243,12.5,28.5,      1049P    704
17.261467228243,12.5,27.5,17.261467228243,12.5,27.5,                1049P    705
18.261467228243,12.5,27.5,19.261467228243,12.5,28.5,                1049P    706
19.261467228243,12.5,29.5,19.261467228243,12.5,29.5,                1049P    707
18.261467228243,-3.14159265358979,3.14159265358979,0.,0.,0.;        1049P    708
126,1,1,0,0,1,0,-4.09248115565993,-4.09248115565993,-4.05,-4.05,    1051P    709
1.,1.,82.4248115565993,0.,-1.5,82.,0.,-1.5,-4.09248115565993,       1051P    710
-4.05,0.,0.,0.;                                                     1051P    711
126,1,1,0,0,1,0,-4.,-4.,0.,0.,1.,1.,82.4248115565993,40.,-1.5,      1053P    712
82.4248115565993,0.,-1.5,-4.,0.,0.,0.,0.;                           1053P    713
126,1,1,0,0,1,0,4.05,4.05,4.09248115565993,4.09248115565993,1.,     1055P    714
1.,82.,40.,-1.5,82.4248115565993,40.,-1.5,4.05,4.09248115565993,    1055P    715
0.,0.,0.;                                                           1055P    716
126,1,1,0,0,1,0,0.,0.,4.,4.,1.,1.,82.,40.,-1.5,82.,0.,-1.5,0.,      1057P    717
4.,0.,0.,0.;                                                        1057P    718
126,1,1,0,0,1,0,4.1,4.1,4.14248115565993,4.14248115565993,1.,1.,    1059P    719
82.,0.,1.5,82.4248115565993,0.,1.5,4.1,4.14248115565993,0.,0.,      1059P    720
0.;                                                                 1059P    721
126,1,1,0,0,1,0,0.,0.,4.,4.,1.,1.,82.,40.,1.5,82.,0.,1.5,0.,4.,     1061P    722
0.,0.,0.;                                                           1061P    723
126,1,1,0,0,1,0,-4.14248115565993,-4.14248115565993,-4.1,-4.1,      1063P    724
1.,1.,82.4248115565993,40.,1.5,82.,40.,1.5,-4.14248115565993,       1063P    725
-4.1,0.,0.,0.;                                                      1063P    726
126,1,1,0,0,1,0,0.,0.,4.,4.,1.,1.,82.4248115565993,0.,1.5,          1065P    727
82.4248115565993,40.,1.5,0.,4.,0.,0.,0.;                            1065P    728
126,1,1,0,0,1,0,-0.0749999999999997,-0.0749999999999997,0.225,      1067P    729
0.225,1.,1.,82.,0.,-1.5,82.,0.,1.5,-0.0749999999999997,0.225,0.,    1067P    730
0.,0.;                                                              1067P    731
126,1,1,0,0,1,0,-0.225,-0.225,0.0749999999999997,                   1069P    732
0.0749999999999997,1.,1.,82.,40.,1.5,82.,40.,-1.5,-0.225,           1069P    733
0.0749999999999997,0.,0.,0.;                                        1069P    734
126,2,2,0,0,0,0,0.,0.,0.,1.47062890563334,1.47062890563334,         1071P    735
1.47062890563334,1.,0.741619848709568,1.,67.5,40.,15.,              1071P    736
81.0680105059993,40.,15.,82.4248115565993,40.,1.5,0.,               1071P    737
1.47062890563334,0.,0.,0.;                                          1071P    738
126,1,1,0,0,1,0,0.,0.,4.,4.,1.,1.,67.5,0.,15.,67.5,40.,15.,0.,      1073P    739
4.,0.,0.,0.;                                                        1073P    740
126,2,2,0,0,0,0,0.,0.,0.,1.47062890563334,1.47062890563334,         1075P    741
1.47062890563334,1.,0.741619848709568,1.,67.5,0.,15.,               1075P    742
81.0680105059993,0.,15.,82.4248115565993,0.,1.5,0.,                 1075P    743
1.47062890563334,0.,0.,0.;                                          1075P    744
126,2,2,0,0,0,0,1.67096374795646,1.67096374795646,                  1077P    745
1.67096374795646,3.14159265358979,3.14159265358979,                 1077P    746
3.14159265358979,1.,0.741619848709566,1.,82.4248115565993,0.,       1077P    747
-1.5,81.0680105059994,0.,-15.,67.5,0.,-15.,1.67096374795646,        1077P    748
3.14159265358979,0.,0.,0.;                                          1077P    749
126,1,1,0,0,1,0,0.,0.,4.,4.,1.,1.,67.5,0.,-15.,67.5,40.,-15.,0.,    1079P    750
4.,0.,0.,0.;                                                        1079P    751
126,2,2,0,0,0,0,1.67096374795646,1.67096374795646,                  1081P    752
1.67096374795646,3.14159265358979,3.14159265358979,                 1081P    753
3.14159265358979,1.,0.741619848709566,1.,82.4248115565993,40.,      1081P    754
-1.5,81.0680105059994,40.,-15.,67.5,40.,-15.,1.67096374795646,      1081P    755
3.14159265358979,0.,0.,0.;                                          1081P    756
126,1,1,0,0,1,0,0.,0.,13.5,13.5,1.,1.,-67.5,0.,15.,67.5,0.,15.,     1083P    757
0.,13.5,0.,0.,0.;                                                   1083P    758
126,2,2,0,0,0,0,1.67096374795646,1.67096374795646,                  1085P    759
1.67096374795646,3.14159265358979,3.14159265358979,                 1085P    760
3.14159265358979,1.,0.741619848709569,1.,-82.4248115565993,0.,      1085P    761
1.5,-81.0680105059993,0.,15.,-67.5,0.,15.,1.67096374795646,         1085P    762
3.14159265358979,0.,0.,0.;                                          1085P    763
126,1,1,0,0,1,0,-4.14248115565993,-4.14248115565993,-4.1,-4.1,      1087P    764
1.,1.,-82.4248115565993,0.,1.5,-82.,0.,1.5,-4.14248115565993,       1087P    765
-4.1,0.,0.,0.;                                                      1087P    766
126,1,1,0,0,1,0,-0.225,-0.225,0.0749999999999997,                   1089P    767
0.0749999999999997,1.,1.,-82.,0.,1.5,-82.,0.,-1.5,-0.225,           1089P    768
0.0749999999999997,0.,0.,0.;                                        1089P    769
126,1,1,0,0,1,0,4.05,4.05,4.09248115565993,4.09248115565993,1.,     1091P    770
1.,-82.,0.,-1.5,-82.4248115565993,0.,-1.5,4.05,4.09248115565993,    1091P    771
0.,0.,0.;                                                           1091P    772
126,2,2,0,0,0,0,0.,0.,0.,1.47062890563334,1.47062890563334,         1093P    773
1.47062890563334,1.,0.741619848709566,1.,-67.5,0.,-15.,             1093P    774
-81.0680105059993,0.,-15.,-82.4248115565993,0.,-1.5,0.,             1093P    775
1.47062890563334,0.,0.,0.;                                          1093P    776
126,1,1,0,0,1,0,0.,0.,13.5,13.5,1.,1.,67.5,0.,-15.,-67.5,0.,        1095P    777
-15.,0.,13.5,0.,0.,0.;                                              1095P    778
126,4,2,0,0,0,0,2.61228946970625D-15,2.61228946970625D-15,          1097P    779
2.61228946970625D-15,1.5707963267949,1.5707963267949,               1097P    780
3.14159265358979,3.14159265358979,3.14159265358979,1.,              1097P    781
0.707106781186549,1.,0.70710678118655,1.,-67.5,0.,-13.6,-81.1,      1097P    782
0.,-13.6,-81.1,0.,3.58582095836666D-15,-81.1,0.,13.6,-67.5,0.,      1097P    783
13.6,2.61228946970625D-15,3.14159265358979,0.,0.,0.;                1097P    784
126,1,1,0,0,1,0,-3.375,-3.375,10.125,10.125,1.,1.,-67.5,0.,13.6,    1099P    785
67.5,0.,13.6,-3.375,10.125,0.,0.,0.;                                1099P    786
126,4,2,0,0,0,0,0.,0.,0.,1.5707963267949,1.5707963267949,           1101P    787
3.14159265358979,3.14159265358979,3.14159265358979,1.,              1101P    788
0.707106781186548,1.,0.707106781186548,1.,67.5,0.,13.6,81.1,0.,     1101P    789
13.6,81.1,0.,-1.16366625511623D-14,81.1,0.,-13.6,67.5,0.,-13.6,     1101P    790
0.,3.14159265358979,0.,0.,0.;                                       1101P    791
126,1,1,0,0,1,0,-3.375,-3.375,10.125,10.125,1.,1.,67.5,0.,-13.6,    1103P    792
-67.5,0.,-13.6,-3.375,10.125,0.,0.,0.;                              1103P    793
126,1,1,0,0,1,0,0.,0.,4.,4.,1.,1.,-82.,40.,-1.5,-82.,0.,-1.5,0.,    1105P    794
4.,0.,0.,0.;                                                        1105P    795
126,1,1,0,0,1,0,-4.09248115565993,-4.09248115565993,-4.05,-4.05,    1107P    796
1.,1.,-82.4248115565993,40.,-1.5,-82.,40.,-1.5,                     1107P    797
-4.09248115565993,-4.05,0.,0.,0.;                                   1107P    798
126,1,1,0,0,1,0,0.,0.,4.,4.,1.,1.,-82.4248115565993,0.,-1.5,        1109P    799
-82.4248115565993,40.,-1.5,0.,4.,0.,0.,0.;                          1109P    800
126,1,1,0,0,1,0,-4.,-4.,0.,0.,1.,1.,-82.4248115565993,40.,1.5,      1111P    801
-82.4248115565993,0.,1.5,-4.,0.,0.,0.,0.;                           1111P    802
126,1,1,0,0,1,0,4.1,4.1,4.14248115565993,4.14248115565993,1.,1.,    1113P    803
-82.,40.,1.5,-82.4248115565993,40.,1.5,4.1,4.14248115565993,0.,     1113P    804
0.,0.;                                                              1113P    805
126,1,1,0,0,1,0,0.,0.,4.,4.,1.,1.,-82.,40.,1.5,-82.,0.,1.5,0.,      1115P    806
4.,0.,0.,0.;                                                        1115P    807
126,1,1,0,0,1,0,-0.0749999999999997,-0.0749999999999997,0.225,      1117P    808
0.225,1.,1.,-82.,40.,-1.5,-82.,40.,1.5,-0.0749999999999997,         1117P    809
0.225,0.,0.,0.;                                                     1117P    810
126,1,1,0,0,1,0,0.,0.,4.,4.,1.,1.,-67.5,0.,15.,-67.5,40.,15.,0.,    1119P    811
4.,0.,0.,0.;                                                        1119P    812
126,2,2,0,0,0,0,1.67096374795646,1.67096374795646,                  1121P    813
1.67096374795646,3.14159265358979,3.14159265358979,                 1121P    814
3.14159265358979,1.,0.741619848709569,1.,-82.4248115565993,40.,     1121P    815
1.5,-81.0680105059993,40.,15.,-67.5,40.,15.,1.67096374795646,       1121P    816
3.14159265358979,0.,0.,0.;                                          1121P    817
126,2,2,0,0,0,0,0.,0.,0.,1.47062890563334,1.47062890563334,         1123P    818
1.47062890563334,1.,0.741619848709566,1.,-67.5,40.,-15.,            1123P    819
-81.0680105059993,40.,-15.,-82.4248115565993,40.,-1.5,0.,           1123P    820
1.47062890563334,0.,0.,0.;                                          1123P    821
126,1,1,0,0,1,0,0.,0.,4.,4.,1.,1.,-67.5,0.,-15.,-67.5,40.,-15.,     1125P    822
0.,4.,0.,0.,0.;                                                     1125P    823
126,1,1,0,0,1,0,0.,0.,13.5,13.5,1.,1.,67.5,40.,-15.,-67.5,40.,      1127P    824
-15.,0.,13.5,0.,0.,0.;                                              1127P    825
126,1,1,0,0,1,0,0.,0.,13.5,13.5,1.,1.,-67.5,40.,15.,67.5,40.,       1129P    826
15.,0.,13.5,0.,0.,0.;                                               1129P    827
126,4,2,0,0,0,0,0.,0.,0.,1.5707963267949,1.5707963267949,           1131P    828
3.14159265358979,3.14159265358979,3.14159265358979,1.,              1131P    829
0.707106781186548,1.,0.707106781186548,1.,67.5,40.,-13.5,81.,       1131P    830
40.,-13.5,81.,40.,-1.32960589640069D-14,81.,40.,13.5,67.5,40.,      1131P    831
13.5,0.,3.14159265358979,0.,0.,0.;                                  1131P    832
126,1,1,0,0,1,0,-3.375,-3.375,10.125,10.125,1.,1.,67.5,40.,13.5,    1133P    833
-67.5,40.,13.5,-3.375,10.125,0.,0.,0.;                              1133P    834
126,4,2,0,0,0,0,2.63163976207444D-15,2.63163976207444D-15,          1135P    835
2.63163976207444D-15,1.5707963267949,1.5707963267949,               1135P    836
3.14159265358979,3.14159265358979,3.14159265358979,1.,              1135P    837
0.707106781186549,1.,0.70710678118655,1.,-67.5,40.,13.5,-81.,       1135P    838
40.,13.5,-81.,40.,4.66790139840621D-15,-81.,40.,-13.5,-67.5,40.,    1135P    839
-13.5,2.63163976207444D-15,3.14159265358979,0.,0.,0.;               1135P    840
126,1,1,0,0,1,0,-3.375,-3.375,10.125,10.125,1.,1.,-67.5,40.,        1137P    841
-13.5,67.5,40.,-13.5,-3.375,10.125,0.,0.,0.;                        1137P    842
126,2,2,0,0,0,0,-0.785398163397449,-0.785398163397449,              1139P    843
-0.785398163397449,0.785398163397448,0.785398163397448,             1139P    844
0.785398163397448,1.,0.707106781186544,1.,12.5,25.,18.,12.5,25.,    1139P    845
21.,12.5,28.,21.,-0.785398163397449,0.785398163397448,0.,0.,0.;     1139P    846
126,1,1,0,0,1,0,-1.875,-1.875,0.625,0.625,1.,1.,12.5,28.,21.,       1141P    847
-12.5,28.,21.,-1.875,0.625,0.,0.,0.;                                1141P    848
126,2,2,0,0,0,0,-0.785398163397448,-0.785398163397448,              1143P    849
-0.785398163397448,0.785398163397449,0.785398163397449,             1143P    850
0.785398163397449,1.,0.707106781186547,1.,-12.5,28.,21.,-12.5,      1143P    851
25.,21.,-12.5,25.,18.,-0.785398163397448,0.785398163397449,0.,      1143P    852
0.,0.;                                                              1143P    853
126,1,1,0,0,1,0,-0.625,-0.625,1.875,1.875,1.,1.,-12.5,25.,18.,      1145P    854
12.5,25.,18.,-0.625,1.875,0.,0.,0.;                                 1145P    855
126,1,1,0,0,1,0,-0.4,-0.4,-0.3,-0.3,1.,1.,-12.5,29.,21.,-12.5,      1147P    856
28.,21.,-0.4,-0.3,0.,0.,0.;                                         1147P    857
126,2,2,0,0,0,0,-0.785398163397448,-0.785398163397448,              1149P    858
-0.785398163397448,0.785398163397448,0.785398163397448,             1149P    859
0.785398163397448,1.,0.707106781186547,1.,-12.5,32.,18.,-12.5,      1149P    860
32.,21.,-12.5,29.,21.,-0.785398163397448,0.785398163397448,0.,      1149P    861
0.,0.;                                                              1149P    862
126,1,1,0,0,1,0,0.,0.,0.3,0.3,1.,1.,-12.5,32.,15.,-12.5,32.,18.,    1151P    863
0.,0.3,0.,0.,0.;                                                    1151P    864
126,1,1,0,0,1,0,0.9,0.9,1.6,1.6,1.,1.,-12.5,25.,15.,-12.5,32.,      1153P    865
15.,0.9,1.6,0.,0.,0.;                                               1153P    866
126,1,1,0,0,1,0,0.,0.,0.3,0.3,1.,1.,-12.5,25.,15.,-12.5,25.,18.,    1155P    867
0.,0.3,0.,0.,0.;                                                    1155P    868
126,1,1,0,0,1,0,-0.4,-0.4,-0.3,-0.3,1.,1.,12.5,28.,21.,12.5,29.,    1157P    869
21.,-0.4,-0.3,0.,0.,0.;                                             1157P    870
126,1,1,0,0,1,0,-1.875,-1.875,0.625,0.625,1.,1.,-12.5,29.,21.,      1159P    871
12.5,29.,21.,-1.875,0.625,0.,0.,0.;                                 1159P    872
126,2,2,0,0,0,0,-0.785398163397448,-0.785398163397448,              1161P    873
-0.785398163397448,0.785398163397448,0.785398163397448,             1161P    874
0.785398163397448,1.,0.707106781186547,1.,12.5,29.,21.,12.5,32.,    1161P    875
21.,12.5,32.,18.,-0.785398163397448,0.785398163397448,0.,0.,0.;     1161P    876
126,1,1,0,0,1,0,-0.625,-0.625,1.875,1.875,1.,1.,12.5,32.,18.,       1163P    877
-12.5,32.,18.,-0.625,1.875,0.,0.,0.;                                1163P    878
126,1,1,0,0,1,0,0.,0.,0.3,0.3,1.,1.,12.5,25.,15.,12.5,25.,18.,      1165P    879
0.,0.3,0.,0.,0.;                                                    1165P    880
126,1,1,0,0,1,0,-1.95,-1.95,-1.25,-1.25,1.,1.,12.5,32.,15.,12.5,    1167P    881
25.,15.,-1.95,-1.25,0.,0.,0.;                                       1167P    882
126,1,1,0,0,1,0,0.,0.,0.3,0.3,1.,1.,12.5,32.,15.,12.5,32.,18.,      1169P    883
0.,0.3,0.,0.,0.;                                                    1169P    884
126,1,1,0,0,1,0,-5.25,-5.25,-2.75,-2.75,1.,1.,12.5,25.,15.,         1171P    885
-12.5,25.,15.,-5.25,-2.75,0.,0.,0.;                                 1171P    886
126,1,1,0,0,1,0,1.5,1.5,4.,4.,1.,1.,-12.5,32.,15.,12.5,32.,15.,     1173P    887
1.5,4.,0.,0.,0.;                                                    1173P    888
126,1,1,0,0,1,0,-0.81,-0.81,-0.71,-0.71,1.,1.,-1.03527618041009,    1175P    889
-7.,-8.13870330515628,-1.03527618041009,-6.,-8.13870330515628,      1175P    890
-0.81,-0.71,0.,0.,0.;                                               1175P    891
126,1,1,0,0,1,0,0.00500000000000001,0.00500000000000001,0.18,       1177P    892
0.18,1.,1.,-1.03527618041009,-7.,-8.13870330515628,                 1177P    893
-0.582342851480673,-7.,-6.44833310915041,0.00500000000000001,       1177P    894
0.18,0.,0.,0.;                                                      1177P    895
126,1,1,0,0,1,0,0.,0.,0.1,0.1,1.,1.,-0.582342851480673,-7.,         1179P    896
-6.44833310915041,-0.582342851480673,-6.,-6.44833310915041,0.,      1179P    897
0.1,0.,0.,0.;                                                       1179P    898
126,1,1,0,0,1,0,-0.18,-0.18,-0.005,-0.005,1.,1.,                    1181P    899
-0.582342851480673,-6.,-6.44833310915041,-1.03527618041009,-6.,     1181P    900
-8.13870330515628,-0.18,-0.005,0.,0.,0.;                            1181P    901
126,2,2,0,0,0,0,-1.30899693899575,-1.30899693899575,                1183P    902
-1.30899693899575,-0.26179938779915,-0.26179938779915,              1183P    903
-0.26179938779915,1.,0.866025403784438,1.,-1.03527618041008,-6.,    1183P    904
-8.13870330515628,-3.26598632371091,-6.,-7.54098632371091,          1183P    905
-3.86370330515627,-6.,-5.31027618041009,-1.30899693899575,          1183P    906
-0.26179938779915,0.,0.,0.;                                         1183P    907
126,2,2,0,0,0,0,1.83259571459405,1.83259571459405,                  1185P    908
1.83259571459405,2.87979326579064,2.87979326579064,                 1185P    909
2.87979326579064,1.,0.86602540378444,1.,-2.1733331091504,-6.,       1185P    910
-4.85734285148068,-1.83711730708738,-6.,-6.11211730708739,          1185P    911
-0.582342851480674,-6.,-6.44833310915041,1.83259571459405,          1185P    912
2.87979326579064,0.,0.,0.;                                          1185P    913
126,1,1,0,0,1,0,-0.175,-0.175,0.,0.,1.,1.,-3.86370330515627,-6.,    1187P    914
-5.31027618041009,-2.1733331091504,-6.,-4.85734285148068,-0.175,    1187P    915
0.,0.,0.,0.;                                                        1187P    916
126,2,2,0,0,0,0,-2.87979326579064,-2.87979326579064,                1189P    917
-2.87979326579064,-1.83259571459405,-1.83259571459405,              1189P    918
-1.83259571459405,1.,0.86602540378444,1.,-0.582342851480674,-7.,    1189P    919
-6.44833310915041,-1.83711730708738,-7.,-6.11211730708739,          1189P    920
-2.1733331091504,-7.,-4.85734285148068,-2.87979326579064,           1189P    921
-1.83259571459405,0.,0.,0.;                                         1189P    922
126,1,1,0,0,1,0,0.,0.,0.1,0.1,1.,1.,-2.1733331091504,-7.,           1191P    923
-4.85734285148068,-2.1733331091504,-6.,-4.85734285148068,0.,0.1,    1191P    924
0.,0.,0.;                                                           1191P    925
126,1,1,0,0,1,0,0.71,0.71,0.81,0.81,1.,1.,-3.86370330515627,-6.,    1193P    926
-5.31027618041009,-3.86370330515627,-7.,-5.31027618041009,0.71,     1193P    927
0.81,0.,0.,0.;                                                      1193P    928
126,1,1,0,0,1,0,0.,0.,0.175,0.175,1.,1.,-2.1733331091504,-7.,       1195P    929
-4.85734285148068,-3.86370330515627,-7.,-5.31027618041009,0.,       1195P    930
0.175,0.,0.,0.;                                                     1195P    931
126,2,2,0,0,0,0,0.26179938779915,0.26179938779915,                  1197P    932
0.26179938779915,1.30899693899575,1.30899693899575,                 1197P    933
1.30899693899575,1.,0.866025403784438,1.,-3.86370330515627,-7.,     1197P    934
-5.31027618041009,-3.26598632371091,-7.,-7.54098632371091,          1197P    935
-1.03527618041008,-7.,-8.13870330515628,0.26179938779915,           1197P    936
1.30899693899575,0.,0.,0.;                                          1197P    937
126,1,1,0,0,1,0,-0.81,-0.81,-0.71,-0.71,1.,1.,-3.86370330515627,    1199P    938
-7.,-3.23972381958993,-3.86370330515627,-6.,-3.23972381958993,      1199P    939
-0.81,-0.71,0.,0.,0.;                                               1199P    940
126,1,1,0,0,1,0,0.00499999999999995,0.00499999999999995,0.18,       1201P    941
0.18,1.,1.,-3.86370330515627,-7.,-3.23972381958993,                 1201P    942
-2.1733331091504,-7.,-3.69265714851934,0.00499999999999995,0.18,    1201P    943
0.,0.,0.;                                                           1201P    944
126,1,1,0,0,1,0,0.,0.,0.1,0.1,1.,1.,-2.1733331091504,-7.,           1203P    945
-3.69265714851934,-2.1733331091504,-6.,-3.69265714851934,0.,0.1,    1203P    946
0.,0.,0.;                                                           1203P    947
126,1,1,0,0,1,0,-0.18,-0.18,-0.00499999999999995,                   1205P    948
-0.00499999999999995,1.,1.,-2.1733331091504,-6.,                    1205P    949
-3.69265714851934,-3.86370330515627,-6.,-3.23972381958993,-0.18,    1205P    950
-0.00499999999999995,0.,0.,0.;                                      1205P    951
126,2,2,0,0,0,0,0.26179938779915,0.26179938779915,                  1207P    952
0.26179938779915,1.30899693899575,1.30899693899575,                 1207P    953
1.30899693899575,1.,0.866025403784437,1.,-3.86370330515627,-6.,     1207P    954
-3.23972381958993,-3.2659863237109,-6.,-1.00901367628911,           1207P    955
-1.03527618041008,-6.,-0.411296694843736,0.26179938779915,          1207P    956
1.30899693899575,0.,0.,0.;                                          1207P    957
126,2,2,0,0,0,0,1.83259571459405,1.83259571459405,                  1209P    958
1.83259571459405,2.87979326579064,2.87979326579064,                 1209P    959
2.87979326579064,1.,0.866025403784437,1.,-0.582342851480673,-6.,    1209P    960
-2.10166689084961,-1.83711730708738,-6.,-2.43788269291263,          1209P    961
-2.1733331091504,-6.,-3.69265714851934,1.83259571459405,            1209P    962
2.87979326579064,0.,0.,0.;                                          1209P    963
126,1,1,0,0,1,0,-0.175,-0.175,0.,0.,1.,1.,-1.03527618041008,-6.,    1211P    964
-0.411296694843736,-0.582342851480673,-6.,-2.10166689084961,        1211P    965
-0.175,0.,0.,0.,0.;                                                 1211P    966
126,2,2,0,0,0,0,-2.87979326579064,-2.87979326579064,                1213P    967
-2.87979326579064,-1.83259571459405,-1.83259571459405,              1213P    968
-1.83259571459405,1.,0.866025403784437,1.,-2.1733331091504,-7.,     1213P    969
-3.69265714851934,-1.83711730708738,-7.,-2.43788269291263,          1213P    970
-0.582342851480673,-7.,-2.10166689084961,-2.87979326579064,         1213P    971
-1.83259571459405,0.,0.,0.;                                         1213P    972
126,1,1,0,0,1,0,0.,0.,0.1,0.1,1.,1.,-0.582342851480673,-7.,         1215P    973
-2.10166689084961,-0.582342851480673,-6.,-2.10166689084961,0.,      1215P    974
0.1,0.,0.,0.;                                                       1215P    975
126,1,1,0,0,1,0,0.71,0.71,0.81,0.81,1.,1.,-1.03527618041008,-6.,    1217P    976
-0.411296694843736,-1.03527618041008,-7.,-0.411296694843736,        1217P    977
0.71,0.81,0.,0.,0.;                                                 1217P    978
126,1,1,0,0,1,0,0.,0.,0.175,0.175,1.,1.,-0.582342851480673,-7.,     1219P    979
-2.10166689084961,-1.03527618041008,-7.,-0.411296694843736,0.,      1219P    980
0.175,0.,0.,0.;                                                     1219P    981
126,2,2,0,0,0,0,-1.30899693899575,-1.30899693899575,                1221P    982
-1.30899693899575,-0.26179938779915,-0.26179938779915,              1221P    983
-0.26179938779915,1.,0.866025403784437,1.,-1.03527618041008,-7.,    1221P    984
-0.411296694843736,-3.2659863237109,-7.,-1.00901367628911,          1221P    985
-3.86370330515627,-7.,-3.23972381958993,-1.30899693899575,          1221P    986
-0.26179938779915,0.,0.,0.;                                         1221P    987
126,1,1,0,0,1,0,-0.81,-0.81,-0.71,-0.71,1.,1.,1.03527618041008,     1223P    988
-7.,-0.411296694843736,1.03527618041008,-6.,-0.411296694843736,     1223P    989
-0.81,-0.71,0.,0.,0.;                                               1223P    990
126,1,1,0,0,1,0,0.00500000000000002,0.00500000000000002,0.18,       1225P    991
0.18,1.,1.,1.03527618041008,-7.,-0.411296694843737,                 1225P    992
0.582342851480671,-7.,-2.10166689084961,0.00500000000000002,        1225P    993
0.18,0.,0.,0.;                                                      1225P    994
126,1,1,0,0,1,0,0.,0.,0.1,0.1,1.,1.,0.582342851480671,-7.,          1227P    995
-2.10166689084961,0.582342851480671,-6.,-2.10166689084961,0.,       1227P    996
0.1,0.,0.,0.;                                                       1227P    997
126,1,1,0,0,1,0,-0.18,-0.18,-0.00500000000000003,                   1229P    998
-0.00500000000000003,1.,1.,0.582342851480671,-6.,                   1229P    999
-2.10166689084961,1.03527618041008,-6.,-0.411296694843737,-0.18,    1229P   1000
-0.00500000000000003,0.,0.,0.;                                      1229P   1001
126,2,2,0,0,0,0,1.83259571459405,1.83259571459405,                  1231P   1002
1.83259571459405,2.87979326579064,2.87979326579064,                 1231P   1003
2.87979326579064,1.,0.866025403784439,1.,1.03527618041008,-6.,      1231P   1004
-0.411296694843736,3.2659863237109,-6.,-1.00901367628911,           1231P   1005
3.86370330515627,-6.,-3.23972381958993,1.83259571459405,            1231P   1006
2.87979326579064,0.,0.,0.;                                          1231P   1007
126,2,2,0,0,0,0,1.83259571459405,1.83259571459405,                  1233P   1008
1.83259571459405,2.87979326579064,2.87979326579064,                 1233P   1009
2.87979326579064,1.,0.86602540378444,1.,2.1733331091504,-6.,        1233P   1010
-3.69265714851934,1.83711730708738,-6.,-2.43788269291263,           1233P   1011
0.582342851480671,-6.,-2.10166689084961,1.83259571459405,           1233P   1012
2.87979326579064,0.,0.,0.;                                          1233P   1013
126,1,1,0,0,1,0,-0.175,-0.175,0.,0.,1.,1.,3.86370330515627,-6.,     1235P   1014
-3.23972381958993,2.1733331091504,-6.,-3.69265714851934,-0.175,     1235P   1015
0.,0.,0.,0.;                                                        1235P   1016
126,2,2,0,0,0,0,-2.87979326579064,-2.87979326579064,                1237P   1017
-2.87979326579064,-1.83259571459405,-1.83259571459405,              1237P   1018
-1.83259571459405,1.,0.86602540378444,1.,0.582342851480671,-7.,     1237P   1019
-2.10166689084961,1.83711730708738,-7.,-2.43788269291263,           1237P   1020
2.1733331091504,-7.,-3.69265714851934,-2.87979326579064,            1237P   1021
-1.83259571459405,0.,0.,0.;                                         1237P   1022
126,1,1,0,0,1,0,0.,0.,0.1,0.1,1.,1.,2.1733331091504,-7.,            1239P   1023
-3.69265714851934,2.1733331091504,-6.,-3.69265714851934,0.,0.1,     1239P   1024
0.,0.,0.;                                                           1239P   1025
126,1,1,0,0,1,0,0.71,0.71,0.81,0.81,1.,1.,3.86370330515627,-6.,     1241P   1026
-3.23972381958993,3.86370330515627,-7.,-3.23972381958993,0.71,      1241P   1027
0.81,0.,0.,0.;                                                      1241P   1028
126,1,1,0,0,1,0,0.,0.,0.175,0.175,1.,1.,2.1733331091504,-7.,        1243P   1029
-3.69265714851934,3.86370330515627,-7.,-3.23972381958993,0.,        1243P   1030
0.175,0.,0.,0.;                                                     1243P   1031
126,2,2,0,0,0,0,-2.87979326579064,-2.87979326579064,                1245P   1032
-2.87979326579064,-1.83259571459405,-1.83259571459405,              1245P   1033
-1.83259571459405,1.,0.866025403784439,1.,3.86370330515627,-7.,     1245P   1034
-3.23972381958993,3.2659863237109,-7.,-1.00901367628911,            1245P   1035
1.03527618041008,-7.,-0.411296694843736,-2.87979326579064,          1245P   1036
-1.83259571459405,0.,0.,0.;                                         1245P   1037
126,1,1,0,0,1,0,-0.81,-0.81,-0.71,-0.71,1.,1.,3.86370330515627,     1247P   1038
-7.,-5.31027618041009,3.86370330515627,-6.,-5.31027618041009,       1247P   1039
-0.81,-0.71,0.,0.,0.;                                               1247P   1040
126,1,1,0,0,1,0,0.00500000000000007,0.00500000000000007,0.18,       1249P   1041
0.18,1.,1.,3.86370330515627,-7.,-5.31027618041009,                  1249P   1042
2.1733331091504,-7.,-4.85734285148068,0.00500000000000007,0.18,     1249P   1043
0.,0.,0.;                                                           1249P   1044
126,1,1,0,0,1,0,0.,0.,0.1,0.1,1.,1.,2.1733331091504,-7.,            1251P   1045
-4.85734285148068,2.1733331091504,-6.,-4.85734285148068,0.,0.1,     1251P   1046
0.,0.,0.;                                                           1251P   1047
126,1,1,0,0,1,0,-0.18,-0.18,-0.00500000000000006,                   1253P   1048
-0.00500000000000006,1.,1.,2.1733331091504,-6.,                     1253P   1049
-4.85734285148068,3.86370330515627,-6.,-5.31027618041009,-0.18,     1253P   1050
-0.00500000000000006,0.,0.,0.;                                      1253P   1051
126,2,2,0,0,0,0,-2.87979326579064,-2.87979326579064,                1255P   1052
-2.87979326579064,-1.83259571459405,-1.83259571459405,              1255P   1053
-1.83259571459405,1.,0.866025403784437,1.,3.86370330515627,-6.,     1255P   1054
-5.31027618041009,3.2659863237109,-6.,-7.54098632371091,            1255P   1055
1.03527618041008,-6.,-8.13870330515628,-2.87979326579064,           1255P   1056
-1.83259571459405,0.,0.,0.;                                         1255P   1057
126,2,2,0,0,0,0,1.83259571459405,1.83259571459405,                  1257P   1058
1.83259571459405,2.87979326579064,2.87979326579064,                 1257P   1059
2.87979326579064,1.,0.866025403784438,1.,0.582342851480672,-6.,     1257P   1060
-6.44833310915041,1.83711730708738,-6.,-6.11211730708739,           1257P   1061
2.1733331091504,-6.,-4.85734285148068,1.83259571459405,             1257P   1062
2.87979326579064,0.,0.,0.;                                          1257P   1063
126,1,1,0,0,1,0,-0.175,-0.175,0.,0.,1.,1.,1.03527618041008,-6.,     1259P   1064
-8.13870330515628,0.582342851480671,-6.,-6.44833310915041,          1259P   1065
-0.175,0.,0.,0.,0.;                                                 1259P   1066
126,2,2,0,0,0,0,-2.87979326579064,-2.87979326579064,                1261P   1067
-2.87979326579064,-1.83259571459405,-1.83259571459405,              1261P   1068
-1.83259571459405,1.,0.866025403784438,1.,2.1733331091504,-7.,      1261P   1069
-4.85734285148068,1.83711730708738,-7.,-6.11211730708739,           1261P   1070
0.582342851480672,-7.,-6.44833310915041,-2.87979326579064,          1261P   1071
-1.83259571459405,0.,0.,0.;                                         1261P   1072
126,1,1,0,0,1,0,0.,0.,0.1,0.1,1.,1.,0.582342851480671,-7.,          1263P   1073
-6.44833310915041,0.582342851480671,-6.,-6.44833310915041,0.,       1263P   1074
0.1,0.,0.,0.;                                                       1263P   1075
126,1,1,0,0,1,0,0.71,0.71,0.81,0.81,1.,1.,1.03527618041008,-6.,     1265P   1076
-8.13870330515628,1.03527618041008,-7.,-8.13870330515628,0.71,      1265P   1077
0.81,0.,0.,0.;                                                      1265P   1078
126,1,1,0,0,1,0,0.,0.,0.175,0.175,1.,1.,0.582342851480671,-7.,      1267P   1079
-6.44833310915041,1.03527618041008,-7.,-8.13870330515628,0.,        1267P   1080
0.175,0.,0.,0.;                                                     1267P   1081
126,2,2,0,0,0,0,1.83259571459405,1.83259571459405,                  1269P   1082
1.83259571459405,2.87979326579064,2.87979326579064,                 1269P   1083
2.87979326579064,1.,0.866025403784437,1.,1.03527618041008,-7.,      1269P   1084
-8.13870330515628,3.2659863237109,-7.,-7.54098632371091,            1269P   1085
3.86370330515627,-7.,-5.31027618041009,1.83259571459405,            1269P   1086
2.87979326579064,0.,0.,0.;                                          1269P   1087
126,8,2,0,1,0,0,-3.14159265358979,-3.14159265358979,                1271P   1088
-3.14159265358979,-1.5707963267949,-1.5707963267949,0.,0.,          1271P   1089
1.5707963267949,1.5707963267949,3.14159265358979,                   1271P   1090
3.14159265358979,3.14159265358979,1.,0.707106781186548,1.,          1271P   1091
0.707106781186548,1.,0.707106781186548,1.,0.707106781186548,1.,     1271P   1092
2.25,-38.9,-4.27500000000001,2.25,-38.9,-2.02500000000001,          1271P   1093
-9.70440033372945D-16,-38.9,-2.02500000000001,-2.25,-38.9,          1271P   1094
-2.02500000000001,-2.25,-38.9,-4.27500000000001,-2.25,-38.9,        1271P   1095
-6.52500000000001,-9.70440033372945D-16,-38.9,-6.52500000000001,    1271P   1096
2.25,-38.9,-6.52500000000001,2.25,-38.9,-4.27500000000001,          1271P   1097
-3.14159265358979,3.14159265358979,0.,0.,0.;                        1271P   1098
126,1,1,0,0,1,0,-13.3333333333333,-13.3333333333333,0.,0.,1.,1.,    1273P   1099
2.25,-38.9,-4.27500000000001,2.25,-8.9,-4.27500000000001,           1273P   1100
-13.3333333333333,0.,0.,0.,0.;                                      1273P   1101
126,8,2,0,1,0,0,-3.14159265358979,-3.14159265358979,                1275P   1102
-3.14159265358979,-1.5707963267949,-1.5707963267949,0.,0.,          1275P   1103
1.5707963267949,1.5707963267949,3.14159265358979,                   1275P   1104
3.14159265358979,3.14159265358979,1.,0.707106781186548,1.,          1275P   1105
0.707106781186548,1.,0.707106781186548,1.,0.707106781186548,1.,     1275P   1106
2.25,-8.9,-4.27500000000001,2.25,-8.9,-6.52500000000001,            1275P   1107
-9.70440033372945D-16,-8.9,-6.52500000000001,-2.25,-8.9,            1275P   1108
-6.52500000000001,-2.25,-8.9,-4.27500000000001,-2.25,-8.9,          1275P   1109
-2.02500000000001,-9.70440033372945D-16,-8.9,-2.02500000000001,     1275P   1110
2.25,-8.9,-2.02500000000001,2.25,-8.9,-4.27500000000001,            1275P   1111
-3.14159265358979,3.14159265358979,0.,0.,0.;                        1275P   1112
126,6,2,0,0,0,0,-3.14159265358979,-3.14159265358979,                1277P   1113
-3.14159265358979,-1.5707963267949,-1.5707963267949,0.,0.,          1277P   1114
1.5707963267949,1.5707963267949,1.5707963267949,1.,                 1277P   1115
0.707106781186548,1.,0.707106781186548,1.,0.707106781186548,1.,     1277P   1116
3.5,-8.9,-4.27500000000001,3.5,-8.9,-7.77500000000001,              1277P   1117
-1.04698045831965D-15,-8.9,-7.77500000000001,-3.5,-8.9,             1277P   1118
-7.77500000000001,-3.5,-8.9,-4.27500000000001,-3.5,-8.9,            1277P   1119
-0.77500000000001,-1.04698045831965D-15,-8.9,-0.77500000000001,     1277P   1120
-3.14159265358979,1.5707963267949,0.,0.,0.;                         1277P   1121
126,2,2,0,0,0,0,-1.5707963267949,-1.5707963267949,                  1279P   1122
-1.5707963267949,0.,0.,0.,1.,0.707106781186541,1.,                  1279P   1123
-8.32667268468867D-16,-8.9,-0.775000000000011,                      1279P   1124
-8.32667268468867D-16,-8.9,-0.27500000000001,                       1279P   1125
-8.32667268468867D-16,-8.4,-0.27500000000001,-1.5707963267949,      1279P   1126
0.,0.,0.,0.;                                                        1279P   1127
126,6,2,0,0,0,0,-1.5707963267949,-1.5707963267949,                  1281P   1128
-1.5707963267949,0.,0.,1.5707963267949,1.5707963267949,             1281P   1129
3.14159265358979,3.14159265358979,3.14159265358979,1.,              1281P   1130
0.707106781186548,1.,0.707106781186547,1.,0.707106781186547,1.,     1281P   1131
-1.07759662829834D-15,-8.4,-0.27500000000001,-4.,-8.4,              1281P   1132
-0.27500000000001,-4.,-8.4,-4.27500000000001,-4.,-8.4,              1281P   1133
-8.27500000000001,-1.07759662829834D-15,-8.4,-8.27500000000001,     1281P   1134
4.,-8.4,-8.27500000000001,4.,-8.4,-4.27500000000001,                1281P   1135
-1.5707963267949,3.14159265358979,0.,0.,0.;                         1281P   1136
126,2,2,0,0,0,0,-3.14159265358979,-3.14159265358979,                1283P   1137
-3.14159265358979,-1.5707963267949,-1.5707963267949,                1283P   1138
-1.5707963267949,1.,0.707106781186548,1.,4.,-8.4,                   1283P   1139
-4.27500000000001,4.,-8.4,-0.27500000000001,                        1283P   1140
-1.07759662829834D-15,-8.4,-0.27500000000001,-3.14159265358979,     1283P   1141
-1.5707963267949,0.,0.,0.;                                          1283P   1142
126,2,2,0,0,0,0,1.5707963267949,1.5707963267949,1.5707963267949,    1285P   1143
3.14159265358979,3.14159265358979,3.14159265358979,1.,              1285P   1144
0.707106781186547,1.,-1.04698045831965D-15,-8.9,                    1285P   1145
-0.77500000000001,3.5,-8.9,-0.775000000000009,3.5,-8.9,             1285P   1146
-4.27500000000001,1.5707963267949,3.14159265358979,0.,0.,0.;        1285P   1147
126,1,1,0,0,1,0,-2.375,-2.375,0.,0.,1.,1.,4.,-8.4,                  1287P   1148
-4.27500000000001,4.,1.1,-4.27500000000001,-2.375,0.,0.,0.,0.;      1287P   1149
126,8,2,0,1,0,0,-3.14159265358979,-3.14159265358979,                1289P   1150
-3.14159265358979,-1.5707963267949,-1.5707963267949,0.,0.,          1289P   1151
1.5707963267949,1.5707963267949,3.14159265358979,                   1289P   1152
3.14159265358979,3.14159265358979,1.,0.707106781186547,1.,          1289P   1153
0.707106781186547,1.,0.707106781186548,1.,0.707106781186548,1.,     1289P   1154
4.,1.1,-4.27500000000001,4.,1.1,-8.27500000000001,                  1289P   1155
-1.07759662829834D-15,1.1,-8.27500000000001,-4.,1.1,                1289P   1156
-8.27500000000001,-4.,1.1,-4.27500000000001,-4.,1.1,                1289P   1157
-0.27500000000001,-1.07759662829834D-15,1.1,-0.27500000000001,      1289P   1158
4.,1.1,-0.27500000000001,4.,1.1,-4.27500000000001,                  1289P   1159
-3.14159265358979,3.14159265358979,0.,0.,0.;                        1289P   1160
126,4,2,0,0,0,0,-3.14159265358979,-3.14159265358979,                1291P   1161
-3.14159265358979,-1.5707963267949,-1.5707963267949,0.,0.,0.,1.,    1291P   1162
0.707106781186547,1.,0.707106781186547,1.,2.025,1.,                 1291P   1163
-0.05000000000001,6.25,1.,-0.0500000000000089,6.25,1.,              1291P   1164
-4.27500000000001,6.25,1.,-8.50000000000001,2.025,1.,               1291P   1165
-8.50000000000001,-3.14159265358979,0.,0.,0.,0.;                    1291P   1166
126,1,1,0,0,1,0,0.,0.,0.01,0.01,1.,1.,2.025,1.,                     1293P   1167
-0.0500000000000095,2.025,1.1,-0.0500000000000095,0.,0.01,0.,0.,    1293P   1168
0.;                                                                 1293P   1169
126,4,2,0,0,0,0,-3.14159265358979,-3.14159265358979,                1295P   1170
-3.14159265358979,-1.5707963267949,-1.5707963267949,0.,0.,0.,1.,    1295P   1171
0.707106781186547,1.,0.707106781186547,1.,2.025,1.1,                1295P   1172
-0.05000000000001,6.25,1.1,-0.0500000000000089,6.25,1.1,            1295P   1173
-4.27500000000001,6.25,1.1,-8.50000000000001,2.025,1.1,             1295P   1174
-8.50000000000001,-3.14159265358979,0.,0.,0.,0.;                    1295P   1175
126,1,1,0,0,1,0,0.,0.,0.01,0.01,1.,1.,2.025,1.,                     1297P   1176
-8.50000000000001,2.025,1.1,-8.50000000000001,0.,0.01,0.,0.,0.;     1297P   1177
126,1,1,0,0,1,0,-0.10125,-0.10125,0.30375,0.30375,1.,1.,-2.025,     1299P   1178
1.,-0.0500000000000102,2.025,1.,-0.0500000000000095,-0.10125,       1299P   1179
0.30375,0.,0.,0.;                                                   1299P   1180
126,1,1,0,0,1,0,0.,0.,0.01,0.01,1.,1.,-2.025,1.,                    1301P   1181
-0.0500000000000102,-2.025,1.1,-0.0500000000000102,0.,0.01,0.,      1301P   1182
0.,0.;                                                              1301P   1183
126,1,1,0,0,1,0,-0.405,-0.405,0.,0.,1.,1.,-2.025,1.1,               1303P   1184
-0.0500000000000102,2.025,1.1,-0.0500000000000095,-0.405,0.,0.,     1303P   1185
0.,0.;                                                              1303P   1186
126,4,2,0,0,0,0,-3.14159265358979,-3.14159265358979,                1305P   1187
-3.14159265358979,-1.5707963267949,-1.5707963267949,                1305P   1188
-3.45252663256281D-32,-3.45252663256281D-32,                        1305P   1189
-3.45252663256281D-32,1.,0.707106781186548,1.,0.707106781186548,    1305P   1190
1.,-2.025,1.,-8.50000000000001,-6.25,1.,-8.50000000000001,-6.25,    1305P   1191
1.,-4.27500000000001,-6.25,1.,-0.0500000000000113,-2.025,1.,        1305P   1192
-0.0500000000000106,-3.14159265358979,-3.45252663256281D-32,0.,     1305P   1193
0.,0.;                                                              1305P   1194
126,1,1,0,0,1,0,0.,0.,0.01,0.01,1.,1.,-2.025,1.,                    1307P   1195
-8.50000000000001,-2.025,1.1,-8.50000000000001,0.,0.01,0.,0.,0.;    1307P   1196
126,4,2,0,0,0,0,-3.14159265358979,-3.14159265358979,                1309P   1197
-3.14159265358979,-1.5707963267949,-1.5707963267949,                1309P   1198
-3.45252663256281D-32,-3.45252663256281D-32,                        1309P   1199
-3.45252663256281D-32,1.,0.707106781186548,1.,0.707106781186548,    1309P   1200
1.,-2.025,1.1,-8.50000000000001,-6.25,1.1,-8.50000000000001,        1309P   1201
-6.25,1.1,-4.27500000000001,-6.25,1.1,-0.0500000000000113,          1309P   1202
-2.025,1.1,-0.0500000000000106,-3.14159265358979,                   1309P   1203
-3.45252663256281D-32,0.,0.,0.;                                     1309P   1204
126,1,1,0,0,1,0,-0.10125,-0.10125,0.303750000000001,                1311P   1205
0.303750000000001,1.,1.,2.025,1.,-8.50000000000001,-2.025,1.,       1311P   1206
-8.50000000000001,-0.10125,0.303750000000001,0.,0.,0.;              1311P   1207
126,1,1,0,0,1,0,-0.405,-0.405,0.,0.,1.,1.,2.025,1.1,                1313P   1208
-8.50000000000001,-2.025,1.1,-8.50000000000001,-0.405,0.,0.,0.,     1313P   1209
0.;                                                                 1313P   1210
126,8,2,0,1,0,0,-3.14159265358979,-3.14159265358979,                1315P   1211
-3.14159265358979,-1.5707963267949,-1.5707963267949,0.,0.,          1315P   1212
1.5707963267949,1.5707963267949,3.14159265358979,                   1315P   1213
3.14159265358979,3.14159265358979,1.,0.707106781186551,1.,          1315P   1214
0.707106781186551,1.,0.707106781186551,1.,0.707106781186551,1.,     1315P   1215
-75.775,1.01,-1.21322926359314D-14,-75.775,1.01,                    1315P   1216
3.27499999999998,-72.5,1.01,3.27499999999998,-69.225,1.01,          1315P   1217
3.27499999999998,-69.225,1.01,-1.25333644626521D-14,-69.225,        1315P   1218
1.01,-3.27500000000001,-72.5,1.01,-3.27500000000001,-75.775,        1315P   1219
1.01,-3.27500000000001,-75.775,1.01,-1.29344362893729D-14,          1315P   1220
-3.14159265358979,3.14159265358979,0.,0.,0.;                        1315P   1221
126,1,1,0,0,1,0,-0.00305343511450382,-0.00305343511450382,0.,0.,    1317P   1222
1.,1.,-75.775,1.01,-1.25333644626521D-14,-75.775,1.,                1317P   1223
-1.25333644626521D-14,-0.00305343511450382,0.,0.,0.,0.;             1317P   1224
126,8,2,0,1,0,0,-3.14159265358979,-3.14159265358979,                1319P   1225
-3.14159265358979,-1.5707963267949,-1.5707963267949,0.,0.,          1319P   1226
1.5707963267949,1.5707963267949,3.14159265358979,                   1319P   1227
3.14159265358979,3.14159265358979,1.,0.707106781186551,1.,          1319P   1228
0.707106781186551,1.,0.707106781186551,1.,0.707106781186551,1.,     1319P   1229
-75.775,1.,-1.29344362893729D-14,-75.775,1.,-3.27500000000001,      1319P   1230
-72.5,1.,-3.27500000000001,-69.225,1.,-3.27500000000001,-69.225,    1319P   1231
1.,-1.25333644626521D-14,-69.225,1.,3.27499999999998,-72.5,1.,      1319P   1232
3.27499999999998,-75.775,1.,3.27499999999998,-75.775,1.,            1319P   1233
-1.21322926359314D-14,-3.14159265358979,3.14159265358979,0.,0.,     1319P   1234
0.;                                                                 1319P   1235
126,8,2,0,1,0,0,-3.14159265358979,-3.14159265358979,                1321P   1236
-3.14159265358979,-1.5707963267949,-1.5707963267949,0.,0.,          1321P   1237
1.5707963267949,1.5707963267949,3.14159265358979,                   1321P   1238
3.14159265358979,3.14159265358979,1.,0.707106781186551,1.,          1321P   1239
0.707106781186551,1.,0.70710678118655,1.,0.70710678118655,1.,       1321P   1240
-75.875,1.,-1.21200461679399D-14,-75.875,1.,3.37499999999998,       1321P   1241
-72.5,1.,3.37499999999998,-69.125,1.,3.37499999999998,-69.125,      1321P   1242
1.,-1.25333644626521D-14,-69.125,1.,-3.37500000000001,-72.5,1.,     1321P   1243
-3.37500000000001,-75.875,1.,-3.37500000000001,-75.875,1.,          1321P   1244
-1.29466827573644D-14,-3.14159265358979,3.14159265358979,0.,0.,     1321P   1245
0.;                                                                 1321P   1246
126,1,1,0,0,1,0,0.,0.,0.00296296296296297,0.00296296296296297,      1323P   1247
1.,1.,-75.875,1.,-1.25333644626521D-14,-75.875,1.01,                1323P   1248
-1.25333644626521D-14,0.,0.00296296296296297,0.,0.,0.;              1323P   1249
126,8,2,0,1,0,0,-3.14159265358979,-3.14159265358979,                1325P   1250
-3.14159265358979,-1.5707963267949,-1.5707963267949,0.,0.,          1325P   1251
1.5707963267949,1.5707963267949,3.14159265358979,                   1325P   1252
3.14159265358979,3.14159265358979,1.,0.70710678118655,1.,           1325P   1253
0.70710678118655,1.,0.707106781186551,1.,0.707106781186551,1.,      1325P   1254
-75.875,1.01,-1.29466827573644D-14,-75.875,1.01,                    1325P   1255
-3.37500000000001,-72.5,1.01,-3.37500000000001,-69.125,1.01,        1325P   1256
-3.37500000000001,-69.125,1.01,-1.25333644626521D-14,-69.125,       1325P   1257
1.01,3.37499999999998,-72.5,1.01,3.37499999999998,-75.875,1.01,     1325P   1258
3.37499999999998,-75.875,1.01,-1.21200461679399D-14,                1325P   1259
-3.14159265358979,3.14159265358979,0.,0.,0.;                        1325P   1260
126,4,2,0,0,0,0,-1.5707963267949,-1.5707963267949,                  1327P   1261
-1.5707963267949,1.11022302462516D-16,1.11022302462516D-16,         1327P   1262
1.5707963267949,1.5707963267949,1.5707963267949,1.,                 1327P   1263
0.707106781186549,1.,0.707106781186547,1.,67.5,1.,11.,78.5,1.,      1327P   1264
11.,78.5,1.,-1.30171119621391D-14,78.5,1.,-11.,67.5,1.,-11.,        1327P   1265
-1.5707963267949,1.5707963267949,0.,0.,0.;                          1327P   1266
126,1,1,0,0,1,0,-3.375,-3.375,10.125,10.125,1.,1.,-67.5,1.,11.,     1329P   1267
67.5,1.,11.,-3.375,10.125,0.,0.,0.;                                 1329P   1268
126,4,2,0,0,0,0,-1.5707963267949,-1.5707963267949,                  1331P   1269
-1.5707963267949,0.,0.,1.5707963267949,1.5707963267949,             1331P   1270
1.5707963267949,1.,0.707106781186548,1.,0.707106781186548,1.,       1331P   1271
-67.5,1.,-11.,-78.5,1.,-11.,-78.5,1.,4.20391722576755D-15,-78.5,    1331P   1272
1.,11.,-67.5,1.,11.,-1.5707963267949,1.5707963267949,0.,0.,0.;      1331P   1273
126,1,1,0,0,1,0,-3.375,-3.375,10.125,10.125,1.,1.,67.5,1.,-11.,     1333P   1274
-67.5,1.,-11.,-3.375,10.125,0.,0.,0.;                               1333P   1275
126,8,2,0,1,0,0,-3.14159265358979,-3.14159265358979,                1335P   1276
-3.14159265358979,-1.5707963267949,-1.5707963267949,0.,0.,          1335P   1277
1.5707963267949,1.5707963267949,3.14159265358979,                   1335P   1278
3.14159265358979,3.14159265358979,1.,0.70710678118655,1.,           1335P   1279
0.70710678118655,1.,0.707106781186551,1.,0.707106781186551,1.,      1335P   1280
75.875,1.,-1.29466827573644D-14,75.875,1.,-3.37500000000001,        1335P   1281
72.5,1.,-3.37500000000001,69.125,1.,-3.37500000000001,69.125,1.,    1335P   1282
-1.25333644626521D-14,69.125,1.,3.37499999999998,72.5,1.,           1335P   1283
3.37499999999998,75.875,1.,3.37499999999998,75.875,1.,              1335P   1284
-1.21200461679399D-14,-3.14159265358979,3.14159265358979,0.,0.,     1335P   1285
0.;                                                                 1335P   1286
126,8,2,0,1,0,0,-3.14159265358979,-3.14159265358979,                1337P   1287
-3.14159265358979,-1.5707963267949,-1.5707963267949,0.,0.,          1337P   1288
1.5707963267949,1.5707963267949,3.14159265358979,                   1337P   1289
3.14159265358979,3.14159265358979,1.,0.707106781186551,1.,          1337P   1290
0.707106781186551,1.,0.707106781186551,1.,0.707106781186551,1.,     1337P   1291
75.775,1.01,-1.21322926359314D-14,75.775,1.01,3.27499999999998,     1337P   1292
72.5,1.01,3.27499999999998,69.225,1.01,3.27499999999998,69.225,     1337P   1293
1.01,-1.25333644626521D-14,69.225,1.01,-3.27500000000001,72.5,      1337P   1294
1.01,-3.27500000000001,75.775,1.01,-3.27500000000001,75.775,        1337P   1295
1.01,-1.29344362893729D-14,-3.14159265358979,3.14159265358979,      1337P   1296
0.,0.,0.;                                                           1337P   1297
126,1,1,0,0,1,0,-0.00305343511450382,-0.00305343511450382,0.,0.,    1339P   1298
1.,1.,75.775,1.01,-1.25333644626521D-14,75.775,1.,                  1339P   1299
-1.25333644626521D-14,-0.00305343511450382,0.,0.,0.,0.;             1339P   1300
126,8,2,0,1,0,0,-3.14159265358979,-3.14159265358979,                1341P   1301
-3.14159265358979,-1.5707963267949,-1.5707963267949,0.,0.,          1341P   1302
1.5707963267949,1.5707963267949,3.14159265358979,                   1341P   1303
3.14159265358979,3.14159265358979,1.,0.707106781186551,1.,          1341P   1304
0.707106781186551,1.,0.707106781186551,1.,0.707106781186551,1.,     1341P   1305
75.775,1.,-1.21322926359314D-14,75.775,1.,3.27499999999998,72.5,    1341P   1306
1.,3.27499999999998,69.225,1.,3.27499999999998,69.225,1.,           1341P   1307
-1.25333644626521D-14,69.225,1.,-3.27500000000001,72.5,1.,          1341P   1308
-3.27500000000001,75.775,1.,-3.27500000000001,75.775,1.,            1341P   1309
-1.29344362893729D-14,-3.14159265358979,3.14159265358979,0.,0.,     1341P   1310
0.;                                                                 1341P   1311
126,1,1,0,0,1,0,0.,0.,0.00296296296296297,0.00296296296296297,      1343P   1312
1.,1.,75.875,1.,-1.25333644626521D-14,75.875,1.01,                  1343P   1313
-1.25333644626521D-14,0.,0.00296296296296297,0.,0.,0.;              1343P   1314
126,8,2,0,1,0,0,-3.14159265358979,-3.14159265358979,                1345P   1315
-3.14159265358979,-1.5707963267949,-1.5707963267949,0.,0.,          1345P   1316
1.5707963267949,1.5707963267949,3.14159265358979,                   1345P   1317
3.14159265358979,3.14159265358979,1.,0.70710678118655,1.,           1345P   1318
0.70710678118655,1.,0.707106781186551,1.,0.707106781186551,1.,      1345P   1319
75.875,1.01,-1.29466827573644D-14,75.875,1.01,-3.37500000000001,    1345P   1320
72.5,1.01,-3.37500000000001,69.125,1.01,-3.37500000000001,          1345P   1321
69.125,1.01,-1.25333644626521D-14,69.125,1.01,3.37499999999998,     1345P   1322
72.5,1.01,3.37499999999998,75.875,1.01,3.37499999999998,75.875,     1345P   1323
1.01,-1.21200461679399D-14,-3.14159265358979,3.14159265358979,      1345P   1324
0.,0.,0.;                                                           1345P   1325
126,6,2,0,0,0,0,-3.14159265358979,-3.14159265358979,                1347P   1326
-3.14159265358979,-1.5707963267949,-1.5707963267949,0.,0.,          1347P   1327
1.5707963267949,1.5707963267949,1.5707963267949,1.,                 1347P   1328
0.707106781186532,1.,0.707106781186532,1.,0.707106781186535,1.,     1347P   1329
-21.45,38.,5.,-21.45,38.,5.55,-22.,38.,5.55,-22.55,38.,5.55,        1347P   1330
-22.55,38.,5.,-22.55,38.,4.45,-22.,38.,4.45,-3.14159265358979,      1347P   1331
1.5707963267949,0.,0.,0.;                                           1347P   1332
126,2,2,0,0,0,0,-1.5707963267949,-1.5707963267949,                  1349P   1333
-1.5707963267949,0.,0.,0.,1.,0.707106781186541,1.,-22.,38.,4.45,    1349P   1334
-22.,38.,3.45,-22.,37.,3.45,-1.5707963267949,0.,0.,0.,0.;           1349P   1335
126,6,2,0,0,0,0,-1.5707963267949,-1.5707963267949,                  1351P   1336
-1.5707963267949,0.,0.,1.5707963267949,1.5707963267949,             1351P   1337
3.14159265358979,3.14159265358979,3.14159265358979,1.,              1351P   1338
0.707106781186553,1.,0.707106781186553,1.,0.707106781186553,1.,     1351P   1339
-22.,37.,3.45,-23.55,37.,3.45,-23.55,37.,5.,-23.55,37.,6.55,        1351P   1340
-22.,37.,6.55,-20.45,37.,6.55,-20.45,37.,5.,-1.5707963267949,       1351P   1341
3.14159265358979,0.,0.,0.;                                          1351P   1342
126,2,2,0,0,0,0,-3.14159265358979,-3.14159265358979,                1353P   1343
-3.14159265358979,-1.5707963267949,-1.5707963267949,                1353P   1344
-1.5707963267949,1.,0.707106781186553,1.,-20.45,37.,5.,-20.45,      1353P   1345
37.,3.45,-22.,37.,3.45,-3.14159265358979,-1.5707963267949,0.,0.,    1353P   1346
0.;                                                                 1353P   1347
126,2,2,0,0,0,0,1.5707963267949,1.5707963267949,1.5707963267949,    1355P   1348
3.14159265358979,3.14159265358979,3.14159265358979,1.,              1355P   1349
0.707106781186535,1.,-22.,38.,4.45,-21.45,38.,4.45,-21.45,38.,      1355P   1350
5.,1.5707963267949,3.14159265358979,0.,0.,0.;                       1355P   1351
126,1,1,0,0,1,0,-1.93548387096774,-1.93548387096774,0.,0.,1.,1.,    1357P   1352
-20.45,37.,5.,-20.45,34.,5.,-1.93548387096774,0.,0.,0.,0.;          1357P   1353
126,8,2,0,1,0,0,-3.14159265358979,-3.14159265358979,                1359P   1354
-3.14159265358979,-1.5707963267949,-1.5707963267949,0.,0.,          1359P   1355
1.5707963267949,1.5707963267949,3.14159265358979,                   1359P   1356
3.14159265358979,3.14159265358979,1.,0.707106781186553,1.,          1359P   1357
0.707106781186553,1.,0.707106781186553,1.,0.707106781186553,1.,     1359P   1358
-20.45,34.,5.,-20.45,34.,6.55,-22.,34.,6.55,-23.55,34.,6.55,        1359P   1359
-23.55,34.,5.,-23.55,34.,3.45,-22.,34.,3.45,-20.45,34.,3.45,        1359P   1360
-20.45,34.,5.,-3.14159265358979,3.14159265358979,0.,0.,0.;          1359P   1361
126,6,2,0,0,0,0,-3.14159265358979,-3.14159265358979,                1361P   1362
-3.14159265358979,-1.5707963267949,-1.5707963267949,0.,0.,          1361P   1363
1.5707963267949,1.5707963267949,1.5707963267949,1.,                 1361P   1364
0.70710678118655,1.,0.70710678118655,1.,0.707106781186547,1.,       1361P   1365
-21.45,38.,-5.,-21.45,38.,-4.45,-22.,38.,-4.45,-22.55,38.,-4.45,    1361P   1366
-22.55,38.,-5.,-22.55,38.,-5.55,-22.,38.,-5.55,                     1361P   1367
-3.14159265358979,1.5707963267949,0.,0.,0.;                         1361P   1368
126,2,2,0,0,0,0,-1.5707963267949,-1.5707963267949,                  1363P   1369
-1.5707963267949,0.,0.,0.,1.,0.707106781186542,1.,-22.,38.,         1363P   1370
-5.55,-22.,38.,-6.55,-22.,37.,-6.55,-1.5707963267949,0.,0.,0.,      1363P   1371
0.;                                                                 1363P   1372
126,6,2,0,0,0,0,-1.5707963267949,-1.5707963267949,                  1365P   1373
-1.5707963267949,0.,0.,1.5707963267949,1.5707963267949,             1365P   1374
3.14159265358979,3.14159265358979,3.14159265358979,1.,              1365P   1375
0.707106781186545,1.,0.707106781186545,1.,0.707106781186545,1.,     1365P   1376
-22.,37.,-6.55,-23.55,37.,-6.55,-23.55,37.,-5.,-23.55,37.,-3.45,    1365P   1377
-22.,37.,-3.45,-20.45,37.,-3.45,-20.45,37.,-5.,-1.5707963267949,    1365P   1378
3.14159265358979,0.,0.,0.;                                          1365P   1379
126,2,2,0,0,0,0,-3.14159265358979,-3.14159265358979,                1367P   1380
-3.14159265358979,-1.5707963267949,-1.5707963267949,                1367P   1381
-1.5707963267949,1.,0.707106781186545,1.,-20.45,37.,-5.,-20.45,     1367P   1382
37.,-6.55,-22.,37.,-6.55,-3.14159265358979,-1.5707963267949,0.,     1367P   1383
0.,0.;                                                              1367P   1384
126,2,2,0,0,0,0,1.5707963267949,1.5707963267949,1.5707963267949,    1369P   1385
3.14159265358979,3.14159265358979,3.14159265358979,1.,              1369P   1386
0.707106781186547,1.,-22.,38.,-5.55,-21.45,38.,-5.55,-21.45,38.,    1369P   1387
-5.,1.5707963267949,3.14159265358979,0.,0.,0.;                      1369P   1388
126,1,1,0,0,1,0,-1.93548387096775,-1.93548387096775,                1371P   1389
-2.86509167645202D-15,-2.86509167645202D-15,1.,1.,-20.45,37.,       1371P   1390
-5.,-20.45,34.,-5.,-1.93548387096775,-2.86509167645202D-15,0.,      1371P   1391
0.,0.;                                                              1371P   1392
126,8,2,0,1,0,0,-3.14159265358979,-3.14159265358979,                1373P   1393
-3.14159265358979,-1.5707963267949,-1.5707963267949,0.,0.,          1373P   1394
1.5707963267949,1.5707963267949,3.14159265358979,                   1373P   1395
3.14159265358979,3.14159265358979,1.,0.707106781186545,1.,          1373P   1396
0.707106781186545,1.,0.707106781186545,1.,0.707106781186545,1.,     1373P   1397
-20.45,34.,-5.,-20.45,34.,-3.45,-22.,34.,-3.45,-23.55,34.,-3.45,    1373P   1398
-23.55,34.,-5.,-23.55,34.,-6.55,-22.,34.,-6.55,-20.45,34.,-6.55,    1373P   1399
-20.45,34.,-5.,-3.14159265358979,3.14159265358979,0.,0.,0.;         1373P   1400
126,8,2,0,1,0,0,-3.14159265358979,-3.14159265358979,                1375P   1401
-3.14159265358979,-1.5707963267949,-1.5707963267949,0.,0.,          1375P   1402
1.5707963267949,1.5707963267949,3.14159265358979,                   1375P   1403
3.14159265358979,3.14159265358979,1.,0.707106781186545,1.,          1375P   1404
0.707106781186547,1.,0.707106781186548,1.,0.707106781186546,1.,     1375P   1405
-19.75,39.,5.,-19.75,39.,2.75000000000001,-22.,39.,                 1375P   1406
2.75000000000001,-24.25,39.,2.75000000000001,-24.25,39.,5.,         1375P   1407
-24.25,39.,7.25,-22.,39.,7.25,-19.75,39.,7.25,-19.75,39.,5.,        1375P   1408
-3.14159265358979,3.14159265358979,0.,0.,0.;                        1375P   1409
126,1,1,0,0,1,0,-0.176776695296637,-0.176776695296637,              1377P   1410
0.176776695296637,0.176776695296637,1.,1.,-19.75,39.,5.,-20.25,     1377P   1411
38.5,5.,-0.176776695296637,0.176776695296637,0.,0.,0.;              1377P   1412
126,8,2,0,1,0,0,-3.14159265358979,-3.14159265358979,                1379P   1413
-3.14159265358979,-1.5707963267949,-1.5707963267949,0.,0.,          1379P   1414
1.5707963267949,1.5707963267949,3.14159265358979,                   1379P   1415
3.14159265358979,3.14159265358979,1.,0.707106781186546,1.,          1379P   1416
0.707106781186553,1.,0.707106781186553,1.,0.707106781186545,1.,     1379P   1417
-20.25,38.5,5.,-20.25,38.5,6.75,-22.,38.5,6.75,-23.75,38.5,6.75,    1379P   1418
-23.75,38.5,5.,-23.75,38.5,3.25,-22.,38.5,3.25,-20.25,38.5,3.25,    1379P   1419
-20.25,38.5,5.,-3.14159265358979,3.14159265358979,0.,0.,0.;         1379P   1420
126,4,2,0,0,0,0,-1.5707963267949,-1.5707963267949,                  1381P   1421
-1.5707963267949,0.,0.,1.5707963267949,1.5707963267949,             1381P   1422
1.5707963267949,1.,0.707106781186548,1.,0.707106781186547,1.,       1381P   1423
-67.5,39.,11.,-78.5,39.,11.,-78.5,39.,5.01808077715931D-15,         1381P   1424
-78.5,39.,-11.,-67.5,39.,-11.,-1.5707963267949,1.5707963267949,     1381P   1425
0.,0.,0.;                                                           1381P   1426
126,1,1,0,0,1,0,-3.375,-3.375,10.125,10.125,1.,1.,67.5,39.,11.,     1383P   1427
-67.5,39.,11.,-3.375,10.125,0.,0.,0.;                               1383P   1428
126,4,2,0,0,0,0,-1.5707963267949,-1.5707963267949,                  1385P   1429
-1.5707963267949,-1.11022302462516D-16,-1.11022302462516D-16,       1385P   1430
1.5707963267949,1.5707963267949,1.5707963267949,1.,                 1385P   1431
0.707106781186547,1.,0.707106781186549,1.,67.5,39.,-11.,78.5,       1385P   1432
39.,-11.,78.5,39.,-1.30171119621391D-14,78.5,39.,11.,67.5,39.,      1385P   1433
11.,-1.5707963267949,1.5707963267949,0.,0.,0.;                      1385P   1434
126,1,1,0,0,1,0,-3.375,-3.375,10.125,10.125,1.,1.,-67.5,39.,        1387P   1435
-11.,67.5,39.,-11.,-3.375,10.125,0.,0.,0.;                          1387P   1436
126,8,2,0,1,0,0,-3.14159265358979,-3.14159265358979,                1389P   1437
-3.14159265358979,-1.5707963267949,-1.5707963267949,0.,0.,          1389P   1438
1.5707963267949,1.5707963267949,3.14159265358979,                   1389P   1439
3.14159265358979,3.14159265358979,1.,0.707106781186547,1.,          1389P   1440
0.707106781186547,1.,0.707106781186547,1.,0.707106781186547,1.,     1389P   1441
-19.75,39.,-5.,-19.75,39.,-7.24999999999999,-22.,39.,               1389P   1442
-7.24999999999999,-24.25,39.,-7.24999999999999,-24.25,39.,-5.,      1389P   1443
-24.25,39.,-2.75,-22.,39.,-2.75,-19.75,39.,-2.75,-19.75,39.,-5.,    1389P   1444
-3.14159265358979,3.14159265358979,0.,0.,0.;                        1389P   1445
126,8,2,0,1,0,0,-3.14159265358979,-3.14159265358979,                1391P   1446
-3.14159265358979,-1.5707963267949,-1.5707963267949,0.,0.,          1391P   1447
1.5707963267949,1.5707963267949,3.14159265358979,                   1391P   1448
3.14159265358979,3.14159265358979,1.,0.707106781186547,1.,          1391P   1449
0.707106781186548,1.,0.707106781186548,1.,0.707106781186547,1.,     1391P   1450
18.,39.,-2.77231548650465D-15,18.,39.,-7.75,10.25,39.,-7.75,2.5,    1391P   1451
39.,-7.75,2.5,39.,-1.82321421716545D-15,2.5,39.,7.75,10.25,39.,     1391P   1452
7.75,18.,39.,7.75,18.,39.,-8.74112947826248D-16,                    1391P   1453
-3.14159265358979,3.14159265358979,0.,0.,0.;                        1391P   1454
126,4,2,0,0,0,0,-3.14159265358979,-3.14159265358979,                1393P   1455
-3.14159265358979,-1.5707963267949,-1.5707963267949,0.,0.,0.,1.,    1393P   1456
0.707106781186527,1.,0.707106781186538,1.,-60.7593820776594,39.,    1393P   1457
0.472475271433499,-60.3210864976583,39.,0.713093193774075,          1393P   1458
-60.5617044199989,39.,1.15138877377518,-60.8023223423395,39.,       1393P   1459
1.58968435377629,-61.2406179223406,39.,1.34906643143571,            1393P   1460
-3.14159265358979,0.,0.,0.,0.;                                      1393P   1461
126,4,2,0,0,0,0,-2.13746465780081,-2.13746465780081,                1395P   1462
-2.13746465780081,-1.0687323289004,-1.0687323289004,0.,0.,0.,1.,    1395P   1463
0.860591611823281,1.,0.860591611823283,1.,-61.2406179223406,39.,    1395P   1464
1.34906643143569,-62.0389915994958,39.,0.910770851434595,           1395P   1465
-62.0389915994958,39.,1.11022302462516D-15,-62.0389915994958,       1395P   1466
39.,-0.910770851434591,-61.2406179223406,39.,-1.34906643143569,     1395P   1467
-2.13746465780081,0.,0.,0.,0.;                                      1395P   1468
126,4,2,0,0,0,0,-3.14159265358979,-3.14159265358979,                1397P   1469
-3.14159265358979,-1.57079632679489,-1.57079632679489,0.,0.,0.,     1397P   1470
1.,0.707106781186567,1.,0.707106781186524,1.,-61.2406179223406,     1397P   1471
39.,-1.3490664314357,-60.8023223423395,39.,-1.58968435377627,       1397P   1472
-60.5617044199989,39.,-1.15138877377517,-60.3210864976583,39.,      1397P   1473
-0.71309319377407,-60.7593820776594,39.,-0.472475271433491,         1397P   1474
-3.14159265358979,0.,0.,0.,0.;                                      1397P   1475
126,4,2,0,0,0,0,-3.14159265358979,-3.14159265358979,                1399P   1476
-3.14159265358979,-2.07286032468939,-2.07286032468939,              1399P   1477
-1.00412799578899,-1.00412799578899,-1.00412799578899,1.,           1399P   1478
0.860591611823276,1.,0.860591611823396,1.,-60.7593820776594,39.,    1399P   1479
-0.472475271433494,-61.0389915994958,39.,-0.318973695600242,        1399P   1480
-61.0389915994958,39.,-5.20417042793042D-15,-61.0389915994958,      1399P   1481
39.,0.318973695600232,-60.7593820776594,39.,0.472475271433489,      1399P   1482
-3.14159265358979,-1.00412799578899,0.,0.,0.;                       1399P   1483
126,4,2,0,0,0,0,0.,0.,0.,1.5707963267949,1.5707963267949,           1401P   1484
3.14159265358979,3.14159265358979,3.14159265358979,1.,              1401P   1485
0.707106781186538,1.,0.707106781186527,1.,61.2406179223406,39.,     1401P   1486
1.34906643143571,60.8023223423395,39.,1.58968435377629,             1401P   1487
60.5617044199989,39.,1.15138877377518,60.3210864976583,39.,         1401P   1488
0.713093193774075,60.7593820776594,39.,0.472475271433499,0.,        1401P   1489
3.14159265358979,0.,0.,0.;                                          1401P   1490
126,4,2,0,0,0,0,1.00412799578899,1.00412799578899,                  1403P   1491
1.00412799578899,2.07286032468939,2.07286032468939,                 1403P   1492
3.14159265358979,3.14159265358979,3.14159265358979,1.,              1403P   1493
0.860591611823396,1.,0.860591611823276,1.,60.7593820776594,39.,     1403P   1494
0.472475271433489,61.0389915994958,39.,0.318973695600232,           1403P   1495
61.0389915994958,39.,-5.20417042793042D-15,61.0389915994958,39.,    1403P   1496
-0.318973695600242,60.7593820776594,39.,-0.472475271433494,         1403P   1497
1.00412799578899,3.14159265358979,0.,0.,0.;                         1403P   1498
126,4,2,0,0,0,0,0.,0.,0.,1.57079632679489,1.57079632679489,         1405P   1499
3.14159265358979,3.14159265358979,3.14159265358979,1.,              1405P   1500
0.707106781186524,1.,0.707106781186567,1.,60.7593820776594,39.,     1405P   1501
-0.472475271433491,60.3210864976583,39.,-0.71309319377407,          1405P   1502
60.5617044199989,39.,-1.15138877377517,60.8023223423395,39.,        1405P   1503
-1.58968435377627,61.2406179223406,39.,-1.3490664314357,0.,         1405P   1504
3.14159265358979,0.,0.,0.;                                          1405P   1505
126,4,2,0,0,0,0,0.,0.,0.,1.0687323289004,1.0687323289004,           1407P   1506
2.13746465780081,2.13746465780081,2.13746465780081,1.,              1407P   1507
0.860591611823283,1.,0.860591611823281,1.,61.2406179223406,39.,     1407P   1508
-1.34906643143569,62.0389915994958,39.,-0.910770851434591,          1407P   1509
62.0389915994958,39.,1.11022302462516D-15,62.0389915994958,39.,     1407P   1510
0.910770851434595,61.2406179223406,39.,1.34906643143569,0.,         1407P   1511
2.13746465780081,0.,0.,0.;                                          1407P   1512
126,8,2,0,1,0,0,-3.14159265358979,-3.14159265358979,                1409P   1513
-3.14159265358979,-1.5707963267949,-1.5707963267949,0.,0.,          1409P   1514
1.5707963267949,1.5707963267949,3.14159265358979,                   1409P   1515
3.14159265358979,3.14159265358979,1.,0.707106781186546,1.,          1409P   1516
0.707106781186548,1.,0.707106781186548,1.,0.707106781186546,1.,     1409P   1517
44.5,39.,-2.77231548650465D-15,44.5,39.,-7.75,36.75,39.,-7.75,      1409P   1518
29.,39.,-7.75,29.,39.,-1.82321421716545D-15,29.,39.,7.75,36.75,     1409P   1519
39.,7.75,44.5,39.,7.75,44.5,39.,-8.74112947826248D-16,              1409P   1520
-3.14159265358979,3.14159265358979,0.,0.,0.;                        1409P   1521
126,8,2,0,1,0,0,-3.14159265358979,-3.14159265358979,                1411P   1522
-3.14159265358979,-1.5707963267949,-1.5707963267949,0.,0.,          1411P   1523
1.5707963267949,1.5707963267949,3.14159265358979,                   1411P   1524
3.14159265358979,3.14159265358979,1.,0.707106781186548,1.,          1411P   1525
0.707106781186549,1.,0.707106781186549,1.,0.707106781186548,1.,     1411P   1526
-29.,39.,-1.34366535705216D-14,-29.,39.,-7.75000000000001,          1411P   1527
-36.75,39.,-7.75000000000001,-44.5,39.,-7.75000000000001,-44.5,     1411P   1528
39.,-1.24875523011824D-14,-44.5,39.,7.74999999999998,-36.75,39.,    1411P   1529
7.74999999999998,-29.,39.,7.74999999999998,-29.,39.,                1411P   1530
-1.15384510318432D-14,-3.14159265358979,3.14159265358979,0.,0.,     1411P   1531
0.;                                                                 1411P   1532
126,1,1,0,0,1,0,0.285714285714285,0.285714285714285,                1413P   1533
2.85714285714286,2.85714285714286,1.,1.,-20.25,38.5,5.,-20.25,      1413P   1534
34.,5.,0.285714285714285,2.85714285714286,0.,0.,0.;                 1413P   1535
126,8,2,0,1,0,0,-3.14159265358979,-3.14159265358979,                1415P   1536
-3.14159265358979,-1.5707963267949,-1.5707963267949,0.,0.,          1415P   1537
1.5707963267949,1.5707963267949,3.14159265358979,                   1415P   1538
3.14159265358979,3.14159265358979,1.,0.707106781186546,1.,          1415P   1539
0.707106781186553,1.,0.707106781186553,1.,0.707106781186545,1.,     1415P   1540
-20.25,34.,5.,-20.25,34.,6.75,-22.,34.,6.75,-23.75,34.,6.75,        1415P   1541
-23.75,34.,5.,-23.75,34.,3.25,-22.,34.,3.25,-20.25,34.,3.25,        1415P   1542
-20.25,34.,5.,-3.14159265358979,3.14159265358979,0.,0.,0.;          1415P   1543
126,1,1,0,0,1,0,-0.176776695296637,-0.176776695296637,              1417P   1544
0.176776695296636,0.176776695296636,1.,1.,-19.75,39.,-5.,-20.25,    1417P   1545
38.5,-5.,-0.176776695296637,0.176776695296636,0.,0.,0.;             1417P   1546
126,8,2,0,1,0,0,-3.14159265358979,-3.14159265358979,                1419P   1547
-3.14159265358979,-1.5707963267949,-1.5707963267949,0.,0.,          1419P   1548
1.5707963267949,1.5707963267949,3.14159265358979,                   1419P   1549
3.14159265358979,3.14159265358979,1.,0.707106781186545,1.,          1419P   1550
0.707106781186545,1.,0.707106781186545,1.,0.707106781186545,1.,     1419P   1551
-20.25,38.5,-5.,-20.25,38.5,-3.25,-22.,38.5,-3.25,-23.75,38.5,      1419P   1552
-3.25,-23.75,38.5,-5.,-23.75,38.5,-6.75,-22.,38.5,-6.75,-20.25,     1419P   1553
38.5,-6.75,-20.25,38.5,-5.,-3.14159265358979,3.14159265358979,      1419P   1554
0.,0.,0.;                                                           1419P   1555
126,1,1,0,0,1,0,0.285714285714285,0.285714285714285,                1421P   1556
2.85714285714286,2.85714285714286,1.,1.,-20.25,38.5,-5.,-20.25,     1421P   1557
34.,-5.,0.285714285714285,2.85714285714286,0.,0.,0.;                1421P   1558
126,8,2,0,1,0,0,-3.14159265358979,-3.14159265358979,                1423P   1559
-3.14159265358979,-1.5707963267949,-1.5707963267949,0.,0.,          1423P   1560
1.5707963267949,1.5707963267949,3.14159265358979,                   1423P   1561
3.14159265358979,3.14159265358979,1.,0.707106781186545,1.,          1423P   1562
0.707106781186545,1.,0.707106781186545,1.,0.707106781186545,1.,     1423P   1563
-20.25,34.,-5.,-20.25,34.,-3.25,-22.,34.,-3.25,-23.75,34.,-3.25,    1423P   1564
-23.75,34.,-5.,-23.75,34.,-6.75,-22.,34.,-6.75,-20.25,34.,-6.75,    1423P   1565
-20.25,34.,-5.,-3.14159265358979,3.14159265358979,0.,0.,0.;         1423P   1566
126,8,2,0,1,0,0,-3.14159265358979,-3.14159265358979,                1425P   1567
-3.14159265358979,-1.5707963267949,-1.5707963267949,0.,0.,          1425P   1568
1.5707963267949,1.5707963267949,3.14159265358979,                   1425P   1569
3.14159265358979,3.14159265358979,1.,0.707106781186548,1.,          1425P   1570
0.707106781186548,1.,0.707106781186548,1.,0.707106781186548,1.,     1425P   1571
12.25,36.5,-1.57828485733598D-15,12.25,36.5,2.,10.25,36.5,2.,       1425P   1572
8.25,36.5,2.,8.25,36.5,-1.82321421716545D-15,8.25,36.5,-2.,         1425P   1573
10.25,36.5,-2.,12.25,36.5,-2.,12.25,36.5,-2.06814357699492D-15,     1425P   1574
-3.14159265358979,3.14159265358979,0.,0.,0.;                        1425P   1575
126,1,1,0,0,1,0,0.,0.,0.249999999999999,0.249999999999999,1.,1.,    1427P   1576
12.25,36.5,-1.82321421716545D-15,12.25,36.,                         1427P   1577
-1.82321421716545D-15,0.,0.249999999999999,0.,0.,0.;                1427P   1578
126,8,2,0,1,0,0,-3.14159265358979,-3.14159265358979,                1429P   1579
-3.14159265358979,-1.5707963267949,-1.5707963267949,0.,0.,          1429P   1580
1.5707963267949,1.5707963267949,3.14159265358979,                   1429P   1581
3.14159265358979,3.14159265358979,1.,0.707106781186548,1.,          1429P   1582
0.707106781186548,1.,0.707106781186548,1.,0.707106781186548,1.,     1429P   1583
12.25,36.,-1.57828485733598D-15,12.25,36.,2.,10.25,36.,2.,8.25,     1429P   1584
36.,2.,8.25,36.,-1.82321421716545D-15,8.25,36.,-2.,10.25,36.,       1429P   1585
-2.,12.25,36.,-2.,12.25,36.,-2.06814357699492D-15,                  1429P   1586
-3.14159265358979,3.14159265358979,0.,0.,0.;                        1429P   1587
126,1,1,0,0,1,0,-0.1,-0.1,0.3,0.3,1.,1.,-34.75,36.5,                1431P   1588
-2.00000000000001,-34.75,36.5,1.99999999999999,-0.1,0.3,0.,0.,      1431P   1589
0.;                                                                 1431P   1590
126,1,1,0,0,1,0,0.,0.,0.0499999999999998,0.0499999999999998,1.,     1433P   1591
1.,-34.75,36.5,-2.00000000000001,-34.75,36.,-2.00000000000001,      1433P   1592
0.,0.0499999999999998,0.,0.,0.;                                     1433P   1593
126,1,1,0,0,1,0,-0.4,-0.4,0.,0.,1.,1.,-34.75,36.,                   1435P   1594
-2.00000000000001,-34.75,36.,1.99999999999999,-0.4,0.,0.,0.,0.;     1435P   1595
126,1,1,0,0,1,0,0.,0.,0.0499999999999998,0.0499999999999998,1.,     1437P   1596
1.,-34.75,36.5,1.99999999999999,-34.75,36.,1.99999999999999,0.,     1437P   1597
0.0499999999999998,0.,0.,0.;                                        1437P   1598
126,1,1,0,0,1,0,-0.1,-0.1,0.3,0.3,1.,1.,-38.75,36.5,                1439P   1599
1.99999999999999,-38.75,36.5,-2.00000000000001,-0.1,0.3,0.,0.,      1439P   1600
0.;                                                                 1439P   1601
126,1,1,0,0,1,0,0.,0.,0.0499999999999998,0.0499999999999998,1.,     1441P   1602
1.,-38.75,36.5,1.99999999999999,-38.75,36.,1.99999999999999,0.,     1441P   1603
0.0499999999999998,0.,0.,0.;                                        1441P   1604
126,1,1,0,0,1,0,-0.4,-0.4,0.,0.,1.,1.,-38.75,36.,                   1443P   1605
1.99999999999999,-38.75,36.,-2.00000000000001,-0.4,0.,0.,0.,0.;     1443P   1606
126,1,1,0,0,1,0,0.,0.,0.0499999999999998,0.0499999999999998,1.,     1445P   1607
1.,-38.75,36.5,-2.00000000000001,-38.75,36.,-2.00000000000001,      1445P   1608
0.,0.0499999999999998,0.,0.,0.;                                     1445P   1609
126,2,2,0,0,0,0,-1.57079632679489,-1.57079632679489,                1447P   1610
-1.57079632679489,3.4694469519536D-16,3.4694469519536D-16,          1447P   1611
3.4694469519536D-16,1.,0.707106781186548,1.,-34.75,36.5,            1447P   1612
1.99999999999999,-36.75,36.5,3.99999999999998,-38.75,36.5,          1447P   1613
1.99999999999999,-1.57079632679489,3.4694469519536D-16,0.,0.,0.;    1447P   1614
126,2,2,0,0,0,0,-1.57079632679489,-1.57079632679489,                1449P   1615
-1.57079632679489,3.4694469519536D-16,3.4694469519536D-16,          1449P   1616
3.4694469519536D-16,1.,0.707106781186549,1.,-34.75,36.,             1449P   1617
1.99999999999999,-36.75,36.,3.99999999999998,-38.75,36.,            1449P   1618
1.99999999999999,-1.57079632679489,3.4694469519536D-16,0.,0.,0.;    1449P   1619
126,2,2,0,0,0,0,-1.5707963267949,-1.5707963267949,                  1451P   1620
-1.5707963267949,4.33680868994202D-16,4.33680868994202D-16,         1451P   1621
4.33680868994202D-16,1.,0.707106781186546,1.,-38.75,36.5,           1451P   1622
-2.00000000000001,-36.75,36.5,-4.00000000000002,-34.75,36.5,        1451P   1623
-2.00000000000001,-1.5707963267949,4.33680868994202D-16,0.,0.,      1451P   1624
0.;                                                                 1451P   1625
126,2,2,0,0,0,0,-1.5707963267949,-1.5707963267949,                  1453P   1626
-1.5707963267949,4.33680868994202D-16,4.33680868994202D-16,         1453P   1627
4.33680868994202D-16,1.,0.707106781186547,1.,-38.75,36.,            1453P   1628
-2.00000000000001,-36.75,36.,-4.00000000000001,-34.75,36.,          1453P   1629
-2.00000000000001,-1.5707963267949,4.33680868994202D-16,0.,0.,      1453P   1630
0.;                                                                 1453P   1631
126,8,2,0,1,0,0,-3.14159265358979,-3.14159265358979,                1455P   1632
-3.14159265358979,-1.5707963267949,-1.5707963267949,0.,0.,          1455P   1633
1.5707963267949,1.5707963267949,3.14159265358979,                   1455P   1634
3.14159265358979,3.14159265358979,1.,0.707106781186546,1.,          1455P   1635
0.707106781186546,1.,0.707106781186546,1.,0.707106781186546,1.,     1455P   1636
38.75,36.5,-1.57828485733598D-15,38.75,36.5,2.,36.75,36.5,2.,       1455P   1637
34.75,36.5,2.,34.75,36.5,-1.82321421716545D-15,34.75,36.5,-2.,      1455P   1638
36.75,36.5,-2.,38.75,36.5,-2.,38.75,36.5,-2.06814357699492D-15,     1455P   1639
-3.14159265358979,3.14159265358979,0.,0.,0.;                        1455P   1640
126,1,1,0,0,1,0,0.,0.,0.249999999999999,0.249999999999999,1.,1.,    1457P   1641
38.75,36.5,-1.82321421716545D-15,38.75,36.,                         1457P   1642
-1.82321421716545D-15,0.,0.249999999999999,0.,0.,0.;                1457P   1643
126,8,2,0,1,0,0,-3.14159265358979,-3.14159265358979,                1459P   1644
-3.14159265358979,-1.5707963267949,-1.5707963267949,0.,0.,          1459P   1645
1.5707963267949,1.5707963267949,3.14159265358979,                   1459P   1646
3.14159265358979,3.14159265358979,1.,0.707106781186546,1.,          1459P   1647
0.707106781186546,1.,0.707106781186546,1.,0.707106781186546,1.,     1459P   1648
38.75,36.,-1.57828485733598D-15,38.75,36.,2.,36.75,36.,2.,34.75,    1459P   1649
36.,2.,34.75,36.,-1.82321421716545D-15,34.75,36.,-2.,36.75,36.,     1459P   1650
-2.,38.75,36.,-2.,38.75,36.,-2.06814357699492D-15,                  1459P   1651
-3.14159265358979,3.14159265358979,0.,0.,0.;                        1459P   1652
126,8,2,0,1,0,0,-3.14159265358979,-3.14159265358979,                1461P   1653
-3.14159265358979,-1.5707963267949,-1.5707963267949,0.,0.,          1461P   1654
1.5707963267949,1.5707963267949,3.14159265358979,                   1461P   1655
3.14159265358979,3.14159265358979,1.,0.707106781186548,1.,          1461P   1656
0.707106781186548,1.,0.707106781186548,1.,0.707106781186548,1.,     1461P   1657
14.,37.,-1.36397166748519D-15,14.,37.,3.75,10.25,37.,3.75,6.5,      1461P   1658
37.,3.75,6.5,37.,-1.82321421716545D-15,6.5,37.,-3.75,10.25,37.,     1461P   1659
-3.75,14.,37.,-3.75,14.,37.,-2.2824567668457D-15,                   1461P   1660
-3.14159265358979,3.14159265358979,0.,0.,0.;                        1461P   1661
126,1,1,0,0,1,0,0.,0.,0.133333333333333,0.133333333333333,1.,1.,    1463P   1662
14.,37.,-1.82321421716545D-15,14.,36.5,-1.82321421716545D-15,0.,    1463P   1663
0.133333333333333,0.,0.,0.;                                         1463P   1664
126,8,2,0,1,0,0,-3.14159265358979,-3.14159265358979,                1465P   1665
-3.14159265358979,-1.5707963267949,-1.5707963267949,0.,0.,          1465P   1666
1.5707963267949,1.5707963267949,3.14159265358979,                   1465P   1667
3.14159265358979,3.14159265358979,1.,0.707106781186548,1.,          1465P   1668
0.707106781186548,1.,0.707106781186548,1.,0.707106781186548,1.,     1465P   1669
14.,36.5,-1.36397166748519D-15,14.,36.5,3.75,10.25,36.5,3.75,       1465P   1670
6.5,36.5,3.75,6.5,36.5,-1.82321421716545D-15,6.5,36.5,-3.75,        1465P   1671
10.25,36.5,-3.75,14.,36.5,-3.75,14.,36.5,-2.2824567668457D-15,      1465P   1672
-3.14159265358979,3.14159265358979,0.,0.,0.;                        1465P   1673
126,8,2,0,1,0,0,-3.14159265358979,-3.14159265358979,                1467P   1674
-3.14159265358979,-1.5707963267949,-1.5707963267949,0.,0.,          1467P   1675
1.5707963267949,1.5707963267949,3.14159265358979,                   1467P   1676
3.14159265358979,3.14159265358979,1.,0.707106781186547,1.,          1467P   1677
0.707106781186545,1.,0.707106781186545,1.,0.707106781186547,1.,     1467P   1678
-33.,37.,-1.20283097515021D-14,-33.,37.,3.74999999999999,-36.75,    1467P   1679
37.,3.74999999999999,-40.5,37.,3.74999999999999,-40.5,37.,          1467P   1680
-1.24875523011824D-14,-40.5,37.,-3.75000000000001,-36.75,37.,       1467P   1681
-3.75000000000001,-33.,37.,-3.75000000000001,-33.,37.,              1467P   1682
-1.29467948508626D-14,-3.14159265358979,3.14159265358979,0.,0.,     1467P   1683
0.;                                                                 1467P   1684
126,1,1,0,0,1,0,0.,0.,0.133333333333333,0.133333333333333,1.,1.,    1469P   1685
-33.,37.,-1.24875523011824D-14,-33.,36.5,-1.24875523011824D-14,     1469P   1686
0.,0.133333333333333,0.,0.,0.;                                      1469P   1687
126,8,2,0,1,0,0,-3.14159265358979,-3.14159265358979,                1471P   1688
-3.14159265358979,-1.5707963267949,-1.5707963267949,0.,0.,          1471P   1689
1.5707963267949,1.5707963267949,3.14159265358979,                   1471P   1690
3.14159265358979,3.14159265358979,1.,0.707106781186547,1.,          1471P   1691
0.707106781186545,1.,0.707106781186545,1.,0.707106781186547,1.,     1471P   1692
-33.,36.5,-1.20283097515021D-14,-33.,36.5,3.74999999999999,         1471P   1693
-36.75,36.5,3.74999999999999,-40.5,36.5,3.74999999999999,-40.5,     1471P   1694
36.5,-1.24875523011824D-14,-40.5,36.5,-3.75000000000001,-36.75,     1471P   1695
36.5,-3.75000000000001,-33.,36.5,-3.75000000000001,-33.,36.5,       1471P   1696
-1.29467948508626D-14,-3.14159265358979,3.14159265358979,0.,0.,     1471P   1697
0.;                                                                 1471P   1698
126,8,2,0,1,0,0,-3.14159265358979,-3.14159265358979,                1473P   1699
-3.14159265358979,-1.5707963267949,-1.5707963267949,0.,0.,          1473P   1700
1.5707963267949,1.5707963267949,3.14159265358979,                   1473P   1701
3.14159265358979,3.14159265358979,1.,0.707106781186544,1.,          1473P   1702
0.707106781186547,1.,0.707106781186547,1.,0.707106781186544,1.,     1473P   1703
40.5,37.,-1.36397166748519D-15,40.5,37.,3.75,36.75,37.,3.75,33.,    1473P   1704
37.,3.75,33.,37.,-1.82321421716545D-15,33.,37.,-3.75,36.75,37.,     1473P   1705
-3.75,40.5,37.,-3.75,40.5,37.,-2.2824567668457D-15,                 1473P   1706
-3.14159265358979,3.14159265358979,0.,0.,0.;                        1473P   1707
126,1,1,0,0,1,0,0.,0.,0.133333333333333,0.133333333333333,1.,1.,    1475P   1708
40.5,37.,-1.82321421716545D-15,40.5,36.5,-1.82321421716545D-15,     1475P   1709
0.,0.133333333333333,0.,0.,0.;                                      1475P   1710
126,8,2,0,1,0,0,-3.14159265358979,-3.14159265358979,                1477P   1711
-3.14159265358979,-1.5707963267949,-1.5707963267949,0.,0.,          1477P   1712
1.5707963267949,1.5707963267949,3.14159265358979,                   1477P   1713
3.14159265358979,3.14159265358979,1.,0.707106781186544,1.,          1477P   1714
0.707106781186547,1.,0.707106781186547,1.,0.707106781186544,1.,     1477P   1715
40.5,36.5,-1.36397166748519D-15,40.5,36.5,3.75,36.75,36.5,3.75,     1477P   1716
33.,36.5,3.75,33.,36.5,-1.82321421716545D-15,33.,36.5,-3.75,        1477P   1717
36.75,36.5,-3.75,40.5,36.5,-3.75,40.5,36.5,-2.2824567668457D-15,    1477P   1718
-3.14159265358979,3.14159265358979,0.,0.,0.;                        1477P   1719
126,8,2,0,1,0,0,-3.14159265358979,-3.14159265358979,                1479P   1720
-3.14159265358979,-1.5707963267949,-1.5707963267949,0.,0.,          1479P   1721
1.5707963267949,1.5707963267949,3.14159265358979,                   1479P   1722
3.14159265358979,3.14159265358979,1.,0.707106781186547,1.,          1479P   1723
0.707106781186547,1.,0.707106781186547,1.,0.707106781186547,1.,     1479P   1724
15.,37.5,-1.24150698757045D-15,15.,37.5,4.75,10.25,37.5,4.75,       1479P   1725
5.5,37.5,4.75,5.5,37.5,-1.82321421716545D-15,5.5,37.5,-4.75,        1479P   1726
10.25,37.5,-4.75,15.,37.5,-4.75,15.,37.5,-2.40492144676044D-15,     1479P   1727
-3.14159265358979,3.14159265358979,0.,0.,0.;                        1479P   1728
126,1,1,0,0,1,0,0.,0.,0.105263157894736,0.105263157894736,1.,1.,    1481P   1729
15.,37.5,-1.82321421716545D-15,15.,37.,-1.82321421716545D-15,0.,    1481P   1730
0.105263157894736,0.,0.,0.;                                         1481P   1731
126,8,2,0,1,0,0,-3.14159265358979,-3.14159265358979,                1483P   1732
-3.14159265358979,-1.5707963267949,-1.5707963267949,0.,0.,          1483P   1733
1.5707963267949,1.5707963267949,3.14159265358979,                   1483P   1734
3.14159265358979,3.14159265358979,1.,0.707106781186547,1.,          1483P   1735
0.707106781186547,1.,0.707106781186547,1.,0.707106781186547,1.,     1483P   1736
15.,37.,-1.24150698757045D-15,15.,37.,4.75,10.25,37.,4.75,5.5,      1483P   1737
37.,4.75,5.5,37.,-1.82321421716545D-15,5.5,37.,-4.75,10.25,37.,     1483P   1738
-4.75,15.,37.,-4.75,15.,37.,-2.40492144676044D-15,                  1483P   1739
-3.14159265358979,3.14159265358979,0.,0.,0.;                        1483P   1740
126,8,2,0,1,0,0,-3.14159265358979,-3.14159265358979,                1485P   1741
-3.14159265358979,-1.5707963267949,-1.5707963267949,0.,0.,          1485P   1742
1.5707963267949,1.5707963267949,3.14159265358979,                   1485P   1743
3.14159265358979,3.14159265358979,1.,0.707106781186548,1.,          1485P   1744
0.707106781186546,1.,0.707106781186546,1.,0.707106781186548,1.,     1485P   1745
-32.,37.5,-1.19058450715874D-14,-32.,37.5,4.74999999999999,         1485P   1746
-36.75,37.5,4.74999999999999,-41.5,37.5,4.74999999999999,-41.5,     1485P   1747
37.5,-1.24875523011824D-14,-41.5,37.5,-4.75000000000001,-36.75,     1485P   1748
37.5,-4.75000000000001,-32.,37.5,-4.75000000000001,-32.,37.5,       1485P   1749
-1.30692595307774D-14,-3.14159265358979,3.14159265358979,0.,0.,     1485P   1750
0.;                                                                 1485P   1751
126,1,1,0,0,1,0,0.,0.,0.105263157894736,0.105263157894736,1.,1.,    1487P   1752
-32.,37.5,-1.24875523011824D-14,-32.,37.,-1.24875523011824D-14,     1487P   1753
0.,0.105263157894736,0.,0.,0.;                                      1487P   1754
126,8,2,0,1,0,0,-3.14159265358979,-3.14159265358979,                1489P   1755
-3.14159265358979,-1.5707963267949,-1.5707963267949,0.,0.,          1489P   1756
1.5707963267949,1.5707963267949,3.14159265358979,                   1489P   1757
3.14159265358979,3.14159265358979,1.,0.707106781186548,1.,          1489P   1758
0.707106781186546,1.,0.707106781186546,1.,0.707106781186548,1.,     1489P   1759
-32.,37.,-1.19058450715874D-14,-32.,37.,4.74999999999999,-36.75,    1489P   1760
37.,4.74999999999999,-41.5,37.,4.74999999999999,-41.5,37.,          1489P   1761
-1.24875523011824D-14,-41.5,37.,-4.75000000000001,-36.75,37.,       1489P   1762
-4.75000000000001,-32.,37.,-4.75000000000001,-32.,37.,              1489P   1763
-1.30692595307774D-14,-3.14159265358979,3.14159265358979,0.,0.,     1489P   1764
0.;                                                                 1489P   1765
126,8,2,0,1,0,0,-3.14159265358979,-3.14159265358979,                1491P   1766
-3.14159265358979,-1.5707963267949,-1.5707963267949,0.,0.,          1491P   1767
1.5707963267949,1.5707963267949,3.14159265358979,                   1491P   1768
3.14159265358979,3.14159265358979,1.,0.707106781186545,1.,          1491P   1769
0.707106781186549,1.,0.707106781186549,1.,0.707106781186545,1.,     1491P   1770
41.5,37.5,-1.24150698757045D-15,41.5,37.5,4.75,36.75,37.5,4.75,     1491P   1771
32.,37.5,4.75,32.,37.5,-1.82321421716545D-15,32.,37.5,-4.75,        1491P   1772
36.75,37.5,-4.75,41.5,37.5,-4.75000000000001,41.5,37.5,             1491P   1773
-2.40492144676044D-15,-3.14159265358979,3.14159265358979,0.,0.,     1491P   1774
0.;                                                                 1491P   1775
126,1,1,0,0,1,0,-1.86984930463184D-15,-1.86984930463184D-15,        1493P   1776
0.105263157894736,0.105263157894736,1.,1.,41.5,37.5,                1493P   1777
-1.82321421716545D-15,41.5,37.,-1.82321421716545D-15,               1493P   1778
-1.86984930463184D-15,0.105263157894736,0.,0.,0.;                   1493P   1779
126,8,2,0,1,0,0,-3.14159265358979,-3.14159265358979,                1495P   1780
-3.14159265358979,-1.5707963267949,-1.5707963267949,0.,0.,          1495P   1781
1.5707963267949,1.5707963267949,3.14159265358979,                   1495P   1782
3.14159265358979,3.14159265358979,1.,0.707106781186545,1.,          1495P   1783
0.707106781186549,1.,0.707106781186549,1.,0.707106781186545,1.,     1495P   1784
41.5,37.,-1.24150698757045D-15,41.5,37.,4.75,36.75,37.,4.75,32.,    1495P   1785
37.,4.75,32.,37.,-1.82321421716545D-15,32.,37.,-4.75,36.75,37.,     1495P   1786
-4.75,41.5,37.,-4.75000000000001,41.5,37.,-2.40492144676044D-15,    1495P   1787
-3.14159265358979,3.14159265358979,0.,0.,0.;                        1495P   1788
126,8,2,0,1,0,0,-3.14159265358979,-3.14159265358979,                1497P   1789
-3.14159265358979,-1.5707963267949,-1.5707963267949,0.,0.,          1497P   1790
1.5707963267949,1.5707963267949,3.14159265358979,                   1497P   1791
3.14159265358979,3.14159265358979,1.,0.707106781186548,1.,          1497P   1792
0.707106781186548,1.,0.707106781186547,1.,0.707106781186547,1.,     1497P   1793
42.5,38.,-1.11904230765572D-15,42.5,38.,5.75,36.75,38.,5.75,31.,    1497P   1794
38.,5.75,31.,38.,-1.82321421716545D-15,31.,38.,                     1497P   1795
-5.75000000000001,36.75,38.,-5.75000000000001,42.5,38.,             1497P   1796
-5.75000000000001,42.5,38.,-2.52738612667518D-15,                   1497P   1797
-3.14159265358979,3.14159265358979,0.,0.,0.;                        1497P   1798
126,1,1,0,0,1,0,0.,0.,0.0869565217391301,0.0869565217391301,1.,     1499P   1799
1.,42.5,38.,-1.82321421716545D-15,42.5,37.5,                        1499P   1800
-1.82321421716545D-15,0.,0.0869565217391301,0.,0.,0.;               1499P   1801
126,8,2,0,1,0,0,-3.14159265358979,-3.14159265358979,                1501P   1802
-3.14159265358979,-1.5707963267949,-1.5707963267949,0.,0.,          1501P   1803
1.5707963267949,1.5707963267949,3.14159265358979,                   1501P   1804
3.14159265358979,3.14159265358979,1.,0.707106781186548,1.,          1501P   1805
0.707106781186548,1.,0.707106781186547,1.,0.707106781186547,1.,     1501P   1806
42.5,37.5,-1.11904230765572D-15,42.5,37.5,5.75,36.75,37.5,5.75,     1501P   1807
31.,37.5,5.75,31.,37.5,-1.82321421716545D-15,31.,37.5,              1501P   1808
-5.75000000000001,36.75,37.5,-5.75000000000001,42.5,37.5,           1501P   1809
-5.75000000000001,42.5,37.5,-2.52738612667518D-15,                  1501P   1810
-3.14159265358979,3.14159265358979,0.,0.,0.;                        1501P   1811
126,8,2,0,1,0,0,-3.14159265358979,-3.14159265358979,                1503P   1812
-3.14159265358979,-1.5707963267949,-1.5707963267949,0.,0.,          1503P   1813
1.5707963267949,1.5707963267949,3.14159265358979,                   1503P   1814
3.14159265358979,3.14159265358979,1.,0.707106781186548,1.,          1503P   1815
0.707106781186548,1.,0.707106781186548,1.,0.707106781186547,1.,     1503P   1816
16.,38.,-1.11904230765572D-15,16.,38.,5.75,10.25,38.,5.75,4.5,      1503P   1817
38.,5.75,4.5,38.,-1.82321421716545D-15,4.5,38.,-5.75,10.25,38.,     1503P   1818
-5.75,16.,38.,-5.75,16.,38.,-2.52738612667517D-15,                  1503P   1819
-3.14159265358979,3.14159265358979,0.,0.,0.;                        1503P   1820
126,1,1,0,0,1,0,0.,0.,0.0869565217391301,0.0869565217391301,1.,     1505P   1821
1.,16.,38.,-1.82321421716545D-15,16.,37.5,-1.82321421716545D-15,    1505P   1822
0.,0.0869565217391301,0.,0.,0.;                                     1505P   1823
126,8,2,0,1,0,0,-3.14159265358979,-3.14159265358979,                1507P   1824
-3.14159265358979,-1.5707963267949,-1.5707963267949,0.,0.,          1507P   1825
1.5707963267949,1.5707963267949,3.14159265358979,                   1507P   1826
3.14159265358979,3.14159265358979,1.,0.707106781186548,1.,          1507P   1827
0.707106781186548,1.,0.707106781186548,1.,0.707106781186547,1.,     1507P   1828
16.,37.5,-1.11904230765572D-15,16.,37.5,5.75,10.25,37.5,5.75,       1507P   1829
4.5,37.5,5.75,4.5,37.5,-1.82321421716545D-15,4.5,37.5,-5.75,        1507P   1830
10.25,37.5,-5.75,16.,37.5,-5.75,16.,37.5,-2.52738612667517D-15,     1507P   1831
-3.14159265358979,3.14159265358979,0.,0.,0.;                        1507P   1832
126,8,2,0,1,0,0,-3.14159265358979,-3.14159265358979,                1509P   1833
-3.14159265358979,-1.5707963267949,-1.5707963267949,0.,0.,          1509P   1834
1.5707963267949,1.5707963267949,3.14159265358979,                   1509P   1835
3.14159265358979,3.14159265358979,1.,0.707106781186547,1.,          1509P   1836
0.707106781186547,1.,0.707106781186547,1.,0.707106781186547,1.,     1509P   1837
-31.,38.,-1.17833803916726D-14,-31.,38.,5.74999999999999,-36.75,    1509P   1838
38.,5.74999999999999,-42.5,38.,5.74999999999999,-42.5,38.,          1509P   1839
-1.24875523011824D-14,-42.5,38.,-5.75000000000001,-36.75,38.,       1509P   1840
-5.75000000000001,-31.,38.,-5.75000000000001,-31.,38.,              1509P   1841
-1.31917242106921D-14,-3.14159265358979,3.14159265358979,0.,0.,     1509P   1842
0.;                                                                 1509P   1843
126,1,1,0,0,1,0,0.,0.,0.0869565217391301,0.0869565217391301,1.,     1511P   1844
1.,-31.,38.,-1.24875523011824D-14,-31.,37.5,                        1511P   1845
-1.24875523011824D-14,0.,0.0869565217391301,0.,0.,0.;               1511P   1846
126,8,2,0,1,0,0,-3.14159265358979,-3.14159265358979,                1513P   1847
-3.14159265358979,-1.5707963267949,-1.5707963267949,0.,0.,          1513P   1848
1.5707963267949,1.5707963267949,3.14159265358979,                   1513P   1849
3.14159265358979,3.14159265358979,1.,0.707106781186547,1.,          1513P   1850
0.707106781186547,1.,0.707106781186547,1.,0.707106781186547,1.,     1513P   1851
-31.,37.5,-1.17833803916726D-14,-31.,37.5,5.74999999999999,         1513P   1852
-36.75,37.5,5.74999999999999,-42.5,37.5,5.74999999999999,-42.5,     1513P   1853
37.5,-1.24875523011824D-14,-42.5,37.5,-5.75000000000001,-36.75,     1513P   1854
37.5,-5.75000000000001,-31.,37.5,-5.75000000000001,-31.,37.5,       1513P   1855
-1.31917242106921D-14,-3.14159265358979,3.14159265358979,0.,0.,     1513P   1856
0.;                                                                 1513P   1857
126,1,1,0,0,1,0,-0.0975319698188343,-0.0975319698188343,            1515P   1858
0.097531969818834,0.097531969818834,1.,1.,-29.,39.,                 1515P   1859
-1.24875523011824D-14,-30.,38.,-1.24875523011824D-14,               1515P   1860
-0.0975319698188343,0.097531969818834,0.,0.,0.;                     1515P   1861
126,8,2,0,1,0,0,-3.14159265358979,-3.14159265358979,                1517P   1862
-3.14159265358979,-1.5707963267949,-1.5707963267949,0.,0.,          1517P   1863
1.5707963267949,1.5707963267949,3.14159265358979,                   1517P   1864
3.14159265358979,3.14159265358979,1.,0.707106781186548,1.,          1517P   1865
0.707106781186548,1.,0.707106781186548,1.,0.707106781186548,1.,     1517P   1866
-30.,38.,-1.16609157117579D-14,-30.,38.,6.74999999999999,-36.75,    1517P   1867
38.,6.74999999999999,-43.5,38.,6.74999999999999,-43.5,38.,          1517P   1868
-1.24875523011824D-14,-43.5,38.,-6.75000000000001,-36.75,38.,       1517P   1869
-6.75000000000001,-30.,38.,-6.75000000000001,-30.,38.,              1517P   1870
-1.33141888906068D-14,-3.14159265358979,3.14159265358979,0.,0.,     1517P   1871
0.;                                                                 1517P   1872
126,1,1,0,0,1,0,-0.0975319698188343,-0.0975319698188343,            1519P   1873
0.097531969818834,0.097531969818834,1.,1.,18.,39.,                  1519P   1874
-1.82321421716545D-15,17.,38.,-1.82321421716545D-15,                1519P   1875
-0.0975319698188343,0.097531969818834,0.,0.,0.;                     1519P   1876
126,8,2,0,1,0,0,-3.14159265358979,-3.14159265358979,                1521P   1877
-3.14159265358979,-1.5707963267949,-1.5707963267949,0.,0.,          1521P   1878
1.5707963267949,1.5707963267949,3.14159265358979,                   1521P   1879
3.14159265358979,3.14159265358979,1.,0.707106781186548,1.,          1521P   1880
0.707106781186548,1.,0.707106781186548,1.,0.707106781186547,1.,     1521P   1881
17.,38.,-9.96577627740983D-16,17.,38.,6.75,10.25,38.,6.75,3.5,      1521P   1882
38.,6.75,3.5,38.,-1.82321421716545D-15,3.5,38.,-6.75,10.25,38.,     1521P   1883
-6.75,17.,38.,-6.75,17.,38.,-2.64985080658991D-15,                  1521P   1884
-3.14159265358979,3.14159265358979,0.,0.,0.;                        1521P   1885
126,1,1,0,0,1,0,-0.0975319698188347,-0.0975319698188347,            1523P   1886
0.0975319698188347,0.0975319698188347,1.,1.,44.5,39.,               1523P   1887
-1.82321421716545D-15,43.5,38.,-1.82321421716545D-15,               1523P   1888
-0.0975319698188347,0.0975319698188347,0.,0.,0.;                    1523P   1889
126,8,2,0,1,0,0,-3.14159265358979,-3.14159265358979,                1525P   1890
-3.14159265358979,-1.5707963267949,-1.5707963267949,0.,0.,          1525P   1891
1.5707963267949,1.5707963267949,3.14159265358979,                   1525P   1892
3.14159265358979,3.14159265358979,1.,0.707106781186548,1.,          1525P   1893
0.707106781186548,1.,0.707106781186548,1.,0.707106781186548,1.,     1525P   1894
43.5,38.,-9.96577627740983D-16,43.5,38.,6.75,36.75,38.,6.75,30.,    1525P   1895
38.,6.75,30.,38.,-1.82321421716545D-15,30.,38.,-6.75,36.75,38.,     1525P   1896
-6.75,43.5,38.,-6.75,43.5,38.,-2.64985080658991D-15,                1525P   1897
-3.14159265358979,3.14159265358979,0.,0.,0.;                        1525P   1898
126,1,1,0,0,1,0,0.,0.,0.2,0.2,1.,1.,61.2406179223406,39.,           1527P   1899
1.34906643143571,61.2406179223406,37.,1.34906643143571,0.,0.2,      1527P   1900
0.,0.,0.;                                                           1527P   1901
126,4,2,0,0,0,0,-3.14159265358979,-3.14159265358979,                1529P   1902
-3.14159265358979,-1.5707963267949,-1.5707963267949,0.,0.,0.,1.,    1529P   1903
0.707106781186528,1.,0.707106781186538,1.,60.7593820776594,37.,     1529P   1904
0.4724752714335,60.3210864976583,37.,0.713093193774076,             1529P   1905
60.5617044199989,37.,1.15138877377518,60.8023223423395,37.,         1529P   1906
1.58968435377628,61.2406179223406,37.,1.34906643143571,             1529P   1907
-3.14159265358979,0.,0.,0.,0.;                                      1529P   1908
126,1,1,0,0,1,0,0.,0.,0.2,0.2,1.,1.,60.7593820776594,39.,           1531P   1909
0.472475271433498,60.7593820776594,37.,0.472475271433498,0.,0.2,    1531P   1910
0.,0.,0.;                                                           1531P   1911
126,4,2,0,0,0,0,-3.14159265358979,-3.14159265358979,                1533P   1912
-3.14159265358979,-2.07286032468939,-2.07286032468939,              1533P   1913
-1.004127995789,-1.004127995789,-1.004127995789,1.,                 1533P   1914
0.860591611823277,1.,0.860591611823339,1.,60.7593820776594,37.,     1533P   1915
-0.472475271433494,61.0389915994958,37.,-0.318973695600243,         1533P   1916
61.0389915994958,37.,-7.07767178198537D-15,61.0389915994958,37.,    1533P   1917
0.318973695600231,60.7593820776594,37.,0.472475271433487,           1533P   1918
-3.14159265358979,-1.004127995789,0.,0.,0.;                         1533P   1919
126,1,1,0,0,1,0,0.,0.,0.2,0.2,1.,1.,60.7593820776594,39.,           1535P   1920
-0.472475271433487,60.7593820776594,37.,-0.472475271433487,0.,      1535P   1921
0.2,0.,0.,0.;                                                       1535P   1922
126,4,2,0,0,0,0,-3.14159265358979,-3.14159265358979,                1537P   1923
-3.14159265358979,-1.5707963267949,-1.5707963267949,                1537P   1924
-4.42354486374085D-15,-4.42354486374085D-15,                        1537P   1925
-4.42354486374085D-15,1.,0.707106781186566,1.,0.707106781186525,    1537P   1926
1.,61.2406179223406,37.,-1.3490664314357,60.8023223423395,37.,      1537P   1927
-1.58968435377627,60.5617044199989,37.,-1.15138877377517,           1537P   1928
60.3210864976583,37.,-0.713093193774073,60.7593820776594,37.,       1537P   1929
-0.472475271433492,-3.14159265358979,-4.42354486374085D-15,0.,      1537P   1930
0.,0.;                                                              1537P   1931
126,1,1,0,0,1,0,0.,0.,0.2,0.2,1.,1.,61.2406179223406,39.,           1539P   1932
-1.34906643143571,61.2406179223406,37.,-1.34906643143571,0.,0.2,    1539P   1933
0.,0.,0.;                                                           1539P   1934
126,4,2,0,0,0,0,-2.13746465780081,-2.13746465780081,                1541P   1935
-2.13746465780081,-1.0687323289004,-1.0687323289004,0.,0.,0.,1.,    1541P   1936
0.860591611823281,1.,0.860591611823283,1.,61.2406179223406,37.,     1541P   1937
1.34906643143569,62.0389915994958,37.,0.910770851434595,            1541P   1938
62.0389915994958,37.,1.11022302462516D-15,62.0389915994958,37.,     1541P   1939
-0.910770851434591,61.2406179223406,37.,-1.34906643143569,          1541P   1940
-2.13746465780081,0.,0.,0.,0.;                                      1541P   1941
126,1,1,0,0,1,0,0.,0.,0.2,0.2,1.,1.,-60.7593820776594,39.,          1543P   1942
0.472475271433498,-60.7593820776594,37.,0.472475271433498,0.,       1543P   1943
0.2,0.,0.,0.;                                                       1543P   1944
126,4,2,0,0,0,0,-3.14159265358979,-3.14159265358979,                1545P   1945
-3.14159265358979,-1.5707963267949,-1.5707963267949,0.,0.,0.,1.,    1545P   1946
0.707106781186528,1.,0.707106781186538,1.,-60.7593820776594,37.,    1545P   1947
0.4724752714335,-60.3210864976583,37.,0.713093193774076,            1545P   1948
-60.5617044199989,37.,1.15138877377518,-60.8023223423395,37.,       1545P   1949
1.58968435377628,-61.2406179223406,37.,1.34906643143571,            1545P   1950
-3.14159265358979,0.,0.,0.,0.;                                      1545P   1951
126,1,1,0,0,1,0,0.,0.,0.2,0.2,1.,1.,-61.2406179223406,39.,          1547P   1952
1.34906643143571,-61.2406179223406,37.,1.34906643143571,0.,0.2,     1547P   1953
0.,0.,0.;                                                           1547P   1954
126,1,1,0,0,1,0,0.,0.,0.2,0.2,1.,1.,-60.7593820776594,39.,          1549P   1955
-0.472475271433487,-60.7593820776594,37.,-0.472475271433487,0.,     1549P   1956
0.2,0.,0.,0.;                                                       1549P   1957
126,4,2,0,0,0,0,-3.14159265358979,-3.14159265358979,                1551P   1958
-3.14159265358979,-2.07286032468939,-2.07286032468939,              1551P   1959
-1.004127995789,-1.004127995789,-1.004127995789,1.,                 1551P   1960
0.860591611823277,1.,0.860591611823339,1.,-60.7593820776594,37.,    1551P   1961
-0.472475271433494,-61.0389915994958,37.,-0.318973695600243,        1551P   1962
-61.0389915994958,37.,-7.07767178198537D-15,-61.0389915994958,      1551P   1963
37.,0.318973695600231,-60.7593820776594,37.,0.472475271433487,      1551P   1964
-3.14159265358979,-1.004127995789,0.,0.,0.;                         1551P   1965
126,1,1,0,0,1,0,0.,0.,0.2,0.2,1.,1.,-61.2406179223406,39.,          1553P   1966
-1.34906643143571,-61.2406179223406,37.,-1.34906643143571,0.,       1553P   1967
0.2,0.,0.,0.;                                                       1553P   1968
126,4,2,0,0,0,0,-3.14159265358979,-3.14159265358979,                1555P   1969
-3.14159265358979,-1.5707963267949,-1.5707963267949,                1555P   1970
-4.42354486374085D-15,-4.42354486374085D-15,                        1555P   1971
-4.42354486374085D-15,1.,0.707106781186566,1.,0.707106781186525,    1555P   1972
1.,-61.2406179223406,37.,-1.3490664314357,-60.8023223423395,37.,    1555P   1973
-1.58968435377627,-60.5617044199989,37.,-1.15138877377517,          1555P   1974
-60.3210864976583,37.,-0.713093193774073,-60.7593820776594,37.,     1555P   1975
-0.472475271433492,-3.14159265358979,-4.42354486374085D-15,0.,      1555P   1976
0.,0.;                                                              1555P   1977
126,4,2,0,0,0,0,-2.13746465780081,-2.13746465780081,                1557P   1978
-2.13746465780081,-1.0687323289004,-1.0687323289004,0.,0.,0.,1.,    1557P   1979
0.860591611823281,1.,0.860591611823283,1.,-61.2406179223406,37.,    1557P   1980
1.34906643143569,-62.0389915994958,37.,0.910770851434595,           1557P   1981
-62.0389915994958,37.,1.11022302462516D-15,-62.0389915994958,       1557P   1982
37.,-0.910770851434591,-61.2406179223406,37.,-1.34906643143569,     1557P   1983
-2.13746465780081,0.,0.,0.,0.;                                      1557P   1984
126,4,2,0,0,0,0,-2.16422744916601D-31,-2.16422744916601D-31,        1559P   1985
-2.16422744916601D-31,1.5707963267949,1.5707963267949,              1559P   1986
3.14159265358979,3.14159265358979,3.14159265358979,1.,              1559P   1987
0.707106781186549,1.,0.70710678118655,1.,-67.5,0.,13.5,-81.,0.,     1559P   1988
13.5,-81.,0.,5.1119906082563D-15,-81.,0.,-13.5,-67.5,0.,-13.5,      1559P   1989
-2.16422744916601D-31,3.14159265358979,0.,0.,0.;                    1559P   1990
126,1,1,0,0,1,0,0.,0.,0.1,0.1,1.,1.,-67.5,0.,13.5,-67.5,1.,13.5,    1561P   1991
0.,0.1,0.,0.,0.;                                                    1561P   1992
126,4,2,0,0,0,0,-2.16422744916601D-31,-2.16422744916601D-31,        1563P   1993
-2.16422744916601D-31,1.5707963267949,1.5707963267949,              1563P   1994
3.14159265358979,3.14159265358979,3.14159265358979,1.,              1563P   1995
0.707106781186549,1.,0.70710678118655,1.,-67.5,1.,13.5,-81.,1.,     1563P   1996
13.5,-81.,1.,5.1119906082563D-15,-81.,1.,-13.5,-67.5,1.,-13.5,      1563P   1997
-2.16422744916601D-31,3.14159265358979,0.,0.,0.;                    1563P   1998
126,1,1,0,0,1,0,0.,0.,0.1,0.1,1.,1.,-67.5,0.,-13.5,-67.5,1.,        1565P   1999
-13.5,0.,0.1,0.,0.,0.;                                              1565P   2000
126,1,1,0,0,1,0,-10.125,-10.125,3.375,3.375,1.,1.,-67.5,0.,         1567P   2001
-13.5,67.5,0.,-13.5,-10.125,3.375,0.,0.,0.;                         1567P   2002
126,1,1,0,0,1,0,-10.125,-10.125,3.375,3.375,1.,1.,-67.5,1.,         1569P   2003
-13.5,67.5,1.,-13.5,-10.125,3.375,0.,0.,0.;                         1569P   2004
126,1,1,0,0,1,0,0.,0.,0.1,0.1,1.,1.,67.5,0.,-13.5,67.5,1.,-13.5,    1571P   2005
0.,0.1,0.,0.,0.;                                                    1571P   2006
126,4,2,0,0,0,0,0.,0.,0.,1.5707963267949,1.5707963267949,           1573P   2007
3.14159265358979,3.14159265358979,3.14159265358979,1.,              1573P   2008
0.707106781186548,1.,0.707106781186548,1.,67.5,0.,-13.5,81.,0.,     1573P   2009
-13.5,81.,0.,-1.32960589640069D-14,81.,0.,13.5,67.5,0.,13.5,0.,     1573P   2010
3.14159265358979,0.,0.,0.;                                          1573P   2011
126,4,2,0,0,0,0,0.,0.,0.,1.5707963267949,1.5707963267949,           1575P   2012
3.14159265358979,3.14159265358979,3.14159265358979,1.,              1575P   2013
0.707106781186548,1.,0.707106781186548,1.,67.5,1.,-13.5,81.,1.,     1575P   2014
-13.5,81.,1.,-1.32960589640069D-14,81.,1.,13.5,67.5,1.,13.5,0.,     1575P   2015
3.14159265358979,0.,0.,0.;                                          1575P   2016
126,1,1,0,0,1,0,0.,0.,0.1,0.1,1.,1.,67.5,0.,13.5,67.5,1.,13.5,      1577P   2017
0.,0.1,0.,0.,0.;                                                    1577P   2018
126,1,1,0,0,1,0,-10.125,-10.125,3.375,3.375,1.,1.,67.5,0.,13.5,     1579P   2019
-67.5,0.,13.5,-10.125,3.375,0.,0.,0.;                               1579P   2020
126,1,1,0,0,1,0,-10.125,-10.125,3.375,3.375,1.,1.,67.5,1.,13.5,     1581P   2021
-67.5,1.,13.5,-10.125,3.375,0.,0.,0.;                               1581P   2022
126,1,1,0,0,1,0,0.,0.,0.1,0.1,1.,1.,-67.5,0.,-13.6,-67.5,1.,        1583P   2023
-13.6,0.,0.1,0.,0.,0.;                                              1583P   2024
126,4,2,0,0,0,0,2.61228946970625D-15,2.61228946970625D-15,          1585P   2025
2.61228946970625D-15,1.5707963267949,1.5707963267949,               1585P   2026
3.14159265358979,3.14159265358979,3.14159265358979,1.,              1585P   2027
0.707106781186549,1.,0.70710678118655,1.,-67.5,1.,-13.6,-81.1,      1585P   2028
1.,-13.6,-81.1,1.,3.58582095836666D-15,-81.1,1.,13.6,-67.5,1.,      1585P   2029
13.6,2.61228946970625D-15,3.14159265358979,0.,0.,0.;                1585P   2030
126,1,1,0,0,1,0,0.,0.,0.1,0.1,1.,1.,-67.5,0.,13.6,-67.5,1.,13.6,    1587P   2031
0.,0.1,0.,0.,0.;                                                    1587P   2032
126,1,1,0,0,1,0,0.,0.,0.1,0.1,1.,1.,67.5,0.,-13.6,67.5,1.,-13.6,    1589P   2033
0.,0.1,0.,0.,0.;                                                    1589P   2034
126,1,1,0,0,1,0,0.,0.,13.5,13.5,1.,1.,67.5,1.,-13.6,-67.5,1.,       1591P   2035
-13.6,0.,13.5,0.,0.,0.;                                             1591P   2036
126,1,1,0,0,1,0,0.,0.,0.1,0.1,1.,1.,67.5,0.,13.6,67.5,1.,13.6,      1593P   2037
0.,0.1,0.,0.,0.;                                                    1593P   2038
126,4,2,0,0,0,0,0.,0.,0.,1.5707963267949,1.5707963267949,           1595P   2039
3.14159265358979,3.14159265358979,3.14159265358979,1.,              1595P   2040
0.707106781186548,1.,0.707106781186548,1.,67.5,1.,13.6,81.1,1.,     1595P   2041
13.6,81.1,1.,-1.16366625511623D-14,81.1,1.,-13.6,67.5,1.,-13.6,     1595P   2042
0.,3.14159265358979,0.,0.,0.;                                       1595P   2043
126,1,1,0,0,1,0,0.,0.,13.5,13.5,1.,1.,-67.5,1.,13.6,67.5,1.,        1597P   2044
13.6,0.,13.5,0.,0.,0.;                                              1597P   2045
126,2,2,0,0,0,0,0.,0.,0.,1.04719755119659,1.04719755119659,         1599P   2046
1.04719755119659,1.,0.866025403784442,1.,67.5,0.,                   1599P   2047
12.7320508075689,67.5,0.,12.1547005383792,67.5,                     1599P   2048
0.499999999999998,11.8660254037844,0.,1.04719755119659,0.,0.,0.;    1599P   2049
126,4,2,0,0,0,0,-1.5707963267949,-1.5707963267949,                  1601P   2050
-1.5707963267949,1.11022302462516D-16,1.11022302462516D-16,         1601P   2051
1.5707963267949,1.5707963267949,1.5707963267949,1.,                 1601P   2052
0.707106781186547,1.,0.707106781186547,1.,67.5,                     1601P   2053
0.499999999999998,11.8660254037844,79.3660254037844,                1601P   2054
0.499999999999998,11.8660254037844,79.3660254037844,                1601P   2055
0.499999999999998,-1.3060231334522D-14,79.3660254037844,            1601P   2056
0.499999999999998,-11.8660254037845,67.5,0.499999999999998,         1601P   2057
-11.8660254037845,-1.5707963267949,1.5707963267949,0.,0.,0.;        1601P   2058
126,2,2,0,0,0,0,0.,0.,0.,1.04719755119659,1.04719755119659,         1603P   2059
1.04719755119659,1.,0.866025403784442,1.,67.5,0.499999999999998,    1603P   2060
-11.8660254037845,67.5,1.19427557186727D-15,-12.1547005383793,      1603P   2061
67.5,1.2490009027033D-15,-12.7320508075689,0.,1.04719755119659,     1603P   2062
0.,0.,0.;                                                           1603P   2063
126,4,2,0,0,0,0,-1.5707963267949,-1.5707963267949,                  1605P   2064
-1.5707963267949,-1.11022302462516D-16,-1.11022302462516D-16,       1605P   2065
1.5707963267949,1.5707963267949,1.5707963267949,1.,                 1605P   2066
0.707106781186545,1.,0.707106781186547,1.,67.5,0.,                  1605P   2067
-12.7320508075689,80.2320508075689,0.,-12.7320508075689,            1605P   2068
80.2320508075689,0.,-1.3103350706905D-14,80.2320508075689,0.,       1605P   2069
12.7320508075689,67.5,0.,12.7320508075689,-1.5707963267949,         1605P   2070
1.5707963267949,0.,0.,0.;                                           1605P   2071
126,2,2,0,0,0,0,0.,0.,0.,1.0471975511966,1.0471975511966,           1607P   2072
1.0471975511966,1.,0.866025403784443,1.,-67.5,0.500000000000001,    1607P   2073
-11.8660254037844,-67.5,6.64562173984641D-16,-12.1547005383793,     1607P   2074
-67.5,6.93889390390723D-16,-12.7320508075689,0.,1.0471975511966,    1607P   2075
0.,0.,0.;                                                           1607P   2076
126,1,1,0,0,1,0,-10.125,-10.125,3.375,3.375,1.,1.,-67.5,0.,         1609P   2077
-12.7320508075689,67.5,0.,-12.7320508075689,-10.125,3.375,0.,0.,    1609P   2078
0.;                                                                 1609P   2079
126,1,1,0,0,1,0,-3.375,-3.375,10.125,10.125,1.,1.,67.5,0.5,         1611P   2080
-11.8660254037844,-67.5,0.5,-11.8660254037844,-3.375,10.125,0.,     1611P   2081
0.,0.;                                                              1611P   2082
126,2,2,0,0,0,0,0.,0.,0.,1.04719755119659,1.04719755119659,         1613P   2083
1.04719755119659,1.,0.866025403784442,1.,-67.5,                     1613P   2084
0.499999999999998,11.8660254037844,-67.5,1.19427557186727D-15,      1613P   2085
12.1547005383793,-67.5,1.2490009027033D-15,12.7320508075689,0.,     1613P   2086
1.04719755119659,0.,0.,0.;                                          1613P   2087
126,4,2,0,0,0,0,-1.5707963267949,-1.5707963267949,                  1615P   2088
-1.5707963267949,0.,0.,1.5707963267949,1.5707963267949,             1615P   2089
1.5707963267949,1.,0.707106781186548,1.,0.707106781186548,1.,       1615P   2090
-67.5,0.,12.7320508075689,-80.2320508075689,0.,12.7320508075689,    1615P   2091
-80.2320508075689,0.,4.22605721432063D-15,-80.2320508075689,0.,     1615P   2092
-12.7320508075689,-67.5,0.,-12.7320508075689,-1.5707963267949,      1615P   2093
1.5707963267949,0.,0.,0.;                                           1615P   2094
126,4,2,0,0,0,0,-1.5707963267949,-1.5707963267949,                  1617P   2095
-1.5707963267949,-1.11022302462516D-16,-1.11022302462516D-16,       1617P   2096
1.5707963267949,1.5707963267949,1.5707963267949,1.,                 1617P   2097
0.707106781186548,1.,0.707106781186548,1.,-67.5,                    1617P   2098
0.499999999999998,-11.8660254037844,-79.3660254037844,              1617P   2099
0.499999999999998,-11.8660254037844,-79.3660254037844,              1617P   2100
0.499999999999998,2.89759375863724D-15,-79.3660254037844,           1617P   2101
0.499999999999998,11.8660254037844,-67.5,0.499999999999998,         1617P   2102
11.8660254037844,-1.5707963267949,1.5707963267949,0.,0.,0.;         1617P   2103
126,1,1,0,0,1,0,-10.125,-10.125,3.375,3.375,1.,1.,67.5,0.,          1619P   2104
12.7320508075689,-67.5,0.,12.7320508075689,-10.125,3.375,0.,0.,     1619P   2105
0.;                                                                 1619P   2106
126,1,1,0,0,1,0,-3.375,-3.375,10.125,10.125,1.,1.,-67.5,0.5,        1621P   2107
11.8660254037844,67.5,0.5,11.8660254037844,-3.375,10.125,0.,0.,     1621P   2108
0.;                                                                 1621P   2109
126,2,2,0,0,0,0,0.,0.,0.,1.0471975511966,1.0471975511966,           1623P   2110
1.0471975511966,1.,0.866025403784434,1.,67.5,1.,-11.,67.5,1.,       1623P   2111
-11.5773502691896,67.5,0.499999999999998,-11.8660254037845,0.,      1623P   2112
1.0471975511966,0.,0.,0.;                                           1623P   2113
126,2,2,0,0,0,0,0.,0.,0.,1.0471975511966,1.0471975511966,           1625P   2114
1.0471975511966,1.,0.866025403784445,1.,-67.5,1.,-11.,-67.5,1.,     1625P   2115
-11.5773502691896,-67.5,0.500000000000001,-11.8660254037844,0.,     1625P   2116
1.0471975511966,0.,0.,0.;                                           1625P   2117
126,2,2,0,0,0,0,0.523598775598296,0.523598775598296,                1627P   2118
0.523598775598296,1.5707963267949,1.5707963267949,                  1627P   2119
1.5707963267949,1.,0.866025403784435,1.,67.5,0.499999999999998,     1627P   2120
11.8660254037844,67.5,1.,11.5773502691896,67.5,1.,11.,              1627P   2121
0.523598775598296,1.5707963267949,0.,0.,0.;                         1627P   2122
126,2,2,0,0,0,0,0.,0.,0.,1.0471975511966,1.0471975511966,           1629P   2123
1.0471975511966,1.,0.866025403784434,1.,-67.5,1.,11.,-67.5,1.,      1629P   2124
11.5773502691896,-67.5,0.499999999999998,11.8660254037844,0.,       1629P   2125
1.0471975511966,0.,0.,0.;                                           1629P   2126
126,1,1,0,0,1,0,-10.125,-10.125,3.375,3.375,1.,1.,-67.5,40.,        1631P   2127
12.7320508075689,67.5,40.,12.7320508075689,-10.125,3.375,0.,0.,     1631P   2128
0.;                                                                 1631P   2129
126,1,1,0,0,1,0,0.,0.,0.1,0.1,1.,1.,-67.5,40.,12.7320508075689,     1633P   2130
-67.5,39.,12.7320508075689,0.,0.1,0.,0.,0.;                         1633P   2131
126,1,1,0,0,1,0,-10.125,-10.125,3.375,3.375,1.,1.,-67.5,39.,        1635P   2132
12.7320508075689,67.5,39.,12.7320508075689,-10.125,3.375,0.,0.,     1635P   2133
0.;                                                                 1635P   2134
126,1,1,0,0,1,0,0.,0.,0.1,0.1,1.,1.,67.5,40.,12.7320508075689,      1637P   2135
67.5,39.,12.7320508075689,0.,0.1,0.,0.,0.;                          1637P   2136
126,4,2,0,0,0,0,-1.5707963267949,-1.5707963267949,                  1639P   2137
-1.5707963267949,1.11022302462516D-16,1.11022302462516D-16,         1639P   2138
1.5707963267949,1.5707963267949,1.5707963267949,1.,                 1639P   2139
0.707106781186547,1.,0.707106781186545,1.,67.5,40.,                 1639P   2140
12.7320508075689,80.2320508075689,40.,12.7320508075689,             1639P   2141
80.2320508075689,40.,-1.3103350706905D-14,80.2320508075689,40.,     1639P   2142
-12.7320508075689,67.5,40.,-12.7320508075689,-1.5707963267949,      1639P   2143
1.5707963267949,0.,0.,0.;                                           1639P   2144
126,4,2,0,0,0,0,-3.14159265358979,-3.14159265358979,                1641P   2145
-3.14159265358979,-1.5707963267949,-1.5707963267949,0.,0.,0.,1.,    1641P   2146
0.707106781186547,1.,0.707106781186547,1.,67.5,39.,                 1641P   2147
12.7320508075689,80.2320508075689,39.,12.7320508075689,             1641P   2148
80.2320508075689,39.,-1.3249035637986D-14,80.2320508075689,39.,     1641P   2149
-12.7320508075689,67.5,39.,-12.7320508075689,-3.14159265358979,     1641P   2150
0.,0.,0.,0.;                                                        1641P   2151
126,1,1,0,0,1,0,0.,0.,0.1,0.1,1.,1.,67.5,40.,-12.7320508075689,     1643P   2152
67.5,39.,-12.7320508075689,0.,0.1,0.,0.,0.;                         1643P   2153
126,1,1,0,0,1,0,-10.125,-10.125,3.375,3.375,1.,1.,67.5,40.,         1645P   2154
-12.7320508075689,-67.5,40.,-12.7320508075689,-10.125,3.375,0.,     1645P   2155
0.,0.;                                                              1645P   2156
126,1,1,0,0,1,0,-10.125,-10.125,3.375,3.375,1.,1.,67.5,39.,         1647P   2157
-12.7320508075689,-67.5,39.,-12.7320508075689,-10.125,3.375,0.,     1647P   2158
0.,0.;                                                              1647P   2159
126,1,1,0,0,1,0,0.,0.,0.1,0.1,1.,1.,-67.5,40.,-12.7320508075689,    1649P   2160
-67.5,39.,-12.7320508075689,0.,0.1,0.,0.,0.;                        1649P   2161
126,4,2,0,0,0,0,-1.5707963267949,-1.5707963267949,                  1651P   2162
-1.5707963267949,0.,0.,1.5707963267949,1.5707963267949,             1651P   2163
1.5707963267949,1.,0.707106781186549,1.,0.707106781186549,1.,       1651P   2164
-67.5,40.,-12.7320508075689,-80.2320508075688,40.,                  1651P   2165
-12.7320508075689,-80.2320508075688,40.,5.16841827813796D-15,       1651P   2166
-80.2320508075688,40.,12.7320508075689,-67.5,40.,                   1651P   2167
12.7320508075689,-1.5707963267949,1.5707963267949,0.,0.,0.;         1651P   2168
126,4,2,0,0,0,0,-3.14159265358979,-3.14159265358979,                1653P   2169
-3.14159265358979,-1.5707963267949,-1.5707963267949,                1653P   2170
-2.79037032799815D-15,-2.79037032799815D-15,                        1653P   2171
-2.79037032799815D-15,1.,0.707106781186549,1.,0.707106781186549,    1653P   2172
1.,-67.5,39.,-12.7320508075689,-80.2320508075688,39.,               1653P   2173
-12.7320508075688,-80.2320508075688,39.,5.6439919226005D-15,        1653P   2174
-80.2320508075688,39.,12.7320508075689,-67.5,39.,                   1653P   2175
12.7320508075689,-3.14159265358979,-2.79037032799815D-15,0.,0.,     1653P   2176
0.;                                                                 1653P   2177
126,1,1,0,0,1,0,0.,0.,0.1,0.1,1.,1.,67.5,40.,-13.5,67.5,39.,        1655P   2178
-13.5,0.,0.1,0.,0.,0.;                                              1655P   2179
126,4,2,0,0,0,0,0.,0.,0.,1.5707963267949,1.5707963267949,           1657P   2180
3.14159265358979,3.14159265358979,3.14159265358979,1.,              1657P   2181
0.707106781186548,1.,0.707106781186548,1.,67.5,39.,-13.5,81.,       1657P   2182
39.,-13.5,81.,39.,-1.32960589640069D-14,81.,39.,13.5,67.5,39.,      1657P   2183
13.5,0.,3.14159265358979,0.,0.,0.;                                  1657P   2184
126,1,1,0,0,1,0,0.,0.,0.1,0.1,1.,1.,67.5,40.,13.5,67.5,39.,13.5,    1659P   2185
0.,0.1,0.,0.,0.;                                                    1659P   2186
126,1,1,0,0,1,0,0.,0.,0.1,0.1,1.,1.,-67.5,40.,-13.5,-67.5,39.,      1661P   2187
-13.5,0.,0.1,0.,0.,0.;                                              1661P   2188
126,1,1,0,0,1,0,0.,0.,13.5,13.5,1.,1.,-67.5,39.,-13.5,67.5,39.,     1663P   2189
-13.5,0.,13.5,0.,0.,0.;                                             1663P   2190
126,1,1,0,0,1,0,0.,0.,0.1,0.1,1.,1.,-67.5,40.,13.5,-67.5,39.,       1665P   2191
13.5,0.,0.1,0.,0.,0.;                                               1665P   2192
126,4,2,0,0,0,0,2.63163976207444D-15,2.63163976207444D-15,          1667P   2193
2.63163976207444D-15,1.5707963267949,1.5707963267949,               1667P   2194
3.14159265358979,3.14159265358979,3.14159265358979,1.,              1667P   2195
0.707106781186549,1.,0.70710678118655,1.,-67.5,39.,13.5,-81.,       1667P   2196
39.,13.5,-81.,39.,4.66790139840621D-15,-81.,39.,-13.5,-67.5,39.,    1667P   2197
-13.5,2.63163976207444D-15,3.14159265358979,0.,0.,0.;               1667P   2198
126,1,1,0,0,1,0,0.,0.,13.5,13.5,1.,1.,67.5,39.,13.5,-67.5,39.,      1669P   2199
13.5,0.,13.5,0.,0.,0.;                                              1669P   2200
126,2,2,0,0,0,0,0.,0.,0.,1.04719755119659,1.04719755119659,         1671P   2201
1.04719755119659,1.,0.866025403784414,1.,-67.5,40.,                 1671P   2202
12.7320508075689,-67.5,40.,12.1547005383793,-67.5,39.5,             1671P   2203
11.8660254037844,0.,1.04719755119659,0.,0.,0.;                      1671P   2204
126,4,2,0,0,0,0,-1.5707963267949,-1.5707963267949,                  1673P   2205
-1.5707963267949,1.11022302462516D-16,1.11022302462516D-16,         1673P   2206
1.5707963267949,1.5707963267949,1.5707963267949,1.,                 1673P   2207
0.707106781186547,1.,0.707106781186547,1.,-67.5,39.5,               1673P   2208
11.8660254037844,-79.3660254037844,39.5,11.8660254037844,           1673P   2209
-79.3660254037844,39.5,3.77585606624178D-15,-79.3660254037844,      1673P   2210
39.5,-11.8660254037844,-67.5,39.5,-11.8660254037844,                1673P   2211
-1.5707963267949,1.5707963267949,0.,0.,0.;                          1673P   2212
126,2,2,0,0,0,0,0.,0.,0.,1.0471975511966,1.0471975511966,           1675P   2213
1.0471975511966,1.,0.86602540378444,1.,-67.5,39.5,                  1675P   2214
-11.8660254037844,-67.5,40.,-12.1547005383792,-67.5,40.,            1675P   2215
-12.7320508075689,0.,1.0471975511966,0.,0.,0.;                      1675P   2216
126,2,2,0,0,0,0,0.,0.,0.,1.04719755119659,1.04719755119659,         1677P   2217
1.04719755119659,1.,0.866025403784424,1.,67.5,39.5,                 1677P   2218
-11.8660254037844,67.5,40.,-12.1547005383793,67.5,40.,              1677P   2219
-12.7320508075689,0.,1.04719755119659,0.,0.,0.;                     1677P   2220
126,1,1,0,0,1,0,-3.375,-3.375,10.125,10.125,1.,1.,-67.5,39.5,       1679P   2221
-11.8660254037844,67.5,39.5,-11.8660254037844,-3.375,10.125,0.,     1679P   2222
0.,0.;                                                              1679P   2223
126,2,2,0,0,0,0,0.,0.,0.,1.04719755119659,1.04719755119659,         1681P   2224
1.04719755119659,1.,0.866025403784424,1.,67.5,39.5,                 1681P   2225
11.8660254037844,67.5,40.,12.1547005383792,67.5,40.,                1681P   2226
12.7320508075689,0.,1.04719755119659,0.,0.,0.;                      1681P   2227
126,4,2,0,0,0,0,-1.5707963267949,-1.5707963267949,                  1683P   2228
-1.5707963267949,-1.11022302462516D-16,-1.11022302462516D-16,       1683P   2229
1.5707963267949,1.5707963267949,1.5707963267949,1.,                 1683P   2230
0.707106781186547,1.,0.707106781186547,1.,67.5,39.5,                1683P   2231
-11.8660254037845,79.3660254037844,39.5,-11.8660254037845,          1683P   2232
79.3660254037844,39.5,-1.3060231334522D-14,79.3660254037844,        1683P   2233
39.5,11.8660254037844,67.5,39.5,11.8660254037844,                   1683P   2234
-1.5707963267949,1.5707963267949,0.,0.,0.;                          1683P   2235
126,1,1,0,0,1,0,-3.375,-3.375,10.125,10.125,1.,1.,67.5,39.5,        1685P   2236
11.8660254037844,-67.5,39.5,11.8660254037844,-3.375,10.125,0.,      1685P   2237
0.,0.;                                                              1685P   2238
126,2,2,0,0,0,0,0.,0.,0.,1.0471975511966,1.0471975511966,           1687P   2239
1.0471975511966,1.,0.866025403784414,1.,-67.5,39.,-11.,-67.5,       1687P   2240
39.,-11.5773502691896,-67.5,39.5,-11.8660254037844,0.,              1687P   2241
1.0471975511966,0.,0.,0.;                                           1687P   2242
126,2,2,0,0,0,0,0.,0.,0.,1.0471975511966,1.0471975511966,           1689P   2243
1.0471975511966,1.,0.866025403784443,1.,67.5,39.,-11.,67.5,39.,     1689P   2244
-11.5773502691896,67.5,39.5,-11.8660254037844,0.,                   1689P   2245
1.0471975511966,0.,0.,0.;                                           1689P   2246
126,2,2,0,0,0,0,0.523598775598296,0.523598775598296,                1691P   2247
0.523598775598296,1.5707963267949,1.5707963267949,                  1691P   2248
1.5707963267949,1.,0.86602540378445,1.,-67.5,39.5,                  1691P   2249
11.8660254037844,-67.5,39.,11.5773502691896,-67.5,39.,11.,          1691P   2250
0.523598775598296,1.5707963267949,0.,0.,0.;                         1691P   2251
126,2,2,0,0,0,0,0.,0.,0.,1.0471975511966,1.0471975511966,           1693P   2252
1.0471975511966,1.,0.866025403784443,1.,67.5,39.,11.,67.5,39.,      1693P   2253
11.5773502691896,67.5,39.5,11.8660254037844,0.,1.0471975511966,     1693P   2254
0.,0.,0.;                                                           1693P   2255
126,8,2,0,1,0,0,-3.14159265358979,-3.14159265358979,                1695P   2256
-3.14159265358979,-1.5707963267949,-1.5707963267949,0.,0.,          1695P   2257
1.5707963267949,1.5707963267949,3.14159265358979,                   1695P   2258
3.14159265358979,3.14159265358979,1.,0.707106781186546,1.,          1695P   2259
0.707106781186555,1.,0.707106781186555,1.,0.707106781186546,1.,     1695P   2260
-11.5,16.,-21.7685786509845,-11.5,17.5,-21.7685786509845,-11.5,     1695P   2261
17.5,-23.2685786509845,-11.5,17.5,-24.7685786509845,-11.5,16.,      1695P   2262
-24.7685786509845,-11.5,14.5,-24.7685786509845,-11.5,14.5,          1695P   2263
-23.2685786509845,-11.5,14.5,-21.7685786509845,-11.5,16.,           1695P   2264
-21.7685786509845,-3.14159265358979,3.14159265358979,0.,0.,0.;      1695P   2265
126,1,1,0,0,1,0,-0.666666666666667,-0.666666666666667,              1697P   2266
5.9211894646675D-15,5.9211894646675D-15,1.,1.,-11.5,16.,            1697P   2267
-21.7685786509845,-12.5,16.,-21.7685786509845,                      1697P   2268
-0.666666666666667,5.9211894646675D-15,0.,0.,0.;                    1697P   2269
126,8,2,0,1,0,0,-3.14159265358979,-3.14159265358979,                1699P   2270
-3.14159265358979,-1.5707963267949,-1.5707963267949,0.,0.,          1699P   2271
1.5707963267949,1.5707963267949,3.14159265358979,                   1699P   2272
3.14159265358979,3.14159265358979,1.,0.707106781186546,1.,          1699P   2273
0.707106781186555,1.,0.707106781186555,1.,0.707106781186546,1.,     1699P   2274
-12.5,16.,-21.7685786509845,-12.5,17.5,-21.7685786509845,-12.5,     1699P   2275
17.5,-23.2685786509845,-12.5,17.5,-24.7685786509845,-12.5,16.,      1699P   2276
-24.7685786509845,-12.5,14.5,-24.7685786509845,-12.5,14.5,          1699P   2277
-23.2685786509845,-12.5,14.5,-21.7685786509845,-12.5,16.,           1699P   2278
-21.7685786509845,-3.14159265358979,3.14159265358979,0.,0.,0.;      1699P   2279
126,8,2,0,1,0,0,-3.14159265358979,-3.14159265358979,                1701P   2280
-3.14159265358979,-1.5707963267949,-1.5707963267949,0.,0.,          1701P   2281
1.5707963267949,1.5707963267949,3.14159265358979,                   1701P   2282
3.14159265358979,3.14159265358979,1.,0.707106781186546,1.,          1701P   2283
0.707106781186555,1.,0.707106781186555,1.,0.707106781186546,1.,     1701P   2284
11.5,16.,-21.7685786509845,11.5,17.5,-21.7685786509845,11.5,        1701P   2285
17.5,-23.2685786509845,11.5,17.5,-24.7685786509845,11.5,16.,        1701P   2286
-24.7685786509845,11.5,14.5,-24.7685786509845,11.5,14.5,            1701P   2287
-23.2685786509845,11.5,14.5,-21.7685786509845,11.5,16.,             1701P   2288
-21.7685786509845,-3.14159265358979,3.14159265358979,0.,0.,0.;      1701P   2289
126,1,1,0,0,1,0,-0.666666666666667,-0.666666666666667,0.,0.,1.,     1703P   2290
1.,11.5,16.,-21.7685786509845,12.5,16.,-21.7685786509845,           1703P   2291
-0.666666666666667,0.,0.,0.,0.;                                     1703P   2292
126,8,2,0,1,0,0,-3.14159265358979,-3.14159265358979,                1705P   2293
-3.14159265358979,-1.5707963267949,-1.5707963267949,0.,0.,          1705P   2294
1.5707963267949,1.5707963267949,3.14159265358979,                   1705P   2295
3.14159265358979,3.14159265358979,1.,0.707106781186546,1.,          1705P   2296
0.707106781186555,1.,0.707106781186555,1.,0.707106781186546,1.,     1705P   2297
12.5,16.,-21.7685786509845,12.5,14.5,-21.7685786509845,12.5,        1705P   2298
14.5,-23.2685786509845,12.5,14.5,-24.7685786509845,12.5,16.,        1705P   2299
-24.7685786509845,12.5,17.5,-24.7685786509845,12.5,17.5,            1705P   2300
-23.2685786509845,12.5,17.5,-21.7685786509845,12.5,16.,             1705P   2301
-21.7685786509845,-3.14159265358979,3.14159265358979,0.,0.,0.;      1705P   2302
126,4,2,0,0,0,0,-2.35619449019235,-2.35619449019235,                1707P   2303
-2.35619449019235,-0.78539816339745,-0.78539816339745,              1707P   2304
0.785398163397447,0.785398163397447,0.785398163397447,1.,           1707P   2305
0.707106781186549,1.,0.707106781186549,1.,-12.5,16.,                1707P   2306
-20.2685786509845,-12.5,19.,-20.2685786509845,-12.5,19.,            1707P   2307
-23.2685786509845,-12.5,19.,-26.2685786509845,-12.5,16.,            1707P   2308
-26.2685786509845,-2.35619449019235,0.785398163397447,0.,0.,0.;     1707P   2309
126,1,1,0,0,1,0,0.,0.,0.2,0.2,1.,1.,-12.5,14.,-20.2685786509845,    1709P   2310
-12.5,16.,-20.2685786509845,0.,0.2,0.,0.,0.;                        1709P   2311
126,1,1,0,0,1,0,-1.58152817320771,-1.58152817320771,                1711P   2312
-0.981528173207706,-0.981528173207706,1.,1.,-12.5,14.,              1711P   2313
-26.2685786509845,-12.5,14.,-20.2685786509845,-1.58152817320771,    1711P   2314
-0.981528173207706,0.,0.,0.;                                        1711P   2315
126,1,1,0,0,1,0,0.,0.,0.2,0.2,1.,1.,-12.5,14.,-26.2685786509845,    1713P   2316
-12.5,16.,-26.2685786509845,0.,0.2,0.,0.,0.;                        1713P   2317
126,1,1,0,0,1,0,-0.15,-0.15,0.45,0.45,1.,1.,-12.5,16.,              1715P   2318
-26.2685786509845,-18.5,16.,-26.2685786509845,-0.15,0.45,0.,0.,     1715P   2319
0.;                                                                 1715P   2320
126,4,2,0,0,0,0,-2.35619449019234,-2.35619449019234,                1717P   2321
-2.35619449019234,-0.785398163397448,-0.785398163397448,            1717P   2322
0.785398163397448,0.785398163397448,0.785398163397448,1.,           1717P   2323
0.707106781186549,1.,0.707106781186549,1.,-18.5,16.,                1717P   2324
-26.2685786509845,-18.5,19.,-26.2685786509845,-18.5,19.,            1717P   2325
-23.2685786509845,-18.5,19.,-20.2685786509845,-18.5,16.,            1717P   2326
-20.2685786509845,-2.35619449019234,0.785398163397448,0.,0.,0.;     1717P   2327
126,1,1,0,0,1,0,-0.15,-0.15,0.45,0.45,1.,1.,-18.5,16.,              1719P   2328
-20.2685786509845,-12.5,16.,-20.2685786509845,-0.15,0.45,0.,0.,     1719P   2329
0.;                                                                 1719P   2330
126,4,2,0,0,0,0,-2.35619449019234,-2.35619449019234,                1721P   2331
-2.35619449019234,-0.785398163397448,-0.785398163397448,            1721P   2332
0.785398163397448,0.785398163397448,0.785398163397448,1.,           1721P   2333
0.707106781186549,1.,0.707106781186549,1.,12.5,16.,                 1721P   2334
-26.2685786509845,12.5,19.,-26.2685786509845,12.5,19.,              1721P   2335
-23.2685786509845,12.5,19.,-20.2685786509845,12.5,16.,              1721P   2336
-20.2685786509845,-2.35619449019234,0.785398163397448,0.,0.,0.;     1721P   2337
126,1,1,0,0,1,0,0.,0.,0.2,0.2,1.,1.,12.5,14.,-26.2685786509845,     1723P   2338
12.5,16.,-26.2685786509845,0.,0.2,0.,0.,0.;                         1723P   2339
126,1,1,0,0,1,0,0.681528173207706,0.681528173207706,                1725P   2340
1.28152817320771,1.28152817320771,1.,1.,12.5,14.,                   1725P   2341
-20.2685786509845,12.5,14.,-26.2685786509845,0.681528173207706,     1725P   2342
1.28152817320771,0.,0.,0.;                                          1725P   2343
126,1,1,0,0,1,0,0.,0.,0.2,0.2,1.,1.,12.5,14.,-20.2685786509845,     1727P   2344
12.5,16.,-20.2685786509845,0.,0.2,0.,0.,0.;                         1727P   2345
126,1,1,0,0,1,0,-0.15,-0.15,0.45,0.45,1.,1.,12.5,16.,               1729P   2346
-20.2685786509845,18.5,16.,-20.2685786509845,-0.15,0.45,0.,0.,      1729P   2347
0.;                                                                 1729P   2348
126,4,2,0,0,0,0,-2.35619449019235,-2.35619449019235,                1731P   2349
-2.35619449019235,-0.78539816339745,-0.78539816339745,              1731P   2350
0.785398163397447,0.785398163397447,0.785398163397447,1.,           1731P   2351
0.707106781186549,1.,0.707106781186549,1.,18.5,16.,                 1731P   2352
-20.2685786509845,18.5,19.,-20.2685786509845,18.5,19.,              1731P   2353
-23.2685786509845,18.5,19.,-26.2685786509845,18.5,16.,              1731P   2354
-26.2685786509845,-2.35619449019235,0.785398163397447,0.,0.,0.;     1731P   2355
126,1,1,0,0,1,0,-0.15,-0.15,0.45,0.45,1.,1.,18.5,16.,               1733P   2356
-26.2685786509845,12.5,16.,-26.2685786509845,-0.15,0.45,0.,0.,      1733P   2357
0.;                                                                 1733P   2358
126,1,1,0,0,1,0,0.,0.,0.2,0.2,1.,1.,18.5,14.,-26.2685786509845,     1735P   2359
18.5,16.,-26.2685786509845,0.,0.2,0.,0.,0.;                         1735P   2360
126,1,1,0,0,1,0,0.325,0.325,0.925,0.925,1.,1.,12.5,14.,             1737P   2361
-26.2685786509845,18.5,14.,-26.2685786509845,0.325,0.925,0.,0.,     1737P   2362
0.;                                                                 1737P   2363
126,1,1,0,0,1,0,0.,0.,0.2,0.2,1.,1.,18.5,14.,-20.2685786509845,     1739P   2364
18.5,16.,-20.2685786509845,0.,0.2,0.,0.,0.;                         1739P   2365
126,1,1,0,0,1,0,-1.58152817320771,-1.58152817320771,                1741P   2366
-0.981528173207706,-0.981528173207706,1.,1.,18.5,14.,               1741P   2367
-26.2685786509845,18.5,14.,-20.2685786509845,-1.58152817320771,     1741P   2368
-0.981528173207706,0.,0.,0.;                                        1741P   2369
126,1,1,0,0,1,0,-1.225,-1.225,-0.625,-0.625,1.,1.,18.5,14.,         1743P   2370
-20.2685786509845,12.5,14.,-20.2685786509845,-1.225,-0.625,0.,      1743P   2371
0.,0.;                                                              1743P   2372
126,1,1,0,0,1,0,0.,0.,0.2,0.2,1.,1.,-18.5,14.,-26.2685786509845,    1745P   2373
-18.5,16.,-26.2685786509845,0.,0.2,0.,0.,0.;                        1745P   2374
126,1,1,0,0,1,0,0.681528173207706,0.681528173207706,                1747P   2375
1.28152817320771,1.28152817320771,1.,1.,-18.5,14.,                  1747P   2376
-20.2685786509845,-18.5,14.,-26.2685786509845,0.681528173207706,    1747P   2377
1.28152817320771,0.,0.,0.;                                          1747P   2378
126,1,1,0,0,1,0,0.,0.,0.2,0.2,1.,1.,-18.5,14.,-20.2685786509845,    1749P   2379
-18.5,16.,-20.2685786509845,0.,0.2,0.,0.,0.;                        1749P   2380
126,1,1,0,0,1,0,-1.225,-1.225,-0.625,-0.625,1.,1.,-18.5,14.,        1751P   2381
-26.2685786509845,-12.5,14.,-26.2685786509845,-1.225,-0.625,0.,     1751P   2382
0.,0.;                                                              1751P   2383
126,1,1,0,0,1,0,0.325,0.325,0.925,0.925,1.,1.,-12.5,14.,            1753P   2384
-20.2685786509845,-18.5,14.,-20.2685786509845,0.325,0.925,0.,0.,    1753P   2385
0.;                                                                 1753P   2386
126,8,2,0,1,0,0,-3.14159265358979,-3.14159265358979,                1755P   2387
-3.14159265358979,-1.5707963267949,-1.5707963267949,0.,0.,          1755P   2388
1.5707963267949,1.5707963267949,3.14159265358979,                   1755P   2389
3.14159265358979,3.14159265358979,1.,0.707106781186545,1.,          1755P   2390
0.707106781186554,1.,0.707106781186545,1.,0.707106781186553,1.,     1755P   2391
20.75,2.87717419348834,24.5,20.75,4.37717419348834,24.5,20.75,      1755P   2392
4.37717419348834,26.,20.75,4.37717419348834,27.5,20.75,             1755P   2393
2.87717419348834,27.5,20.75,1.37717419348834,27.5,20.75,            1755P   2394
1.37717419348834,26.,20.75,1.37717419348834,24.5,20.75,             1755P   2395
2.87717419348834,24.5,-3.14159265358979,3.14159265358979,0.,0.,     1755P   2396
0.;                                                                 1755P   2397
126,1,1,0,0,1,0,2.96059473233375D-15,2.96059473233375D-15,          1757P   2398
0.666666666666667,0.666666666666667,1.,1.,20.75,                    1757P   2399
2.87717419348834,24.5,21.75,2.87717419348834,24.5,                  1757P   2400
2.96059473233375D-15,0.666666666666667,0.,0.,0.;                    1757P   2401
126,8,2,0,1,0,0,-3.14159265358979,-3.14159265358979,                1759P   2402
-3.14159265358979,-1.5707963267949,-1.5707963267949,0.,0.,          1759P   2403
1.5707963267949,1.5707963267949,3.14159265358979,                   1759P   2404
3.14159265358979,3.14159265358979,1.,0.707106781186553,1.,          1759P   2405
0.707106781186545,1.,0.707106781186554,1.,0.707106781186545,1.,     1759P   2406
21.75,2.87717419348834,24.5,21.75,1.37717419348834,24.5,21.75,      1759P   2407
1.37717419348834,26.,21.75,1.37717419348834,27.5,21.75,             1759P   2408
2.87717419348834,27.5,21.75,4.37717419348834,27.5,21.75,            1759P   2409
4.37717419348834,26.,21.75,4.37717419348834,24.5,21.75,             1759P   2410
2.87717419348834,24.5,-3.14159265358979,3.14159265358979,0.,0.,     1759P   2411
0.;                                                                 1759P   2412
126,8,2,0,1,0,0,-3.14159265358979,-3.14159265358979,                1761P   2413
-3.14159265358979,-1.5707963267949,-1.5707963267949,0.,0.,          1761P   2414
1.5707963267949,1.5707963267949,3.14159265358979,                   1761P   2415
3.14159265358979,3.14159265358979,1.,0.707106781186553,1.,          1761P   2416
0.707106781186545,1.,0.707106781186554,1.,0.707106781186545,1.,     1761P   2417
-20.75,2.87717419348834,24.5,-20.75,1.37717419348834,24.5,          1761P   2418
-20.75,1.37717419348834,26.,-20.75,1.37717419348834,27.5,-20.75,    1761P   2419
2.87717419348834,27.5,-20.75,4.37717419348834,27.5,-20.75,          1761P   2420
4.37717419348834,26.,-20.75,4.37717419348834,24.5,-20.75,           1761P   2421
2.87717419348834,24.5,-3.14159265358979,3.14159265358979,0.,0.,     1761P   2422
0.;                                                                 1761P   2423
126,1,1,0,0,1,0,0.,0.,0.666666666666667,0.666666666666667,1.,1.,    1763P   2424
-20.75,2.87717419348834,24.5,-21.75,2.87717419348834,24.5,0.,       1763P   2425
0.666666666666667,0.,0.,0.;                                         1763P   2426
126,8,2,0,1,0,0,-3.14159265358979,-3.14159265358979,                1765P   2427
-3.14159265358979,-1.5707963267949,-1.5707963267949,0.,0.,          1765P   2428
1.5707963267949,1.5707963267949,3.14159265358979,                   1765P   2429
3.14159265358979,3.14159265358979,1.,0.707106781186553,1.,          1765P   2430
0.707106781186545,1.,0.707106781186554,1.,0.707106781186545,1.,     1765P   2431
-21.75,2.87717419348834,24.5,-21.75,1.37717419348834,24.5,          1765P   2432
-21.75,1.37717419348834,26.,-21.75,1.37717419348834,27.5,-21.75,    1765P   2433
2.87717419348834,27.5,-21.75,4.37717419348834,27.5,-21.75,          1765P   2434
4.37717419348834,26.,-21.75,4.37717419348834,24.5,-21.75,           1765P   2435
2.87717419348834,24.5,-3.14159265358979,3.14159265358979,0.,0.,     1765P   2436
0.;                                                                 1765P   2437
126,1,1,0,0,1,0,-1.67309295972861,-1.67309295972861,                1767P   2438
-0.473092959728608,-0.473092959728608,1.,1.,-19.,8.,-25.,-19.,      1767P   2439
8.,-13.,-1.67309295972861,-0.473092959728608,0.,0.,0.;              1767P   2440
126,1,1,0,0,1,0,0.,0.,0.1,0.1,1.,1.,-19.,8.,-25.,-19.,7.,-25.,      1769P   2441
0.,0.1,0.,0.,0.;                                                    1769P   2442
126,1,1,0,0,1,0,-1.2,-1.2,0.,0.,1.,1.,-19.,7.,-13.,-19.,7.,-25.,    1771P   2443
-1.2,0.,0.,0.,0.;                                                   1771P   2444
126,1,1,0,0,1,0,0.,0.,0.1,0.1,1.,1.,-19.,8.,-13.,-19.,7.,-13.,      1773P   2445
0.,0.1,0.,0.,0.;                                                    1773P   2446
126,1,1,0,0,1,0,-2.85,-2.85,0.949999999999999,0.949999999999999,    1775P   2447
1.,1.,-19.,8.,-13.,19.,8.,-13.,-2.85,0.949999999999999,0.,0.,0.;    1775P   2448
126,1,1,0,0,1,0,-3.8,-3.8,0.,0.,1.,1.,19.,7.,-13.,-19.,7.,-13.,     1777P   2449
-3.8,0.,0.,0.,0.;                                                   1777P   2450
126,1,1,0,0,1,0,0.,0.,0.1,0.1,1.,1.,19.,8.,-13.,19.,7.,-13.,0.,     1779P   2451
0.1,0.,0.,0.;                                                       1779P   2452
126,1,1,0,0,1,0,-0.126907040271392,-0.126907040271392,              1781P   2453
1.07309295972861,1.07309295972861,1.,1.,19.,8.,-13.,19.,8.,-25.,    1781P   2454
-0.126907040271392,1.07309295972861,0.,0.,0.;                       1781P   2455
126,1,1,0,0,1,0,-1.2,-1.2,0.,0.,1.,1.,19.,7.,-25.,19.,7.,-13.,      1783P   2456
-1.2,0.,0.,0.,0.;                                                   1783P   2457
126,1,1,0,0,1,0,0.,0.,0.1,0.1,1.,1.,19.,8.,-25.,19.,7.,-25.,0.,     1785P   2458
0.1,0.,0.,0.;                                                       1785P   2459
126,1,1,0,0,1,0,-2.85,-2.85,0.950000000000001,0.950000000000001,    1787P   2460
1.,1.,19.,8.,-25.,-19.,8.,-25.,-2.85,0.950000000000001,0.,0.,0.;    1787P   2461
126,1,1,0,0,1,0,-3.8,-3.8,0.,0.,1.,1.,-19.,7.,-25.,19.,7.,-25.,     1789P   2462
-3.8,0.,0.,0.,0.;                                                   1789P   2463
126,1,1,0,0,1,0,-0.050814023132107,-0.050814023132107,              1791P   2464
4.95352437247802,4.95352437247802,1.,1.,-24.4118944315607,7.,       1791P   2465
-28.,-22.3285610982273,6.99999999999999,22.,-0.050814023132107,     1791P   2466
4.95352437247802,0.,0.,0.;                                          1791P   2467
126,1,1,0,0,1,0,0.,0.,0.1,0.1,1.,1.,-24.4118944315607,7.,-28.,      1793P   2468
-24.4118944315607,8.,-28.,0.,0.1,0.,0.,0.;                          1793P   2469
126,1,1,0,0,1,0,-5.00433839561013,-5.00433839561013,0.,0.,1.,1.,    1795P   2470
-24.4118944315607,8.,-28.,-22.3285610982273,7.99999999999999,       1795P   2471
22.,-5.00433839561013,0.,0.,0.,0.;                                  1795P   2472
126,1,1,0,0,1,0,0.,0.,0.1,0.1,1.,1.,-22.3285610982273,              1797P   2473
6.99999999999999,22.,-22.3285610982273,7.99999999999999,22.,0.,     1797P   2474
0.1,0.,0.,0.;                                                       1797P   2475
126,1,1,0,0,1,0,-2.45135517467296,-2.45135517467296,                1799P   2476
2.55298322093717,2.55298322093717,1.,1.,22.3285610982274,           1799P   2477
6.99999999999999,22.,24.4118944315607,7.,-28.,-2.45135517467296,    1799P   2478
2.55298322093717,0.,0.,0.;                                          1799P   2479
126,1,1,0,0,1,0,0.,0.,0.1,0.1,1.,1.,22.3285610982274,               1801P   2480
6.99999999999999,22.,22.3285610982274,7.99999999999999,22.,0.,      1801P   2481
0.1,0.,0.,0.;                                                       1801P   2482
126,1,1,0,0,1,0,-5.00433839561013,-5.00433839561013,0.,0.,1.,1.,    1803P   2483
22.3285610982274,7.99999999999999,22.,24.4118944315607,8.,-28.,     1803P   2484
-5.00433839561013,0.,0.,0.,0.;                                      1803P   2485
126,1,1,0,0,1,0,0.,0.,0.1,0.1,1.,1.,24.4118944315607,7.,-28.,       1805P   2486
24.4118944315607,8.,-28.,0.,0.1,0.,0.,0.;                           1805P   2487
126,1,1,0,0,1,0,-0.157856109822736,-0.157856109822736,0.,0.,1.,     1807P   2488
1.,20.75,7.99999999999999,22.,22.3285610982274,7.99999999999999,    1807P   2489
22.,-0.157856109822736,0.,0.,0.,0.;                                 1807P   2490
126,1,1,0,0,1,0,-3.1125,-3.1125,1.0375,1.0375,1.,1.,-20.75,8.,      1809P   2491
22.,20.75,8.,22.,-3.1125,1.0375,0.,0.,0.;                           1809P   2492
126,1,1,0,0,1,0,-4.46571221964547,-4.46571221964547,                1811P   2493
-4.30785610982274,-4.30785610982274,1.,1.,-22.3285610982273,        1811P   2494
7.99999999999999,22.,-20.75,7.99999999999999,22.,                   1811P   2495
-4.46571221964547,-4.30785610982274,0.,0.,0.;                       1811P   2496
126,1,1,0,0,1,0,-4.88237888631214,-4.88237888631214,0.,0.,1.,1.,    1813P   2497
24.4118944315607,8.,-28.,-24.4118944315607,8.,-28.,                 1813P   2498
-4.88237888631214,0.,0.,0.,0.;                                      1813P   2499
126,1,1,0,0,1,0,-2.78333333333333,-2.78333333333333,                1815P   2500
-2.23285610982273,-2.23285610982273,1.,1.,-27.8333333333333,        1815P   2501
6.99999999999999,22.,-22.3285610982273,6.99999999999999,22.,        1815P   2502
-2.78333333333333,-2.23285610982273,0.,0.,0.;                       1815P   2503
126,1,1,0,0,1,0,-1.32909878716752,-1.32909878716752,                1817P   2504
3.67523960844261,3.67523960844261,1.,1.,-29.9166666666667,7.,       1817P   2505
-28.,-27.8333333333333,7.,22.,-1.32909878716752,                    1817P   2506
3.67523960844261,0.,0.,0.;                                          1817P   2507
126,1,1,0,0,1,0,-2.99166666666667,-2.99166666666667,                1819P   2508
-2.44118944315607,-2.44118944315607,1.,1.,-29.9166666666667,7.,     1819P   2509
-28.,-24.4118944315607,7.,-28.,-2.99166666666667,                   1819P   2510
-2.44118944315607,0.,0.,0.;                                         1819P   2511
126,42,3,0,0,1,0,-0.0786939422451488,-0.0786939422451488,           1821P   2512
-0.0786939422451488,-0.0786939422451488,-0.0708117959182119,        1821P   2513
-0.0708117959182119,-0.0708117959182119,-0.0686410853130331,        1821P   2514
-0.0686410853130331,-0.0686410853130331,-0.0606775788415366,        1821P   2515
-0.0606775788415366,-0.0606775788415366,-0.0585886091318847,        1821P   2516
-0.0585886091318847,-0.0585886091318847,-0.0505992201097022,        1821P   2517
-0.0505992201097022,-0.0505992201097022,-0.0427548566145812,        1821P   2518
-0.0427548566145812,-0.0427548566145812,-0.0393625479284896,        1821P   2519
-0.0393625479284896,-0.0393625479284896,-0.0390497674984958,        1821P   2520
-0.0390497674984958,-0.0390497674984958,-0.0312320934396076,        1821P   2521
-0.0312320934396076,-0.0312320934396076,-0.0232407583488981,        1821P   2522
-0.0232407583488981,-0.0232407583488981,-0.0195222095989928,        1821P   2523
-0.0195222095989928,-0.0195222095989928,-0.0115338964663931,        1821P   2524
-0.0115338964663931,-0.0115338964663931,-0.003706999345916,         1821P   2525
-0.003706999345916,-0.003706999345916,0.,0.,0.,0.,1.,1.,1.,1.,      1821P   2526
1.,1.,1.,1.,1.,1.,1.,1.,1.,1.,1.,1.,1.,1.,1.,1.,1.,1.,1.,1.,1.,     1821P   2527
1.,1.,1.,1.,1.,1.,1.,1.,1.,1.,1.,1.,1.,1.,1.,1.,1.,1.,              1821P   2528
20.7500006915932,0.50425056847251,30.,20.7500007387248,             1821P   2529
0.477976173036866,29.99999994196,20.7499999394994,                  1821P   2530
0.451776150432422,29.9978229111991,20.7499990425228,                1821P   2531
0.425871305560186,29.99359754243,20.7499987954991,                  1821P   2532
0.418737218072174,29.9924338932896,20.7499985444045,                1821P   2533
0.411625540597933,29.991114585842,20.749998310382,                  1821P   2534
0.404540993108774,29.9896416318597,20.7499974518427,                1821P   2535
0.378550499653337,29.9842379274036,20.7499968012929,                1821P   2536
0.353027468034967,29.9767917789108,20.7499966729658,                1821P   2537
0.328201741476275,29.9674184774105,20.7499966393033,                1821P   2538
0.321689510841839,29.9649596933329,20.7499966418595,                1821P   2539
0.315225338410473,29.9623680320782,20.7499966850327,                1821P   2540
0.308813583971451,29.9596450223445,20.7499968501512,                1821P   2541
0.284291447393135,29.9492307095026,20.7499976991758,                1821P   2542
0.260678233986533,29.9369599155426,20.7499985397888,                1821P   2543
0.238199474988487,29.9229532491275,20.7499993651427,                1821P   2544
0.216128756437881,29.9092008354687,20.7500002291121,                1821P   2545
0.19515052758171,29.8937743249534,20.7499998396698,                 1821P   2546
0.175502465464008,29.8767452543174,20.7499996712547,                1821P   2547
0.167005626704789,29.8693810029959,20.7499992561898,                1821P   2548
0.158757959609321,29.8617165616854,20.7499984187569,                1821P   2549
0.150780950489685,29.8537556406309,20.7499983415433,                1821P   2550
0.150045447747045,29.8530216212533,20.7499982607009,                1821P   2551
0.149312247121904,29.8522850805903,20.7499981764351,                1821P   2552
0.148581355439543,29.8515460318255,20.7499960702846,                1821P   2553
0.130313355279944,29.8330741525054,20.749991806437,                 1821P   2554
0.11362271357778,29.8131782653263,20.7499882217122,                 1821P   2555
0.0985649767871074,29.7921094194523,20.7499845573566,               1821P   2556
0.0831727489332028,29.7705725523374,20.7499816303539,               1821P   2557
0.0694860862999973,29.7478088758976,20.7499806660246,               1821P   2558
0.0576057431547028,29.7240527363589,20.7499802173004,               1821P   2559
0.052077551100444,29.7129984679568,20.7499801657669,                1821P   2560
0.046941115553658,29.7017289440358,20.749980478758,                 1821P   2561
0.0422102124193163,29.6902664651262,20.7499811511362,               1821P   2562
0.0320471251025018,29.6656423773533,20.7499835377535,               1821P   2563
0.0238312009806782,29.6403200450031,20.749987035069,                1821P   2564
0.0176451795709753,29.6145411818261,20.7499904617159,               1821P   2565
0.0115841561289642,29.5892832197732,20.7499949685682,               1821P   2566
0.00747147178857895,29.5635857154103,20.7499977666613,              1821P   2567
0.00543169857470469,29.537662283391,20.7499990919028,               1821P   2568
0.00446561484404387,29.525384346929,20.75,0.00396524240329109,      1821P   2569
29.5130556458477,20.75,0.00394795821694247,29.5006989934496,        1821P   2570
-0.0786939422451488,0.,0.,0.,0.;                                    1821P   2571
126,1,1,0,0,1,0,-0.9,-0.9,-0.0504250786009279,                      1823P   2572
-0.0504250786009279,1.,1.,20.75,9.,30.,20.75,0.504250786009279,     1823P   2573
30.,-0.9,-0.0504250786009279,0.,0.,0.;                              1823P   2574
126,1,1,0,0,1,0,-0.8,-0.8,0.,0.,1.,1.,20.75,9.,30.,20.75,9.,22.,    1825P   2575
-0.8,0.,0.,0.,0.;                                                   1825P   2576
126,1,1,0,0,1,0,0.799999999999999,0.799999999999999,0.9,0.9,1.,     1827P   2577
1.,20.75,7.99999999999999,22.,20.75,9.,22.,0.799999999999999,       1827P   2578
0.9,0.,0.,0.;                                                       1827P   2579
126,1,1,0,0,1,0,0.,0.,0.799999999999999,0.799999999999999,1.,1.,    1829P   2580
20.75,0.,22.,20.75,7.99999999999999,22.,0.,0.799999999999999,0.,    1829P   2581
0.,0.;                                                              1829P   2582
126,1,1,0,0,1,0,-0.917323750091472,-0.917323750091472,              1831P   2583
-0.73190075934152,-0.73190075934152,1.,1.,20.75,0.,                 1831P   2584
23.8542299074995,20.75,0.,22.,-0.917323750091472,                   1831P   2585
-0.73190075934152,0.,0.,0.;                                         1831P   2586
126,2,2,0,0,0,0,1.53720921456881,1.53720921456881,                  1833P   2587
1.53720921456881,1.5707963267949,1.5707963267949,                   1833P   2588
1.5707963267949,1.,0.999858991550561,1.,20.75,                      1833P   2589
0.00394795821693665,29.50069899345,20.75,-2.49985077342476D-16,     1833P   2590
26.6782608187632,20.75,3.27227785916341D-15,23.8542299074991,       1833P   2591
1.53720921456881,1.5707963267949,0.,0.,0.;                          1833P   2592
126,1,1,0,0,1,0,-4.15,-4.15,0.,0.,1.,1.,20.75,9.,22.,-20.75,9.,     1835P   2593
22.,-4.15,0.,0.,0.,0.;                                              1835P   2594
126,1,1,0,0,1,0,0.799999999999999,0.799999999999999,0.9,0.9,1.,     1837P   2595
1.,-20.75,7.99999999999999,22.,-20.75,9.,22.,0.799999999999999,     1837P   2596
0.9,0.,0.,0.;                                                       1837P   2597
126,42,3,0,0,1,0,-0.0786959446527626,-0.0786959446527626,           1839P   2598
-0.0786959446527626,-0.0786959446527626,-0.0708201821391216,        1839P   2599
-0.0708201821391216,-0.0708201821391216,-0.068669321331643,         1839P   2600
-0.068669321331643,-0.068669321331643,-0.0607109920003004,          1839P   2601
-0.0607109920003004,-0.0607109920003004,-0.0586421437263012,        1839P   2602
-0.0586421437263012,-0.0586421437263012,-0.0506555463201769,        1839P   2603
-0.0506555463201769,-0.0506555463201769,-0.0428074273275386,        1839P   2604
-0.0428074273275386,-0.0428074273275386,-0.0393770263758044,        1839P   2605
-0.0393770263758044,-0.0393770263758044,-0.0391061105516364,        1839P   2606
-0.0391061105516364,-0.0391061105516364,-0.0312928484960422,        1839P   2607
-0.0312928484960422,-0.0312928484960422,-0.0232988438466244,        1839P   2608
-0.0232988438466244,-0.0232988438466244,-0.0195572018717909,        1839P   2609
-0.0195572018717909,-0.0195572018717909,-0.0115645138915021,        1839P   2610
-0.0115645138915021,-0.0115645138915021,-0.00373021740153247,       1839P   2611
-0.00373021740153247,-0.00373021740153247,0.,0.,0.,0.,1.,1.,1.,     1839P   2612
1.,1.,1.,1.,1.,1.,1.,1.,1.,1.,1.,1.,1.,1.,1.,1.,1.,1.,1.,1.,1.,     1839P   2613
1.,1.,1.,1.,1.,1.,1.,1.,1.,1.,1.,1.,1.,1.,1.,1.,1.,1.,1.,-20.75,    1839P   2614
0.00394795821694235,29.5006989934496,-20.75,0.00398467871174345,    1839P   2615
29.5269508736932,-20.7499963218424,0.00619851846979445,             1839P   2616
29.5531250068608,-20.7499925622008,0.0104603612575773,              1839P   2617
29.5790010817051,-20.7499915354475,0.0116242651467564,              1839P   2618
29.5860678051034,-20.7499904881971,0.0129412164561257,              1839P   2619
29.5931122759548,-20.7499894621933,0.0144092415945088,              1839P   2620
29.6001299022119,-20.7499856659103,0.0198410331252862,              1839P   2621
29.6260955903142,-20.7499823681778,0.0273154114497613,              1839P   2622
29.6515909238342,-20.7499810353008,0.0367161129183523,              1839P   2623
29.6763866358222,-20.7499806888059,0.0391599204309519,              1839P   2624
29.6828325321671,-20.7499804628435,0.0417341715008936,              1839P   2625
29.6892310745089,-20.7499803581725,0.0444373601954193,              1839P   2626
29.6955780322258,-20.7499799540996,0.0548727701224264,              1839P   2627
29.7200798754379,-20.7499813889872,0.0671645635661181,              1839P   2628
29.7436703684292,-20.7499842798996,0.0811907479748061,              1839P   2629
29.7661247210758,-20.7499871206869,0.0949737344776264,              1839P   2630
29.7881897410726,-20.7499913400281,0.110432159679473,               1839P   2631
29.8091588363877,-20.7499947305112,0.127493064347518,               1839P   2632
29.8287947272817,-20.7499962124863,0.134950359995764,               1839P   2633
29.837377545518,-20.7499975144839,0.142714316003627,                1839P   2634
29.8457052337472,-20.749998357747,0.150780997040311,                1839P   2635
29.853755640571,-20.7499984243437,0.151418062961205,                1839P   2636
29.8543914212364,-20.7499984880518,0.152057017610663,               1839P   2637
29.8550254715995,-20.7499985489586,0.152697852388079,               1839P   2638
29.8556577872742,-20.7500003055213,0.171179644899363,               1839P   2639
29.8738938873011,-20.7499999917435,0.191082377453089,               1839P   2640
29.8905524614016,-20.7499993346974,0.21215459384215,                1839P   2641
29.9055793818664,-20.7499986624521,0.233714269505029,               1839P   2642
29.9209539170102,-20.7499975838641,0.256499315620573,               1839P   2643
29.9346211301913,-20.7499969490246,0.28027454398637,                1839P   2644
29.946481704108,-20.7499966518841,0.291402682674805,                1839P   2645
29.952033117093,-20.7499964423345,0.30274811782443,                 1839P   2646
29.9571880910487,-20.749996380551,0.31428809287532,                 1839P   2647
29.9619327531828,-20.7499962485723,0.338939147279367,               1839P   2648
29.9720680371745,-20.7499969563081,0.364286307152605,               1839P   2649
29.9802558968031,-20.7499977750305,0.390087364236382,               1839P   2650
29.9864145100882,-20.7499985775282,0.41537712050454,                1839P   2651
29.9924510778313,-20.7499994399597,0.441104239076107,               1839P   2652
29.9965383892579,-20.7499997896236,0.467054508194846,               1839P   2653
29.9985525983546,-20.7499999561124,0.479410454330546,               1839P   2654
29.9995116427094,-20.750000012306,0.491817078584975,                1839P   2655
29.9999999725959,-20.7499999519274,0.504251145095125,30.,           1839P   2656
-0.0786959446527626,0.,0.,0.,0.;                                    1839P   2657
126,2,2,0,0,0,0,-1.5707963267949,-1.5707963267949,                  1841P   2658
-1.5707963267949,-1.53720921456881,-1.53720921456881,               1841P   2659
-1.53720921456881,1.,0.999858991550561,1.,-20.75,                   1841P   2660
5.97789164482343D-15,23.8542299074991,-20.75,                       1841P   2661
-1.13655573742564D-16,26.6782608187632,-20.75,                      1841P   2662
0.00394795821693418,29.50069899345,-1.5707963267949,                1841P   2663
-1.53720921456881,0.,0.,0.;                                         1841P   2664
126,1,1,0,0,1,0,1.13190075934152,1.13190075934152,                  1843P   2665
1.31732375009146,1.31732375009146,1.,1.,-20.75,0.,22.,-20.75,0.,    1843P   2666
23.8542299074994,1.13190075934152,1.31732375009146,0.,0.,0.;        1843P   2667
126,1,1,0,0,1,0,0.,0.,0.799999999999999,0.799999999999999,1.,1.,    1845P   2668
-20.75,0.,22.,-20.75,7.99999999999999,22.,0.,0.799999999999999,     1845P   2669
0.,0.,0.;                                                           1845P   2670
126,1,1,0,0,1,0,-0.8,-0.8,0.,0.,1.,1.,-20.75,9.,22.,-20.75,9.,      1847P   2671
30.,-0.8,0.,0.,0.,0.;                                               1847P   2672
126,1,1,0,0,1,0,0.0504250786009286,0.0504250786009286,0.9,0.9,      1849P   2673
1.,1.,-20.75,0.504250786009286,30.,-20.75,9.,30.,                   1849P   2674
0.0504250786009286,0.9,0.,0.,0.;                                    1849P   2675
126,1,1,0,0,1,0,-0.700000000000001,-0.700000000000001,3.45,3.45,    1851P   2676
1.,1.,-20.75,9.,30.,20.75,9.,30.,-0.700000000000001,3.45,0.,0.,     1851P   2677
0.;                                                                 1851P   2678
126,4,2,0,0,0,0,-1.53720921456881,-1.53720921456881,                1853P   2679
-1.53720921456881,0.0167935561130451,0.0167935561130451,            1853P   2680
1.5707963267949,1.5707963267949,1.5707963267949,1.,                 1853P   2681
0.713019202673109,1.,0.713019202673108,1.,20.75,                    1853P   2682
0.00394795821694105,29.5006989934496,27.6346558992775,              1853P   2683
0.235098734656636,29.521156061864,27.5189782370189,                 1853P   2684
7.11754936732832,29.5208123372268,27.4033005747602,14.,             1853P   2685
29.5204686125897,20.5147595794791,14.,29.5,-1.53720921456881,       1853P   2686
1.5707963267949,0.,0.,0.;                                           1853P   2687
126,2,2,0,0,0,0,0.,0.,0.,1.5707963267949,1.5707963267949,           1855P   2688
1.5707963267949,1.,0.707106781186554,1.,20.5147595794791,13.5,      1855P   2689
30.,20.5147595794791,14.,30.,20.5147595794791,14.,29.5,0.,          1855P   2690
1.5707963267949,0.,0.,0.;                                           1855P   2691
126,4,2,0,0,0,0,-1.5707963267949,-1.5707963267949,                  1857P   2692
-1.5707963267949,-0.0180836717731628,-0.0180836717731628,           1857P   2693
1.53462898324857,1.53462898324857,1.53462898324857,1.,              1857P   2694
0.713471333051071,1.,0.71347133305107,1.,20.5147595794791,13.5,     1857P   2695
30.,26.9038046905517,13.5,30.,27.0193357882298,7.11753746011374,    1857P   2696
30.,27.1348668859079,0.73507492022748,30.,20.75,                    1857P   2697
0.504250786009227,30.,-1.5707963267949,1.53462898324857,0.,0.,      1857P   2698
0.;                                                                 1857P   2699
126,1,1,0,0,1,0,-0.887387116150967,-0.887387116150967,              1859P   2700
-0.701803237743197,-0.701803237743197,1.,1.,20.75,0.,               1859P   2701
23.8542299074995,20.8272595794791,0.,22.,-0.887387116150967,        1859P   2702
-0.701803237743197,0.,0.,0.;                                        1859P   2703
126,2,2,0,0,0,0,-1.57079632679483,-1.57079632679483,                1861P   2704
-1.57079632679483,6.47101420067234D-14,6.47101420067234D-14,        1861P   2705
6.47101420067234D-14,1.,0.707106781186547,1.,20.8272595794791,      1861P   2706
0.,22.,27.8333333333333,-8.95909834774351D-16,22.,                  1861P   2707
27.8333333333333,6.99999999999999,22.,-1.57079632679483,            1861P   2708
6.47101420067234D-14,0.,0.,0.;                                      1861P   2709
126,1,1,0,0,1,0,-0.672636571076531,-0.672636571076531,              1863P   2710
4.3317018245336,4.3317018245336,1.,1.,27.8333333333333,             1863P   2711
6.99999999999999,22.,29.9166666666667,6.99999999999999,-28.,        1863P   2712
-0.672636571076531,4.3317018245336,0.,0.,0.;                        1863P   2713
126,2,2,0,0,0,0,-6.61375716098129D-14,-6.61375716098129D-14,        1865P   2714
-6.61375716098129D-14,1.57079632679483,1.57079632679483,            1865P   2715
1.57079632679483,1.,0.707106781186547,1.,29.9166666666667,7.,       1865P   2716
-28.,29.9166666666667,-8.95909834774351D-16,-28.,                   1865P   2717
22.9105929128125,0.,-28.,-6.61375716098129D-14,1.57079632679483,    1865P   2718
0.,0.,0.;                                                           1865P   2719
126,1,1,0,0,1,0,4.30253515786693,4.30253515786693,                  1867P   2720
4.50270869369134,4.50270869369134,1.,1.,22.9105929128125,0.,        1867P   2721
-28.,22.9939262461458,0.,-30.,4.30253515786693,4.50270869369134,    1867P   2722
0.,0.,0.;                                                           1867P   2723
126,4,2,0,0,0,0,-1.57079632679483,-1.57079632679483,                1869P   2724
-1.57079632679483,6.58362253602718D-14,6.58362253602718D-14,        1869P   2725
1.57079632679496,1.57079632679496,1.57079632679496,1.,              1869P   2726
0.707106781186547,1.,0.707106781186548,1.,22.9939262461458,0.,      1869P   2727
-30.,30.,4.21111607850136D-15,-30.,30.,7.,-30.,30.,14.,-30.,        1869P   2728
22.9939262461458,14.,-30.,-1.57079632679483,1.57079632679496,0.,    1869P   2729
0.,0.;                                                              1869P   2730
126,1,1,0,0,1,0,-4.50270869369134,-4.50270869369134,                1871P   2731
1.45245399708472,1.45245399708472,1.,1.,22.9939262461458,14.,       1871P   2732
-30.,20.5147595794791,14.,29.5,-4.50270869369134,                   1871P   2733
1.45245399708472,0.,0.,0.;                                          1871P   2734
126,1,1,0,0,1,0,-2.08272595794791,-2.08272595794791,-2.075,         1873P   2735
-2.075,1.,1.,-20.8272595794791,0.,22.,-20.75,0.,22.,                1873P   2736
-2.08272595794791,-2.075,0.,0.,0.;                                  1873P   2737
126,2,2,0,0,0,0,-6.47101420067234D-14,-6.47101420067234D-14,        1875P   2738
-6.47101420067234D-14,1.57079632679483,1.57079632679483,            1875P   2739
1.57079632679483,1.,0.707106781186547,1.,-27.8333333333333,         1875P   2740
6.99999999999999,22.,-27.8333333333333,-8.95909834774351D-16,       1875P   2741
22.,-20.8272595794791,0.,22.,-6.47101420067234D-14,                 1875P   2742
1.57079632679483,0.,0.,0.;                                          1875P   2743
126,1,1,0,0,1,0,3.70440627510928,3.70440627510928,                  1877P   2744
3.88999015351703,3.88999015351703,1.,1.,-20.8272595794791,0.,       1877P   2745
22.,-20.75,0.,23.8542299074994,3.70440627510928,                    1877P   2746
3.88999015351703,0.,0.,0.;                                          1877P   2747
126,1,1,0,0,1,0,2.075,2.075,2.08272595794791,2.08272595794791,      1879P   2748
1.,1.,20.75,0.,22.,20.8272595794791,0.,22.,2.075,                   1879P   2749
2.08272595794791,0.,0.,0.;                                          1879P   2750
126,1,1,0,0,1,0,2.44118944315607,2.44118944315607,                  1881P   2751
2.99166666666667,2.99166666666667,1.,1.,24.4118944315607,7.,        1881P   2752
-28.,29.9166666666667,7.,-28.,2.44118944315607,2.99166666666667,    1881P   2753
0.,0.,0.;                                                           1881P   2754
126,1,1,0,0,1,0,2.23285610982274,2.23285610982274,                  1883P   2755
2.78333333333333,2.78333333333333,1.,1.,22.3285610982274,           1883P   2756
6.99999999999999,22.,27.8333333333333,6.99999999999999,22.,         1883P   2757
2.23285610982274,2.78333333333333,0.,0.,0.;                         1883P   2758
126,2,2,0,0,0,0,-1.57079632679483,-1.57079632679483,                1885P   2759
-1.57079632679483,6.61375716098129D-14,6.61375716098129D-14,        1885P   2760
6.61375716098129D-14,1.,0.707106781186546,1.,-22.9105929128125,     1885P   2761
0.,-28.,-29.9166666666667,4.21111607850136D-15,-28.,                1885P   2762
-29.9166666666667,7.,-28.,-1.57079632679483,                        1885P   2763
6.61375716098129D-14,0.,0.,0.;                                      1885P   2764
126,1,1,0,0,1,0,-2.29105929128125,-2.29105929128125,                1887P   2765
2.29105929128125,2.29105929128125,1.,1.,22.9105929128125,0.,        1887P   2766
-28.,-22.9105929128125,0.,-28.,-2.29105929128125,                   1887P   2767
2.29105929128125,0.,0.,0.;                                          1887P   2768
126,4,2,0,0,0,0,-1.5707963267949,-1.5707963267949,                  1889P   2769
-1.5707963267949,-0.0167935561130454,-0.0167935561130454,           1889P   2770
1.53720921456881,1.53720921456881,1.53720921456881,1.,              1889P   2771
0.713019202673106,1.,0.713019202673106,1.,-20.5147595794791,14.,    1889P   2772
29.5,-27.4033005747602,14.,29.5204686125897,-27.5189782370188,      1889P   2773
7.11754936732832,29.5208123372268,-27.6346558992775,                1889P   2774
0.235098734656643,29.521156061864,-20.75,0.00394795821694327,       1889P   2775
29.5006989934496,-1.5707963267949,1.53720921456881,0.,0.,0.;        1889P   2776
126,1,1,0,0,1,0,-4.45505703445079,-4.45505703445079,                1891P   2777
1.50010565632526,1.50010565632526,1.,1.,-20.5147595794791,14.,      1891P   2778
29.5,-22.9939262461458,14.,-30.,-4.45505703445079,                  1891P   2779
1.50010565632526,0.,0.,0.;                                          1891P   2780
126,4,2,0,0,0,0,-1.57079632679483,-1.57079632679483,                1893P   2781
-1.57079632679483,6.51700915454967D-14,6.51700915454967D-14,        1893P   2782
1.57079632679496,1.57079632679496,1.57079632679496,1.,              1893P   2783
0.707106781186547,1.,0.707106781186548,1.,-22.9939262461458,14.,    1893P   2784
-30.,-30.,14.,-30.,-30.,7.,-30.,-30.,5.70991716174528D-15,-30.,     1893P   2785
-22.9939262461458,1.11022302462516D-15,-30.,-1.57079632679483,      1893P   2786
1.57079632679496,0.,0.,0.;                                          1893P   2787
126,1,1,0,0,1,0,-1.50010565632526,-1.50010565632526,                1895P   2788
-1.29993212050086,-1.29993212050086,1.,1.,-22.9939262461458,0.,     1895P   2789
-30.,-22.9105929128125,0.,-28.,-1.50010565632526,                   1895P   2790
-1.29993212050086,0.,0.,0.;                                         1895P   2791
126,2,2,0,0,0,0,0.,0.,0.,1.5707963267949,1.5707963267949,           1897P   2792
1.5707963267949,1.,0.707106781186545,1.,-20.5147595794791,14.,      1897P   2793
29.5,-20.5147595794791,14.,30.,-20.5147595794791,13.5,30.,0.,       1897P   2794
1.5707963267949,0.,0.,0.;                                           1897P   2795
126,1,1,0,0,1,0,-0.676475957947914,-0.676475957947914,              1899P   2796
3.42647595794791,3.42647595794791,1.,1.,-20.5147595794791,13.5,     1899P   2797
30.,20.5147595794791,13.5,30.,-0.676475957947914,                   1899P   2798
3.42647595794791,0.,0.,0.;                                          1899P   2799
126,1,1,0,0,1,0,-3.42647595794791,-3.42647595794791,                1901P   2800
0.676475957947914,0.676475957947914,1.,1.,20.5147595794791,14.,     1901P   2801
29.5,-20.5147595794791,14.,29.5,-3.42647595794791,                  1901P   2802
0.676475957947914,0.,0.,0.;                                         1901P   2803
126,4,2,0,0,0,0,-1.53462898324857,-1.53462898324857,                1903P   2804
-1.53462898324857,0.0180836717731632,0.0180836717731632,            1903P   2805
1.5707963267949,1.5707963267949,1.5707963267949,1.,                 1903P   2806
0.713471333051072,1.,0.713471333051071,1.,-20.75,                   1903P   2807
0.504250786009228,30.,-27.1348668859079,0.735074920227485,30.,      1903P   2808
-27.0193357882298,7.11753746011374,30.,-26.9038046905517,13.5,      1903P   2809
30.,-20.5147595794791,13.5,30.,-1.53462898324857,                   1903P   2810
1.5707963267949,0.,0.,0.;                                           1903P   2811
126,1,1,0,0,1,0,0.700607375385419,0.700607375385419,                1905P   2812
5.29939262461458,5.29939262461458,1.,1.,22.9939262461458,14.,       1905P   2813
-30.,-22.9939262461458,14.,-30.,0.700607375385419,                  1905P   2814
5.29939262461458,0.,0.,0.;                                          1905P   2815
126,2,2,0,0,0,0,0.,0.,0.,1.0471975511966,1.0471975511966,           1907P   2816
1.0471975511966,1.,0.86602540378445,1.,-22.9939262461267,           1907P   2817
1.36602540378444,-29.5,-22.9939262461267,1.07735026918963,-29.5,    1907P   2818
-22.9939262461267,0.933012701892221,-29.75,0.,1.0471975511966,      1907P   2819
0.,0.,0.;                                                           1907P   2820
126,63,3,0,0,1,0,-1.77092098500547,-1.77092098500547,               1909P   2821
-1.77092098500547,-1.77092098500547,-1.69707789949611,              1909P   2822
-1.69707789949611,-1.62323800418384,-1.62323800418384,              1909P   2823
-1.58632237619454,-1.58632237619454,-1.51249349003635,              1909P   2824
-1.51249349003635,-1.47558557417619,-1.47558557417619,              1909P   2825
-1.40177448465172,-1.40177448465172,-1.36487652563295,              1909P   2826
-1.36487652563295,-1.29108649959091,-1.29108649959091,              1909P   2827
-1.25419931349631,-1.25419931349631,-1.18043039250537,              1909P   2828
-1.18043039250537,-1.14355316199737,-1.14355316199737,              1909P   2829
-1.06980211216752,-1.06980211216752,-1.03293250313923,              1909P   2830
-1.03293250313923,-0.959193421153121,-0.959193421153121,            1909P   2831
-0.922327937626414,-0.922327937626414,-0.848593038916303,           1909P   2832
-0.848593038916303,-0.811727555340545,-0.811727555340545,           1909P   2833
-0.737988473376697,-0.737988473376697,-0.70111886439909,            1909P   2834
-0.70111886439909,-0.627367814381333,-0.627367814381333,            1909P   2835
-0.590490583825538,-0.590490583825538,-0.516721662902667,           1909P   2836
-0.516721662902667,-0.479834476860835,-0.479834476860835,           1909P   2837
-0.406044450448752,-0.406044450448752,-0.369146491383348,           1909P   2838
-0.369146491383348,-0.295335401975692,-0.295335401975692,           1909P   2839
-0.258427486170682,-0.258427486170682,-0.184598598803463,           1909P   2840
-0.184598598803463,-0.147682970763409,-0.147682970763409,           1909P   2841
-0.0738430890191878,-0.0738430890191878,0.,0.,0.,0.,1.,1.,1.,1.,    1909P   2842
1.,1.,1.,1.,1.,1.,1.,1.,1.,1.,1.,1.,1.,1.,1.,1.,1.,1.,1.,1.,1.,     1909P   2843
1.,1.,1.,1.,1.,1.,1.,1.,1.,1.,1.,1.,1.,1.,1.,1.,1.,1.,1.,1.,1.,     1909P   2844
1.,1.,1.,1.,1.,1.,1.,1.,1.,1.,1.,1.,1.,1.,1.,1.,1.,1.,              1909P   2845
-22.9939262461267,0.933012701892222,-29.75,-23.2589710430141,       1909P   2846
0.933012701892223,-29.75,-23.523933279806,0.950359136453698,        1909P   2847
-29.75,-24.0495049714377,1.01949071954068,-29.75,                   1909P   2848
-24.3099287048449,1.07125081912936,-29.75,-24.6939399207245,        1909P   2849
1.17404744504263,-29.75,-24.8208033449871,1.21249688512215,         1909P   2850
-29.75,-25.1972410863788,1.34017895134629,-29.75,                   1909P   2851
-25.4425454610247,1.44169746107823,-29.75,-25.7991002104408,        1909P   2852
1.61736750672423,-29.75,-25.9160118811535,1.67980353389867,         1909P   2853
-29.75,-26.2602597652176,1.87839407336173,-29.75,                   1909P   2854
-26.4810150370222,2.02576695468873,-29.75,-26.7963992745006,        1909P   2855
2.26754767358731,-29.75,-26.8988659831329,2.35156657018529,         1909P   2856
-29.75,-27.1976992559585,2.61342212176425,-29.75,                   1909P   2857
-27.3854230609816,2.80097905026175,-29.75,-27.6475178874902,        1909P   2858
3.09956702273903,-29.75,-27.7316037257641,3.20193653766348,         1909P   2859
-29.75,-27.973547213264,3.5169861039965,-29.75,                     1909P   2860
-28.1210306554793,3.7375144431659,-29.75,-28.3197717737984,         1909P   2861
4.08142624263368,-29.75,-28.3822487798824,4.19821053787215,         1909P   2862
-29.75,-28.5580165307671,4.55434530624064,-29.75,                   1909P   2863
-28.6595988497621,4.79936868841779,-29.75,-28.7873602559686,        1909P   2864
5.17538508732977,-29.75,-28.8258313274797,5.30209658538719,         1909P   2865
-29.75,-28.9286793576265,5.68563547445846,-29.75,                   1909P   2866
-28.9804635521193,5.9457407403365,-29.75,-29.0323466115845,         1909P   2867
6.3394155650275,-29.75,-29.0453363227955,6.47118726716961,          1909P   2868
-29.75,-29.0713183499583,6.86740138200421,-29.75,                   1909P   2869
-29.0713183499321,7.13259862526438,-29.75,-29.0453363228818,        1909P   2870
7.52881273319443,-29.75,-29.0323466115767,7.66058443587764,         1909P   2871
-29.75,-28.9804635556301,8.05425924277925,-29.75,                   1909P   2872
-28.9286793630439,8.31436450884317,-29.75,-28.8258313296524,        1909P   2873
8.69790341467203,-29.75,-28.787360258062,8.82461491273966,          1909P   2874
-29.75,-28.6595988503496,9.20063131558734,-29.75,                   1909P   2875
-28.5580165288887,9.4456547039018,-29.75,-28.3822487819338,         1909P   2876
9.8017894635738,-29.75,-28.3197717753834,9.91857375974381,          1909P   2877
-29.75,-28.121030667904,10.2624855430975,-29.75,                    1909P   2878
-27.9735472279662,10.4830138829311,-29.75,-27.7316037319019,        1909P   2879
10.7980634627941,-29.75,-27.6475178932409,10.9004329780931,         1909P   2880
-29.75,-27.3854230660981,11.1990209516597,-29.75,                   1909P   2881
-27.1976992533481,11.3865778886369,-29.75,-26.8988659893457,        1909P   2882
11.6484334323621,-29.75,-26.796399279967,11.7324523297442,          1909P   2883
-29.75,-26.4810150607757,11.9742330367925,-29.75,                   1909P   2884
-26.2602597921574,12.121605919601,-29.75,-25.9160118975721,         1909P   2885
12.3201964672688,-29.75,-25.7991002273569,12.3826324942597,         1909P   2886
-29.7500000000001,-25.4425454750276,12.5583025420879,-29.75,        1909P   2887
-25.1972411074669,12.6598210501107,-29.75,-24.8208033802258,        1909P   2888
12.7875031123689,-29.75,-24.6939399628834,12.8259525507247,         1909P   2889
-29.75,-24.3099287886663,12.9287491677813,-29.75,                   1909P   2890
-24.0495049691732,12.9805092888099,-29.75,-23.5239332776336,        1909P   2891
13.0496408664739,-29.75,-23.2589710556117,13.0669872981078,         1909P   2892
-29.75,-22.9939262461266,13.0669872981078,-29.75,                   1909P   2893
-1.77092098500547,0.,0.,0.,0.;                                      1909P   2894
126,2,2,0,0,0,0,0.,0.,0.,1.0471975511966,1.0471975511966,           1911P   2895
1.0471975511966,1.,0.866025403784408,1.,-22.9939262461266,          1911P   2896
13.0669872981078,-29.75,-22.9939262461266,12.9226497308104,         1911P   2897
-29.5,-22.9939262461267,12.6339745962156,-29.5,0.,                  1911P   2898
1.0471975511966,0.,0.,0.;                                           1911P   2899
126,63,3,0,0,1,0,0.,0.,0.,0.,0.0738430890191878,                    1913P   2900
0.0738430890191878,0.147682970763409,0.147682970763409,             1913P   2901
0.184598598803463,0.184598598803463,0.258427486170682,              1913P   2902
0.258427486170682,0.295335401975692,0.295335401975692,              1913P   2903
0.369146491383348,0.369146491383348,0.406044450448752,              1913P   2904
0.406044450448752,0.479834476860835,0.479834476860835,              1913P   2905
0.516721662902667,0.516721662902667,0.590490583825538,              1913P   2906
0.590490583825538,0.627367814381333,0.627367814381333,              1913P   2907
0.70111886439909,0.70111886439909,0.737988473376697,                1913P   2908
0.737988473376697,0.811727555340545,0.811727555340545,              1913P   2909
0.848593038916303,0.848593038916303,0.922327937626414,              1913P   2910
0.922327937626414,0.959193421153121,0.959193421153121,              1913P   2911
1.03293250313923,1.03293250313923,1.06980211216752,                 1913P   2912
1.06980211216752,1.14355316199737,1.14355316199737,                 1913P   2913
1.18043039250537,1.18043039250537,1.25419931349631,                 1913P   2914
1.25419931349631,1.29108649959091,1.29108649959091,                 1913P   2915
1.36487652563295,1.36487652563295,1.40177448465172,                 1913P   2916
1.40177448465172,1.47558557417619,1.47558557417619,                 1913P   2917
1.51249349003635,1.51249349003635,1.58632237619454,                 1913P   2918
1.58632237619454,1.62323800418384,1.62323800418384,                 1913P   2919
1.69707789949611,1.69707789949611,1.77092098500547,                 1913P   2920
1.77092098500547,1.77092098500547,1.77092098500547,1.,1.,1.,1.,     1913P   2921
1.,1.,1.,1.,1.,1.,1.,1.,1.,1.,1.,1.,1.,1.,1.,1.,1.,1.,1.,1.,1.,     1913P   2922
1.,1.,1.,1.,1.,1.,1.,1.,1.,1.,1.,1.,1.,1.,1.,1.,1.,1.,1.,1.,1.,     1913P   2923
1.,1.,1.,1.,1.,1.,1.,1.,1.,1.,1.,1.,1.,1.,1.,1.,1.,1.,              1913P   2924
-22.9939262461267,12.6339745962156,-29.5,-23.2400698761906,         1913P   2925
12.6339745962156,-29.5,-23.4862129123493,12.6178600277406,-29.5,    1913P   2926
-23.9742855381609,12.5536609191079,-29.5,-24.2162127667789,         1913P   2927
12.5055777135942,-29.5,-24.5728409451225,12.4101108289152,-29.5,    1913P   2928
-24.6906663166923,12.374400582549,-29.5,-25.040252814116,           1913P   2929
12.2558265282636,-29.5,-25.2681316518612,12.1615194118853,          1913P   2930
-29.5000000000001,-25.5992476822276,11.9983822324116,               1913P   2931
-29.5000000000001,-25.707826457057,11.9403963134301,                1913P   2932
-29.5000000000001,-26.0275096706497,11.7559772052502,-29.5,         1913P   2933
-26.2325756984542,11.6190779709978,-29.5,-26.5254463732321,         1913P   2934
11.3945561213127,-29.5,-26.6206057596673,11.3165289208031,-29.5,    1913P   2935
-26.8981033994236,11.0733695017643,-29.5,-27.0724777184481,         1913P   2936
10.8991498553944,-29.5,-27.3158519970007,10.6218883636444,-29.5,    1913P   2937
-27.3939377983987,10.5268234920807,-29.5,-27.6185974318196,         1913P   2938
10.2342810052315,-29.5,-27.7555868056409,10.0294437817709,-29.5,    1913P   2939
-27.9401245183198,9.71010942348626,-29.5,-27.9981409850282,         1913P   2940
9.60166287866394,-29.5,-28.1613458530567,9.27098357501171,-29.5,    1913P   2941
-28.2556965635338,9.04340287006502,-29.5,-28.3743230887344,         1913P   2942
8.69427013855765,-29.5,-28.4100463783427,8.57660890525238,-29.5,    1913P   2943
-28.5055407694272,8.22049471212376,-29.5,-28.5536372350019,         1913P   2944
7.97891194193315,-29.5,-28.6018094578551,7.61339067592595,-29.5,    1913P   2945
-28.6138711747807,7.49103277983761,-29.5,-28.6379954569153,         1913P   2946
7.12315496897787,-29.5,-28.6379954569395,6.87684503777239,-29.5,    1913P   2947
-28.6138711747005,6.50896722050014,-29.5,-28.6018094578624,         1913P   2948
6.38660932491551,-29.5,-28.5536372317415,6.02108804238742,-29.5,    1913P   2949
-28.5055407643963,5.77950527236986,-29.5,-28.4100463763249,         1913P   2950
5.42339109480273,-29.5,-28.3743230867901,5.30572986150629,-29.5,    1913P   2951
-28.2556965629882,4.9565971336546,-29.5,-28.1613458548015,          1913P   2952
4.72901643440885,-29.5,-27.998140983122,4.3983371226775,-29.5,      1913P   2953
-27.9401245168474,4.28989057872167,-29.5,-27.7555867941015,         1913P   2954
3.97055620547144,-29.5,-27.6185974181651,3.76571898262777,-29.5,    1913P   2955
-27.3939377926981,3.47317650834416,-29.5,-27.3158519916592,         1913P   2956
3.3781116371278,-29.5,-27.0724777136955,3.10085014638944,-29.5,     1913P   2957
-26.8981034018481,2.92663050789612,-29.5,-26.6206057538958,         1913P   2958
2.68347108156187,-29.5,-26.5254463681551,2.60544388178155,-29.5,    1913P   2959
-26.2325756763911,2.38092202108904,-29.5,-26.027509645627,          1913P   2960
2.24402278821277,-29.5,-25.7078264418076,2.05960368765412,-29.5,    1913P   2961
-25.5992476665155,2.00161776850172,-29.5,-25.2681316388545,         1913P   2962
1.83848059105464,-29.5,-25.0402527945306,1.74417347308986,-29.5,    1913P   2963
-24.6906662839626,1.62559941512044,-29.5,-24.5728409059666,         1913P   2964
1.58988916715364,-29.5,-24.2162126889302,1.49442227424931,-29.5,    1913P   2965
-23.9742855402584,1.44633908864727,-29.5,-23.4862129143677,         1913P   2966
1.38213997497834,-29.5,-23.2400698644912,1.36602540378444,-29.5,    1913P   2967
-22.9939262461267,1.36602540378444,-29.5,0.,1.77092098500547,0.,    1913P   2968
0.,0.;                                                              1913P   2969
126,2,2,0,0,0,0,0.,0.,0.,1.04719755119661,1.04719755119661,         1915P   2970
1.04719755119661,1.,0.86602540378444,1.,22.9939262461458,           1915P   2971
1.36602540378445,-29.5,22.9939262461458,1.07735026918963,-29.5,     1915P   2972
22.9939262461458,0.933012701892226,-29.75,0.,1.04719755119661,      1915P   2973
0.,0.,0.;                                                           1915P   2974
126,1,1,0,0,1,0,-1.94908893692091,-1.94908893692091,                1917P   2975
2.64969631230633,2.64969631230633,1.,1.,22.9939262461458,           1917P   2976
0.933012701892223,-29.75,-22.9939262461267,0.933012701892224,       1917P   2977
-29.75,-1.94908893692091,2.64969631230633,0.,0.,0.;                 1917P   2978
126,1,1,0,0,1,0,-2.64969631230633,-2.64969631230633,                1919P   2979
1.94908893692091,1.94908893692091,1.,1.,-22.9939262461267,          1919P   2980
1.36602540378445,-29.5,22.9939262461458,1.36602540378445,-29.5,     1919P   2981
-2.64969631230633,1.94908893692091,0.,0.,0.;                        1919P   2982
126,2,2,0,0,0,0,0.,0.,0.,1.0471975511966,1.0471975511966,           1921P   2983
1.0471975511966,1.,0.866025403784408,1.,22.9939262461458,           1921P   2984
12.6339745962156,-29.5,22.9939262461458,12.9226497308104,-29.5,     1921P   2985
22.9939262461458,13.0669872981078,-29.75,0.,1.0471975511966,0.,     1921P   2986
0.,0.;                                                              1921P   2987
126,63,3,0,0,1,0,-1.77092098500162,-1.77092098500162,               1923P   2988
-1.77092098500162,-1.77092098500162,-1.69707789949417,              1923P   2989
-1.69707789949417,-1.62323800418191,-1.62323800418191,              1923P   2990
-1.58632237619262,-1.58632237619262,-1.51249349003443,              1923P   2991
-1.51249349003443,-1.47558557417427,-1.47558557417427,              1923P   2992
-1.4017744846498,-1.4017744846498,-1.36487652563102,                1923P   2993
-1.36487652563102,-1.29108649958899,-1.29108649958899,              1923P   2994
-1.25419931349439,-1.25419931349439,-1.18043039250345,              1923P   2995
-1.18043039250345,-1.14355316199545,-1.14355316199545,              1923P   2996
-1.0698021121656,-1.0698021121656,-1.03293250313732,                1923P   2997
-1.03293250313732,-0.959193421151204,-0.959193421151204,            1923P   2998
-0.922327937624495,-0.922327937624495,-0.848593038914396,           1923P   2999
-0.848593038914396,-0.811727555338641,-0.811727555338641,           1923P   3000
-0.737988473374782,-0.737988473374782,-0.701118864397181,           1923P   3001
-0.701118864397181,-0.627367814379418,-0.627367814379418,           1923P   3002
-0.590490583823629,-0.590490583823629,-0.516721662900757,           1923P   3003
-0.516721662900757,-0.479834476858924,-0.479834476858924,           1923P   3004
-0.406044450446835,-0.406044450446835,-0.369146491381435,           1923P   3005
-0.369146491381435,-0.295335401973778,-0.295335401973778,           1923P   3006
-0.25842748616877,-0.25842748616877,-0.18459859880155,              1923P   3007
-0.18459859880155,-0.147682970761495,-0.147682970761495,            1923P   3008
-0.073843089017273,-0.073843089017273,0.,0.,0.,0.,1.,1.,1.,1.,      1923P   3009
1.,1.,1.,1.,1.,1.,1.,1.,1.,1.,1.,1.,1.,1.,1.,1.,1.,1.,1.,1.,1.,     1923P   3010
1.,1.,1.,1.,1.,1.,1.,1.,1.,1.,1.,1.,1.,1.,1.,1.,1.,1.,1.,1.,1.,     1923P   3011
1.,1.,1.,1.,1.,1.,1.,1.,1.,1.,1.,1.,1.,1.,1.,1.,1.,1.,              1923P   3012
22.9939262461458,13.0669872981078,-29.75,23.2589710430293,          1923P   3013
13.0669872981078,-29.75,23.523933279813,13.0496408635457,-29.75,    1923P   3014
24.0495049714377,12.9805092804601,-29.75,24.3099287048454,          1923P   3015
12.9287491808716,-29.75,24.6939399207243,12.8259525549588,          1923P   3016
-29.75,24.8208033449873,12.7875031148792,-29.75,                    1923P   3017
25.1972410863778,12.6598210486557,-29.7500000000001,                1923P   3018
25.4425454610244,12.5583025389241,-29.75,25.7991002104403,          1923P   3019
12.3826324932786,-29.7500000000001,25.916011881153,                 1923P   3020
12.3201964661043,-29.7500000000001,26.2602597652173,                1923P   3021
12.1216059266416,-29.75,26.4810150370218,11.9742330453156,          1923P   3022
-29.75,26.7963992744999,11.732452326418,-29.75,26.898865983133,     1923P   3023
11.6484334298194,-29.75,27.1976992559549,11.3865778782446,          1923P   3024
-29.75,27.3854230609797,11.1990209497475,-29.75,                    1923P   3025
27.6475178874882,10.9004329772714,-29.75,27.7316037257619,          1923P   3026
10.7980634623475,-29.75,27.9735472132613,10.4830138960168,          1923P   3027
-29.75,28.1210306554789,10.2624855568464,-29.75,                    1923P   3028
28.3197717737944,9.91857375738669,-29.75,28.3822487798758,          1923P   3029
9.80178946215399,-29.75,28.558016530767,9.44565469377502,-29.75,    1923P   3030
28.6595988497595,9.20063131161619,-29.75,28.7873602560133,          1923P   3031
8.82461491255642,-29.75,28.8258313275142,8.69790341453232,          1923P   3032
-29.75,28.9286793576453,8.31436452549226,-29.75,                    1923P   3033
28.9804635521243,8.05425925969074,-29.75,29.032346611579,           1923P   3034
7.66058443508713,-29.75,29.0453363227921,7.5288127329337,-29.75,    1923P   3035
29.0713183499608,7.13259861807483,-29.75,29.0713183499348,          1923P   3036
6.86740137479507,-29.7500000000001,29.0453363228559,                1923P   3037
6.47118726652114,-29.7500000000001,29.0323466115599,                1923P   3038
6.33941556398508,-29.7500000000001,28.9804635556348,                1923P   3039
5.94574075725815,-29.7500000000001,28.9286793630348,                1923P   3040
5.68563549108791,-29.7500000000001,28.8258313296232,                1923P   3041
5.30209658520736,-29.7500000000001,28.7873602580256,                1923P   3042
5.1753850871175,-29.7500000000001,28.6595988503342,                 1923P   3043
4.79936868435129,-29.75,28.55801652889,4.5543452960798,             1923P   3044
-29.7500000000001,28.382248781972,4.1982105364804,                  1923P   3045
-29.7500000000001,28.3197717754046,4.08142624027622,-29.75,         1923P   3046
28.1210306679025,3.73751445688489,-29.7500000000001,                1923P   3047
27.9735472279797,3.51698611708015,-29.75,27.7316037319362,          1923P   3048
3.20193653724232,-29.75,27.6475178932836,3.09956702195305,          1923P   3049
-29.75,27.3854230661141,2.8009790483529,-29.75,27.197699253363,     1923P   3050
2.61342211137308,-29.75,26.8988659892436,2.35156656755058,          1923P   3051
-29.75,26.7963992798957,2.26754767019548,-29.75,                    1923P   3052
26.4810150607564,2.02576696319271,-29.75,26.26025979216,            1923P   3053
1.87839408039718,-29.75,25.9160118976096,1.6798035327489,-29.75,    1923P   3054
25.799100227393,1.61736750575657,-29.75,25.442545475036,            1923P   3055
1.44169745791329,-29.75,25.1972411074694,1.34017894988929,          1923P   3056
-29.75,24.8208033802228,1.21249688762935,-29.75,                    1923P   3057
24.6939399628923,1.17404744927739,-29.75,24.3099287886768,          1923P   3058
1.0712508322204,-29.75,24.049504969156,1.01949071118635,-29.75,     1923P   3059
23.5239332776305,0.950359133525832,-29.75,23.2589710556272,         1923P   3060
0.933012701892223,-29.75,22.9939262461458,0.933012701892222,        1923P   3061
-29.75,-1.77092098500162,0.,0.,0.,0.;                               1923P   3062
126,63,3,0,0,1,0,0.,0.,0.,0.,0.073843089017273,                     1925P   3063
0.073843089017273,0.147682970761495,0.147682970761495,              1925P   3064
0.18459859880155,0.18459859880155,0.25842748616877,                 1925P   3065
0.25842748616877,0.295335401973778,0.295335401973778,               1925P   3066
0.369146491381435,0.369146491381435,0.406044450446835,              1925P   3067
0.406044450446835,0.479834476858924,0.479834476858924,              1925P   3068
0.516721662900757,0.516721662900757,0.590490583823629,              1925P   3069
0.590490583823629,0.627367814379418,0.627367814379418,              1925P   3070
0.701118864397181,0.701118864397181,0.737988473374782,              1925P   3071
0.737988473374782,0.811727555338641,0.811727555338641,              1925P   3072
0.848593038914396,0.848593038914396,0.922327937624495,              1925P   3073
0.922327937624495,0.959193421151204,0.959193421151204,              1925P   3074
1.03293250313732,1.03293250313732,1.0698021121656,                  1925P   3075
1.0698021121656,1.14355316199545,1.14355316199545,                  1925P   3076
1.18043039250345,1.18043039250345,1.25419931349439,                 1925P   3077
1.25419931349439,1.29108649958899,1.29108649958899,                 1925P   3078
1.36487652563102,1.36487652563102,1.4017744846498,                  1925P   3079
1.4017744846498,1.47558557417427,1.47558557417427,                  1925P   3080
1.51249349003443,1.51249349003443,1.58632237619262,                 1925P   3081
1.58632237619262,1.62323800418191,1.62323800418191,                 1925P   3082
1.69707789949417,1.69707789949417,1.77092098500162,                 1925P   3083
1.77092098500162,1.77092098500162,1.77092098500162,1.,1.,1.,1.,     1925P   3084
1.,1.,1.,1.,1.,1.,1.,1.,1.,1.,1.,1.,1.,1.,1.,1.,1.,1.,1.,1.,1.,     1925P   3085
1.,1.,1.,1.,1.,1.,1.,1.,1.,1.,1.,1.,1.,1.,1.,1.,1.,1.,1.,1.,1.,     1925P   3086
1.,1.,1.,1.,1.,1.,1.,1.,1.,1.,1.,1.,1.,1.,1.,1.,1.,1.,              1925P   3087
22.9939262461458,1.36602540378444,-29.5,23.2400698762034,           1925P   3088
1.36602540378444,-29.5,23.4862129123464,1.38213997225909,-29.5,     1925P   3089
23.9742855381447,1.44633908088855,-29.5,24.2162127667884,           1925P   3090
1.49442228640722,-29.5,24.5728409451306,1.5898891710866,-29.5,      1925P   3091
24.6906663166889,1.62559941744907,-29.5,25.0402528141188,           1925P   3092
1.74417347173642,-29.5,25.2681316518685,1.83848058811543,-29.5,     1925P   3093
25.5992476822612,2.0016177676034,-29.5,25.7078264570916,            1925P   3094
2.05960368658613,-29.5,26.0275096706519,2.24402279474794,-29.5,     1925P   3095
26.2325756984352,2.3809220289874,-29.5,26.5254463731665,            1925P   3096
2.60544387863157,-29.5,26.6206057595727,2.68347107911586,-29.5,     1925P   3097
26.8981033994375,2.92663049824487,-29.5,27.0724777184626,           1925P   3098
3.10085014461674,-29.5,27.3158519970409,3.37811163639884,-29.5,     1925P   3099
27.3939377984309,3.47317650795337,-29.5,27.6185974318322,           1925P   3100
3.76571899477887,-29.5,27.7555868056392,3.97055621821208,-29.5,     1925P   3101
27.9401245183397,4.28989057653267,-29.5,27.9981409850638,           1925P   3102
4.39833712138651,-29.5,28.1613458530581,4.7290164249713,-29.5,      1925P   3103
28.2556965635197,4.95659712987817,-29.5,28.3743230887008,           1925P   3104
5.30572986130975,-29.5,28.4100463783157,5.42339109463561,-29.5,     1925P   3105
28.5055407694188,5.77950528781208,-29.5,28.5536372350064,           1925P   3106
6.02108805810159,-29.5000000000001,28.6018094578396,                1925P   3107
6.38660932394624,-29.5000000000001,28.6138711747567,                1925P   3108
6.50896721989745,-29.5000000000001,28.637995456918,                 1925P   3109
6.87684503107883,-29.5000000000001,28.637995456942,                 1925P   3110
7.12315496230031,-29.5,28.6138711746973,7.49103277959692,-29.5,     1925P   3111
28.6018094578573,7.61339067519169,-29.5,28.5536372317462,           1925P   3112
7.97891195763838,-29.5,28.5055407644137,8.22049472758498,-29.5,     1925P   3113
28.4100463763569,8.57660890512306,-29.5,28.3743230868315,           1925P   3114
8.69427013838873,-29.5,28.255696562986,9.04340286637682,-29.5,      1925P   3115
28.1613458548008,9.2709835656075,-29.5,27.9981409831168,            1925P   3116
9.60166287734534,-29.5,27.9401245168444,9.71010942129648,-29.5,     1925P   3117
27.7555867941015,10.0294437945397,-29.5,27.6185974181633,           1925P   3118
10.2342810173839,-29.5,27.3939377926964,10.5268234916657,-29.5,     1925P   3119
27.3158519916578,10.6218883628815,-29.5,27.0724777136944,           1925P   3120
10.8991498536185,-29.5,26.8981034018471,11.0733694921101,-29.5,     1925P   3121
26.620605753895,11.3165289184434,-29.5,26.5254463681544,            1925P   3122
11.3945561182235,-29.5,26.2325756763904,11.6190779789154,-29.5,     1925P   3123
26.0275096456266,11.7559772117905,-29.5,25.7078264418072,           1925P   3124
11.9403963123487,-29.5,25.599247666515,11.998382231501,             1925P   3125
-29.5000000000001,25.2681316388542,12.1615194089477,-29.5,          1925P   3126
25.0402527945305,12.2558265269118,-29.5,24.6906662839623,           1925P   3127
12.374400584881,-29.5,24.5728409059663,12.4101108328477,-29.5,      1925P   3128
24.2162126889301,12.5055777257518,-29.5,23.9742855402583,           1925P   3129
12.5536609113535,-29.5,23.486212914374,12.6178600250212,-29.5,      1925P   3130
23.240069864504,12.6339745962156,-29.5,22.9939262461458,            1925P   3131
12.6339745962156,-29.5,0.,1.77092098500162,0.,0.,0.;                1925P   3132
126,1,1,0,0,1,0,-4.94908893691996,-4.94908893691996,                1927P   3133
-0.350303687692709,-0.350303687692709,1.,1.,-22.9939262461266,      1927P   3134
13.0669872981078,-29.75,22.9939262461458,13.0669872981078,          1927P   3135
-29.75,-4.94908893691996,-0.350303687692709,0.,0.,0.;               1927P   3136
126,1,1,0,0,1,0,0.350303687692709,0.350303687692709,                1929P   3137
4.94908893691996,4.94908893691996,1.,1.,22.9939262461458,           1929P   3138
12.6339745962156,-29.5,-22.9939262461267,12.6339745962156,-29.5,    1929P   3139
0.350303687692709,4.94908893691996,0.,0.,0.;                        1929P   3140
126,2,2,0,0,0,0,0.,0.,0.,1.0471975511966,1.0471975511966,           1931P   3141
1.0471975511966,1.,0.866025403784427,1.,-22.9939262461266,13.5,     1931P   3142
-30.,-22.9939262461266,13.2113248654052,-30.,-22.9939262461266,     1931P   3143
13.0669872981078,-29.75,0.,1.0471975511966,0.,0.,0.;                1931P   3144
126,1,1,0,0,1,0,-4.94908893691996,-4.94908893691996,                1933P   3145
-0.350303687692707,-0.350303687692707,1.,1.,-22.9939262461266,      1933P   3146
13.5,-30.,22.9939262461458,13.5,-30.,-4.94908893691996,             1933P   3147
-0.350303687692707,0.,0.,0.;                                        1933P   3148
126,2,2,0,0,0,0,0.52359877559829,0.52359877559829,                  1935P   3149
0.52359877559829,1.5707963267949,1.5707963267949,                   1935P   3150
1.5707963267949,1.,0.866025403784439,1.,22.9939262461458,           1935P   3151
13.0669872981078,-29.75,22.9939262461458,13.2113248654052,-30.,     1935P   3152
22.9939262461458,13.5,-30.,0.52359877559829,1.5707963267949,0.,     1935P   3153
0.,0.;                                                              1935P   3154
126,2,2,0,0,0,0,0.523598775598296,0.523598775598296,                1937P   3155
0.523598775598296,1.5707963267949,1.5707963267949,                  1937P   3156
1.5707963267949,1.,0.866025403784415,1.,-22.9939262461267,          1937P   3157
0.933012701892221,-29.75,-22.9939262461267,0.788675134594816,       1937P   3158
-30.,-22.9939262461267,0.500000000000002,-30.,0.523598775598296,    1937P   3159
1.5707963267949,0.,0.,0.;                                           1937P   3160
126,63,3,0,0,1,0,-2.04299081868564,-2.04299081868564,               1939P   3161
-2.04299081868564,-2.04299081868564,-1.95782140891784,              1939P   3162
-1.95782140891784,-1.87265601753025,-1.87265601753025,              1939P   3163
-1.83007264345931,-1.83007264345931,-1.74491825226798,              1939P   3164
-1.74491825226798,-1.70234096030525,-1.70234096030525,              1939P   3165
-1.61720137746204,-1.61720137746204,-1.5746322514135,               1939P   3166
-1.5746322514135,-1.4895099883215,-1.4895099883215,                 1939P   3167
-1.44694971895188,-1.44694971895188,-1.3618448134262,               1939P   3168
-1.3618448134262,-1.31929272974075,-1.31929272974075,               1939P   3169
-1.23420250339943,-1.23420250339943,-1.19165668590961,              1939P   3170
-1.19165668590961,-1.10657630458474,-1.10657630458474,              1939P   3171
-1.06403387887308,-1.06403387887308,-0.978956926166392,             1939P   3172
-0.978956926166392,-0.936414500397793,-0.936414500397793,           1939P   3173
-0.851334119098538,-0.851334119098538,-0.808788301667532,           1939P   3174
-0.808788301667532,-0.723698074994599,-0.723698074994599,           1939P   3175
-0.681145991253869,-0.681145991253869,-0.596041085806164,           1939P   3176
-0.596041085806164,-0.553480816497513,-0.553480816497513,           1939P   3177
-0.468358552753179,-0.468358552753179,-0.425789426650979,           1939P   3178
-0.425789426650979,-0.340649843940573,-0.340649843940573,           1939P   3179
-0.298072552041173,-0.298072552041173,-0.212918159132624,           1939P   3180
-0.212918159132624,-0.170334785002821,-0.170334785002821,           1939P   3181
-0.0851694138167459,-0.0851694138167459,0.,0.,0.,0.,1.,1.,1.,1.,    1939P   3182
1.,1.,1.,1.,1.,1.,1.,1.,1.,1.,1.,1.,1.,1.,1.,1.,1.,1.,1.,1.,1.,     1939P   3183
1.,1.,1.,1.,1.,1.,1.,1.,1.,1.,1.,1.,1.,1.,1.,1.,1.,1.,1.,1.,1.,     1939P   3184
1.,1.,1.,1.,1.,1.,1.,1.,1.,1.,1.,1.,1.,1.,1.,1.,1.,1.,              1939P   3185
-22.9939262461267,0.500000000000002,-30.,-23.277824278686,          1939P   3186
0.500000000000002,-30.,-23.5617216160874,0.51858685801903,-30.,     1939P   3187
-24.1246555445292,0.592632930900074,-30.,-24.4036893947888,         1939P   3188
0.6480900970672,-30.,-24.8150351018981,0.758204819235201,-30.,      1939P   3189
-24.9509504485522,0.799397832738475,-30.,-25.354179578922,          1939P   3190
0.936166255472469,-30.,-25.6170153762943,1.0449405099573,-30.,      1939P   3191
-25.9989479787199,1.23311478663493,-30.,-26.1242053547675,          1939P   3192
1.30000788938718,-30.,-26.492967337938,1.51273922956611,-30.,       1939P   3193
-26.7295065580156,1.67065008672399,-30.,-27.0673481318643,          1939P   3194
1.92964811723889,-30.,-27.1771333356862,2.0196680313588,-30.,       1939P   3195
-27.4972591892477,2.30018033220883,-30.,-27.6984124875912,          1939P   3196
2.50115593574748,-30.,-27.9791804942869,2.82101829199059,-30.,      1939P   3197
-28.0692754821222,2.9307037410127,-30.,-28.328468042019,            1939P   3198
3.2682130650964,-30.,-28.4865080212315,3.50452766152451,-30.,       1939P   3199
-28.6994164819521,3.87295696110831,-30.,-28.76636075862,            1939P   3200
3.99809181435016,-30.,-28.9546659462262,4.37962770482906,-30.,      1939P   3201
-29.063522660327,4.64219889939212,-30.,-29.2003957269987,           1939P   3202
5.04503444909222,-30.,-29.2416187064473,5.1808100473901,-30.,       1939P   3203
-29.3518055229166,5.59171350081926,-30.,-29.4072991815861,          1939P   3204
5.87045249896387,-30.,-29.4628831553707,6.29221501180055,-30.,      1939P   3205
-29.4768022507292,6.43341487310223,-30.,-29.5046390451564,          1939P   3206
6.85790110650847,-30.,-29.5046390450136,7.14209890344886,-30.,      1939P   3207
-29.4768022507471,7.56658512653568,-30.,-29.4628831552344,          1939P   3208
7.70778498923585,-30.,-29.4072991851042,8.12954748325476,-30.,      1939P   3209
-29.35180552827,8.40828648169391,-30.,-29.2416187082964,            1939P   3210
8.81918995281559,-30.,-29.2003957290654,8.95496555024209,-30.,      1939P   3211
-29.0635226594909,9.35780110740823,-30.,-28.9546659429637,          1939P   3212
9.62037230739424,-30.,-28.7663607603555,10.0019081866176,-30.,      1939P   3213
-28.6994164828851,10.1270430414514,-30.,-28.486508033621,           1939P   3214
10.4954723238525,-30.0000000000001,-28.3284680563887,               1939P   3215
10.7317869212955,-30.,-28.0692754874208,11.0692962595472,-30.,      1939P   3216
-27.9791804998844,11.1789817081663,-30.,-27.6984124895718,          1939P   3217
11.4988440686235,-30.,-27.4972591843248,11.699819679538,-30.,       1939P   3218
-27.1771333413436,11.9803319708259,-30.,-27.0673481361961,          1939P   3219
12.0703518862374,-30.,-26.729506581564,12.3293499042492,-30.,       1939P   3220
-26.4929673644835,12.4872607631005,-30.,-26.1242053703201,          1939P   3221
12.6999921118407,-30.,-25.9989479957819,12.7668852139529,-30.,      1939P   3222
-25.6170153860391,12.9550594948945,-30.,-25.3541796004152,          1939P   3223
13.063833745869,-30.,-24.9509504847754,13.200602164568,-30.,        1939P   3224
-24.8150351447435,13.2417951763982,-30.,-24.4036894974732,          1939P   3225
13.3519098854308,-30.,-24.1246555239096,13.4073670807672,-30.,      1939P   3226
-23.5617216177008,13.4814131444601,-30.,-23.2778242921825,13.5,     1939P   3227
-30.,-22.9939262461266,13.5,-30.,-2.04299081868564,0.,0.,0.,0.;     1939P   3228
126,2,2,0,0,0,0,0.523598775598287,0.523598775598287,                1941P   3229
0.523598775598287,1.5707963267949,1.5707963267949,                  1941P   3230
1.5707963267949,1.,0.866025403784441,1.,22.9939262461458,           1941P   3231
0.933012701892223,-29.75,22.9939262461458,0.788675134594819,        1941P   3232
-30.,22.9939262461458,0.500000000000001,-30.,0.523598775598287,     1941P   3233
1.5707963267949,0.,0.,0.;                                           1941P   3234
126,1,1,0,0,1,0,-1.94908893692091,-1.94908893692091,                1943P   3235
2.64969631230633,2.64969631230633,1.,1.,22.9939262461458,           1943P   3236
0.500000000000001,-30.,-22.9939262461267,0.500000000000001,-30.,    1943P   3237
-1.94908893692091,2.64969631230633,0.,0.,0.;                        1943P   3238
126,63,3,0,0,1,0,-2.04299081868181,-2.04299081868181,               1945P   3239
-2.04299081868181,-2.04299081868181,-1.95782140891593,              1945P   3240
-1.95782140891593,-1.87265601752833,-1.87265601752833,              1945P   3241
-1.8300726434574,-1.8300726434574,-1.74491825226607,                1945P   3242
-1.74491825226607,-1.70234096030334,-1.70234096030334,              1945P   3243
-1.61720137746012,-1.61720137746012,-1.57463225141158,              1945P   3244
-1.57463225141158,-1.48950998831959,-1.48950998831959,              1945P   3245
-1.44694971894997,-1.44694971894997,-1.36184481342428,              1945P   3246
-1.36184481342428,-1.31929272973884,-1.31929272973884,              1945P   3247
-1.23420250339752,-1.23420250339752,-1.19165668590769,              1945P   3248
-1.19165668590769,-1.10657630458283,-1.10657630458283,              1945P   3249
-1.06403387887117,-1.06403387887117,-0.978956926164471,             1945P   3250
-0.978956926164471,-0.936414500395869,-0.936414500395869,           1945P   3251
-0.851334119096624,-0.851334119096624,-0.808788301665623,           1945P   3252
-0.808788301665623,-0.723698074992683,-0.723698074992683,           1945P   3253
-0.681145991251963,-0.681145991251963,-0.596041085804248,           1945P   3254
-0.596041085804248,-0.553480816495593,-0.553480816495593,           1945P   3255
-0.468358552751262,-0.468358552751262,-0.425789426649065,           1945P   3256
-0.425789426649065,-0.340649843938657,-0.340649843938657,           1945P   3257
-0.29807255203926,-0.29807255203926,-0.212918159130711,             1945P   3258
-0.212918159130711,-0.170334785000906,-0.170334785000906,           1945P   3259
-0.085169413814831,-0.085169413814831,0.,0.,0.,0.,1.,1.,1.,1.,      1945P   3260
1.,1.,1.,1.,1.,1.,1.,1.,1.,1.,1.,1.,1.,1.,1.,1.,1.,1.,1.,1.,1.,     1945P   3261
1.,1.,1.,1.,1.,1.,1.,1.,1.,1.,1.,1.,1.,1.,1.,1.,1.,1.,1.,1.,1.,     1945P   3262
1.,1.,1.,1.,1.,1.,1.,1.,1.,1.,1.,1.,1.,1.,1.,1.,1.,1.,              1945P   3263
22.9939262461458,13.5,-30.,23.2778242786988,13.5,-30.,              1945P   3264
23.5617216160935,13.4814131419803,-30.,24.1246555445289,            1945P   3265
13.4073670691003,-30.,24.4036893947884,13.3519099029333,-30.,       1945P   3266
24.8150351018976,13.2417951807654,-30.,24.9509504485516,            1945P   3267
13.2006021672622,-30.,25.3541795789213,13.0638337445283,-30.,       1945P   3268
25.6170153762933,12.9550594900438,-30.,25.9989479787188,            1945P   3269
12.7668852133664,-30.,26.1242053547664,12.6999921106143,-30.,       1945P   3270
26.4929673379366,12.4872607704356,-30.,26.7295065580138,            1945P   3271
12.3293499132783,-30.,27.0673481318622,12.0703518827638,-30.,       1945P   3272
27.1771333356841,11.980331968644,-30.,27.4972591892451,             1945P   3273
11.6998196677946,-30.,27.6984124875878,11.498844064257,-30.,        1945P   3274
27.9791804942828,11.1789817080147,-30.,28.0692754821178,            1945P   3275
11.0692962589929,-30.,28.3284680420139,10.7317869349104,-30.,       1945P   3276
28.4865080212257,10.4954723384827,-30.,28.6994164819439,            1945P   3277
10.1270430389029,-30.,28.7663607586109,10.001908185662,-30.,        1945P   3278
28.9546659462162,9.62037229518605,-30.,29.0635226603218,            1945P   3279
9.35780110060335,-30.,29.2003957269927,8.95496555090263,-30.,       1945P   3280
29.2416187064291,8.81918995264307,-30.,29.3518055229076,            1945P   3281
8.40828649918409,-30.,29.4072991816043,8.12954750088628,            1945P   3282
-30.0000000000001,29.462883155382,7.70778498801476,                 1945P   3283
-30.0000000000001,29.4768022507407,7.56658512671601,                1945P   3284
-30.0000000000001,29.5046390451542,7.14209889338896,                1945P   3285
-30.0000000000001,29.5046390450111,6.85790109645748,                1945P   3286
-30.0000000000001,29.4768022507649,6.43341487364761,                1945P   3287
-30.0000000000001,29.4628831552437,6.29221501081279,                1945P   3288
-30.0000000000001,29.4072991850916,5.87045251665149,                1945P   3289
-30.0000000000001,29.3518055282921,5.59171351840169,                1945P   3290
-30.0000000000001,29.2416187083094,5.180810047225,                  1945P   3291
-30.0000000000001,29.2003957290632,5.04503444975261,                1945P   3292
-30.0000000000001,29.0635226595019,4.64219889262731,                1945P   3293
-30.0000000000001,28.9546659429895,4.37962769267611,                1945P   3294
-30.0000000000001,28.7663607603982,3.99809181347588,-30.,           1945P   3295
28.6994164829353,3.87295695865701,-30.,28.486508033674,             1945P   3296
3.5045276762443,-30.,28.3284680563732,3.268213078694,-30.,          1945P   3297
28.0692754874007,2.93070374043798,-30.,27.9791804998851,            1945P   3298
2.82101829184348,-30.,27.6984124895686,2.5011559313796,-30.,        1945P   3299
27.4972591843117,2.30018032045108,-30.,27.177133341309,             1945P   3300
2.01966802914602,-30.,27.0673481361616,1.92964811373428,-30.,       1945P   3301
26.7295065815374,1.67065009573132,-30.,26.4929673644835,            1945P   3302
1.51273923689845,-30.,26.1242053703493,1.30000788817392,-30.,       1945P   3303
25.9989479958148,1.23311478606317,-30.,25.6170153860431,            1945P   3304
1.04494050510571,-30.,25.3541796004132,0.936166254129732,-30.,      1945P   3305
24.9509504847791,0.799397835432517,-30.,24.8150351447543,           1945P   3306
0.758204823604539,-30.,24.4036894974804,0.648090114570027,-30.,     1945P   3307
24.1246555238934,0.592632919229289,-30.,23.5617216176972,           1945P   3308
0.518586855539452,-30.,23.2778242921952,0.500000000000001,-30.,     1945P   3309
22.9939262461458,0.500000000000001,-30.,-2.04299081868181,0.,0.,    1945P   3310
0.,0.;                                                              1945P   3311
126,1,1,0,0,1,0,0.700607375385419,0.700607375385419,                1947P   3312
5.29939262461458,5.29939262461458,1.,1.,22.9939262461458,0.,        1947P   3313
-30.,-22.9939262461458,0.,-30.,0.700607375385419,                   1947P   3314
5.29939262461458,0.,0.,0.;                                          1947P   3315
126,8,2,0,1,0,0,-3.14159265358979,-3.14159265358979,                1949P   3316
-3.14159265358979,-1.5707963267949,-1.5707963267949,0.,0.,          1949P   3317
1.5707963267949,1.5707963267949,3.14159265358979,                   1949P   3318
3.14159265358979,3.14159265358979,1.,0.707106781186547,1.,          1949P   3319
0.707106781186547,1.,0.707106781186549,1.,0.707106781186549,1.,     1949P   3320
2.5,14.,-11.,2.5,14.,-8.5,-6.68992851989771D-16,14.,-8.5,-2.5,      1949P   3321
14.,-8.5,-2.5,14.,-11.,-2.5,14.,-13.5,-6.68992851989771D-16,14.,    1949P   3322
-13.5,2.5,14.,-13.5,2.5,14.,-11.,-3.14159265358979,                 1949P   3323
3.14159265358979,0.,0.,0.;                                          1949P   3324
126,1,1,0,0,1,0,0.,0.,2.,2.,1.,1.,2.5,14.,-11.,2.5,9.,-11.,0.,      1951P   3325
2.,0.,0.,0.;                                                        1951P   3326
126,8,2,0,1,0,0,-3.14159265358979,-3.14159265358979,                1953P   3327
-3.14159265358979,-1.5707963267949,-1.5707963267949,0.,0.,          1953P   3328
1.5707963267949,1.5707963267949,3.14159265358979,                   1953P   3329
3.14159265358979,3.14159265358979,1.,0.707106781186547,1.,          1953P   3330
0.707106781186547,1.,0.707106781186549,1.,0.707106781186549,1.,     1953P   3331
2.5,9.,-11.,2.5,9.,-8.5,-6.68992851989771D-16,9.,-8.5,-2.5,9.,      1953P   3332
-8.5,-2.5,9.,-11.,-2.5,9.,-13.5,-6.68992851989771D-16,9.,-13.5,     1953P   3333
2.5,9.,-13.5,2.5,9.,-11.,-3.14159265358979,3.14159265358979,0.,     1953P   3334
0.,0.;                                                              1953P   3335
126,1,1,0,0,1,0,-0.176821222585786,-0.176821222585786,              1955P   3336
0.533230215075234,0.533230215075234,1.,1.,21.,13.9846733762402,     1955P   3337
28.,21.,6.88415899963003,28.,-0.176821222585786,                    1955P   3338
0.533230215075234,0.,0.,0.;                                         1955P   3339
126,2,2,0,0,0,0,-1.57079632679499,-1.57079632679499,                1957P   3340
-1.57079632679499,-1.5046099664969,-1.5046099664969,                1957P   3341
-1.5046099664969,1.,0.999452470685353,1.,20.5366037904289,14.,      1957P   3342
28.,20.7685558267567,14.,28.,21.,13.9846733762402,28.,              1957P   3343
-1.57079632679499,-1.5046099664969,0.,0.,0.;                        1957P   3344
126,1,1,0,0,1,0,-2.05366037904288,-2.05366037904288,                1959P   3345
2.05366037904289,2.05366037904289,1.,1.,-20.5366037904288,14.,      1959P   3346
28.,20.5366037904289,14.,28.,-2.05366037904288,2.05366037904289,    1959P   3347
0.,0.,0.;                                                           1959P   3348
126,2,2,0,0,0,0,1.5046099664969,1.5046099664969,1.5046099664969,    1961P   3349
1.57079632679499,1.57079632679499,1.57079632679499,1.,              1961P   3350
0.999452470685525,1.,-21.,13.9846733762402,28.,                     1961P   3351
-20.7685558267566,14.,28.,-20.5366037904288,14.,28.,                1961P   3352
1.5046099664969,1.57079632679499,0.,0.,0.;                          1961P   3353
126,1,1,0,0,1,0,-0.525690891592796,-0.525690891592796,              1963P   3354
0.176821222585786,0.176821222585786,1.,1.,-21.,6.95955223445441,    1963P   3355
28.,-21.,13.9846733762402,28.,-0.525690891592796,                   1963P   3356
0.176821222585786,0.,0.,0.;                                         1963P   3357
126,1,1,0,0,1,0,-0.600378384696803,-0.600378384696803,              1965P   3358
3.59962838213091,3.59962838213091,1.,1.,21.,6.88415899963003,       1965P   3359
28.,-21.,6.95955223445441,28.,-0.600378384696803,                   1965P   3360
3.59962838213091,0.,0.,0.;                                          1965P   3361
126,1,1,0,0,1,0,-4.25355645955795,-4.25355645955795,                1967P   3362
1.35164326671966,1.35164326671966,1.,1.,-20.5366037904288,14.,      1967P   3363
28.,-22.9503968938771,14.,-28.,-4.25355645955795,                   1967P   3364
1.35164326671966,0.,0.,0.;                                          1967P   3365
126,2,2,0,0,0,0,0.975859483582289,0.975859483582289,                1969P   3366
0.975859483582289,1.57079632679498,1.57079632679498,                1969P   3367
1.57079632679498,1.,0.956081559575356,1.,-26.8761945101651,         1969P   3368
12.7972872798408,-27.975864804462,-25.0977725613207,14.,            1969P   3369
-27.9867982670802,-22.9503968938771,14.,-28.,0.975859483582289,     1969P   3370
1.57079632679498,0.,0.,0.;                                          1969P   3371
126,8,3,0,0,1,0,0.,0.,0.,0.,0.101123704582208,0.303371113746624,    1971P   3372
0.404494818328831,0.505618522911039,0.556180375202143,              1971P   3373
0.707865932075455,0.707865932075455,0.707865932075455,              1971P   3374
0.707865932075455,1.,1.,1.,1.,1.,1.,1.,1.,1.,-29.689835266465,      1971P   3375
8.13561363408343,-23.9575070037089,-29.7043460642084,               1971P   3376
8.13564402490973,-24.2942735379949,-29.7238008628371,               1971P   3377
8.28139353465378,-25.3058428747701,-29.621537472548,                1971P   3378
9.07579444725051,-26.5258997051046,-29.1554400558607,               1971P   3379
10.2552670966959,-27.3579257952115,-28.6805229668488,               1971P   3380
11.0400291476098,-27.6877497240131,-27.9611479711741,               1971P   3381
11.9391402085957,-27.9290144946682,-27.3647433700339,               1971P   3382
12.4668910380685,-27.9728612817603,-26.8761945101651,               1971P   3383
12.7972872798408,-27.975864804462,0.,0.707865932075455,0.,0.,0.;    1971P   3384
126,3,3,0,0,1,0,-1.67898232981765,-1.67898232981765,                1973P   3385
-1.67898232981765,-1.67898232981765,2.62075434855658,               1973P   3386
2.62075434855658,2.62075434855658,2.62075434855658,1.,1.,1.,1.,     1973P   3387
-27.8388550089633,8.131737027017,18.9999999701048,                  1973P   3388
-28.4558484173402,8.13302923955252,4.68083096943204,                1973P   3389
-29.0728417740163,8.1343214432671,-9.63833803341638,                1973P   3390
-29.6898350766016,8.13561363870708,-23.9575069850767,               1973P   3391
-1.67898232981765,2.62075434855658,0.,0.,0.;                        1973P   3392
126,2,2,0,0,0,0,0.16238949806184,0.16238949806184,                  1975P   3393
0.16238949806184,1.56002538010919,1.56002538010919,                 1975P   3394
1.56002538010919,1.,0.765603156064114,1.,-27.8388553954455,         1975P   3395
8.13173709054063,19.,-26.8870079965098,13.9362416799548,19.,        1975P   3396
-21.,13.9995939574018,19.,0.16238949806184,1.56002538010919,0.,     1975P   3397
0.,0.;                                                              1975P   3398
126,2,2,0,0,0,0,-1.5600253801091,-1.5600253801091,                  1977P   3399
-1.5600253801091,-1.50460996649681,-1.50460996649681,               1977P   3400
-1.50460996649681,1.,0.999616166048555,1.,-21.,13.9995939574018,    1977P   3401
19.,-21.,13.9975043954069,23.5048012967565,-21.,                    1977P   3402
13.9846733762402,28.,-1.5600253801091,-1.50460996649681,0.,0.,      1977P   3403
0.;                                                                 1977P   3404
126,1,1,0,0,1,0,-4.25433598211342,-4.25433598211342,                1979P   3405
1.35086374416419,1.35086374416419,1.,1.,22.9503968938771,14.,       1979P   3406
-28.,20.5366037904289,14.,28.,-4.25433598211342,                    1979P   3407
1.35086374416419,0.,0.,0.;                                          1979P   3408
126,1,1,0,0,1,0,-3.79503968938771,-3.79503968938771,                1981P   3409
0.795039689387714,0.795039689387714,1.,1.,-22.9503968938771,14.,    1981P   3410
-28.,22.9503968938771,14.,-28.,-3.79503968938771,                   1981P   3411
0.795039689387714,0.,0.,0.;                                         1981P   3412
126,2,2,0,0,0,0,1.50460996649681,1.50460996649681,                  1983P   3413
1.50460996649681,1.5600253801091,1.5600253801091,                   1983P   3414
1.5600253801091,1.,0.999616166050181,1.,21.,13.9846733762402,       1983P   3415
28.,21.,13.9975043954069,23.5048012967565,21.,13.9995939574018,     1983P   3416
19.,1.50460996649681,1.5600253801091,0.,0.,0.;                      1983P   3417
126,2,2,0,0,0,0,-1.56002538010919,-1.56002538010919,                1985P   3418
-1.56002538010919,-0.146124001154588,-0.146124001154588,            1985P   3419
-0.146124001154588,1.,0.760345990753891,1.,21.,13.9995939574018,    1985P   3420
19.,26.9848878903345,13.9351883580987,19.,27.8563653133876,         1985P   3421
8.01923180787825,19.,-1.56002538010919,-0.146124001154588,0.,0.,    1985P   3422
0.;                                                                 1985P   3423
126,3,3,0,0,1,0,-2.61907787519127,-2.61907787519127,                1987P   3424
-2.61907787519127,-2.61907787519127,1.68065248629245,               1987P   3425
1.68065248629245,1.68065248629245,1.68065248629245,1.,1.,1.,1.,     1987P   3426
29.7085471260846,8.01535297144953,-23.9573919383189,                1987P   3427
29.0911531129372,8.01664590554342,-9.63826133408023,                1987P   3428
28.4737590458516,8.01793883181312,4.68086932120663,                 1987P   3429
27.856364927044,8.01923175080445,18.9999999742641,                  1987P   3430
-2.61907787519127,1.68065248629245,0.,0.,0.;                        1987P   3431
126,7,3,0,0,1,0,0.,0.,0.,0.,0.10033086328504,0.300992589855121,     1989P   3432
0.501654316425201,0.576902463888981,0.702316042995282,              1989P   3433
0.702316042995282,0.702316042995282,0.702316042995282,1.,1.,1.,     1989P   3434
1.,1.,1.,1.,1.,27.0348411456972,12.686776431606,                    1989P   3435
-27.9748894695252,27.351834452165,12.4594023701733,                 1989P   3436
-27.9729406437874,28.2488933410865,11.7049830210003,                1989P   3437
-27.9296810819247,29.3398752459596,10.0768886906643,                1989P   3438
-27.4632261886709,29.6732267141981,8.75549625094303,                1989P   3439
-26.2790188698716,29.7391787981934,8.14221820352819,                1989P   3440
-25.0436488379957,29.7265553158475,8.01531525365757,                1989P   3441
-24.3750491751698,29.7085473156632,8.01535296656005,                1989P   3442
-23.957391956831,0.,0.702316042995282,0.,0.,0.;                     1989P   3443
126,2,2,0,0,0,0,-1.57079632679498,-1.57079632679498,                1991P   3444
-1.57079632679498,-0.948250546601654,-0.948250546601654,            1991P   3445
-0.948250546601654,1.,0.951944492364607,1.,22.9503968938771,14.,    1991P   3446
-28.,25.2040119013516,14.,-27.986145124077,27.0348411456972,        1991P   3447
12.686776431606,-27.9748894695252,-1.57079632679498,                1991P   3448
-0.948250546601654,0.,0.,0.;                                        1991P   3449
126,8,2,0,1,0,0,-3.14159265358979,-3.14159265358979,                1993P   3450
-3.14159265358979,-1.5707963267949,-1.5707963267949,                1993P   3451
-4.44089209850063D-16,-4.44089209850063D-16,1.5707963267949,        1993P   3452
1.5707963267949,3.14159265358979,3.14159265358979,                  1993P   3453
3.14159265358979,1.,0.707106781186544,1.,0.707106781186553,1.,      1993P   3454
0.707106781186546,1.,0.707106781186555,1.,-21.,10.4706319876218,    1993P   3455
25.5,-21.,8.97063198762185,25.5,-21.,8.97063198762185,24.,-21.,     1993P   3456
8.97063198762185,22.5,-21.,10.4706319876218,22.5,-21.,              1993P   3457
11.9706319876218,22.5,-21.,11.9706319876218,24.,-21.,               1993P   3458
11.9706319876218,25.5,-21.,10.4706319876218,25.5,                   1993P   3459
-3.14159265358979,3.14159265358979,0.,0.,0.;                        1993P   3460
126,1,1,0,0,1,0,0.,0.,28.,28.,1.,1.,-21.,10.4706319876218,25.5,     1995P   3461
21.,10.4706319876218,25.5,0.,28.,0.,0.,0.;                          1995P   3462
126,8,2,0,1,0,0,-3.14159265358979,-3.14159265358979,                1997P   3463
-3.14159265358979,-1.5707963267949,-1.5707963267949,                1997P   3464
4.44089209850063D-16,4.44089209850063D-16,1.5707963267949,          1997P   3465
1.5707963267949,3.14159265358979,3.14159265358979,                  1997P   3466
3.14159265358979,1.,0.707106781186555,1.,0.707106781186546,1.,      1997P   3467
0.707106781186553,1.,0.707106781186544,1.,21.,10.4706319876218,     1997P   3468
25.5,21.,11.9706319876218,25.5,21.,11.9706319876218,24.,21.,        1997P   3469
11.9706319876218,22.5,21.,10.4706319876218,22.5,21.,                1997P   3470
8.97063198762185,22.5,21.,8.97063198762185,24.,21.,                 1997P   3471
8.97063198762185,25.5,21.,10.4706319876218,25.5,                    1997P   3472
-3.14159265358979,3.14159265358979,0.,0.,0.;                        1997P   3473
126,1,1,0,0,1,0,4.06042598228851D-5,4.06042598228851D-5,            1999P   3474
0.704044776554559,0.704044776554559,1.,1.,-21.,13.9995939574018,    1999P   3475
19.,-21.,6.95955223445441,19.,4.06042598228851D-5,                  1999P   3476
0.704044776554559,0.,0.,0.;                                         1999P   3477
126,1,1,0,0,1,0,-3.3,-3.3,-2.4,-2.4,1.,1.,-21.,6.95955223445441,    2001P   3478
28.,-21.,6.95955223445441,19.,-3.3,-2.4,0.,0.,0.;                   2001P   3479
126,48,3,0,0,1,0,-0.17367111129442,-0.17367111129442,               2003P   3480
-0.17367111129442,-0.17367111129442,-0.160441649308612,             2003P   3481
-0.160441649308612,-0.160441649308612,-0.147075395854406,           2003P   3482
-0.147075395854406,-0.147075395854406,-0.14540404960183,            2003P   3483
-0.14540404960183,-0.14540404960183,-0.13204422528685,              2003P   3484
-0.13204422528685,-0.13204422528685,-0.124076178596651,             2003P   3485
-0.124076178596651,-0.124076178596651,-0.117140626515392,           2003P   3486
-0.117140626515392,-0.117140626515392,-0.10382139406311,            2003P   3487
-0.10382139406311,-0.10382139406311,-0.0905289122813446,            2003P   3488
-0.0905289122813446,-0.0905289122813446,-0.0780698182883926,        2003P   3489
-0.0780698182883926,-0.0780698182883926,-0.0744513393943205,        2003P   3490
-0.0744513393943205,-0.0744513393943205,-0.0612259738172167,        2003P   3491
-0.0612259738172167,-0.0612259738172167,-0.047794142839752,         2003P   3492
-0.047794142839752,-0.047794142839752,-0.0390312540501685,          2003P   3493
-0.0390312540501685,-0.0390312540501685,-0.0256032150484902,        2003P   3494
-0.0256032150484902,-0.0256032150484902,-0.0123861812442775,        2003P   3495
-0.0123861812442775,-0.0123861812442775,0.,0.,0.,0.,1.,1.,1.,1.,    2003P   3496
1.,1.,1.,1.,1.,1.,1.,1.,1.,1.,1.,1.,1.,1.,1.,1.,1.,1.,1.,1.,1.,     2003P   3497
1.,1.,1.,1.,1.,1.,1.,1.,1.,1.,1.,1.,1.,1.,1.,1.,1.,1.,1.,1.,1.,     2003P   3498
1.,1.,1.,-26.852890540084,6.97005862376131,19.,                     2003P   3499
-26.8969901073629,6.97013778588111,19.,-26.9409544069609,           2003P   3500
6.97319139812089,18.9999988090364,-26.9845188411469,                2003P   3501
6.97910551222929,18.999997299363,-27.0285337277344,                 2003P   3502
6.98508077775518,18.9999957740798,-27.072141531112,                 2003P   3503
6.9939762169729,18.9999939706238,-27.1150628017302,                 2003P   3504
7.00572618959446,18.9999925099715,-27.1204297734885,                2003P   3505
7.00719543247364,18.9999923273283,-27.125785989968,                 2003P   3506
7.00870937110423,18.999992149147,-27.1311308841998,                 2003P   3507
7.01026793095241,18.9999919757575,-27.1738550341532,                2003P   3508
7.02272620267442,18.9999905897773,-27.2156577544385,                2003P   3509
7.0379733822427,18.9999896207558,-27.2562663814736,                 2003P   3510
7.05592132060676,18.9999889789077,-27.2804861188453,                2003P   3511
7.06662580350309,18.9999885960976,-27.3042809390244,                2003P   3512
7.07829197336963,18.9999883228392,-27.3275898168157,                2003P   3513
7.09090938137627,18.9999880037696,-27.3478783445017,                2003P   3514
7.10189183338276,18.9999877260449,-27.3677986912927,                2003P   3515
7.11359509952644,18.9999874129596,-27.3873166922474,                2003P   3516
7.12599273750132,18.9999872224793,-27.4247996191541,                2003P   3517
7.14980151582378,18.9999868566756,-27.4605923094446,                2003P   3518
7.17603621997776,18.9999870940384,-27.4944856863637,                2003P   3519
7.20446142880194,18.9999881028076,-27.5283109909999,                2003P   3520
7.23282954774512,18.9999891095508,-27.5602454781831,                2003P   3521
7.26338017295175,18.9999909223415,-27.5900522696636,                2003P   3522
7.29592119513827,18.9999924594871,-27.6179902892735,                2003P   3523
7.3264220196423,18.9999939002597,-27.6440593959992,                 2003P   3524
7.35867235580811,18.999995114,-27.6680308889046,                    2003P   3525
7.39253845155355,18.9999937622218,-27.6749928992391,                2003P   3526
7.40237413886347,18.9999933696266,-27.6817655519955,                2003P   3527
7.41232903492124,18.9999927584965,-27.6883445918818,                2003P   3528
7.42239885125208,18.9999918497814,-27.712390664884,                 2003P   3529
7.45920354354636,18.9999885284715,-27.7338536589292,                2003P   3530
7.49754089004865,18.9999813751976,-27.7527151498915,                2003P   3531
7.53711256223497,18.9999746823123,-27.7718710936052,                2003P   3532
7.57730200041749,18.9999678849422,-27.7883440550136,                2003P   3533
7.618765666226,18.9999615789293,-27.8020676118962,                  2003P   3534
7.66121577193399,18.9999582322135,-27.8110208218466,                2003P   3535
7.6889101016236,18.9999560488254,-27.8188028522467,                 2003P   3536
7.71702475227797,18.9999550831215,-27.8253835015914,                2003P   3537
7.74548201290925,18.9999555139064,-27.8354675296075,                2003P   3538
7.78908923135211,18.9999561740308,-27.8426670480903,                2003P   3539
7.83321551886209,18.9999602450162,-27.8469430795388,                2003P   3540
7.87756621894181,18.9999664701145,-27.8511519183868,                2003P   3541
7.92122000205347,18.999972597393,-27.8525285386328,                 2003P   3542
7.96509231403255,18.9999808165416,-27.8509874144912,                2003P   3543
8.00891125265113,18.9999878460934,-27.8495431688896,                2003P   3544
8.04997563394133,18.9999944337518,-27.845536236161,                 2003P   3545
8.09099393025021,18.9999999661871,-27.8388550091329,                2003P   3546
8.13173702701736,18.9999999661707,-0.17367111129442,0.,0.,0.,0.;    2003P   3547
126,1,1,0,0,1,0,2.04931072096411,2.04931072096411,                  2005P   3548
2.6346007179605,2.6346007179605,1.,1.,-21.,6.95955223445441,19.,    2005P   3549
-26.8528905400825,6.97005862376131,19.,2.04931072096411,            2005P   3550
2.6346007179605,0.,0.,0.;                                           2005P   3551
126,1,1,0,0,1,0,1.9,1.9,2.8,2.8,1.,1.,21.,6.88415899963003,19.,     2007P   3552
21.,6.88415899963003,28.,1.9,2.8,0.,0.,0.;                          2007P   3553
126,1,1,0,0,1,0,4.06042598228851D-5,4.06042598228851D-5,            2009P   3554
0.711584100036998,0.711584100036998,1.,1.,21.,13.9995939574018,     2009P   3555
19.,21.,6.88415899963003,19.,4.06042598228851D-5,                   2009P   3556
0.711584100036998,0.,0.,0.;                                         2009P   3557
126,45,3,0,0,1,0,-0.172403023282934,-0.172403023282934,             2011P   3558
-0.172403023282934,-0.172403023282934,-0.15863480716405,            2011P   3559
-0.15863480716405,-0.15863480716405,-0.144866591045167,             2011P   3560
-0.144866591045167,-0.144866591045167,-0.131097548887882,           2011P   3561
-0.131097548887882,-0.131097548887882,-0.117328506730598,           2011P   3562
-0.117328506730598,-0.117328506730598,-0.103913817689566,           2011P   3563
-0.103913817689566,-0.103913817689566,-0.0985905847902433,          2011P   3564
-0.0985905847902433,-0.0985905847902433,-0.0852158034974579,        2011P   3565
-0.0852158034974579,-0.0852158034974579,-0.0782505373578997,        2011P   3566
-0.0782505373578997,-0.0782505373578997,-0.064943786695506,         2011P   3567
-0.064943786695506,-0.064943786695506,-0.0515919554849819,          2011P   3568
-0.0515919554849819,-0.0515919554849819,-0.0492911946096116,        2011P   3569
-0.0492911946096116,-0.0492911946096116,-0.0391348125667831,        2011P   3570
-0.0391348125667831,-0.0391348125667831,-0.0257947512493691,        2011P   3571
-0.0257947512493691,-0.0257947512493691,-0.0124868782882262,        2011P   3572
-0.0124868782882262,-0.0124868782882262,0.,0.,0.,0.,1.,1.,1.,1.,    2011P   3573
1.,1.,1.,1.,1.,1.,1.,1.,1.,1.,1.,1.,1.,1.,1.,1.,1.,1.,1.,1.,1.,     2011P   3574
1.,1.,1.,1.,1.,1.,1.,1.,1.,1.,1.,1.,1.,1.,1.,1.,1.,1.,1.,1.,1.,     2011P   3575
27.8563649273901,8.01923175080373,18.9999999662369,                 2011P   3576
27.8630531466056,7.97382929307012,18.9999999662189,                 2011P   3577
27.8664417996927,7.92809586861771,18.9999932718093,                 2011P   3578
27.8666663941048,7.8823424457314,18.9999858405829,                  2011P   3579
27.8668909885169,7.83658902284509,18.9999784093565,                 2011P   3580
27.863951195316,7.79081429116653,18.9999702272326,                  2011P   3581
27.8579227561015,7.74532883529425,18.9999646750209,                 2011P   3582
27.8518939552046,7.69984065047489,18.9999591224762,                 2011P   3583
27.8428048926466,7.65485812995955,18.9999562324625,                 2011P   3584
27.8307609686856,7.61068801681942,18.9999568349,                    2011P   3585
27.8187170447247,7.56651790367929,18.9999574373375,                 2011P   3586
27.8037179297339,7.52315888738547,18.9999615181159,                 2011P   3587
27.785813150857,7.48093289318878,18.9999674970202,                  2011P   3588
27.7683691603284,7.43979360585663,18.9999733220546,                 2011P   3589
27.7482640079271,7.39995928495187,18.9999808622519,                 2011P   3590
27.725584681482,7.36170804498564,18.9999865562475,                  2011P   3591
27.7165850441219,7.34652914233607,18.9999888157456,                 2011P   3592
27.7071795065974,7.33159967869579,18.9999907606927,                 2011P   3593
27.6973713890927,7.31693788682224,18.9999920772827,                 2011P   3594
27.6727282015784,7.28009969781609,18.9999953852544,                 2011P   3595
27.645546355386,7.24494878654325,18.9999948453156,                  2011P   3596
27.6160659176764,7.21168025872153,18.9999935673866,                 2011P   3597
27.600713210962,7.19435480529713,18.9999929018717,                  2011P   3598
27.5847364391268,7.17754042226055,18.9999920073065,                 2011P   3599
27.5681658502289,7.16126889687628,18.9999911648612,                 2011P   3600
27.536508668669,7.13018305940115,18.9999895554166,                  2011P   3601
27.5028903020141,7.10127648925416,18.9999881387395,                 2011P   3602
27.4675722657835,7.07471729765037,18.9999876531759,                 2011P   3603
27.4321345792737,7.04806812894054,18.9999871659674,                 2011P   3604
27.3949847825999,7.02378149696625,18.9999875772409,                 2011P   3605
27.3563521096642,7.00206510315987,18.9999881231416,                 2011P   3606
27.3496950046574,6.99832297757155,18.9999882172101,                 2011P   3607
27.3429938032488,6.99465727844998,18.9999883124816,                 2011P   3608
27.3362496044411,6.99106920815054,18.9999884018496,                 2011P   3609
27.3064782968719,6.97523018152779,18.999988796352,                  2011P   3610
27.2758694508438,6.96090254939371,18.9999890902656,                 2011P   3611
27.2445400036422,6.94812862792026,18.9999896428073,                 2011P   3612
27.2033898435806,6.93135051786088,18.9999903685519,                 2011P   3613
27.1612618026636,6.91735891309191,18.9999914418631,                 2011P   3614
27.1184456828676,6.90618682852376,18.9999929104307,                 2011P   3615
27.0757328744796,6.89504170118091,18.9999943754547,                 2011P   3616
27.032334218972,6.88670225171143,18.9999961870793,                  2011P   3617
26.9885199730912,6.88124920568209,18.9999976364776,                 2011P   3618
26.947408733361,6.87613257117052,18.999998996459,                   2011P   3619
26.9059307290239,6.87355739909884,19.,26.8643078684571,             2011P   3620
6.87363211533934,19.,-0.172403023282934,0.,0.,0.,0.;                2011P   3621
126,1,1,0,0,1,0,-0.137131966518655,-0.137131966518655,              2013P   3622
0.449299765154561,0.449299765154561,1.,1.,26.8643078684557,         2013P   3623
6.87363211533934,19.,21.,6.88415899963003,19.,                      2013P   3624
-0.137131966518655,0.449299765154561,0.,0.,0.;                      2013P   3625
126,3,3,0,0,1,0,-2.62075434855658,-2.62075434855658,                2015P   3626
-2.62075434855658,-2.62075434855658,1.6832359657427,                2015P   3627
1.6832359657427,1.6832359657427,1.6832359657427,1.,1.,1.,1.,        2015P   3628
-28.7057926387426,6.97338472573823,-24.0000000080966,               2015P   3629
-28.088158607394,6.97227602508202,-9.66666670774788,                2015P   3630
-27.470524573739,6.97116732442167,4.6666666461261,                  2015P   3631
-26.852890540084,6.97005862376131,19.0000000000001,                 2015P   3632
-2.62075434855658,1.6832359657427,0.,0.,0.;                         2015P   3633
126,1,1,0,0,1,0,0.128729784494698,0.128729784494698,                2017P   3634
5.87114288303758,5.87114288303758,1.,1.,28.718245640083,            2017P   3635
6.87030415424967,-24.,-28.7057928266375,6.97338472607552,-24.,      2017P   3636
0.128729784494698,5.87114288303758,0.,0.,0.;                        2017P   3637
126,3,3,0,0,1,0,-1.68491689818668,-1.68491689818668,                2019P   3638
-1.68491689818668,-1.68491689818668,2.61907787519127,               2019P   3639
2.61907787519127,2.61907787519127,2.61907787519127,1.,1.,1.,1.,     2019P   3640
26.8643078684571,6.87363211533934,19.0000000000001,                 2019P   3641
27.4822871264314,6.87252279497474,4.66666664890869,                 2019P   3642
28.1002663844056,6.87141347461014,-9.66666670218268,                2019P   3643
28.718245640083,6.87030415424967,-24.,-1.68491689818668,            2019P   3644
2.61907787519127,0.,0.,0.;                                          2019P   3645
126,4,2,0,0,0,0,0.,0.,0.,0.859076837950538,0.859076837950538,       2021P   3646
1.71815367590108,1.71815367590108,1.71815367590108,1.,              2021P   3647
0.90915807248943,1.,0.909158072489464,1.,28.718245640083,           2021P   3648
6.87030415424967,-24.,29.1758822258062,6.8694826613313,             2021P   3649
-23.9802690243151,29.4754041668289,7.21580875368111,                2021P   3650
-23.9673819979649,29.7749261078517,7.56213484603092,                2021P   3651
-23.9544949716147,29.708547127233,8.01535297144746,                 2021P   3652
-23.9573919649559,0.,1.71815367590108,0.,0.,0.;                     2021P   3653
126,7,3,0,0,1,0,-0.702316042995282,-0.702316042995282,              2023P   3654
-0.702316042995282,-0.702316042995282,-0.576902463888981,           2023P   3655
-0.501654316425201,-0.300992589855121,-0.10033086328504,0.,0.,      2023P   3656
0.,0.,1.,1.,1.,1.,1.,1.,1.,1.,28.7182458279723,6.87030415391239,    2023P   3657
-23.9999999935193,28.7362530389428,6.8702718283141,                 2023P   3658
-24.5220715553188,28.7512346953914,7.00624588835218,                2023P   3659
-25.3576967077831,28.7025155799048,7.663307117701,                  2023P   3660
-26.9009934553024,28.4244838918313,9.07895881960618,                2023P   3661
-28.3782993861175,27.4925599596386,10.8229259797556,                2023P   3662
-28.9528317707769,26.7239701456927,11.63088685606,-29.,             2023P   3663
26.4522768386813,11.8743797985194,-29.,-0.702316042995282,0.,0.,    2023P   3664
0.,0.;                                                              2023P   3665
126,4,2,0,0,0,0,0.,0.,0.,0.797954748439536,0.797954748439536,       2025P   3666
1.59590949687907,1.59590949687907,1.59590949687907,1.,              2025P   3667
0.921458741563643,1.,0.921458741563695,1.,26.4522768386813,         2025P   3668
11.8743797985195,-29.,26.6979566107364,12.2169847560003,-29.,       2025P   3669
26.8694834529184,12.4561820899159,-28.6981724248082,                2025P   3670
27.0410102951004,12.6953794238316,-28.3963448496165,                2025P   3671
27.0348411456972,12.686776431606,-27.9748894695252,0.,              2025P   3672
1.59590949687907,0.,0.,0.;                                          2025P   3673
126,2,2,0,0,0,0,0.,0.,0.,1.57079632679488,1.57079632679488,         2027P   3674
1.57079632679488,1.,0.707106781186555,1.,22.9503968938771,13.,      2027P   3675
-29.,22.9503968938771,14.,-29.,22.9503968938771,14.,-28.,0.,        2027P   3676
1.57079632679488,0.,0.,0.;                                          2027P   3677
126,2,2,0,0,0,0,0.948250546601657,0.948250546601657,                2029P   3678
0.948250546601657,1.57079632679498,1.57079632679498,                2029P   3679
1.57079632679498,1.,0.951944492364596,1.,26.4522768386813,          2029P   3680
11.8743797985194,-29.,24.8825787799361,13.,-29.,                    2029P   3681
22.9503968938771,13.,-29.,0.948250546601657,1.57079632679498,0.,    2029P   3682
0.,0.;                                                              2029P   3683
126,2,2,0,0,0,0,0.,0.,0.,1.57079632679489,1.57079632679489,         2031P   3684
1.57079632679489,1.,0.70710678118655,1.,-22.9503968938771,13.,      2031P   3685
-29.,-22.9503968938771,14.,-29.,-22.9503968938771,14.,-28.,0.,      2031P   3686
1.57079632679489,0.,0.,0.;                                          2031P   3687
126,1,1,0,0,1,0,-0.795039689387713,-0.795039689387713,              2033P   3688
3.79503968938771,3.79503968938771,1.,1.,22.9503968938771,13.,       2033P   3689
-29.,-22.9503968938771,13.,-29.,-0.795039689387713,                 2033P   3690
3.79503968938771,0.,0.,0.;                                          2033P   3691
126,4,2,0,0,0,0,0.,0.,0.,0.797466933051689,0.797466933051689,       2035P   3692
1.59493386610338,1.59493386610338,1.59493386610338,1.,              2035P   3693
0.921553466496938,1.,0.921553466496912,1.,-26.3162579736832,        2035P   3694
11.9691033827207,-29.,-26.5522285816233,12.3181198246865,-29.,      2035P   3695
-26.7170591442761,12.5619153423001,-28.6985215832249,               2035P   3696
-26.8818897069289,12.8057108599136,-28.3970431664498,               2035P   3697
-26.8761945101651,12.7972872798408,-27.975864804462,0.,             2035P   3698
1.59493386610338,0.,0.,0.;                                          2035P   3699
126,2,2,0,0,0,0,-1.57079632679498,-1.57079632679498,                2037P   3700
-1.57079632679498,-0.97585948358229,-0.97585948358229,              2037P   3701
-0.97585948358229,1.,0.956081559575351,1.,-22.9503968938771,13.,    2037P   3702
-29.,-24.791492357582,13.,-29.,-26.3162579736832,                   2037P   3703
11.9691033827207,-29.,-1.57079632679498,-0.97585948358229,0.,0.,    2037P   3704
0.;                                                                 2037P   3705
126,8,3,0,0,1,0,-0.707865932075455,-0.707865932075455,              2039P   3706
-0.707865932075455,-0.707865932075455,-0.556180375202143,           2039P   3707
-0.505618522911039,-0.404494818328831,-0.303371113746624,           2039P   3708
-0.101123704582208,0.,0.,0.,0.,1.,1.,1.,1.,1.,1.,1.,1.,1.,          2039P   3709
-26.3162579736832,11.9691033827206,-29.,-26.7352525338983,          2039P   3710
11.6149196634433,-29.,-27.2465484026246,11.0492433487178,           2039P   3711
-28.9497880758212,-27.8622096014128,10.0856345564198,               2039P   3712
-28.6538138012383,-28.2676822307722,9.24463678771933,               2039P   3713
-28.2452917916988,-28.6626579813764,7.98073985764378,               2039P   3714
-27.2091156272135,-28.7431463119418,7.12956058783383,               2039P   3715
-25.685234282026,-28.7203043375058,6.9734107753552,                 2039P   3716
-24.4209581294348,-28.7057928266375,6.97338472607552,-24.,          2039P   3717
-0.707865932075455,0.,0.,0.,0.;                                     2039P   3718
126,4,2,0,0,0,0,-4.31608002316916D-19,-4.31608002316916D-19,        2041P   3719
-4.31608002316916D-19,0.865976807601839,0.865976807601839,          2041P   3720
1.73195361520368,1.73195361520368,1.73195361520368,1.,              2041P   3721
0.907715914456347,1.,0.907715914456356,1.,-28.7057928266375,        2041P   3722
6.97338472607552,-24.,-29.1676064919838,6.97421371717354,           2041P   3723
-23.9801000528622,-29.4661818338841,7.32685388748539,               2041P   3724
-23.9672069494934,-29.7647571757844,7.67949405779724,               2041P   3725
-23.9543138461245,-29.689835266465,8.13561363408343,                2041P   3726
-23.9575070037089,-4.31608002316916D-19,1.73195361520368,0.,0.,     2041P   3727
0.;                                                                 2041P   3728
126,1,1,0,0,1,0,-5.63308655126219,-5.63308655126219,                2043P   3729
-0.356224568226116,-0.356224568226116,1.,1.,-26.3162579736832,      2043P   3730
11.9691033827207,-29.,26.4522768386813,11.8743797985195,-29.,       2043P   3731
-5.63308655126219,-0.356224568226116,0.,0.,0.;                      2043P   3732
128,1,8,1,2,0,1,0,0,1,-12.5,-12.5,12.5,12.5,-3.14159265358979,      2045P   3733
-3.14159265358979,-3.14159265358979,-1.5707963267949,               2045P   3734
-1.5707963267949,0.,0.,1.5707963267949,1.5707963267949,             2045P   3735
3.14159265358979,3.14159265358979,3.14159265358979,1.,1.,           2045P   3736
0.707106781186548,0.707106781186548,1.,1.,0.707106781186548,        2045P   3737
0.707106781186548,1.,1.,0.707106781186548,0.707106781186548,1.,     2045P   3738
1.,0.707106781186548,0.707106781186548,1.,1.,-12.5,29.5,            2045P   3739
18.261467228243,12.5,29.5,18.261467228243,-12.5,29.5,               2045P   3740
19.261467228243,12.5,29.5,19.261467228243,-12.5,28.5,               2045P   3741
19.261467228243,12.5,28.5,19.261467228243,-12.5,27.5,               2045P   3742
19.261467228243,12.5,27.5,19.261467228243,-12.5,27.5,               2045P   3743
18.261467228243,12.5,27.5,18.261467228243,-12.5,27.5,               2045P   3744
17.261467228243,12.5,27.5,17.261467228243,-12.5,28.5,               2045P   3745
17.261467228243,12.5,28.5,17.261467228243,-12.5,29.5,               2045P   3746
17.261467228243,12.5,29.5,17.261467228243,-12.5,29.5,               2045P   3747
18.261467228243,12.5,29.5,18.261467228243,-12.5,12.5,               2045P   3748
-3.14159265358979,3.14159265358979;                                 2045P   3749
128,1,1,1,1,0,0,1,0,0,0.056518844340068,0.056518844340068,          2047P   3750
0.101000000000001,0.101000000000001,-0.001,-0.001,4.001,4.001,      2047P   3751
1.,1.,1.,1.,82.4348115565993,40.01,-1.5,81.99,40.01,-1.5,           2047P   3752
82.4348115565993,-0.0100000000000033,-1.5,81.99,                    2047P   3753
-0.0100000000000033,-1.5,0.056518844340068,0.101000000000001,       2047P   3754
-0.001,4.001;                                                       2047P   3755
128,1,1,1,1,0,0,1,0,0,-0.001,-0.001,0.0434811556599316,             2049P   3756
0.0434811556599316,-0.001,-0.001,4.001,4.001,1.,1.,1.,1.,81.99,     2049P   3757
40.01,1.5,82.4348115565993,40.01,1.5,81.99,-0.0100000000000033,     2049P   3758
1.5,82.4348115565993,-0.0100000000000033,1.5,-0.001,                2049P   3759
0.0434811556599316,-0.001,4.001;                                    2049P   3760
128,1,1,1,1,0,0,1,0,0,-0.001,-0.001,0.301,0.301,-0.001,-0.001,      2051P   3761
4.001,4.001,1.,1.,1.,1.,82.,40.01,-1.51,82.,40.01,1.51,82.,         2051P   3762
-0.0100000000000033,-1.51,82.,-0.0100000000000033,1.51,-0.001,      2051P   3763
0.301,-0.001,4.001;                                                 2051P   3764
128,1,2,1,2,0,0,0,0,0,0.,0.,2.66666666666667,2.66666666666667,      2053P   3765
0.,0.,0.,1.47062890563334,1.47062890563334,1.47062890563334,1.,     2053P   3766
1.,0.741619848709567,0.741619848709567,1.,1.,67.5,40.,15.,67.5,     2053P   3767
0.,15.,81.0680105059993,40.,15.,81.0680105059993,0.,15.,            2053P   3768
82.4248115565993,40.,1.5,82.4248115565993,0.,1.5,0.,                2053P   3769
2.66666666666667,0.,1.47062890563334;                               2053P   3770
128,1,2,1,2,0,0,0,0,0,0.,0.,2.66666666666667,2.66666666666667,      2055P   3771
1.67096374795646,1.67096374795646,1.67096374795646,                 2055P   3772
3.14159265358979,3.14159265358979,3.14159265358979,1.,1.,           2055P   3773
0.741619848709566,0.741619848709566,1.,1.,82.4248115565993,40.,     2055P   3774
-1.5,82.4248115565993,0.,-1.5,81.0680105059994,40.,-15.,            2055P   3775
81.0680105059994,0.,-15.,67.5,40.,-15.,67.5,0.,-15.,0.,             2055P   3776
2.66666666666667,1.67096374795646,3.14159265358979;                 2055P   3777
128,1,1,1,1,0,0,1,0,0,-1.501,-1.501,1.501,1.501,                    2057P   3778
-8.24348115565993,-8.24348115565993,8.24348115565993,               2057P   3779
8.24348115565993,1.,1.,1.,1.,-82.4348115565993,0.,15.01,            2057P   3780
-82.4348115565993,0.,-15.01,82.4348115565993,0.,15.01,              2057P   3781
82.4348115565993,0.,-15.01,-1.501,1.501,-8.24348115565993,          2057P   3782
8.24348115565993;                                                   2057P   3783
128,1,1,1,1,0,0,1,0,0,0.0565188443400716,0.0565188443400716,        2059P   3784
0.101000000000001,0.101000000000001,-0.001,-0.001,4.001,4.001,      2059P   3785
1.,1.,1.,1.,-81.99,40.01,-1.5,-82.4348115565993,40.01,-1.5,         2059P   3786
-81.99,-0.0100000000000033,-1.5,-82.4348115565993,                  2059P   3787
-0.0100000000000033,-1.5,0.0565188443400716,0.101000000000001,      2059P   3788
-0.001,4.001;                                                       2059P   3789
128,1,1,1,1,0,0,1,0,0,-0.001,-0.001,0.0434811556599298,             2061P   3790
0.0434811556599298,-0.001,-0.001,4.001,4.001,1.,1.,1.,1.,           2061P   3791
-82.4348115565993,40.01,1.5,-81.99,40.01,1.5,-82.4348115565993,     2061P   3792
-0.0100000000000033,1.5,-81.99,-0.0100000000000033,1.5,-0.001,      2061P   3793
0.0434811556599298,-0.001,4.001;                                    2061P   3794
128,1,1,1,1,0,0,1,0,0,-0.001,-0.001,0.301,0.301,-0.001,-0.001,      2063P   3795
4.001,4.001,1.,1.,1.,1.,-82.,40.01,1.51,-82.,40.01,-1.51,-82.,      2063P   3796
-0.0100000000000033,1.51,-82.,-0.0100000000000033,-1.51,-0.001,     2063P   3797
0.301,-0.001,4.001;                                                 2063P   3798
128,1,2,1,2,0,0,0,0,0,0.,0.,2.66666666666667,2.66666666666667,      2065P   3799
1.67096374795646,1.67096374795646,1.67096374795646,                 2065P   3800
3.14159265358979,3.14159265358979,3.14159265358979,1.,1.,           2065P   3801
0.741619848709566,0.741619848709566,1.,1.,-82.4248115565993,40.,    2065P   3802
1.5,-82.4248115565993,0.,1.5,-81.0680105059993,40.,15.,             2065P   3803
-81.0680105059993,0.,15.,-67.5,40.,15.,-67.5,0.,15.,0.,             2065P   3804
2.66666666666667,1.67096374795646,3.14159265358979;                 2065P   3805
128,1,2,1,2,0,0,0,0,0,0.,0.,2.66666666666667,2.66666666666667,      2067P   3806
0.,0.,0.,1.47062890563334,1.47062890563334,1.47062890563334,1.,     2067P   3807
1.,0.741619848709566,0.741619848709566,1.,1.,-67.5,40.,-15.,        2067P   3808
-67.5,0.,-15.,-81.0680105059993,40.,-15.,-81.0680105059993,0.,      2067P   3809
-15.,-82.4248115565993,40.,-1.5,-82.4248115565993,0.,-1.5,0.,       2067P   3810
2.66666666666667,0.,1.47062890563334;                               2067P   3811
128,1,1,1,1,0,0,1,0,0,-1.501,-1.501,1.501,1.501,                    2069P   3812
-8.24348115565993,-8.24348115565993,8.24348115565993,               2069P   3813
8.24348115565993,1.,1.,1.,1.,-82.4348115565993,40.,-15.01,          2069P   3814
-82.4348115565993,40.,15.01,82.4348115565993,40.,-15.01,            2069P   3815
82.4348115565993,40.,15.01,-1.501,1.501,-8.24348115565993,          2069P   3816
8.24348115565993;                                                   2069P   3817
128,1,2,1,2,0,0,0,0,0,-2.08333333333333,-2.08333333333333,6.25,     2071P   3818
6.25,-0.785398163397448,-0.785398163397448,-0.785398163397448,      2071P   3819
0.785398163397449,0.785398163397449,0.785398163397449,1.,1.,        2071P   3820
0.707106781186547,0.707106781186547,1.,1.,12.5,28.,21.,-12.5,       2071P   3821
28.,21.,12.5,25.,21.,-12.5,25.,21.,12.5,25.,18.,-12.5,25.,18.,      2071P   3822
-2.08333333333333,6.25,-0.785398163397448,0.785398163397449;        2071P   3823
128,1,1,1,1,0,0,1,0,0,-0.001,-0.001,0.701,0.701,-0.001,-0.001,      2073P   3824
0.601,0.601,1.,1.,1.,1.,-12.5,32.01,14.99,-12.5,24.99,14.99,        2073P   3825
-12.5,32.01,21.01,-12.5,24.99,21.01,-0.001,0.701,-0.001,0.601;      2073P   3826
128,1,1,1,1,0,0,1,0,0,-1.251,-1.251,1.251,1.251,                    2075P   3827
-0.0510000000000003,-0.0510000000000003,0.0510000000000003,         2075P   3828
0.0510000000000003,1.,1.,1.,1.,-12.51,27.99,21.,12.51,27.99,21.,    2075P   3829
-12.51,29.01,21.,12.51,29.01,21.,-1.251,1.251,                      2075P   3830
-0.0510000000000003,0.0510000000000003;                             2075P   3831
128,1,2,1,2,0,0,0,0,0,-2.08333333333333,-2.08333333333333,6.25,     2077P   3832
6.25,-0.785398163397449,-0.785398163397449,-0.785398163397449,      2077P   3833
0.785398163397449,0.785398163397449,0.785398163397449,1.,1.,        2077P   3834
0.707106781186547,0.707106781186547,1.,1.,-12.5,29.,21.,12.5,       2077P   3835
29.,21.,-12.5,32.,21.,12.5,32.,21.,-12.5,32.,18.,12.5,32.,18.,      2077P   3836
-2.08333333333333,6.25,-0.785398163397449,0.785398163397449;        2077P   3837
128,1,1,1,1,0,0,1,0,0,-0.00100000000000045,-0.00100000000000045,    2079P   3838
0.701,0.701,-0.001,-0.001,0.601,0.601,1.,1.,1.,1.,12.5,24.99,       2079P   3839
14.99,12.5,32.01,14.99,12.5,24.99,21.01,12.5,32.01,21.01,           2079P   3840
-0.00100000000000045,0.701,-0.001,0.601;                            2079P   3841
128,1,1,1,1,0,0,1,0,0,-0.00100000000000006,-0.00100000000000006,    2081P   3842
2.501,2.501,-0.001,-0.001,0.301,0.301,1.,1.,1.,1.,-12.51,25.,       2081P   3843
14.99,12.51,25.,14.99,-12.51,25.,18.01,12.51,25.,18.01,             2081P   3844
-0.00100000000000006,2.501,-0.001,0.301;                            2081P   3845
128,1,1,1,1,0,0,1,0,0,-0.00100000000000016,-0.00100000000000016,    2083P   3846
2.501,2.501,-0.00100000000000022,-0.00100000000000022,0.301,        2083P   3847
0.301,1.,1.,1.,1.,12.51,32.,14.99,-12.51,32.,14.99,12.51,32.,       2083P   3848
18.01,-12.51,32.,18.01,-0.00100000000000016,2.501,                  2083P   3849
-0.00100000000000022,0.301;                                         2083P   3850
128,1,1,1,1,0,0,1,0,0,-0.00100000000000011,-0.00100000000000011,    2085P   3851
0.176,0.176,-0.001,-0.001,0.101,0.101,1.,1.,1.,1.,                  2085P   3852
-1.03786437086111,-7.01,-8.14836256341917,-0.579754661029648,       2085P   3853
-7.01,-6.43867385088752,-1.03786437086111,-5.99,                    2085P   3854
-8.14836256341918,-0.579754661029648,-5.99,-6.43867385088752,       2085P   3855
-0.00100000000000011,0.176,-0.001,0.101;                            2085P   3856
128,1,1,1,1,0,0,1,0,0,-0.157176358300157,-0.157176358300157,        2087P   3857
0.172959687067403,0.172959687067403,-0.157176358300157,             2087P   3858
-0.157176358300157,0.172959687067403,0.172959687067403,1.,1.,1.,    2087P   3859
1.,-0.572342851480673,-6.,-4.84734285148068,-3.87370330515627,      2087P   3860
-6.,-4.84734285148068,-0.572342851480673,-6.,-8.14870330515628,     2087P   3861
-3.87370330515627,-6.,-8.14870330515628,-0.157176358300157,         2087P   3862
0.172959687067403,-0.157176358300157,0.172959687067403;             2087P   3863
128,1,2,1,2,0,0,0,0,0,0.,0.,0.444444444444444,0.444444444444444,    2089P   3864
-2.87979326579064,-2.87979326579064,-2.87979326579064,              2089P   3865
-1.83259571459405,-1.83259571459405,-1.83259571459405,1.,1.,        2089P   3866
0.866025403784439,0.866025403784439,1.,1.,-0.582342851480674,       2089P   3867
-6.,-6.44833310915041,-0.582342851480674,-7.,-6.44833310915041,     2089P   3868
-1.83711730708738,-6.,-6.11211730708739,-1.83711730708738,-7.,      2089P   3869
-6.11211730708739,-2.1733331091504,-6.,-4.85734285148068,           2089P   3870
-2.1733331091504,-7.,-4.85734285148068,0.,0.444444444444444,        2089P   3871
-2.87979326579064,-1.83259571459405;                                2089P   3872
128,1,1,1,1,0,0,1,0,0,0.00400000000000012,0.00400000000000012,      2091P   3873
0.181,0.181,-0.001,-0.001,0.101,0.101,1.,1.,1.,1.,                  2091P   3874
-2.16367385088751,-7.01,-4.85475466102966,-3.87336256341916,        2091P   3875
-7.01,-5.31286437086112,-2.16367385088751,-5.99,                    2091P   3876
-4.85475466102966,-3.87336256341916,-5.99,-5.31286437086112,        2091P   3877
0.00400000000000012,0.181,-0.001,0.101;                             2091P   3878
128,1,1,1,1,0,0,1,0,0,-0.157176358300157,-0.157176358300157,        2093P   3879
0.172959687067403,0.172959687067403,-0.157176358300157,             2093P   3880
-0.157176358300157,0.172959687067403,0.172959687067403,1.,1.,1.,    2093P   3881
1.,-3.87370330515627,-7.,-4.84734285148068,-0.572342851480673,      2093P   3882
-7.,-4.84734285148068,-3.87370330515627,-7.,-8.14870330515628,      2093P   3883
-0.572342851480673,-7.,-8.14870330515628,-0.157176358300157,        2093P   3884
0.172959687067403,-0.157176358300157,0.172959687067403;             2093P   3885
128,1,1,1,1,0,0,1,0,0,-0.00100000000000004,-0.00100000000000004,    2095P   3886
0.176,0.176,-0.001,-0.001,0.101,0.101,1.,1.,1.,1.,                  2095P   3887
-3.87336256341916,-7.01,-3.2371356291389,-2.16367385088751,         2095P   3888
-7.01,-3.69524533897036,-3.87336256341916,-5.99,                    2095P   3889
-3.2371356291389,-2.16367385088751,-5.99,-3.69524533897036,         2095P   3890
-0.00100000000000004,0.176,-0.001,0.101;                            2095P   3891
128,1,1,1,1,0,0,1,0,0,-0.157176358300157,-0.157176358300157,        2097P   3892
0.172959687067403,0.172959687067403,-0.157176358300157,             2097P   3893
-0.157176358300157,0.172959687067403,0.172959687067403,1.,1.,1.,    2097P   3894
1.,-0.572342851480673,-6.,-3.70265714851934,-0.572342851480673,     2097P   3895
-6.,-0.401296694843736,-3.87370330515627,-6.,-3.70265714851934,     2097P   3896
-3.87370330515627,-6.,-0.401296694843736,-0.157176358300157,        2097P   3897
0.172959687067403,-0.157176358300157,0.172959687067403;             2097P   3898
128,1,2,1,2,0,0,0,0,0,0.,0.,0.444444444444444,0.444444444444444,    2099P   3899
-2.87979326579064,-2.87979326579064,-2.87979326579064,              2099P   3900
-1.83259571459405,-1.83259571459405,-1.83259571459405,1.,1.,        2099P   3901
0.866025403784439,0.866025403784439,1.,1.,-2.1733331091504,-6.,     2099P   3902
-3.69265714851934,-2.1733331091504,-7.,-3.69265714851934,           2099P   3903
-1.83711730708738,-6.,-2.43788269291263,-1.83711730708738,-7.,      2099P   3904
-2.43788269291263,-0.582342851480673,-6.,-2.10166689084961,         2099P   3905
-0.582342851480673,-7.,-2.10166689084961,0.,0.444444444444444,      2099P   3906
-2.87979326579064,-1.83259571459405;                                2099P   3907
128,1,1,1,1,0,0,1,0,0,0.00400000000000004,0.00400000000000004,      2101P   3908
0.181,0.181,-0.001,-0.001,0.101,0.101,1.,1.,1.,1.,                  2101P   3909
-0.579754661029648,-7.01,-2.1113261491125,-1.03786437086111,        2101P   3910
-7.01,-0.401637436580845,-0.579754661029648,-5.99,                  2101P   3911
-2.1113261491125,-1.03786437086111,-5.99,-0.401637436580845,        2101P   3912
0.00400000000000004,0.181,-0.001,0.101;                             2101P   3913
128,1,1,1,1,0,0,1,0,0,-0.157176358300157,-0.157176358300157,        2103P   3914
0.172959687067403,0.172959687067403,-0.157176358300157,             2103P   3915
-0.157176358300157,0.172959687067403,0.172959687067403,1.,1.,1.,    2103P   3916
1.,-0.572342851480673,-7.,-0.401296694843736,-0.572342851480673,    2103P   3917
-7.,-3.70265714851934,-3.87370330515627,-7.,-0.401296694843736,     2103P   3918
-3.87370330515627,-7.,-3.70265714851934,-0.157176358300157,         2103P   3919
0.172959687067403,-0.157176358300157,0.172959687067403;             2103P   3920
128,1,1,1,1,0,0,1,0,0,-0.00100000000000003,-0.00100000000000003,    2105P   3921
0.176,0.176,-0.001,-0.001,0.101,0.101,1.,1.,1.,1.,                  2105P   3922
1.03786437086111,-7.01,-0.401637436580846,0.579754661029646,        2105P   3923
-7.01,-2.1113261491125,1.03786437086111,-5.99,                      2105P   3924
-0.401637436580845,0.579754661029646,-5.99,-2.1113261491125,        2105P   3925
-0.00100000000000003,0.176,-0.001,0.101;                            2105P   3926
128,1,1,1,1,0,0,1,0,0,-0.157176358300157,-0.157176358300157,        2107P   3927
0.172959687067403,0.172959687067403,-0.157176358300157,             2107P   3928
-0.157176358300157,0.172959687067403,0.172959687067403,1.,1.,1.,    2107P   3929
1.,0.572342851480671,-6.,-3.70265714851934,3.87370330515627,-6.,    2107P   3930
-3.70265714851934,0.572342851480671,-6.,-0.401296694843736,         2107P   3931
3.87370330515627,-6.,-0.401296694843736,-0.157176358300157,         2107P   3932
0.172959687067403,-0.157176358300157,0.172959687067403;             2107P   3933
128,1,2,1,2,0,0,0,0,0,0.,0.,0.444444444444444,0.444444444444444,    2109P   3934
-2.87979326579064,-2.87979326579064,-2.87979326579064,              2109P   3935
-1.83259571459405,-1.83259571459405,-1.83259571459405,1.,1.,        2109P   3936
0.866025403784439,0.866025403784439,1.,1.,0.582342851480671,-6.,    2109P   3937
-2.10166689084961,0.582342851480671,-7.,-2.10166689084961,          2109P   3938
1.83711730708738,-6.,-2.43788269291263,1.83711730708738,-7.,        2109P   3939
-2.43788269291263,2.1733331091504,-6.,-3.69265714851934,            2109P   3940
2.1733331091504,-7.,-3.69265714851934,0.,0.444444444444444,         2109P   3941
-2.87979326579064,-1.83259571459405;                                2109P   3942
128,1,1,1,1,0,0,1,0,0,0.00400000000000012,0.00400000000000012,      2111P   3943
0.181,0.181,-0.001,-0.001,0.101,0.101,1.,1.,1.,1.,                  2111P   3944
2.16367385088751,-7.01,-3.69524533897036,3.87336256341916,-7.01,    2111P   3945
-3.2371356291389,2.16367385088751,-5.99,-3.69524533897036,          2111P   3946
3.87336256341916,-5.99,-3.2371356291389,0.00400000000000012,        2111P   3947
0.181,-0.001,0.101;                                                 2111P   3948
128,1,1,1,1,0,0,1,0,0,-0.157176358300157,-0.157176358300157,        2113P   3949
0.172959687067403,0.172959687067403,-0.157176358300157,             2113P   3950
-0.157176358300157,0.172959687067403,0.172959687067403,1.,1.,1.,    2113P   3951
1.,3.87370330515627,-7.,-3.70265714851934,0.572342851480671,-7.,    2113P   3952
-3.70265714851934,3.87370330515627,-7.,-0.401296694843736,          2113P   3953
0.572342851480671,-7.,-0.401296694843736,-0.157176358300157,        2113P   3954
0.172959687067403,-0.157176358300157,0.172959687067403;             2113P   3955
128,1,1,1,1,0,0,1,0,0,-0.001,-0.001,0.176,0.176,-0.001,-0.001,      2115P   3956
0.101,0.101,1.,1.,1.,1.,3.87336256341916,-7.01,                     2115P   3957
-5.31286437086112,2.16367385088751,-7.01,-4.85475466102966,         2115P   3958
3.87336256341916,-5.99,-5.31286437086112,2.16367385088751,-5.99,    2115P   3959
-4.85475466102966,-0.001,0.176,-0.001,0.101;                        2115P   3960
128,1,1,1,1,0,0,1,0,0,-0.157176358300157,-0.157176358300157,        2117P   3961
0.172959687067403,0.172959687067403,-0.157176358300157,             2117P   3962
-0.157176358300157,0.172959687067403,0.172959687067403,1.,1.,1.,    2117P   3963
1.,0.572342851480671,-6.,-4.84734285148068,0.572342851480671,       2117P   3964
-6.,-8.14870330515628,3.87370330515627,-6.,-4.84734285148068,       2117P   3965
3.87370330515627,-6.,-8.14870330515628,-0.157176358300157,          2117P   3966
0.172959687067403,-0.157176358300157,0.172959687067403;             2117P   3967
128,1,2,1,2,0,0,0,0,0,0.,0.,0.444444444444444,0.444444444444444,    2119P   3968
-2.87979326579064,-2.87979326579064,-2.87979326579064,              2119P   3969
-1.83259571459405,-1.83259571459405,-1.83259571459405,1.,1.,        2119P   3970
0.866025403784439,0.866025403784439,1.,1.,2.1733331091504,-6.,      2119P   3971
-4.85734285148068,2.1733331091504,-7.,-4.85734285148068,            2119P   3972
1.83711730708738,-6.,-6.11211730708739,1.83711730708738,-7.,        2119P   3973
-6.11211730708739,0.582342851480672,-6.,-6.44833310915041,          2119P   3974
0.582342851480672,-7.,-6.44833310915041,0.,0.444444444444444,       2119P   3975
-2.87979326579064,-1.83259571459405;                                2119P   3976
128,1,1,1,1,0,0,1,0,0,0.00400000000000013,0.00400000000000013,      2121P   3977
0.181,0.181,-0.001,-0.001,0.101,0.101,1.,1.,1.,1.,                  2121P   3978
0.579754661029646,-7.01,-6.43867385088752,1.03786437086111,         2121P   3979
-7.01,-8.14836256341917,0.579754661029646,-5.99,                    2121P   3980
-6.43867385088752,1.03786437086111,-5.99,-8.14836256341917,         2121P   3981
0.00400000000000013,0.181,-0.001,0.101;                             2121P   3982
128,1,1,1,1,0,0,1,0,0,-0.157176358300157,-0.157176358300157,        2123P   3983
0.172959687067403,0.172959687067403,-0.157176358300157,             2123P   3984
-0.157176358300157,0.172959687067403,0.172959687067403,1.,1.,1.,    2123P   3985
1.,0.572342851480671,-7.,-8.14870330515628,0.572342851480671,       2123P   3986
-7.,-4.84734285148068,3.87370330515627,-7.,-8.14870330515628,       2123P   3987
3.87370330515627,-7.,-4.84734285148068,-0.157176358300157,          2123P   3988
0.172959687067403,-0.157176358300157,0.172959687067403;             2123P   3989
128,1,8,1,2,0,1,0,0,1,0.,0.,13.3333333333333,13.3333333333333,      2125P   3990
-3.14159265358979,-3.14159265358979,-3.14159265358979,              2125P   3991
-1.5707963267949,-1.5707963267949,0.,0.,1.5707963267949,            2125P   3992
1.5707963267949,3.14159265358979,3.14159265358979,                  2125P   3993
3.14159265358979,1.,1.,0.707106781186548,0.707106781186548,1.,      2125P   3994
1.,0.707106781186548,0.707106781186548,1.,1.,0.707106781186548,     2125P   3995
0.707106781186548,1.,1.,0.707106781186548,0.707106781186548,1.,     2125P   3996
1.,2.25,-38.9,-4.27500000000001,2.25,-8.9,-4.27500000000001,        2125P   3997
2.25,-38.9,-2.02500000000001,2.25,-8.9,-2.02500000000001,           2125P   3998
-8.32667268468867D-16,-38.9,-2.02500000000001,                      2125P   3999
-8.32667268468867D-16,-8.9,-2.02500000000001,-2.25,-38.9,           2125P   4000
-2.02500000000001,-2.25,-8.9,-2.02500000000001,-2.25,-38.9,         2125P   4001
-4.27500000000001,-2.25,-8.9,-4.27500000000001,-2.25,-38.9,         2125P   4002
-6.52500000000001,-2.25,-8.9,-6.52500000000001,                     2125P   4003
-8.32667268468867D-16,-38.9,-6.52500000000001,                      2125P   4004
-8.32667268468867D-16,-8.9,-6.52500000000001,2.25,-38.9,            2125P   4005
-6.52500000000001,2.25,-8.9,-6.52500000000001,2.25,-38.9,           2125P   4006
-4.27500000000001,2.25,-8.9,-4.27500000000001,0.,                   2125P   4007
13.3333333333333,-3.14159265358979,3.14159265358979;                2125P   4008
128,1,1,1,1,0,0,1,0,0,-0.226,-0.226,0.226,0.226,-0.226,-0.226,      2127P   4009
0.226,0.226,1.,1.,1.,1.,-2.26,-38.9,-2.01500000000001,-2.26,        2127P   4010
-38.9,-6.53500000000001,2.26,-38.9,-2.01500000000001,2.26,-38.9,    2127P   4011
-6.53500000000001,-0.226,0.226,-0.226,0.226;                        2127P   4012
128,2,8,2,2,0,1,0,0,1,0.,0.,0.,1.5707963267949,1.5707963267949,     2129P   4013
1.5707963267949,-3.14159265358979,-3.14159265358979,                2129P   4014
-3.14159265358979,-1.5707963267949,-1.5707963267949,0.,0.,          2129P   4015
1.5707963267949,1.5707963267949,3.14159265358979,                   2129P   4016
3.14159265358979,3.14159265358979,1.,0.707106781186541,1.,          2129P   4017
0.707106781186548,0.499999999999996,0.707106781186548,1.,           2129P   4018
0.707106781186541,1.,0.707106781186548,0.499999999999996,           2129P   4019
0.707106781186548,1.,0.707106781186541,1.,0.707106781186548,        2129P   4020
0.499999999999996,0.707106781186548,1.,0.707106781186541,1.,        2129P   4021
0.707106781186548,0.499999999999996,0.707106781186548,1.,           2129P   4022
0.707106781186541,1.,-8.32667268468867D-16,-8.9,                    2129P   4023
-0.775000000000011,-8.32667268468867D-16,-8.9,-0.27500000000001,    2129P   4024
-8.32667268468867D-16,-8.4,-0.27500000000001,-3.5,-8.9,             2129P   4025
-0.775000000000012,-4.,-8.9,-0.275000000000011,-4.,-8.4,            2129P   4026
-0.275000000000011,-3.5,-8.9,-4.27500000000001,-4.,-8.9,            2129P   4027
-4.27500000000001,-4.,-8.4,-4.27500000000001,-3.5,-8.9,             2129P   4028
-7.77500000000001,-4.,-8.9,-8.27500000000001,-4.,-8.4,              2129P   4029
-8.27500000000001,-8.32667268468867D-16,-8.9,-7.77500000000001,     2129P   4030
-8.32667268468867D-16,-8.9,-8.27500000000001,                       2129P   4031
-8.32667268468867D-16,-8.4,-8.27500000000001,3.5,-8.9,              2129P   4032
-7.77500000000001,4.,-8.9,-8.27500000000001,4.,-8.4,                2129P   4033
-8.27500000000001,3.5,-8.9,-4.27500000000001,4.,-8.9,               2129P   4034
-4.27500000000001,4.,-8.4,-4.27500000000001,3.5,-8.9,               2129P   4035
-0.775000000000012,4.,-8.9,-0.275000000000011,4.,-8.4,              2129P   4036
-0.275000000000011,-8.32667268468867D-16,-8.9,                      2129P   4037
-0.775000000000011,-8.32667268468867D-16,-8.9,-0.27500000000001,    2129P   4038
-8.32667268468867D-16,-8.4,-0.27500000000001,0.,1.5707963267949,    2129P   4039
-3.14159265358979,3.14159265358979;                                 2129P   4040
128,1,8,1,2,0,1,0,0,1,0.,0.,2.375,2.375,-3.14159265358979,          2131P   4041
-3.14159265358979,-3.14159265358979,-1.5707963267949,               2131P   4042
-1.5707963267949,0.,0.,1.5707963267949,1.5707963267949,             2131P   4043
3.14159265358979,3.14159265358979,3.14159265358979,1.,1.,           2131P   4044
0.707106781186548,0.707106781186548,1.,1.,0.707106781186548,        2131P   4045
0.707106781186548,1.,1.,0.707106781186548,0.707106781186548,1.,     2131P   4046
1.,0.707106781186548,0.707106781186548,1.,1.,4.,-8.4,               2131P   4047
-4.27500000000001,4.,1.1,-4.27500000000001,4.,-8.4,                 2131P   4048
-0.275000000000011,4.,1.1,-0.275000000000011,                       2131P   4049
-8.32667268468867D-16,-8.4,-0.27500000000001,                       2131P   4050
-8.32667268468867D-16,1.1,-0.27500000000001,-4.,-8.4,               2131P   4051
-0.275000000000011,-4.,1.1,-0.275000000000011,-4.,-8.4,             2131P   4052
-4.27500000000001,-4.,1.1,-4.27500000000001,-4.,-8.4,               2131P   4053
-8.27500000000001,-4.,1.1,-8.27500000000001,                        2131P   4054
-8.32667268468867D-16,-8.4,-8.27500000000001,                       2131P   4055
-8.32667268468867D-16,1.1,-8.27500000000001,4.,-8.4,                2131P   4056
-8.27500000000001,4.,1.1,-8.27500000000001,4.,-8.4,                 2131P   4057
-4.27500000000001,4.,1.1,-4.27500000000001,0.,2.375,                2131P   4058
-3.14159265358979,3.14159265358979;                                 2131P   4059
128,1,1,1,1,0,0,1,0,0,-0.351,-0.351,0.351,0.351,-0.351,-0.351,      2133P   4060
0.351,0.351,1.,1.,1.,1.,-3.51,-8.9,-0.76500000000001,-3.51,-8.9,    2133P   4061
-7.78500000000001,3.51,-8.9,-0.76500000000001,3.51,-8.9,            2133P   4062
-7.78500000000001,-0.351,0.351,-0.351,0.351;                        2133P   4063
128,1,4,1,2,0,0,0,0,0,0.,0.,0.0236686390532545,                     2135P   4064
0.0236686390532545,-3.14159265358979,-3.14159265358979,             2135P   4065
-3.14159265358979,-1.5707963267949,-1.5707963267949,                2135P   4066
2.33390800361246D-31,2.33390800361246D-31,2.33390800361246D-31,     2135P   4067
1.,1.,0.707106781186548,0.707106781186548,1.,1.,                    2135P   4068
0.707106781186548,0.707106781186548,1.,1.,2.025,1.,                 2135P   4069
-0.05000000000001,2.025,1.1,-0.05000000000001,6.25,1.,              2135P   4070
-0.0500000000000095,6.25,1.1,-0.0500000000000095,6.25,1.,           2135P   4071
-4.27500000000001,6.25,1.1,-4.27500000000001,6.25,1.,               2135P   4072
-8.50000000000001,6.25,1.1,-8.50000000000001,2.025,1.,              2135P   4073
-8.50000000000001,2.025,1.1,-8.50000000000001,0.,                   2135P   4074
0.0236686390532545,-3.14159265358979,2.33390800361246D-31;          2135P   4075
128,1,1,1,1,0,0,1,0,0,-0.001,-0.001,0.406,0.406,-0.001,-0.001,      2137P   4076
0.011,0.011,1.,1.,1.,1.,2.035,0.99,-0.0500000000000095,-2.035,      2137P   4077
0.99,-0.0500000000000102,2.035,1.11,-0.0500000000000095,-2.035,     2137P   4078
1.11,-0.0500000000000102,-0.001,0.406,-0.001,0.011;                 2137P   4079
128,1,4,1,2,0,0,0,0,0,0.,0.,0.0236686390532545,                     2139P   4080
0.0236686390532545,-3.14159265358979,-3.14159265358979,             2139P   4081
-3.14159265358979,-1.5707963267949,-1.5707963267949,0.,0.,0.,1.,    2139P   4082
1.,0.707106781186548,0.707106781186548,1.,1.,0.707106781186548,     2139P   4083
0.707106781186548,1.,1.,-2.025,1.,-8.50000000000001,-2.025,1.1,     2139P   4084
-8.50000000000001,-6.25,1.,-8.50000000000001,-6.25,1.1,             2139P   4085
-8.50000000000001,-6.25,1.,-4.27500000000001,-6.25,1.1,             2139P   4086
-4.27500000000001,-6.25,1.,-0.0500000000000123,-6.25,1.1,           2139P   4087
-0.0500000000000123,-2.025,1.,-0.0500000000000106,-2.025,1.1,       2139P   4088
-0.0500000000000106,0.,0.0236686390532545,-3.14159265358979,0.;     2139P   4089
128,1,1,1,1,0,0,1,0,0,-0.001,-0.001,0.406,0.406,-0.001,-0.001,      2141P   4090
0.011,0.011,1.,1.,1.,1.,-2.035,0.99,-8.50000000000001,2.035,        2141P   4091
0.99,-8.50000000000001,-2.035,1.11,-8.50000000000001,2.035,1.11,    2141P   4092
-8.50000000000001,-0.001,0.406,-0.001,0.011;                        2141P   4093
128,1,1,1,1,0,0,1,0,0,-0.4235,-0.4235,0.4235,0.4235,-0.626,         2143P   4094
-0.626,0.626,0.626,1.,1.,1.,1.,-6.26,1.1,-0.0400000000000089,       2143P   4095
-6.26,1.1,-8.51000000000001,6.26,1.1,-0.0400000000000089,6.26,      2143P   4096
1.1,-8.51000000000001,-0.4235,0.4235,-0.626,0.626;                  2143P   4097
128,1,8,1,2,0,1,0,0,1,0.,0.,0.00305343511450382,                    2145P   4098
0.00305343511450382,-3.14159265358979,-3.14159265358979,            2145P   4099
-3.14159265358979,-1.5707963267949,-1.5707963267949,0.,0.,          2145P   4100
1.5707963267949,1.5707963267949,3.14159265358979,                   2145P   4101
3.14159265358979,3.14159265358979,1.,1.,0.707106781186548,          2145P   4102
0.707106781186548,1.,1.,0.707106781186548,0.707106781186548,1.,     2145P   4103
1.,0.707106781186548,0.707106781186548,1.,1.,0.707106781186548,     2145P   4104
0.707106781186548,1.,1.,-75.775,1.,-1.25333644626521D-14,           2145P   4105
-75.775,1.01,-1.25333644626521D-14,-75.775,1.,-3.27500000000001,    2145P   4106
-75.775,1.01,-3.27500000000001,-72.5,1.,-3.27500000000001,-72.5,    2145P   4107
1.01,-3.27500000000001,-69.225,1.,-3.27500000000001,-69.225,        2145P   4108
1.01,-3.27500000000001,-69.225,1.,-1.25333644626521D-14,-69.225,    2145P   4109
1.01,-1.25333644626521D-14,-69.225,1.,3.27499999999998,-69.225,     2145P   4110
1.01,3.27499999999998,-72.5,1.,3.27499999999998,-72.5,1.01,         2145P   4111
3.27499999999998,-75.775,1.,3.27499999999998,-75.775,1.01,          2145P   4112
3.27499999999998,-75.775,1.,-1.25333644626521D-14,-75.775,1.01,     2145P   4113
-1.25333644626521D-14,0.,0.00305343511450382,-3.14159265358979,     2145P   4114
3.14159265358979;                                                   2145P   4115
128,1,8,1,2,0,1,0,0,1,0.,0.,0.00296296296296297,                    2147P   4116
0.00296296296296297,-3.14159265358979,-3.14159265358979,            2147P   4117
-3.14159265358979,-1.5707963267949,-1.5707963267949,0.,0.,          2147P   4118
1.5707963267949,1.5707963267949,3.14159265358979,                   2147P   4119
3.14159265358979,3.14159265358979,1.,1.,0.707106781186548,          2147P   4120
0.707106781186548,1.,1.,0.707106781186548,0.707106781186548,1.,     2147P   4121
1.,0.707106781186548,0.707106781186548,1.,1.,0.707106781186548,     2147P   4122
0.707106781186548,1.,1.,-75.875,1.01,-1.25333644626521D-14,         2147P   4123
-75.875,1.,-1.25333644626521D-14,-75.875,1.01,-3.37500000000001,    2147P   4124
-75.875,1.,-3.37500000000001,-72.5,1.01,-3.37500000000001,-72.5,    2147P   4125
1.,-3.37500000000001,-69.125,1.01,-3.37500000000001,-69.125,1.,     2147P   4126
-3.37500000000001,-69.125,1.01,-1.25333644626521D-14,-69.125,1.,    2147P   4127
-1.25333644626521D-14,-69.125,1.01,3.37499999999998,-69.125,1.,     2147P   4128
3.37499999999998,-72.5,1.01,3.37499999999998,-72.5,1.,              2147P   4129
3.37499999999998,-75.875,1.01,3.37499999999998,-75.875,1.,          2147P   4130
3.37499999999998,-75.875,1.01,-1.25333644626521D-14,-75.875,1.,     2147P   4131
-1.25333644626521D-14,0.,0.00296296296296297,-3.14159265358979,     2147P   4132
3.14159265358979;                                                   2147P   4133
128,1,1,1,1,0,0,1,0,0,-0.3385,-0.3385,0.3385,0.3385,                2149P   4134
-0.338499999999999,-0.338499999999999,0.338499999999999,            2149P   4135
0.338499999999999,1.,1.,1.,1.,-69.115,1.01,-3.38500000000001,       2149P   4136
-69.115,1.01,3.38499999999998,-75.885,1.01,-3.38500000000001,       2149P   4137
-75.885,1.01,3.38499999999998,-0.3385,0.3385,-0.338499999999999,    2149P   4138
0.338499999999999;                                                  2149P   4139
128,1,1,1,1,0,0,1,0,0,-1.101,-1.101,1.101,1.101,-7.851,-7.851,      2151P   4140
7.851,7.851,1.,1.,1.,1.,-78.51,1.,11.01,-78.51,1.,-11.01,78.51,     2151P   4141
1.,11.01,78.51,1.,-11.01,-1.101,1.101,-7.851,7.851;                 2151P   4142
128,1,8,1,2,0,1,0,0,1,0.,0.,0.00305343511450382,                    2153P   4143
0.00305343511450382,-3.14159265358979,-3.14159265358979,            2153P   4144
-3.14159265358979,-1.5707963267949,-1.5707963267949,0.,0.,          2153P   4145
1.5707963267949,1.5707963267949,3.14159265358979,                   2153P   4146
3.14159265358979,3.14159265358979,1.,1.,0.707106781186548,          2153P   4147
0.707106781186548,1.,1.,0.707106781186548,0.707106781186548,1.,     2153P   4148
1.,0.707106781186548,0.707106781186548,1.,1.,0.707106781186548,     2153P   4149
0.707106781186548,1.,1.,75.775,1.01,-1.25333644626521D-14,          2153P   4150
75.775,1.,-1.25333644626521D-14,75.775,1.01,-3.27500000000001,      2153P   4151
75.775,1.,-3.27500000000001,72.5,1.01,-3.27500000000001,72.5,1.,    2153P   4152
-3.27500000000001,69.225,1.01,-3.27500000000001,69.225,1.,          2153P   4153
-3.27500000000001,69.225,1.01,-1.25333644626521D-14,69.225,1.,      2153P   4154
-1.25333644626521D-14,69.225,1.01,3.27499999999998,69.225,1.,       2153P   4155
3.27499999999998,72.5,1.01,3.27499999999998,72.5,1.,                2153P   4156
3.27499999999998,75.775,1.01,3.27499999999998,75.775,1.,            2153P   4157
3.27499999999998,75.775,1.01,-1.25333644626521D-14,75.775,1.,       2153P   4158
-1.25333644626521D-14,0.,0.00305343511450382,-3.14159265358979,     2153P   4159
3.14159265358979;                                                   2153P   4160
128,1,8,1,2,0,1,0,0,1,0.,0.,0.00296296296296297,                    2155P   4161
0.00296296296296297,-3.14159265358979,-3.14159265358979,            2155P   4162
-3.14159265358979,-1.5707963267949,-1.5707963267949,0.,0.,          2155P   4163
1.5707963267949,1.5707963267949,3.14159265358979,                   2155P   4164
3.14159265358979,3.14159265358979,1.,1.,0.707106781186548,          2155P   4165
0.707106781186548,1.,1.,0.707106781186548,0.707106781186548,1.,     2155P   4166
1.,0.707106781186548,0.707106781186548,1.,1.,0.707106781186548,     2155P   4167
0.707106781186548,1.,1.,75.875,1.,-1.25333644626521D-14,75.875,     2155P   4168
1.01,-1.25333644626521D-14,75.875,1.,-3.37500000000001,75.875,      2155P   4169
1.01,-3.37500000000001,72.5,1.,-3.37500000000001,72.5,1.01,         2155P   4170
-3.37500000000001,69.125,1.,-3.37500000000001,69.125,1.01,          2155P   4171
-3.37500000000001,69.125,1.,-1.25333644626521D-14,69.125,1.01,      2155P   4172
-1.25333644626521D-14,69.125,1.,3.37499999999998,69.125,1.01,       2155P   4173
3.37499999999998,72.5,1.,3.37499999999998,72.5,1.01,                2155P   4174
3.37499999999998,75.875,1.,3.37499999999998,75.875,1.01,            2155P   4175
3.37499999999998,75.875,1.,-1.25333644626521D-14,75.875,1.01,       2155P   4176
-1.25333644626521D-14,0.,0.00296296296296297,-3.14159265358979,     2155P   4177
3.14159265358979;                                                   2155P   4178
128,1,1,1,1,0,0,1,0,0,-0.3385,-0.3385,0.3385,0.3385,                2157P   4179
-0.338499999999999,-0.338499999999999,0.338499999999999,            2157P   4180
0.338499999999999,1.,1.,1.,1.,69.115,1.01,3.38499999999998,         2157P   4181
69.115,1.01,-3.38500000000001,75.885,1.01,3.38499999999998,         2157P   4182
75.885,1.01,-3.38500000000001,-0.3385,0.3385,-0.338499999999999,    2157P   4183
0.338499999999999;                                                  2157P   4184
128,1,1,1,1,0,0,1,0,0,-0.328500000000001,-0.328500000000001,        2159P   4185
0.328499999999999,0.328499999999999,-7.5785,-7.5785,-6.9215,        2159P   4186
-6.9215,1.,1.,1.,1.,-75.785,1.,3.28499999999998,-75.785,1.,         2159P   4187
-3.28500000000001,-69.215,1.,3.28499999999998,-69.215,1.,           2159P   4188
-3.28500000000001,-0.328500000000001,0.328499999999999,-7.5785,     2159P   4189
-6.9215;                                                            2159P   4190
128,2,8,2,2,0,1,0,0,1,0.,0.,0.,1.5707963267949,1.5707963267949,     2161P   4191
1.5707963267949,-3.14159265358979,-3.14159265358979,                2161P   4192
-3.14159265358979,-1.5707963267949,-1.5707963267949,0.,0.,          2161P   4193
1.5707963267949,1.5707963267949,3.14159265358979,                   2161P   4194
3.14159265358979,3.14159265358979,1.,0.707106781186541,1.,          2161P   4195
0.707106781186548,0.499999999999996,0.707106781186548,1.,           2161P   4196
0.707106781186541,1.,0.707106781186548,0.499999999999996,           2161P   4197
0.707106781186548,1.,0.707106781186541,1.,0.707106781186548,        2161P   4198
0.499999999999996,0.707106781186548,1.,0.707106781186541,1.,        2161P   4199
0.707106781186548,0.499999999999996,0.707106781186548,1.,           2161P   4200
0.707106781186541,1.,-22.,38.,4.45,-22.,38.,3.45,-22.,37.,3.45,     2161P   4201
-22.55,38.,4.45,-23.55,38.,3.45,-23.55,37.,3.45,-22.55,38.,5.,      2161P   4202
-23.55,38.,5.,-23.55,37.,5.,-22.55,38.,5.55,-23.55,38.,6.55,        2161P   4203
-23.55,37.,6.55,-22.,38.,5.55,-22.,38.,6.55,-22.,37.,6.55,          2161P   4204
-21.45,38.,5.55,-20.45,38.,6.55,-20.45,37.,6.55,-21.45,38.,5.,      2161P   4205
-20.45,38.,5.,-20.45,37.,5.,-21.45,38.,4.45,-20.45,38.,3.45,        2161P   4206
-20.45,37.,3.45,-22.,38.,4.45,-22.,38.,3.45,-22.,37.,3.45,0.,       2161P   4207
1.5707963267949,-3.14159265358979,3.14159265358979;                 2161P   4208
128,1,8,1,2,0,1,0,0,1,0.,0.,1.93548387096774,1.93548387096774,      2163P   4209
-3.14159265358979,-3.14159265358979,-3.14159265358979,              2163P   4210
-1.5707963267949,-1.5707963267949,0.,0.,1.5707963267949,            2163P   4211
1.5707963267949,3.14159265358979,3.14159265358979,                  2163P   4212
3.14159265358979,1.,1.,0.707106781186548,0.707106781186548,1.,      2163P   4213
1.,0.707106781186548,0.707106781186548,1.,1.,0.707106781186548,     2163P   4214
0.707106781186548,1.,1.,0.707106781186548,0.707106781186548,1.,     2163P   4215
1.,-20.45,37.,5.,-20.45,34.,5.,-20.45,37.,3.45,-20.45,34.,3.45,     2163P   4216
-22.,37.,3.45,-22.,34.,3.45,-23.55,37.,3.45,-23.55,34.,3.45,        2163P   4217
-23.55,37.,5.,-23.55,34.,5.,-23.55,37.,6.55,-23.55,34.,6.55,        2163P   4218
-22.,37.,6.55,-22.,34.,6.55,-20.45,37.,6.55,-20.45,34.,6.55,        2163P   4219
-20.45,37.,5.,-20.45,34.,5.,0.,1.93548387096774,                    2163P   4220
-3.14159265358979,3.14159265358979;                                 2163P   4221
128,1,1,1,1,0,0,1,0,0,-0.0559999999999999,-0.0559999999999999,      2165P   4222
0.0559999999999999,0.0559999999999999,-0.0560000000000002,          2165P   4223
-0.0560000000000002,0.0560000000000002,0.0560000000000002,1.,1.,    2165P   4224
1.,1.,-22.56,38.,4.44,-22.56,38.,5.56,-21.44,38.,4.44,-21.44,       2165P   4225
38.,5.56,-0.0559999999999999,0.0559999999999999,                    2165P   4226
-0.0560000000000002,0.0560000000000002;                             2165P   4227
128,2,8,2,2,0,1,0,0,1,0.,0.,0.,1.5707963267949,1.5707963267949,     2167P   4228
1.5707963267949,-3.14159265358979,-3.14159265358979,                2167P   4229
-3.14159265358979,-1.5707963267949,-1.5707963267949,0.,0.,          2167P   4230
1.5707963267949,1.5707963267949,3.14159265358979,                   2167P   4231
3.14159265358979,3.14159265358979,1.,0.707106781186542,1.,          2167P   4232
0.707106781186548,0.499999999999996,0.707106781186548,1.,           2167P   4233
0.707106781186542,1.,0.707106781186548,0.499999999999996,           2167P   4234
0.707106781186548,1.,0.707106781186542,1.,0.707106781186548,        2167P   4235
0.499999999999996,0.707106781186548,1.,0.707106781186542,1.,        2167P   4236
0.707106781186548,0.499999999999996,0.707106781186548,1.,           2167P   4237
0.707106781186542,1.,-22.,38.,-5.55,-22.,38.,-6.55,-22.,37.,        2167P   4238
-6.55,-22.55,38.,-5.55,-23.55,38.,-6.55,-23.55,37.,-6.55,-22.55,    2167P   4239
38.,-5.,-23.55,38.,-5.,-23.55,37.,-5.,-22.55,38.,-4.45,-23.55,      2167P   4240
38.,-3.45,-23.55,37.,-3.45,-22.,38.,-4.45,-22.,38.,-3.45,-22.,      2167P   4241
37.,-3.45,-21.45,38.,-4.45,-20.45,38.,-3.45,-20.45,37.,-3.45,       2167P   4242
-21.45,38.,-5.,-20.45,38.,-5.,-20.45,37.,-5.,-21.45,38.,-5.55,      2167P   4243
-20.45,38.,-6.55,-20.45,37.,-6.55,-22.,38.,-5.55,-22.,38.,-6.55,    2167P   4244
-22.,37.,-6.55,0.,1.5707963267949,-3.14159265358979,                2167P   4245
3.14159265358979;                                                   2167P   4246
128,1,8,1,2,0,1,0,0,1,2.86509167645202D-15,2.86509167645202D-15,    2169P   4247
1.93548387096775,1.93548387096775,-3.14159265358979,                2169P   4248
-3.14159265358979,-3.14159265358979,-1.5707963267949,               2169P   4249
-1.5707963267949,0.,0.,1.5707963267949,1.5707963267949,             2169P   4250
3.14159265358979,3.14159265358979,3.14159265358979,1.,1.,           2169P   4251
0.707106781186548,0.707106781186548,1.,1.,0.707106781186548,        2169P   4252
0.707106781186548,1.,1.,0.707106781186548,0.707106781186548,1.,     2169P   4253
1.,0.707106781186548,0.707106781186548,1.,1.,-20.45,37.,-5.,        2169P   4254
-20.45,34.,-5.,-20.45,37.,-6.55,-20.45,34.,-6.55,-22.,37.,-6.55,    2169P   4255
-22.,34.,-6.55,-23.55,37.,-6.55,-23.55,34.,-6.55,-23.55,37.,-5.,    2169P   4256
-23.55,34.,-5.,-23.55,37.,-3.45,-23.55,34.,-3.45,-22.,37.,-3.45,    2169P   4257
-22.,34.,-3.45,-20.45,37.,-3.45,-20.45,34.,-3.45,-20.45,37.,-5.,    2169P   4258
-20.45,34.,-5.,2.86509167645202D-15,1.93548387096775,               2169P   4259
-3.14159265358979,3.14159265358979;                                 2169P   4260
128,1,1,1,1,0,0,1,0,0,-0.0559999999999998,-0.0559999999999998,      2171P   4261
0.0559999999999998,0.0559999999999998,-0.0559999999999993,          2171P   4262
-0.0559999999999993,0.0560000000000002,0.0560000000000002,1.,1.,    2171P   4263
1.,1.,-22.56,38.,-5.56,-22.56,38.,-4.44,-21.44,38.,-5.56,-21.44,    2171P   4264
38.,-4.44,-0.0559999999999998,0.0559999999999998,                   2171P   4265
-0.0559999999999993,0.0560000000000002;                             2171P   4266
128,1,8,1,2,0,1,0,0,1,-0.176776695296637,-0.176776695296637,        2173P   4267
0.176776695296637,0.176776695296637,-3.14159265358979,              2173P   4268
-3.14159265358979,-3.14159265358979,-1.5707963267949,               2173P   4269
-1.5707963267949,0.,0.,1.5707963267949,1.5707963267949,             2173P   4270
3.14159265358979,3.14159265358979,3.14159265358979,1.,1.,           2173P   4271
0.707106781186548,0.707106781186548,1.,1.,0.707106781186548,        2173P   4272
0.707106781186548,1.,1.,0.707106781186548,0.707106781186548,1.,     2173P   4273
1.,0.707106781186548,0.707106781186548,1.,1.,-20.25,38.5,5.,        2173P   4274
-19.75,39.,5.,-20.25,38.5,3.25000000000001,-19.75,39.,              2173P   4275
2.75000000000001,-22.,38.5,3.25000000000001,-22.,39.,               2173P   4276
2.75000000000001,-23.75,38.5,3.25000000000001,-24.25,39.,           2173P   4277
2.75000000000001,-23.75,38.5,5.,-24.25,39.,5.,-23.75,38.5,6.75,     2173P   4278
-24.25,39.,7.25,-22.,38.5,6.75,-22.,39.,7.25,-20.25,38.5,6.75,      2173P   4279
-19.75,39.,7.25,-20.25,38.5,5.,-19.75,39.,5.,-0.176776695296637,    2173P   4280
0.176776695296637,-3.14159265358979,3.14159265358979;               2173P   4281
128,1,1,1,1,0,0,1,0,0,-1.101,-1.101,1.101,1.101,-7.851,-7.851,      2175P   4282
7.851,7.851,1.,1.,1.,1.,-78.51,39.,-11.01,-78.51,39.,11.01,         2175P   4283
78.51,39.,-11.01,78.51,39.,11.01,-1.101,1.101,-7.851,7.851;         2175P   4284
128,1,8,1,2,0,1,0,0,1,0.285714285714285,0.285714285714285,          2177P   4285
2.85714285714286,2.85714285714286,-3.14159265358979,                2177P   4286
-3.14159265358979,-3.14159265358979,-1.5707963267949,               2177P   4287
-1.5707963267949,0.,0.,1.5707963267949,1.5707963267949,             2177P   4288
3.14159265358979,3.14159265358979,3.14159265358979,1.,1.,           2177P   4289
0.707106781186548,0.707106781186548,1.,1.,0.707106781186548,        2177P   4290
0.707106781186548,1.,1.,0.707106781186548,0.707106781186548,1.,     2177P   4291
1.,0.707106781186548,0.707106781186548,1.,1.,-20.25,38.5,5.,        2177P   4292
-20.25,34.,5.,-20.25,38.5,6.75,-20.25,34.,6.75,-22.,38.5,6.75,      2177P   4293
-22.,34.,6.75,-23.75,38.5,6.75,-23.75,34.,6.75,-23.75,38.5,5.,      2177P   4294
-23.75,34.,5.,-23.75,38.5,3.25000000000001,-23.75,34.,              2177P   4295
3.25000000000001,-22.,38.5,3.25000000000001,-22.,34.,               2177P   4296
3.25000000000001,-20.25,38.5,3.25000000000001,-20.25,34.,           2177P   4297
3.25000000000001,-20.25,38.5,5.,-20.25,34.,5.,0.285714285714285,    2177P   4298
2.85714285714286,-3.14159265358979,3.14159265358979;                2177P   4299
128,1,8,1,2,0,1,0,0,1,-0.176776695296636,-0.176776695296636,        2179P   4300
0.176776695296637,0.176776695296637,-3.14159265358979,              2179P   4301
-3.14159265358979,-3.14159265358979,-1.5707963267949,               2179P   4302
-1.5707963267949,0.,0.,1.5707963267949,1.5707963267949,             2179P   4303
3.14159265358979,3.14159265358979,3.14159265358979,1.,1.,           2179P   4304
0.707106781186548,0.707106781186548,1.,1.,0.707106781186548,        2179P   4305
0.707106781186548,1.,1.,0.707106781186548,0.707106781186548,1.,     2179P   4306
1.,0.707106781186548,0.707106781186548,1.,1.,-20.25,38.5,-5.,       2179P   4307
-19.75,39.,-5.,-20.25,38.5,-6.75,-19.75,39.,-7.24999999999999,      2179P   4308
-22.,38.5,-6.75,-22.,39.,-7.24999999999999,-23.75,38.5,-6.75,       2179P   4309
-24.25,39.,-7.24999999999999,-23.75,38.5,-5.,-24.25,39.,-5.,        2179P   4310
-23.75,38.5,-3.25,-24.25,39.,-2.75,-22.,38.5,-3.25,-22.,39.,        2179P   4311
-2.75,-20.25,38.5,-3.25,-19.75,39.,-2.75,-20.25,38.5,-5.,-19.75,    2179P   4312
39.,-5.,-0.176776695296636,0.176776695296637,-3.14159265358979,     2179P   4313
3.14159265358979;                                                   2179P   4314
128,1,8,1,2,0,1,0,0,1,0.285714285714285,0.285714285714285,          2181P   4315
2.85714285714286,2.85714285714286,-3.14159265358979,                2181P   4316
-3.14159265358979,-3.14159265358979,-1.5707963267949,               2181P   4317
-1.5707963267949,0.,0.,1.5707963267949,1.5707963267949,             2181P   4318
3.14159265358979,3.14159265358979,3.14159265358979,1.,1.,           2181P   4319
0.707106781186548,0.707106781186548,1.,1.,0.707106781186548,        2181P   4320
0.707106781186548,1.,1.,0.707106781186548,0.707106781186548,1.,     2181P   4321
1.,0.707106781186548,0.707106781186548,1.,1.,-20.25,38.5,-5.,       2181P   4322
-20.25,34.,-5.,-20.25,38.5,-3.25,-20.25,34.,-3.25,-22.,38.5,        2181P   4323
-3.25,-22.,34.,-3.25,-23.75,38.5,-3.25,-23.75,34.,-3.25,-23.75,     2181P   4324
38.5,-5.,-23.75,34.,-5.,-23.75,38.5,-6.75,-23.75,34.,-6.75,-22.,    2181P   4325
38.5,-6.75,-22.,34.,-6.75,-20.25,38.5,-6.75,-20.25,34.,-6.75,       2181P   4326
-20.25,38.5,-5.,-20.25,34.,-5.,0.285714285714285,                   2181P   4327
2.85714285714286,-3.14159265358979,3.14159265358979;                2181P   4328
128,1,1,1,1,0,0,1,0,0,-0.176,-0.176,0.176,0.176,                    2183P   4329
-0.175999999999999,-0.175999999999999,0.176,0.176,1.,1.,1.,1.,      2183P   4330
-23.76,34.,-6.76,-23.76,34.,-3.24,-20.24,34.,-6.76,-20.24,34.,      2183P   4331
-3.24,-0.176,0.176,-0.175999999999999,0.176;                        2183P   4332
128,1,1,1,1,0,0,1,0,0,-0.176,-0.176,0.176,0.176,-0.176,-0.176,      2185P   4333
0.176,0.176,1.,1.,1.,1.,-23.76,34.,3.24,-23.76,34.,6.76,-20.24,     2185P   4334
34.,3.24,-20.24,34.,6.76,-0.176,0.176,-0.176,0.176;                 2185P   4335
128,1,8,1,2,0,1,0,0,1,0.,0.,0.249999999999999,0.249999999999999,    2187P   4336
-3.14159265358979,-3.14159265358979,-3.14159265358979,              2187P   4337
-1.5707963267949,-1.5707963267949,0.,0.,1.5707963267949,            2187P   4338
1.5707963267949,3.14159265358979,3.14159265358979,                  2187P   4339
3.14159265358979,1.,1.,0.707106781186548,0.707106781186548,1.,      2187P   4340
1.,0.707106781186548,0.707106781186548,1.,1.,0.707106781186548,     2187P   4341
0.707106781186548,1.,1.,0.707106781186548,0.707106781186548,1.,     2187P   4342
1.,12.25,36.5,-1.82321421716545D-15,12.25,36.,                      2187P   4343
-1.82321421716545D-15,12.25,36.5,2.,12.25,36.,2.,10.25,36.5,2.,     2187P   4344
10.25,36.,2.,8.25,36.5,2.,8.25,36.,2.,8.25,36.5,                    2187P   4345
-1.82321421716545D-15,8.25,36.,-1.82321421716545D-15,8.25,36.5,     2187P   4346
-2.,8.25,36.,-2.,10.25,36.5,-2.,10.25,36.,-2.,12.25,36.5,-2.,       2187P   4347
12.25,36.,-2.,12.25,36.5,-1.82321421716545D-15,12.25,36.,           2187P   4348
-1.82321421716545D-15,0.,0.249999999999999,-3.14159265358979,       2187P   4349
3.14159265358979;                                                   2187P   4350
128,1,1,1,1,0,0,1,0,0,-0.201,-0.201,0.201,0.201,-0.201,-0.201,      2189P   4351
0.201,0.201,1.,1.,1.,1.,8.24,36.,-2.01,8.24,36.,2.01,12.26,36.,     2189P   4352
-2.01,12.26,36.,2.01,-0.201,0.201,-0.201,0.201;                     2189P   4353
128,1,1,1,1,0,0,1,0,0,-0.00100000000000003,-0.00100000000000003,    2191P   4354
0.401,0.401,-0.001,-0.001,0.0509999999999998,0.0509999999999998,    2191P   4355
1.,1.,1.,1.,-34.75,36.51,2.00999999999999,-34.75,36.51,             2191P   4356
-2.01000000000001,-34.75,35.99,2.00999999999999,-34.75,35.99,       2191P   4357
-2.01000000000001,-0.00100000000000003,0.401,-0.001,                2191P   4358
0.0509999999999998;                                                 2191P   4359
128,1,1,1,1,0,0,1,0,0,-0.001,-0.001,0.401,0.401,-0.001,-0.001,      2193P   4360
0.0509999999999998,0.0509999999999998,1.,1.,1.,1.,-38.75,36.51,     2193P   4361
-2.01000000000001,-38.75,36.51,2.00999999999999,-38.75,35.99,       2193P   4362
-2.01000000000001,-38.75,35.99,2.00999999999999,-0.001,0.401,       2193P   4363
-0.001,0.0509999999999998;                                          2193P   4364
128,1,2,1,2,0,0,0,0,0,0.,0.,0.176776695296636,0.176776695296636,    2195P   4365
-1.57079632679489,-1.57079632679489,-1.57079632679489,              2195P   4366
6.8691545067415D-16,6.8691545067415D-16,6.8691545067415D-16,1.,     2195P   4367
1.,0.707106781186548,0.707106781186548,1.,1.,-34.75,36.5,           2195P   4368
1.99999999999998,-34.75,36.,1.99999999999998,-36.75,36.5,           2195P   4369
3.99999999999998,-36.75,36.,3.99999999999998,-38.75,36.5,           2195P   4370
1.99999999999999,-38.75,36.,1.99999999999999,0.,                    2195P   4371
0.176776695296636,-1.57079632679489,6.8691545067415D-16;            2195P   4372
128,1,2,1,2,0,0,0,0,0,0.,0.,0.176776695296636,0.176776695296636,    2197P   4373
-1.5707963267949,-1.5707963267949,-1.5707963267949,                 2197P   4374
7.85046229341888D-16,7.85046229341888D-16,7.85046229341888D-16,     2197P   4375
1.,1.,0.707106781186547,0.707106781186547,1.,1.,-38.75,36.5,        2197P   4376
-2.00000000000002,-38.75,36.,-2.00000000000002,-36.75,36.5,         2197P   4377
-4.00000000000002,-36.75,36.,-4.00000000000002,-34.75,36.5,         2197P   4378
-2.00000000000001,-34.75,36.,-2.00000000000001,0.,                  2197P   4379
0.176776695296636,-1.5707963267949,7.85046229341888D-16;            2197P   4380
128,1,1,1,1,0,0,1,0,0,-0.625835201270914,-0.625835201270914,        2199P   4381
0.176164798729086,0.176164798729086,-0.201,-0.201,0.201,0.201,      2199P   4382
1.,1.,1.,1.,-38.76,36.,-4.01000000000001,-38.76,36.,                2199P   4383
4.00999999999998,-34.74,36.,-4.01000000000001,-34.74,36.,           2199P   4384
4.00999999999998,-0.625835201270914,0.176164798729086,-0.201,       2199P   4385
0.201;                                                              2199P   4386
128,1,8,1,2,0,1,0,0,1,0.,0.,0.249999999999999,0.249999999999999,    2201P   4387
-3.14159265358979,-3.14159265358979,-3.14159265358979,              2201P   4388
-1.5707963267949,-1.5707963267949,0.,0.,1.5707963267949,            2201P   4389
1.5707963267949,3.14159265358979,3.14159265358979,                  2201P   4390
3.14159265358979,1.,1.,0.707106781186548,0.707106781186548,1.,      2201P   4391
1.,0.707106781186548,0.707106781186548,1.,1.,0.707106781186548,     2201P   4392
0.707106781186548,1.,1.,0.707106781186548,0.707106781186548,1.,     2201P   4393
1.,38.75,36.5,-1.82321421716545D-15,38.75,36.,                      2201P   4394
-1.82321421716545D-15,38.75,36.5,1.99999999999999,38.75,36.,        2201P   4395
1.99999999999999,36.75,36.5,2.,36.75,36.,2.,34.75,36.5,             2201P   4396
1.99999999999999,34.75,36.,1.99999999999999,34.75,36.5,             2201P   4397
-1.82321421716545D-15,34.75,36.,-1.82321421716545D-15,34.75,        2201P   4398
36.5,-2.,34.75,36.,-2.,36.75,36.5,-2.,36.75,36.,-2.,38.75,36.5,     2201P   4399
-2.,38.75,36.,-2.,38.75,36.5,-1.82321421716545D-15,38.75,36.,       2201P   4400
-1.82321421716545D-15,0.,0.249999999999999,-3.14159265358979,       2201P   4401
3.14159265358979;                                                   2201P   4402
128,1,1,1,1,0,0,1,0,0,-0.201,-0.201,0.201,0.201,-0.201,-0.201,      2203P   4403
0.200999999999999,0.200999999999999,1.,1.,1.,1.,34.74,36.,-2.01,    2203P   4404
34.74,36.,2.01,38.76,36.,-2.01,38.76,36.,2.01,-0.201,0.201,         2203P   4405
-0.201,0.200999999999999;                                           2203P   4406
128,1,8,1,2,0,1,0,0,1,0.,0.,0.133333333333333,0.133333333333333,    2205P   4407
-3.14159265358979,-3.14159265358979,-3.14159265358979,              2205P   4408
-1.5707963267949,-1.5707963267949,0.,0.,1.5707963267949,            2205P   4409
1.5707963267949,3.14159265358979,3.14159265358979,                  2205P   4410
3.14159265358979,1.,1.,0.707106781186548,0.707106781186548,1.,      2205P   4411
1.,0.707106781186548,0.707106781186548,1.,1.,0.707106781186548,     2205P   4412
0.707106781186548,1.,1.,0.707106781186548,0.707106781186548,1.,     2205P   4413
1.,14.,37.,-1.82321421716545D-15,14.,36.5,-1.82321421716545D-15,    2205P   4414
14.,37.,3.75,14.,36.5,3.75,10.25,37.,3.75,10.25,36.5,3.75,6.5,      2205P   4415
37.,3.75,6.5,36.5,3.75,6.5,37.,-1.82321421716545D-15,6.5,36.5,      2205P   4416
-1.82321421716545D-15,6.5,37.,-3.75,6.5,36.5,-3.75,10.25,37.,       2205P   4417
-3.75,10.25,36.5,-3.75,14.,37.,-3.75,14.,36.5,-3.75,14.,37.,        2205P   4418
-1.82321421716545D-15,14.,36.5,-1.82321421716545D-15,0.,            2205P   4419
0.133333333333333,-3.14159265358979,3.14159265358979;               2205P   4420
128,1,1,1,1,0,0,1,0,0,-0.376,-0.376,0.376,0.376,-0.376,-0.376,      2207P   4421
0.376,0.376,1.,1.,1.,1.,6.49,36.5,-3.76,6.49,36.5,3.76,14.01,       2207P   4422
36.5,-3.76,14.01,36.5,3.76,-0.376,0.376,-0.376,0.376;               2207P   4423
128,1,8,1,2,0,1,0,0,1,0.,0.,0.133333333333333,0.133333333333333,    2209P   4424
-3.14159265358979,-3.14159265358979,-3.14159265358979,              2209P   4425
-1.5707963267949,-1.5707963267949,0.,0.,1.5707963267949,            2209P   4426
1.5707963267949,3.14159265358979,3.14159265358979,                  2209P   4427
3.14159265358979,1.,1.,0.707106781186548,0.707106781186548,1.,      2209P   4428
1.,0.707106781186548,0.707106781186548,1.,1.,0.707106781186548,     2209P   4429
0.707106781186548,1.,1.,0.707106781186548,0.707106781186548,1.,     2209P   4430
1.,-33.,37.,-1.24875523011824D-14,-33.,36.5,                        2209P   4431
-1.24875523011824D-14,-33.,37.,3.74999999999999,-33.,36.5,          2209P   4432
3.74999999999999,-36.75,37.,3.74999999999999,-36.75,36.5,           2209P   4433
3.74999999999999,-40.5,37.,3.74999999999999,-40.5,36.5,             2209P   4434
3.74999999999999,-40.5,37.,-1.24875523011824D-14,-40.5,36.5,        2209P   4435
-1.24875523011824D-14,-40.5,37.,-3.75000000000002,-40.5,36.5,       2209P   4436
-3.75000000000002,-36.75,37.,-3.75000000000002,-36.75,36.5,         2209P   4437
-3.75000000000002,-33.,37.,-3.75000000000002,-33.,36.5,             2209P   4438
-3.75000000000002,-33.,37.,-1.24875523011824D-14,-33.,36.5,         2209P   4439
-1.24875523011824D-14,0.,0.133333333333333,-3.14159265358979,       2209P   4440
3.14159265358979;                                                   2209P   4441
128,1,1,1,1,0,0,1,0,0,-0.376,-0.376,0.376,0.376,                    2211P   4442
-0.376000000000002,-0.376000000000002,0.375999999999999,            2211P   4443
0.375999999999999,1.,1.,1.,1.,-40.51,36.5,-3.76000000000001,        2211P   4444
-40.51,36.5,3.75999999999999,-32.99,36.5,-3.76000000000001,         2211P   4445
-32.99,36.5,3.75999999999999,-0.376,0.376,-0.376000000000002,       2211P   4446
0.375999999999999;                                                  2211P   4447
128,1,8,1,2,0,1,0,0,1,0.,0.,0.133333333333333,0.133333333333333,    2213P   4448
-3.14159265358979,-3.14159265358979,-3.14159265358979,              2213P   4449
-1.5707963267949,-1.5707963267949,0.,0.,1.5707963267949,            2213P   4450
1.5707963267949,3.14159265358979,3.14159265358979,                  2213P   4451
3.14159265358979,1.,1.,0.707106781186548,0.707106781186548,1.,      2213P   4452
1.,0.707106781186548,0.707106781186548,1.,1.,0.707106781186548,     2213P   4453
0.707106781186548,1.,1.,0.707106781186548,0.707106781186548,1.,     2213P   4454
1.,40.5,37.,-1.82321421716545D-15,40.5,36.5,                        2213P   4455
-1.82321421716545D-15,40.5,37.,3.75,40.5,36.5,3.75,36.75,37.,       2213P   4456
3.75,36.75,36.5,3.75,33.,37.,3.75,33.,36.5,3.75,33.,37.,            2213P   4457
-1.82321421716545D-15,33.,36.5,-1.82321421716545D-15,33.,37.,       2213P   4458
-3.75,33.,36.5,-3.75,36.75,37.,-3.75,36.75,36.5,-3.75,40.5,37.,     2213P   4459
-3.75,40.5,36.5,-3.75,40.5,37.,-1.82321421716545D-15,40.5,36.5,     2213P   4460
-1.82321421716545D-15,0.,0.133333333333333,-3.14159265358979,       2213P   4461
3.14159265358979;                                                   2213P   4462
128,1,1,1,1,0,0,1,0,0,-0.376,-0.376,0.376,0.376,-0.376,-0.376,      2215P   4463
0.376,0.376,1.,1.,1.,1.,32.99,36.5,-3.76,32.99,36.5,3.76,40.51,     2215P   4464
36.5,-3.76,40.51,36.5,3.76,-0.376,0.376,-0.376,0.376;               2215P   4465
128,1,8,1,2,0,1,0,0,1,0.,0.,0.105263157894736,0.105263157894736,    2217P   4466
-3.14159265358979,-3.14159265358979,-3.14159265358979,              2217P   4467
-1.5707963267949,-1.5707963267949,0.,0.,1.5707963267949,            2217P   4468
1.5707963267949,3.14159265358979,3.14159265358979,                  2217P   4469
3.14159265358979,1.,1.,0.707106781186548,0.707106781186548,1.,      2217P   4470
1.,0.707106781186548,0.707106781186548,1.,1.,0.707106781186548,     2217P   4471
0.707106781186548,1.,1.,0.707106781186548,0.707106781186548,1.,     2217P   4472
1.,15.,37.5,-1.82321421716545D-15,15.,37.,-1.82321421716545D-15,    2217P   4473
15.,37.5,4.75,15.,37.,4.75,10.25,37.5,4.75,10.25,37.,4.75,5.5,      2217P   4474
37.5,4.75,5.5,37.,4.75,5.5,37.5,-1.82321421716545D-15,5.5,37.,      2217P   4475
-1.82321421716545D-15,5.5,37.5,-4.75,5.5,37.,-4.75,10.25,37.5,      2217P   4476
-4.75,10.25,37.,-4.75,15.,37.5,-4.75,15.,37.,-4.75,15.,37.5,        2217P   4477
-1.82321421716545D-15,15.,37.,-1.82321421716545D-15,0.,             2217P   4478
0.105263157894736,-3.14159265358979,3.14159265358979;               2217P   4479
128,1,1,1,1,0,0,1,0,0,-0.476,-0.476,0.476,0.476,-0.476,-0.476,      2219P   4480
0.476,0.476,1.,1.,1.,1.,5.49,37.,-4.76,5.49,37.,4.76,15.01,37.,     2219P   4481
-4.76,15.01,37.,4.76,-0.476,0.476,-0.476,0.476;                     2219P   4482
128,1,8,1,2,0,1,0,0,1,0.,0.,0.105263157894736,0.105263157894736,    2221P   4483
-3.14159265358979,-3.14159265358979,-3.14159265358979,              2221P   4484
-1.5707963267949,-1.5707963267949,0.,0.,1.5707963267949,            2221P   4485
1.5707963267949,3.14159265358979,3.14159265358979,                  2221P   4486
3.14159265358979,1.,1.,0.707106781186548,0.707106781186548,1.,      2221P   4487
1.,0.707106781186548,0.707106781186548,1.,1.,0.707106781186548,     2221P   4488
0.707106781186548,1.,1.,0.707106781186548,0.707106781186548,1.,     2221P   4489
1.,-32.,37.5,-1.24875523011824D-14,-32.,37.,                        2221P   4490
-1.24875523011824D-14,-32.,37.5,4.74999999999999,-32.,37.,          2221P   4491
4.74999999999999,-36.75,37.5,4.74999999999999,-36.75,37.,           2221P   4492
4.74999999999999,-41.5,37.5,4.74999999999999,-41.5,37.,             2221P   4493
4.74999999999999,-41.5,37.5,-1.24875523011824D-14,-41.5,37.,        2221P   4494
-1.24875523011824D-14,-41.5,37.5,-4.75000000000001,-41.5,37.,       2221P   4495
-4.75000000000001,-36.75,37.5,-4.75000000000001,-36.75,37.,         2221P   4496
-4.75000000000001,-32.,37.5,-4.75000000000001,-32.,37.,             2221P   4497
-4.75000000000001,-32.,37.5,-1.24875523011824D-14,-32.,37.,         2221P   4498
-1.24875523011824D-14,0.,0.105263157894736,-3.14159265358979,       2221P   4499
3.14159265358979;                                                   2221P   4500
128,1,1,1,1,0,0,1,0,0,-0.476,-0.476,0.476,0.476,-0.476,-0.476,      2223P   4501
0.476,0.476,1.,1.,1.,1.,-41.51,37.,-4.76000000000001,-41.51,37.,    2223P   4502
4.75999999999999,-31.99,37.,-4.76000000000001,-31.99,37.,           2223P   4503
4.75999999999999,-0.476,0.476,-0.476,0.476;                         2223P   4504
128,1,8,1,2,0,1,0,0,1,-1.86984930463184D-15,                        2225P   4505
-1.86984930463184D-15,0.105263157894736,0.105263157894736,          2225P   4506
-3.14159265358979,-3.14159265358979,-3.14159265358979,              2225P   4507
-1.5707963267949,-1.5707963267949,0.,0.,1.5707963267949,            2225P   4508
1.5707963267949,3.14159265358979,3.14159265358979,                  2225P   4509
3.14159265358979,1.,1.,0.707106781186548,0.707106781186548,1.,      2225P   4510
1.,0.707106781186548,0.707106781186548,1.,1.,0.707106781186548,     2225P   4511
0.707106781186548,1.,1.,0.707106781186548,0.707106781186548,1.,     2225P   4512
1.,41.5,37.5,-1.82321421716545D-15,41.5,37.,                        2225P   4513
-1.82321421716545D-15,41.5,37.5,4.75,41.5,37.,4.75,36.75,37.5,      2225P   4514
4.75,36.75,37.,4.75,32.,37.5,4.75,32.,37.,4.75,32.,37.5,            2225P   4515
-1.82321421716545D-15,32.,37.,-1.82321421716545D-15,32.,37.5,       2225P   4516
-4.75,32.,37.,-4.75,36.75,37.5,-4.75,36.75,37.,-4.75,41.5,37.5,     2225P   4517
-4.75,41.5,37.,-4.75,41.5,37.5,-1.82321421716545D-15,41.5,37.,      2225P   4518
-1.82321421716545D-15,-1.86984930463184D-15,0.105263157894736,      2225P   4519
-3.14159265358979,3.14159265358979;                                 2225P   4520
128,1,1,1,1,0,0,1,0,0,-0.476,-0.476,0.476,0.476,                    2227P   4521
-0.476000000000001,-0.476000000000001,0.476,0.476,1.,1.,1.,1.,      2227P   4522
31.99,37.,-4.76000000000001,31.99,37.,4.76,41.51,37.,               2227P   4523
-4.76000000000001,41.51,37.,4.76,-0.476,0.476,                      2227P   4524
-0.476000000000001,0.476;                                           2227P   4525
128,1,8,1,2,0,1,0,0,1,0.,0.,0.0869565217391301,                     2229P   4526
0.0869565217391301,-3.14159265358979,-3.14159265358979,             2229P   4527
-3.14159265358979,-1.5707963267949,-1.5707963267949,0.,0.,          2229P   4528
1.5707963267949,1.5707963267949,3.14159265358979,                   2229P   4529
3.14159265358979,3.14159265358979,1.,1.,0.707106781186548,          2229P   4530
0.707106781186548,1.,1.,0.707106781186548,0.707106781186548,1.,     2229P   4531
1.,0.707106781186548,0.707106781186548,1.,1.,0.707106781186548,     2229P   4532
0.707106781186548,1.,1.,42.5,38.,-1.82321421716545D-15,42.5,        2229P   4533
37.5,-1.82321421716545D-15,42.5,38.,5.75,42.5,37.5,5.75,36.75,      2229P   4534
38.,5.75,36.75,37.5,5.75,31.,38.,5.75,31.,37.5,5.75,31.,38.,        2229P   4535
-1.82321421716545D-15,31.,37.5,-1.82321421716545D-15,31.,38.,       2229P   4536
-5.75,31.,37.5,-5.75,36.75,38.,-5.75,36.75,37.5,-5.75,42.5,38.,     2229P   4537
-5.75,42.5,37.5,-5.75,42.5,38.,-1.82321421716545D-15,42.5,37.5,     2229P   4538
-1.82321421716545D-15,0.,0.0869565217391301,-3.14159265358979,      2229P   4539
3.14159265358979;                                                   2229P   4540
128,1,1,1,1,0,0,1,0,0,-0.576,-0.576,0.576,0.576,                    2231P   4541
-0.576000000000001,-0.576000000000001,0.576,0.576,1.,1.,1.,1.,      2231P   4542
30.99,37.5,-5.76000000000001,30.99,37.5,5.76,42.51,37.5,            2231P   4543
-5.76000000000001,42.51,37.5,5.76,-0.576,0.576,                     2231P   4544
-0.576000000000001,0.576;                                           2231P   4545
128,1,8,1,2,0,1,0,0,1,0.,0.,0.0869565217391301,                     2233P   4546
0.0869565217391301,-3.14159265358979,-3.14159265358979,             2233P   4547
-3.14159265358979,-1.5707963267949,-1.5707963267949,0.,0.,          2233P   4548
1.5707963267949,1.5707963267949,3.14159265358979,                   2233P   4549
3.14159265358979,3.14159265358979,1.,1.,0.707106781186548,          2233P   4550
0.707106781186548,1.,1.,0.707106781186548,0.707106781186548,1.,     2233P   4551
1.,0.707106781186548,0.707106781186548,1.,1.,0.707106781186548,     2233P   4552
0.707106781186548,1.,1.,16.,38.,-1.82321421716545D-15,16.,37.5,     2233P   4553
-1.82321421716545D-15,16.,38.,5.75,16.,37.5,5.75,10.25,38.,5.75,    2233P   4554
10.25,37.5,5.75,4.5,38.,5.75,4.5,37.5,5.75,4.5,38.,                 2233P   4555
-1.82321421716545D-15,4.5,37.5,-1.82321421716545D-15,4.5,38.,       2233P   4556
-5.75,4.5,37.5,-5.75,10.25,38.,-5.75,10.25,37.5,-5.75,16.,38.,      2233P   4557
-5.75,16.,37.5,-5.75,16.,38.,-1.82321421716545D-15,16.,37.5,        2233P   4558
-1.82321421716545D-15,0.,0.0869565217391301,-3.14159265358979,      2233P   4559
3.14159265358979;                                                   2233P   4560
128,1,1,1,1,0,0,1,0,0,-0.576,-0.576,0.576,0.576,-0.576,-0.576,      2235P   4561
0.576,0.576,1.,1.,1.,1.,4.49,37.5,-5.76,4.49,37.5,5.76,16.01,       2235P   4562
37.5,-5.76,16.01,37.5,5.76,-0.576,0.576,-0.576,0.576;               2235P   4563
128,1,8,1,2,0,1,0,0,1,0.,0.,0.0869565217391301,                     2237P   4564
0.0869565217391301,-3.14159265358979,-3.14159265358979,             2237P   4565
-3.14159265358979,-1.5707963267949,-1.5707963267949,0.,0.,          2237P   4566
1.5707963267949,1.5707963267949,3.14159265358979,                   2237P   4567
3.14159265358979,3.14159265358979,1.,1.,0.707106781186548,          2237P   4568
0.707106781186548,1.,1.,0.707106781186548,0.707106781186548,1.,     2237P   4569
1.,0.707106781186548,0.707106781186548,1.,1.,0.707106781186548,     2237P   4570
0.707106781186548,1.,1.,-31.,38.,-1.24875523011824D-14,-31.,        2237P   4571
37.5,-1.24875523011824D-14,-31.,38.,5.74999999999998,-31.,37.5,     2237P   4572
5.74999999999998,-36.75,38.,5.74999999999998,-36.75,37.5,           2237P   4573
5.74999999999998,-42.5,38.,5.74999999999998,-42.5,37.5,             2237P   4574
5.74999999999998,-42.5,38.,-1.24875523011824D-14,-42.5,37.5,        2237P   4575
-1.24875523011824D-14,-42.5,38.,-5.75000000000001,-42.5,37.5,       2237P   4576
-5.75000000000001,-36.75,38.,-5.75000000000001,-36.75,37.5,         2237P   4577
-5.75000000000001,-31.,38.,-5.75000000000001,-31.,37.5,             2237P   4578
-5.75000000000001,-31.,38.,-1.24875523011824D-14,-31.,37.5,         2237P   4579
-1.24875523011824D-14,0.,0.0869565217391301,-3.14159265358979,      2237P   4580
3.14159265358979;                                                   2237P   4581
128,1,1,1,1,0,0,1,0,0,-0.576,-0.576,0.576,0.576,-0.576,-0.576,      2239P   4582
0.576,0.576,1.,1.,1.,1.,-42.51,37.5,-5.76000000000001,-42.51,       2239P   4583
37.5,5.75999999999999,-30.99,37.5,-5.76000000000001,-30.99,37.5,    2239P   4584
5.75999999999999,-0.576,0.576,-0.576,0.576;                         2239P   4585
128,1,8,1,2,0,1,0,0,1,-0.097531969818834,-0.097531969818834,        2241P   4586
0.0975319698188343,0.0975319698188343,-3.14159265358979,            2241P   4587
-3.14159265358979,-3.14159265358979,-1.5707963267949,               2241P   4588
-1.5707963267949,0.,0.,1.5707963267949,1.5707963267949,             2241P   4589
3.14159265358979,3.14159265358979,3.14159265358979,1.,1.,           2241P   4590
0.707106781186548,0.707106781186548,1.,1.,0.707106781186548,        2241P   4591
0.707106781186548,1.,1.,0.707106781186548,0.707106781186548,1.,     2241P   4592
1.,0.707106781186548,0.707106781186548,1.,1.,-30.,38.,              2241P   4593
-1.24875523011824D-14,-29.,39.,-1.24875523011824D-14,-30.,38.,      2241P   4594
-6.75000000000001,-29.,39.,-7.75,-36.75,38.,-6.75000000000001,      2241P   4595
-36.75,39.,-7.75000000000001,-43.5,38.,-6.75000000000001,-44.5,     2241P   4596
39.,-7.75,-43.5,38.,-1.24875523011824D-14,-44.5,39.,                2241P   4597
-1.24875523011824D-14,-43.5,38.,6.74999999999998,-44.5,39.,         2241P   4598
7.74999999999998,-36.75,38.,6.74999999999999,-36.75,39.,            2241P   4599
7.74999999999998,-30.,38.,6.74999999999998,-29.,39.,                2241P   4600
7.74999999999998,-30.,38.,-1.24875523011824D-14,-29.,39.,           2241P   4601
-1.24875523011824D-14,-0.097531969818834,0.0975319698188343,        2241P   4602
-3.14159265358979,3.14159265358979;                                 2241P   4603
128,1,8,1,2,0,1,0,0,1,-0.097531969818834,-0.097531969818834,        2243P   4604
0.0975319698188343,0.0975319698188343,-3.14159265358979,            2243P   4605
-3.14159265358979,-3.14159265358979,-1.5707963267949,               2243P   4606
-1.5707963267949,0.,0.,1.5707963267949,1.5707963267949,             2243P   4607
3.14159265358979,3.14159265358979,3.14159265358979,1.,1.,           2243P   4608
0.707106781186548,0.707106781186548,1.,1.,0.707106781186548,        2243P   4609
0.707106781186548,1.,1.,0.707106781186548,0.707106781186548,1.,     2243P   4610
1.,0.707106781186548,0.707106781186548,1.,1.,17.,38.,               2243P   4611
-1.82321421716545D-15,18.,39.,-1.82321421716545D-15,17.,38.,        2243P   4612
-6.75,18.,39.,-7.75,10.25,38.,-6.75,10.25,39.,-7.75,3.5,38.,        2243P   4613
-6.75,2.5,39.,-7.75,3.5,38.,-1.82321421716545D-15,2.5,39.,          2243P   4614
-1.82321421716545D-15,3.5,38.,6.75,2.5,39.,7.75,10.25,38.,6.75,     2243P   4615
10.25,39.,7.75,17.,38.,6.75,18.,39.,7.75,17.,38.,                   2243P   4616
-1.82321421716545D-15,18.,39.,-1.82321421716545D-15,                2243P   4617
-0.097531969818834,0.0975319698188343,-3.14159265358979,            2243P   4618
3.14159265358979;                                                   2243P   4619
128,1,8,1,2,0,1,0,0,1,-0.0975319698188347,-0.0975319698188347,      2245P   4620
0.0975319698188347,0.0975319698188347,-3.14159265358979,            2245P   4621
-3.14159265358979,-3.14159265358979,-1.5707963267949,               2245P   4622
-1.5707963267949,0.,0.,1.5707963267949,1.5707963267949,             2245P   4623
3.14159265358979,3.14159265358979,3.14159265358979,1.,1.,           2245P   4624
0.707106781186548,0.707106781186548,1.,1.,0.707106781186548,        2245P   4625
0.707106781186548,1.,1.,0.707106781186548,0.707106781186548,1.,     2245P   4626
1.,0.707106781186548,0.707106781186548,1.,1.,43.5,38.,              2245P   4627
-1.82321421716545D-15,44.5,39.,-1.82321421716545D-15,43.5,38.,      2245P   4628
-6.75,44.5,39.,-7.75,36.75,38.,-6.75,36.75,39.,                     2245P   4629
-7.75000000000001,30.,38.,-6.75,29.,39.,-7.75,30.,38.,              2245P   4630
-1.82321421716545D-15,29.,39.,-1.82321421716545D-15,30.,38.,        2245P   4631
6.74999999999999,29.,39.,7.75,36.75,38.,6.75,36.75,39.,7.75,        2245P   4632
43.5,38.,6.74999999999999,44.5,39.,7.75,43.5,38.,                   2245P   4633
-1.82321421716545D-15,44.5,39.,-1.82321421716545D-15,               2245P   4634
-0.0975319698188347,0.0975319698188347,-3.14159265358979,           2245P   4635
3.14159265358979;                                                   2245P   4636
128,1,1,1,1,0,0,1,0,0,-0.676,-0.676,0.676,0.676,-0.676,-0.676,      2247P   4637
0.676,0.676,1.,1.,1.,1.,3.49,38.,-6.76,3.49,38.,6.76,17.01,38.,     2247P   4638
-6.76,17.01,38.,6.76,-0.676,0.676,-0.676,0.676;                     2247P   4639
128,1,1,1,1,0,0,1,0,0,-0.676,-0.676,0.676,0.676,                    2249P   4640
-0.675999999999999,-0.675999999999999,0.676,0.676,1.,1.,1.,1.,      2249P   4641
-43.51,38.,-6.76000000000001,-43.51,38.,6.75999999999999,-29.99,    2249P   4642
38.,-6.76000000000001,-29.99,38.,6.75999999999999,-0.676,0.676,     2249P   4643
-0.675999999999999,0.676;                                           2249P   4644
128,1,1,1,1,0,0,1,0,0,-0.676,-0.676,0.676,0.676,                    2251P   4645
-0.675999999999999,-0.675999999999999,0.676,0.676,1.,1.,1.,1.,      2251P   4646
29.99,38.,-6.76,29.99,38.,6.76,43.51,38.,-6.76,43.51,38.,6.76,      2251P   4647
-0.676,0.676,-0.675999999999999,0.676;                              2251P   4648
128,1,4,1,2,0,0,0,0,0,0.,0.,4.00000000000001,4.00000000000001,      2253P   4649
-3.14159265358979,-3.14159265358979,-3.14159265358979,              2253P   4650
-1.5707963267949,-1.5707963267949,1.80411241501588D-15,             2253P   4651
1.80411241501588D-15,1.80411241501588D-15,1.,1.,                    2253P   4652
0.707106781186547,0.707106781186547,1.,1.,0.707106781186547,        2253P   4653
0.707106781186547,1.,1.,60.7593820776594,37.,0.4724752714335,       2253P   4654
60.7593820776594,39.,0.4724752714335,60.3210864976583,37.,          2253P   4655
0.713093193774075,60.3210864976583,39.,0.713093193774075,           2253P   4656
60.5617044199989,37.,1.15138877377518,60.5617044199989,39.,         2253P   4657
1.15138877377518,60.8023223423395,37.,1.58968435377628,             2253P   4658
60.8023223423395,39.,1.58968435377628,61.2406179223406,37.,         2253P   4659
1.34906643143571,61.2406179223406,39.,1.34906643143571,0.,          2253P   4660
4.00000000000001,-3.14159265358979,1.80411241501588D-15;            2253P   4661
128,1,4,1,2,0,0,0,0,0,0.,0.,3.71063297066374,3.71063297066374,      2255P   4662
1.00412799578898,1.00412799578898,1.00412799578898,                 2255P   4663
2.07286032468939,2.07286032468939,3.1415926535898,                  2255P   4664
3.1415926535898,3.1415926535898,1.,1.,0.860591611823271,            2255P   4665
0.860591611823271,1.,1.,0.860591611823271,0.860591611823271,1.,     2255P   4666
1.,60.7593820776594,39.,0.472475271433488,60.7593820776594,37.,     2255P   4667
0.472475271433488,61.0389915994958,39.,0.318973695600233,           2255P   4668
61.0389915994958,37.,0.318973695600233,61.0389915994958,39.,        2255P   4669
-8.70831184940357D-15,61.0389915994958,37.,                         2255P   4670
-8.70831184940357D-15,61.0389915994958,39.,-0.318973695600248,      2255P   4671
61.0389915994958,37.,-0.318973695600248,60.7593820776594,39.,       2255P   4672
-0.472475271433494,60.7593820776594,37.,-0.472475271433494,0.,      2255P   4673
3.71063297066374,1.00412799578898,3.1415926535898;                  2255P   4674
128,1,4,1,2,0,0,0,0,0,0.,0.,4.,4.,-3.14159265358979,                2257P   4675
-3.14159265358979,-3.14159265358979,-1.5707963267949,               2257P   4676
-1.5707963267949,0.,0.,0.,1.,1.,0.707106781186548,                  2257P   4677
0.707106781186548,1.,1.,0.707106781186548,0.707106781186548,1.,     2257P   4678
1.,61.2406179223406,37.,-1.34906643143569,61.2406179223406,39.,     2257P   4679
-1.34906643143569,60.8023223423395,37.,-1.58968435377628,           2257P   4680
60.8023223423395,39.,-1.58968435377628,60.5617044199989,37.,        2257P   4681
-1.15138877377518,60.5617044199989,39.,-1.15138877377518,           2257P   4682
60.3210864976583,37.,-0.713093193774076,60.3210864976583,39.,       2257P   4683
-0.713093193774076,60.7593820776594,37.,-0.472475271433491,         2257P   4684
60.7593820776594,39.,-0.472475271433491,0.,4.,-3.14159265358979,    2257P   4685
0.;                                                                 2257P   4686
128,1,4,1,2,0,0,0,0,0,0.,0.,1.29955225269274,1.29955225269274,      2259P   4687
-2.13746465780081,-2.13746465780081,-2.13746465780081,              2259P   4688
-1.0687323289004,-1.0687323289004,7.21396416321486D-16,             2259P   4689
7.21396416321486D-16,7.21396416321486D-16,1.,1.,                    2259P   4690
0.860591611823272,0.860591611823272,1.,1.,0.860591611823272,        2259P   4691
0.860591611823272,1.,1.,61.2406179223406,37.,1.3490664314357,       2259P   4692
61.2406179223406,39.,1.3490664314357,62.0389915994958,37.,          2259P   4693
0.910770851434597,62.0389915994958,39.,0.910770851434597,           2259P   4694
62.0389915994958,37.,3.05311331771918D-15,62.0389915994958,39.,     2259P   4695
3.05311331771918D-15,62.0389915994958,37.,-0.91077085143459,        2259P   4696
62.0389915994958,39.,-0.91077085143459,61.2406179223406,37.,        2259P   4697
-1.34906643143569,61.2406179223406,39.,-1.34906643143569,0.,        2259P   4698
1.29955225269274,-2.13746465780081,7.21396416321486D-16;            2259P   4699
128,1,1,1,1,0,0,1,0,0,-0.159968435377627,-0.159968435377627,        2261P   4700
0.159968435377628,0.159968435377628,-0.084270444330668,             2261P   4701
-0.084270444330668,0.089520065853082,0.089520065853082,1.,1.,1.,    2261P   4702
1.,62.0489915994958,37.,1.59968435377628,62.0489915994958,37.,      2261P   4703
-1.59968435377627,60.3110864976583,37.,1.59968435377628,            2261P   4704
60.3110864976583,37.,-1.59968435377627,-0.159968435377627,          2261P   4705
0.159968435377628,-0.084270444330668,0.089520065853082;             2261P   4706
128,1,4,1,2,0,0,0,0,0,0.,0.,4.00000000000001,4.00000000000001,      2263P   4707
-3.14159265358979,-3.14159265358979,-3.14159265358979,              2263P   4708
-1.5707963267949,-1.5707963267949,1.80411241501588D-15,             2263P   4709
1.80411241501588D-15,1.80411241501588D-15,1.,1.,                    2263P   4710
0.707106781186547,0.707106781186547,1.,1.,0.707106781186547,        2263P   4711
0.707106781186547,1.,1.,-60.7593820776594,39.,0.4724752714335,      2263P   4712
-60.7593820776594,37.,0.4724752714335,-60.3210864976583,39.,        2263P   4713
0.713093193774075,-60.3210864976583,37.,0.713093193774075,          2263P   4714
-60.5617044199989,39.,1.15138877377518,-60.5617044199989,37.,       2263P   4715
1.15138877377518,-60.8023223423395,39.,1.58968435377628,            2263P   4716
-60.8023223423395,37.,1.58968435377628,-61.2406179223406,39.,       2263P   4717
1.34906643143571,-61.2406179223406,37.,1.34906643143571,0.,         2263P   4718
4.00000000000001,-3.14159265358979,1.80411241501588D-15;            2263P   4719
128,1,4,1,2,0,0,0,0,0,0.,0.,3.71063297066374,3.71063297066374,      2265P   4720
1.00412799578898,1.00412799578898,1.00412799578898,                 2265P   4721
2.07286032468939,2.07286032468939,3.1415926535898,                  2265P   4722
3.1415926535898,3.1415926535898,1.,1.,0.860591611823271,            2265P   4723
0.860591611823271,1.,1.,0.860591611823271,0.860591611823271,1.,     2265P   4724
1.,-60.7593820776594,37.,0.472475271433488,-60.7593820776594,       2265P   4725
39.,0.472475271433488,-61.0389915994958,37.,0.318973695600233,      2265P   4726
-61.0389915994958,39.,0.318973695600233,-61.0389915994958,37.,      2265P   4727
-8.70831184940357D-15,-61.0389915994958,39.,                        2265P   4728
-8.70831184940357D-15,-61.0389915994958,37.,-0.318973695600248,     2265P   4729
-61.0389915994958,39.,-0.318973695600248,-60.7593820776594,37.,     2265P   4730
-0.472475271433494,-60.7593820776594,39.,-0.472475271433494,0.,     2265P   4731
3.71063297066374,1.00412799578898,3.1415926535898;                  2265P   4732
128,1,4,1,2,0,0,0,0,0,0.,0.,4.,4.,-3.14159265358979,                2267P   4733
-3.14159265358979,-3.14159265358979,-1.5707963267949,               2267P   4734
-1.5707963267949,0.,0.,0.,1.,1.,0.707106781186548,                  2267P   4735
0.707106781186548,1.,1.,0.707106781186548,0.707106781186548,1.,     2267P   4736
1.,-61.2406179223406,39.,-1.34906643143569,-61.2406179223406,       2267P   4737
37.,-1.34906643143569,-60.8023223423395,39.,-1.58968435377628,      2267P   4738
-60.8023223423395,37.,-1.58968435377628,-60.5617044199989,39.,      2267P   4739
-1.15138877377518,-60.5617044199989,37.,-1.15138877377518,          2267P   4740
-60.3210864976583,39.,-0.713093193774076,-60.3210864976583,37.,     2267P   4741
-0.713093193774076,-60.7593820776594,39.,-0.472475271433491,        2267P   4742
-60.7593820776594,37.,-0.472475271433491,0.,4.,                     2267P   4743
-3.14159265358979,0.;                                               2267P   4744
128,1,4,1,2,0,0,0,0,0,0.,0.,1.29955225269274,1.29955225269274,      2269P   4745
-2.13746465780081,-2.13746465780081,-2.13746465780081,              2269P   4746
-1.0687323289004,-1.0687323289004,7.21396416321486D-16,             2269P   4747
7.21396416321486D-16,7.21396416321486D-16,1.,1.,                    2269P   4748
0.860591611823272,0.860591611823272,1.,1.,0.860591611823272,        2269P   4749
0.860591611823272,1.,1.,-61.2406179223406,39.,1.3490664314357,      2269P   4750
-61.2406179223406,37.,1.3490664314357,-62.0389915994958,39.,        2269P   4751
0.910770851434597,-62.0389915994958,37.,0.910770851434597,          2269P   4752
-62.0389915994958,39.,3.05311331771918D-15,-62.0389915994958,       2269P   4753
37.,3.05311331771918D-15,-62.0389915994958,39.,                     2269P   4754
-0.91077085143459,-62.0389915994958,37.,-0.91077085143459,          2269P   4755
-61.2406179223406,39.,-1.34906643143569,-61.2406179223406,37.,      2269P   4756
-1.34906643143569,0.,1.29955225269274,-2.13746465780081,            2269P   4757
7.21396416321486D-16;                                               2269P   4758
128,1,1,1,1,0,0,1,0,0,-0.159968435377627,-0.159968435377627,        2271P   4759
0.159968435377628,0.159968435377628,-0.084270444330668,             2271P   4760
-0.084270444330668,0.089520065853082,0.089520065853082,1.,1.,1.,    2271P   4761
1.,-62.0489915994958,37.,-1.59968435377627,-62.0489915994958,       2271P   4762
37.,1.59968435377628,-60.3110864976583,37.,-1.59968435377627,       2271P   4763
-60.3110864976583,37.,1.59968435377628,-0.159968435377627,          2271P   4764
0.159968435377628,-0.084270444330668,0.089520065853082;             2271P   4765
128,1,4,1,2,0,0,0,0,0,0.,0.,0.0740740740740741,                     2273P   4766
0.0740740740740741,-3.14159265358979,-3.14159265358979,             2273P   4767
-3.14159265358979,-1.5707963267949,-1.5707963267949,0.,0.,0.,1.,    2273P   4768
1.,0.707106781186548,0.707106781186548,1.,1.,0.707106781186548,     2273P   4769
0.707106781186548,1.,1.,-67.5,1.,-13.5,-67.5,0.,-13.5,-81.,1.,      2273P   4770
-13.5,-81.,0.,-13.5,-81.,1.,-1.37002589800957D-14,-81.,0.,          2273P   4771
-1.37002589800957D-14,-81.,1.,13.5,-81.,0.,13.5,-67.5,1.,13.5,      2273P   4772
-67.5,0.,13.5,0.,0.0740740740740741,-3.14159265358979,0.;           2273P   4773
128,1,1,1,1,0,0,1,0,0,-0.001,-0.001,13.501,13.501,-0.001,-0.001,    2275P   4774
0.101,0.101,1.,1.,1.,1.,67.51,-0.01,-13.5,-67.51,-0.01,-13.5,       2275P   4775
67.51,1.01,-13.5,-67.51,1.01,-13.5,-0.001,13.501,-0.001,0.101;      2275P   4776
128,1,4,1,2,0,0,0,0,0,0.,0.,0.0740740740740741,                     2277P   4777
0.0740740740740741,-3.14159265358979,-3.14159265358979,             2277P   4778
-3.14159265358979,-1.5707963267949,-1.5707963267949,0.,0.,0.,1.,    2277P   4779
1.,0.707106781186548,0.707106781186548,1.,1.,0.707106781186548,     2277P   4780
0.707106781186548,1.,1.,67.5,1.,13.5,67.5,0.,13.5,81.,1.,13.5,      2277P   4781
81.,0.,13.5,81.,1.,-1.24694223745825D-14,81.,0.,                    2277P   4782
-1.24694223745825D-14,81.,1.,-13.5,81.,0.,-13.5,67.5,1.,-13.5,      2277P   4783
67.5,0.,-13.5,0.,0.0740740740740741,-3.14159265358979,0.;           2277P   4784
128,1,1,1,1,0,0,1,0,0,-0.001,-0.001,13.501,13.501,-0.001,-0.001,    2279P   4785
0.101,0.101,1.,1.,1.,1.,-67.51,-0.01,13.5,67.51,-0.01,13.5,         2279P   4786
-67.51,1.01,13.5,67.51,1.01,13.5,-0.001,13.501,-0.001,0.101;        2279P   4787
128,1,4,1,2,0,0,0,0,0,0.,0.,0.0735294117647059,                     2281P   4788
0.0735294117647059,2.61228946970625D-15,2.61228946970625D-15,       2281P   4789
2.61228946970625D-15,1.5707963267949,1.5707963267949,               2281P   4790
3.14159265358979,3.14159265358979,3.14159265358979,1.,1.,           2281P   4791
0.707106781186548,0.707106781186548,1.,1.,0.707106781186548,        2281P   4792
0.707106781186548,1.,1.,-67.5,0.,-13.6,-67.5,1.,-13.6,-81.1,0.,     2281P   4793
-13.6,-81.1,1.,-13.6,-81.1,0.,-1.37002589800957D-14,-81.1,1.,       2281P   4794
-1.37002589800957D-14,-81.1,0.,13.6,-81.1,1.,13.6,-67.5,0.,13.6,    2281P   4795
-67.5,1.,13.6,0.,0.0735294117647059,2.61228946970625D-15,           2281P   4796
3.14159265358979;                                                   2281P   4797
128,1,1,1,1,0,0,1,0,0,-0.001,-0.001,13.501,13.501,-0.001,-0.001,    2283P   4798
0.101,0.101,1.,1.,1.,1.,-67.51,-0.01,-13.6,67.51,-0.01,-13.6,       2283P   4799
-67.51,1.01,-13.6,67.51,1.01,-13.6,-0.001,13.501,-0.001,0.101;      2283P   4800
128,1,4,1,2,0,0,0,0,0,0.,0.,0.0735294117647059,                     2285P   4801
0.0735294117647059,0.,0.,0.,1.5707963267949,1.5707963267949,        2285P   4802
3.14159265358979,3.14159265358979,3.14159265358979,1.,1.,           2285P   4803
0.707106781186548,0.707106781186548,1.,1.,0.707106781186548,        2285P   4804
0.707106781186548,1.,1.,67.5,0.,13.6,67.5,1.,13.6,81.1,0.,13.6,     2285P   4805
81.1,1.,13.6,81.1,0.,-1.24694223745825D-14,81.1,1.,                 2285P   4806
-1.24694223745825D-14,81.1,0.,-13.6,81.1,1.,-13.6,67.5,0.,-13.6,    2285P   4807
67.5,1.,-13.6,0.,0.0735294117647059,0.,3.14159265358979;            2285P   4808
128,1,1,1,1,0,0,1,0,0,-0.001,-0.001,13.501,13.501,-0.001,-0.001,    2287P   4809
0.101,0.101,1.,1.,1.,1.,67.51,-0.01,13.6,-67.51,-0.01,13.6,         2287P   4810
67.51,1.01,13.6,-67.51,1.01,13.6,-0.001,13.501,-0.001,0.101;        2287P   4811
128,1,1,1,1,0,0,1,0,0,-1.361,-1.361,1.361,1.361,-8.111,-8.111,      2289P   4812
8.111,8.111,1.,1.,1.,1.,-81.11,1.,13.61,-81.11,1.,-13.61,81.11,     2289P   4813
1.,13.61,81.11,1.,-13.61,-1.361,1.361,-8.111,8.111;                 2289P   4814
128,2,4,2,2,0,0,0,0,0,-2.61799387799149,-2.61799387799149,          2291P   4815
-2.61799387799149,-1.57079632679489,-1.57079632679489,              2291P   4816
-1.57079632679489,0.,0.,0.,1.5707963267949,1.5707963267949,         2291P   4817
3.14159265358979,3.14159265358979,3.14159265358979,1.,              2291P   4818
0.866025403784435,1.,0.707106781186548,0.612372435695792,           2291P   4819
0.707106781186548,1.,0.866025403784435,1.,0.707106781186548,        2291P   4820
0.612372435695792,0.707106781186548,1.,0.866025403784435,1.,        2291P   4821
67.5,0.,12.7320508075689,67.5,-4.15050462396007D-15,                2291P   4822
12.1547005383792,67.5,0.499999999999999,11.8660254037844,           2291P   4823
80.2320508075689,0.,12.7320508075689,79.6547005383792,              2291P   4824
-4.15050462396007D-15,12.1547005383792,79.3660254037844,            2291P   4825
0.499999999999999,11.8660254037844,80.2320508075689,0.,             2291P   4826
-1.24694223745825D-14,79.6547005383792,-4.16333634234434D-15,       2291P   4827
-1.24694223745825D-14,79.3660254037844,0.499999999999999,           2291P   4828
-1.24694223745825D-14,80.2320508075689,0.,-12.7320508075689,        2291P   4829
79.6547005383792,-4.17616806072861D-15,-12.1547005383793,           2291P   4830
79.3660254037844,0.499999999999999,-11.8660254037844,67.5,0.,       2291P   4831
-12.7320508075689,67.5,-4.17616806072861D-15,-12.1547005383793,     2291P   4832
67.5,0.499999999999999,-11.8660254037844,-2.61799387799149,         2291P   4833
-1.57079632679489,0.,3.14159265358979;                              2291P   4834
128,1,2,1,2,0,0,0,0,0,-33.75,-33.75,101.25,101.25,                  2293P   4835
-0.523598775598299,-0.523598775598299,-0.523598775598299,           2293P   4836
0.523598775598299,0.523598775598299,0.523598775598299,1.,1.,        2293P   4837
0.866025403784438,0.866025403784438,1.,1.,-67.5,                    2293P   4838
-2.77555756156289D-16,-12.7320508075689,67.5,                       2293P   4839
-2.77555756156289D-16,-12.7320508075689,-67.5,                      2293P   4840
-4.16333634234434D-16,-12.1547005383793,67.5,                       2293P   4841
-4.16333634234434D-16,-12.1547005383793,-67.5,0.500000000000001,    2293P   4842
-11.8660254037844,67.5,0.500000000000001,-11.8660254037844,         2293P   4843
-33.75,101.25,-0.523598775598299,0.523598775598299;                 2293P   4844
128,2,4,2,2,0,0,0,0,0,-2.61799387799149,-2.61799387799149,          2295P   4845
-2.61799387799149,-1.57079632679489,-1.57079632679489,              2295P   4846
-1.57079632679489,-3.14159265358979,-3.14159265358979,              2295P   4847
-3.14159265358979,-1.5707963267949,-1.5707963267949,                2295P   4848
-1.39518516399907D-15,-1.39518516399907D-15,                        2295P   4849
-1.39518516399907D-15,1.,0.866025403784436,1.,0.707106781186548,    2295P   4850
0.612372435695793,0.707106781186548,1.,0.866025403784436,1.,        2295P   4851
0.707106781186548,0.612372435695793,0.707106781186548,1.,           2295P   4852
0.866025403784436,1.,-67.5,0.,-12.7320508075689,-67.5,              2295P   4853
-5.08585126132729D-15,-12.1547005383792,-67.5,0.499999999999999,    2295P   4854
-11.8660254037844,-80.2320508075689,0.,-12.7320508075689,           2295P   4855
-79.6547005383792,-5.08585126132729D-15,-12.1547005383792,          2295P   4856
-79.3660254037844,0.499999999999999,-11.8660254037844,              2295P   4857
-80.2320508075689,0.,4.0633094139068D-15,-79.6547005383792,         2295P   4858
-5.13478148889135D-15,4.0633094139068D-15,-79.3660254037844,        2295P   4859
0.499999999999999,4.0633094139068D-15,-80.2320508075689,0.,         2295P   4860
12.7320508075689,-79.6547005383792,-5.1837117164554D-15,            2295P   4861
12.1547005383792,-79.3660254037844,0.499999999999999,               2295P   4862
11.8660254037844,-67.5,0.,12.7320508075689,-67.5,                   2295P   4863
-5.1837117164554D-15,12.1547005383793,-67.5,0.499999999999999,      2295P   4864
11.8660254037844,-2.61799387799149,-1.57079632679489,               2295P   4865
-3.14159265358979,-1.39518516399907D-15;                            2295P   4866
128,1,2,1,2,0,0,0,0,0,-33.75,-33.75,101.25,101.25,                  2297P   4867
-0.5235987755983,-0.5235987755983,-0.5235987755983,                 2297P   4868
0.523598775598303,0.523598775598303,0.523598775598303,1.,1.,        2297P   4869
0.866025403784437,0.866025403784437,1.,1.,67.5,                     2297P   4870
-2.77555756156289D-16,12.7320508075689,-67.5,                       2297P   4871
-2.77555756156289D-16,12.7320508075689,67.5,                        2297P   4872
-1.66533453693773D-15,12.1547005383792,-67.5,                       2297P   4873
-1.66533453693773D-15,12.1547005383793,67.5,0.500000000000004,      2297P   4874
11.8660254037844,-67.5,0.500000000000004,11.8660254037844,          2297P   4875
-33.75,101.25,-0.5235987755983,0.523598775598303;                   2297P   4876
128,1,2,1,2,0,0,0,0,0,-33.75,-33.75,101.25,101.25,                  2299P   4877
-0.785398163397452,-0.785398163397452,-0.785398163397452,           2299P   4878
0.261799387799152,0.261799387799152,0.261799387799152,1.,1.,        2299P   4879
0.866025403784437,0.866025403784437,1.,1.,67.5,1.,-11.,-67.5,1.,    2299P   4880
-11.,67.5,1.,-11.5773502691896,-67.5,1.,-11.5773502691896,67.5,     2299P   4881
0.499999999999998,-11.8660254037845,-67.5,0.499999999999998,        2299P   4882
-11.8660254037844,-33.75,101.25,-0.785398163397452,                 2299P   4883
0.261799387799152;                                                  2299P   4884
128,2,4,2,2,0,0,0,0,0,0.523598775598296,0.523598775598296,          2301P   4885
0.523598775598296,1.5707963267949,1.5707963267949,                  2301P   4886
1.5707963267949,0.,0.,0.,1.5707963267949,1.5707963267949,           2301P   4887
3.14159265358979,3.14159265358979,3.14159265358979,1.,              2301P   4888
0.866025403784436,1.,0.707106781186548,0.612372435695793,           2301P   4889
0.707106781186548,1.,0.866025403784436,1.,0.707106781186548,        2301P   4890
0.612372435695793,0.707106781186548,1.,0.866025403784436,1.,        2301P   4891
67.5,0.499999999999997,11.8660254037844,67.5,1.,                    2301P   4892
11.5773502691896,67.5,1.,11.,79.3660254037844,0.499999999999997,    2301P   4893
11.8660254037844,79.0773502691896,1.,11.5773502691896,78.5,1.,      2301P   4894
11.,79.3660254037844,0.499999999999997,-1.24694223745825D-14,       2301P   4895
79.0773502691896,1.,-1.24694223745825D-14,78.5,1.,                  2301P   4896
-1.24694223745825D-14,79.3660254037844,0.499999999999997,           2301P   4897
-11.8660254037844,79.0773502691896,1.,-11.5773502691896,78.5,1.,    2301P   4898
-11.,67.5,0.499999999999997,-11.8660254037845,67.5,1.,              2301P   4899
-11.5773502691896,67.5,1.,-11.,0.523598775598296,                   2301P   4900
1.5707963267949,0.,3.14159265358979;                                2301P   4901
128,1,1,1,1,0,0,1,0,0,-1.351,-1.351,1.351,1.351,-8.101,-8.101,      2303P   4902
8.101,8.101,1.,1.,1.,1.,-81.01,0.,13.51,-81.01,0.,-13.51,81.01,     2303P   4903
0.,13.51,81.01,0.,-13.51,-1.351,1.351,-8.101,8.101;                 2303P   4904
128,2,4,2,2,0,0,0,0,0,0.523598775598295,0.523598775598295,          2305P   4905
0.523598775598295,1.5707963267949,1.5707963267949,                  2305P   4906
1.5707963267949,-3.14159265358979,-3.14159265358979,                2305P   4907
-3.14159265358979,-1.5707963267949,-1.5707963267949,                2305P   4908
-1.49701081782087D-15,-1.49701081782087D-15,                        2305P   4909
-1.49701081782087D-15,1.,0.866025403784441,1.,0.707106781186548,    2305P   4910
0.612372435695796,0.707106781186548,1.,0.866025403784441,1.,        2305P   4911
0.707106781186548,0.612372435695796,0.707106781186548,1.,           2305P   4912
0.866025403784441,1.,-67.5,0.499999999999997,-11.8660254037844,     2305P   4913
-67.5,1.,-11.5773502691896,-67.5,1.,-11.,-79.3660254037844,         2305P   4914
0.499999999999997,-11.8660254037844,-79.0773502691896,1.,           2305P   4915
-11.5773502691896,-78.5,1.,-11.,-79.3660254037844,                  2305P   4916
0.499999999999997,4.0633094139068D-15,-79.0773502691896,1.,         2305P   4917
4.0633094139068D-15,-78.5,1.,4.0633094139068D-15,                   2305P   4918
-79.3660254037844,0.499999999999997,11.8660254037844,               2305P   4919
-79.0773502691896,1.,11.5773502691896,-78.5,1.,11.,-67.5,           2305P   4920
0.499999999999997,11.8660254037844,-67.5,1.,11.5773502691896,       2305P   4921
-67.5,1.,11.,0.523598775598295,1.5707963267949,                     2305P   4922
-3.14159265358979,-1.49701081782087D-15;                            2305P   4923
128,1,2,1,2,0,0,0,0,0,-33.75,-33.75,101.25,101.25,                  2307P   4924
-0.785398163397459,-0.785398163397459,-0.785398163397459,           2307P   4925
0.261799387799155,0.261799387799155,0.261799387799155,1.,1.,        2307P   4926
0.866025403784434,0.866025403784434,1.,1.,-67.5,1.,11.,67.5,1.,     2307P   4927
11.,-67.5,1.00000000000001,11.5773502691896,67.5,                   2307P   4928
1.00000000000001,11.5773502691896,-67.5,0.499999999999994,          2307P   4929
11.8660254037845,67.5,0.499999999999994,11.8660254037844,-33.75,    2307P   4930
101.25,-0.785398163397459,0.261799387799155;                        2307P   4931
128,1,1,1,1,0,0,1,0,0,-0.328500000000001,-0.328500000000001,        2309P   4932
0.328499999999999,0.328499999999999,6.9215,6.9215,7.5785,7.5785,    2309P   4933
1.,1.,1.,1.,69.215,1.,3.28499999999998,69.215,1.,                   2309P   4934
-3.28500000000001,75.785,1.,3.28499999999998,75.785,1.,             2309P   4935
-3.28500000000001,-0.328500000000001,0.328499999999999,6.9215,      2309P   4936
7.5785;                                                             2309P   4937
128,1,1,1,1,0,0,1,0,0,-0.001,-0.001,13.501,13.501,-0.001,-0.001,    2311P   4938
0.101,0.101,1.,1.,1.,1.,67.51,40.01,12.7320508075689,-67.51,        2311P   4939
40.01,12.7320508075689,67.51,38.99,12.7320508075689,-67.51,         2311P   4940
38.99,12.7320508075689,-0.001,13.501,-0.001,0.101;                  2311P   4941
128,1,4,1,2,0,0,0,0,0,0.,0.,0.0785419423087384,                     2313P   4942
0.0785419423087384,0.,0.,0.,1.5707963267949,1.5707963267949,        2313P   4943
3.14159265358979,3.14159265358979,3.14159265358979,1.,1.,           2313P   4944
0.707106781186548,0.707106781186548,1.,1.,0.707106781186548,        2313P   4945
0.707106781186548,1.,1.,67.5,39.,-12.7320508075689,67.5,40.,        2313P   4946
-12.7320508075689,80.2320508075689,39.,-12.7320508075689,           2313P   4947
80.2320508075689,40.,-12.7320508075689,80.2320508075689,39.,        2313P   4948
-1.24694223745825D-14,80.2320508075689,40.,                         2313P   4949
-1.24694223745825D-14,80.2320508075689,39.,12.7320508075689,        2313P   4950
80.2320508075689,40.,12.7320508075689,67.5,39.,12.7320508075689,    2313P   4951
67.5,40.,12.7320508075689,0.,0.0785419423087384,0.,                 2313P   4952
3.14159265358979;                                                   2313P   4953
128,1,1,1,1,0,0,1,0,0,-0.001,-0.001,13.501,13.501,-0.001,-0.001,    2315P   4954
0.101,0.101,1.,1.,1.,1.,-67.51,40.01,-12.7320508075689,67.51,       2315P   4955
40.01,-12.7320508075689,-67.51,38.99,-12.7320508075689,67.51,       2315P   4956
38.99,-12.7320508075689,-0.001,13.501,-0.001,0.101;                 2315P   4957
128,1,4,1,2,0,0,0,0,0,0.,0.,0.0785419423087384,                     2317P   4958
0.0785419423087384,2.79037032799815D-15,2.79037032799815D-15,       2317P   4959
2.79037032799815D-15,1.5707963267949,1.5707963267949,               2317P   4960
3.14159265358979,3.14159265358979,3.14159265358979,1.,1.,           2317P   4961
0.707106781186548,0.707106781186548,1.,1.,0.707106781186548,        2317P   4962
0.707106781186548,1.,1.,-67.5,39.,12.7320508075689,-67.5,40.,       2317P   4963
12.7320508075689,-80.2320508075688,39.,12.7320508075689,            2317P   4964
-80.2320508075688,40.,12.7320508075689,-80.2320508075688,39.,       2317P   4965
2.18268778079093D-14,-80.2320508075688,40.,2.18268778079093D-14,    2317P   4966
-80.2320508075689,39.,-12.7320508075688,-80.2320508075689,40.,      2317P   4967
-12.7320508075688,-67.5,39.,-12.7320508075689,-67.5,40.,            2317P   4968
-12.7320508075689,0.,0.0785419423087384,2.79037032799815D-15,       2317P   4969
3.14159265358979;                                                   2317P   4970
128,1,4,1,2,0,0,0,0,0,0.,0.,0.0740740740740741,                     2319P   4971
0.0740740740740741,0.,0.,0.,1.5707963267949,1.5707963267949,        2319P   4972
3.14159265358979,3.14159265358979,3.14159265358979,1.,1.,           2319P   4973
0.707106781186548,0.707106781186548,1.,1.,0.707106781186548,        2319P   4974
0.707106781186548,1.,1.,67.5,40.,-13.5,67.5,39.,-13.5,81.,40.,      2319P   4975
-13.5,81.,39.,-13.5,81.,40.,-1.24694223745825D-14,81.,39.,          2319P   4976
-1.24694223745825D-14,81.,40.,13.5,81.,39.,13.5,67.5,40.,13.5,      2319P   4977
67.5,39.,13.5,0.,0.0740740740740741,0.,3.14159265358979;            2319P   4978
128,1,1,1,1,0,0,1,0,0,-0.001,-0.001,13.501,13.501,-0.001,-0.001,    2321P   4979
0.101,0.101,1.,1.,1.,1.,67.51,40.01,-13.5,-67.51,40.01,-13.5,       2321P   4980
67.51,38.99,-13.5,-67.51,38.99,-13.5,-0.001,13.501,-0.001,0.101;    2321P   4981
128,1,4,1,2,0,0,0,0,0,0.,0.,0.0740740740740741,                     2323P   4982
0.0740740740740741,2.63163976207444D-15,2.63163976207444D-15,       2323P   4983
2.63163976207444D-15,1.5707963267949,1.5707963267949,               2323P   4984
3.14159265358979,3.14159265358979,3.14159265358979,1.,1.,           2323P   4985
0.707106781186548,0.707106781186548,1.,1.,0.707106781186548,        2323P   4986
0.707106781186548,1.,1.,-67.5,40.,13.5,-67.5,39.,13.5,-81.,40.,     2323P   4987
13.5,-81.,39.,13.5,-81.,40.,2.18268778079093D-14,-81.,39.,          2323P   4988
2.18268778079093D-14,-81.,40.,-13.5,-81.,39.,-13.5,-67.5,40.,       2323P   4989
-13.5,-67.5,39.,-13.5,0.,0.0740740740740741,                        2323P   4990
2.63163976207444D-15,3.14159265358979;                              2323P   4991
128,1,1,1,1,0,0,1,0,0,-0.001,-0.001,13.501,13.501,-0.001,-0.001,    2325P   4992
0.101,0.101,1.,1.,1.,1.,-67.51,40.01,13.5,67.51,40.01,13.5,         2325P   4993
-67.51,38.99,13.5,67.51,38.99,13.5,-0.001,13.501,-0.001,0.101;      2325P   4994
128,1,1,1,1,0,0,1,0,0,-1.351,-1.351,1.351,1.351,-8.101,-8.101,      2327P   4995
8.101,8.101,1.,1.,1.,1.,-81.01,39.,-13.51,-81.01,39.,13.51,         2327P   4996
81.01,39.,-13.51,81.01,39.,13.51,-1.351,1.351,-8.101,8.101;         2327P   4997
128,2,4,2,2,0,0,0,0,0,-2.6179938779915,-2.6179938779915,            2329P   4998
-2.6179938779915,-1.5707963267949,-1.5707963267949,                 2329P   4999
-1.5707963267949,-3.14159265358979,-3.14159265358979,               2329P   5000
-3.14159265358979,-1.5707963267949,-1.5707963267949,                2329P   5001
-1.39518516399907D-15,-1.39518516399907D-15,                        2329P   5002
-1.39518516399907D-15,1.,0.866025403784439,1.,0.707106781186548,    2329P   5003
0.612372435695796,0.707106781186548,1.,0.866025403784439,1.,        2329P   5004
0.707106781186548,0.612372435695796,0.707106781186548,1.,           2329P   5005
0.866025403784439,1.,-67.5,40.,12.7320508075689,-67.5,40.,          2329P   5006
12.1547005383792,-67.5,39.5,11.8660254037844,-80.2320508075688,     2329P   5007
40.,12.7320508075689,-79.6547005383792,40.,12.1547005383792,        2329P   5008
-79.3660254037844,39.5,11.8660254037844,-80.2320508075688,40.,      2329P   5009
4.0633094139068D-15,-79.6547005383792,40.,4.0633094139068D-15,      2329P   5010
-79.3660254037844,39.5,4.0633094139068D-15,-80.2320508075688,       2329P   5011
40.,-12.7320508075689,-79.6547005383792,40.,-12.1547005383792,      2329P   5012
-79.3660254037844,39.5,-11.8660254037844,-67.5,40.,                 2329P   5013
-12.7320508075689,-67.5,40.,-12.1547005383792,-67.5,39.5,           2329P   5014
-11.8660254037844,-2.6179938779915,-1.5707963267949,                2329P   5015
-3.14159265358979,-1.39518516399907D-15;                            2329P   5016
128,1,2,1,2,0,0,0,0,0,-33.75,-33.75,101.25,101.25,                  2331P   5017
-0.523598775598299,-0.523598775598299,-0.523598775598299,           2331P   5018
0.523598775598306,0.523598775598306,0.523598775598306,1.,1.,        2331P   5019
0.866025403784437,0.866025403784437,1.,1.,67.5,40.,                 2331P   5020
-12.7320508075689,-67.5,40.,-12.7320508075689,67.5,40.,             2331P   5021
-12.1547005383793,-67.5,40.,-12.1547005383793,67.5,39.5,            2331P   5022
-11.8660254037844,-67.5,39.5,-11.8660254037844,-33.75,101.25,       2331P   5023
-0.523598775598299,0.523598775598306;                               2331P   5024
128,2,4,2,2,0,0,0,0,0,-2.61799387799149,-2.61799387799149,          2333P   5025
-2.61799387799149,-1.57079632679489,-1.57079632679489,              2333P   5026
-1.57079632679489,0.,0.,0.,1.5707963267949,1.5707963267949,         2333P   5027
3.14159265358979,3.14159265358979,3.14159265358979,1.,              2333P   5028
0.866025403784411,1.,0.707106781186548,0.612372435695775,           2333P   5029
0.707106781186548,1.,0.866025403784411,1.,0.707106781186548,        2333P   5030
0.612372435695775,0.707106781186548,1.,0.866025403784411,1.,        2333P   5031
67.5,40.,-12.7320508075689,67.5,40.,-12.1547005383793,67.5,39.5,    2333P   5032
-11.8660254037844,80.2320508075689,40.,-12.7320508075689,           2333P   5033
79.6547005383792,40.,-12.1547005383793,79.3660254037844,39.5,       2333P   5034
-11.8660254037844,80.2320508075689,40.,-1.24694223745825D-14,       2333P   5035
79.6547005383792,40.,-1.24694223745825D-14,79.3660254037844,        2333P   5036
39.5,-1.24694223745825D-14,80.2320508075689,40.,                    2333P   5037
12.7320508075689,79.6547005383792,40.,12.1547005383792,             2333P   5038
79.3660254037844,39.5,11.8660254037844,67.5,40.,                    2333P   5039
12.7320508075689,67.5,40.,12.1547005383792,67.5,39.5,               2333P   5040
11.8660254037844,-2.61799387799149,-1.57079632679489,0.,            2333P   5041
3.14159265358979;                                                   2333P   5042
128,1,2,1,2,0,0,0,0,0,-33.75,-33.75,101.25,101.25,                  2335P   5043
-0.523598775598303,-0.523598775598303,-0.523598775598303,           2335P   5044
0.523598775598308,0.523598775598308,0.523598775598308,1.,1.,        2335P   5045
0.866025403784435,0.866025403784435,1.,1.,-67.5,40.,                2335P   5046
12.7320508075689,67.5,40.,12.7320508075689,-67.5,40.,               2335P   5047
12.1547005383793,67.5,40.,12.1547005383792,-67.5,39.5,              2335P   5048
11.8660254037844,67.5,39.5,11.8660254037844,-33.75,101.25,          2335P   5049
-0.523598775598303,0.523598775598308;                               2335P   5050
128,1,2,1,2,0,0,0,0,0,-33.75,-33.75,101.25,101.25,                  2337P   5051
-0.785398163397461,-0.785398163397461,-0.785398163397461,           2337P   5052
0.261799387799149,0.261799387799149,0.261799387799149,1.,1.,        2337P   5053
0.866025403784436,0.866025403784436,1.,1.,-67.5,39.,-11.,67.5,      2337P   5054
39.,-11.,-67.5,39.,-11.5773502691896,67.5,39.,-11.5773502691896,    2337P   5055
-67.5,39.5,-11.8660254037844,67.5,39.5,-11.8660254037844,-33.75,    2337P   5056
101.25,-0.785398163397461,0.261799387799149;                        2337P   5057
128,2,4,2,2,0,0,0,0,0,0.523598775598296,0.523598775598296,          2339P   5058
0.523598775598296,1.5707963267949,1.5707963267949,                  2339P   5059
1.5707963267949,-3.14159265358979,-3.14159265358979,                2339P   5060
-3.14159265358979,-1.5707963267949,-1.5707963267949,                2339P   5061
-1.49701081782087D-15,-1.49701081782087D-15,                        2339P   5062
-1.49701081782087D-15,1.,0.866025403784433,1.,0.707106781186548,    2339P   5063
0.612372435695791,0.707106781186548,1.,0.866025403784433,1.,        2339P   5064
0.707106781186548,0.612372435695791,0.707106781186548,1.,           2339P   5065
0.866025403784433,1.,-67.5,39.5,11.8660254037844,-67.5,39.,         2339P   5066
11.5773502691896,-67.5,39.,11.,-79.3660254037844,39.5,              2339P   5067
11.8660254037844,-79.0773502691896,39.,11.5773502691896,-78.5,      2339P   5068
39.,11.,-79.3660254037844,39.5,4.0633094139068D-15,                 2339P   5069
-79.0773502691896,39.,4.0633094139068D-15,-78.5,39.,                2339P   5070
4.0633094139068D-15,-79.3660254037844,39.5,-11.8660254037844,       2339P   5071
-79.0773502691896,39.,-11.5773502691896,-78.5,39.,-11.,-67.5,       2339P   5072
39.5,-11.8660254037844,-67.5,39.,-11.5773502691896,-67.5,39.,       2339P   5073
-11.,0.523598775598296,1.5707963267949,-3.14159265358979,           2339P   5074
-1.49701081782087D-15;                                              2339P   5075
128,2,4,2,2,0,0,0,0,0,0.523598775598295,0.523598775598295,          2341P   5076
0.523598775598295,1.5707963267949,1.5707963267949,                  2341P   5077
1.5707963267949,0.,0.,0.,1.5707963267949,1.5707963267949,           2341P   5078
3.14159265358979,3.14159265358979,3.14159265358979,1.,              2341P   5079
0.866025403784433,1.,0.707106781186548,0.612372435695791,           2341P   5080
0.707106781186548,1.,0.866025403784433,1.,0.707106781186548,        2341P   5081
0.612372435695791,0.707106781186548,1.,0.866025403784433,1.,        2341P   5082
67.5,39.5,-11.8660254037844,67.5,39.,-11.5773502691896,67.5,39.,    2341P   5083
-11.,79.3660254037844,39.5,-11.8660254037844,79.0773502691896,      2341P   5084
39.,-11.5773502691896,78.5,39.,-11.,79.3660254037844,39.5,          2341P   5085
-1.24694223745825D-14,79.0773502691896,39.,                         2341P   5086
-1.24694223745825D-14,78.5,39.,-1.24694223745825D-14,               2341P   5087
79.3660254037844,39.5,11.8660254037844,79.0773502691896,39.,        2341P   5088
11.5773502691896,78.5,39.,11.,67.5,39.5,11.8660254037844,67.5,      2341P   5089
39.,11.5773502691896,67.5,39.,11.,0.523598775598295,                2341P   5090
1.5707963267949,0.,3.14159265358979;                                2341P   5091
128,1,2,1,2,0,0,0,0,0,-33.75,-33.75,101.25,101.25,                  2343P   5092
-0.785398163397454,-0.785398163397454,-0.785398163397454,           2343P   5093
0.261799387799151,0.261799387799151,0.261799387799151,1.,1.,        2343P   5094
0.866025403784437,0.866025403784437,1.,1.,67.5,39.,11.,-67.5,       2343P   5095
39.,11.,67.5,39.,11.5773502691896,-67.5,39.,11.5773502691896,       2343P   5096
67.5,39.5,11.8660254037844,-67.5,39.5,11.8660254037844,-33.75,      2343P   5097
101.25,-0.785398163397454,0.261799387799151;                        2343P   5098
128,1,1,1,1,0,0,1,0,0,-0.001,-0.001,13.501,13.501,-0.001,-0.001,    2345P   5099
4.001,4.001,1.,1.,1.,1.,67.51,-0.01,-15.,-67.51,-0.01,-15.,         2345P   5100
67.51,40.01,-15.,-67.51,40.01,-15.,-0.001,13.501,-0.001,4.001;      2345P   5101
128,1,1,1,1,0,0,1,0,0,-0.001,-0.001,13.501,13.501,-0.001,-0.001,    2347P   5102
4.001,4.001,1.,1.,1.,1.,-67.51,-0.01,15.,67.51,-0.01,15.,-67.51,    2347P   5103
40.01,15.,67.51,40.01,15.,-0.001,13.501,-0.001,4.001;               2347P   5104
128,1,8,1,2,0,1,0,0,1,-5.9211894646675D-15,-5.9211894646675D-15,    2349P   5105
0.666666666666667,0.666666666666667,-3.14159265358979,              2349P   5106
-3.14159265358979,-3.14159265358979,-1.5707963267949,               2349P   5107
-1.5707963267949,0.,0.,1.5707963267949,1.5707963267949,             2349P   5108
3.14159265358979,3.14159265358979,3.14159265358979,1.,1.,           2349P   5109
0.707106781186548,0.707106781186548,1.,1.,0.707106781186548,        2349P   5110
0.707106781186548,1.,1.,0.707106781186548,0.707106781186548,1.,     2349P   5111
1.,0.707106781186548,0.707106781186548,1.,1.,-12.5,16.,             2349P   5112
-21.7685786509845,-11.5,16.,-21.7685786509845,-12.5,17.5,           2349P   5113
-21.7685786509845,-11.5,17.5,-21.7685786509845,-12.5,17.5,          2349P   5114
-23.2685786509845,-11.5,17.5,-23.2685786509845,-12.5,17.5,          2349P   5115
-24.7685786509845,-11.5,17.5,-24.7685786509845,-12.5,16.,           2349P   5116
-24.7685786509845,-11.5,16.,-24.7685786509845,-12.5,14.5,           2349P   5117
-24.7685786509845,-11.5,14.5,-24.7685786509845,-12.5,14.5,          2349P   5118
-23.2685786509845,-11.5,14.5,-23.2685786509845,-12.5,14.5,          2349P   5119
-21.7685786509845,-11.5,14.5,-21.7685786509845,-12.5,16.,           2349P   5120
-21.7685786509845,-11.5,16.,-21.7685786509845,                      2349P   5121
-5.9211894646675D-15,0.666666666666667,-3.14159265358979,           2349P   5122
3.14159265358979;                                                   2349P   5123
128,1,1,1,1,0,0,1,0,0,-0.151,-0.151,0.151,0.151,-0.151,-0.151,      2351P   5124
0.151,0.151,1.,1.,1.,1.,-11.5,14.49,-21.7585786509845,-11.5,        2351P   5125
14.49,-24.7785786509845,-11.5,17.51,-21.7585786509845,-11.5,        2351P   5126
17.51,-24.7785786509845,-0.151,0.151,-0.151,0.151;                  2351P   5127
128,1,8,1,2,0,1,0,0,1,0.,0.,0.666666666666667,0.666666666666667,    2353P   5128
-3.14159265358979,-3.14159265358979,-3.14159265358979,              2353P   5129
-1.5707963267949,-1.5707963267949,0.,0.,1.5707963267949,            2353P   5130
1.5707963267949,3.14159265358979,3.14159265358979,                  2353P   5131
3.14159265358979,1.,1.,0.707106781186548,0.707106781186548,1.,      2353P   5132
1.,0.707106781186548,0.707106781186548,1.,1.,0.707106781186548,     2353P   5133
0.707106781186548,1.,1.,0.707106781186548,0.707106781186548,1.,     2353P   5134
1.,11.5,16.,-21.7685786509845,12.5,16.,-21.7685786509845,11.5,      2353P   5135
17.5,-21.7685786509845,12.5,17.5,-21.7685786509845,11.5,17.5,       2353P   5136
-23.2685786509845,12.5,17.5,-23.2685786509845,11.5,17.5,            2353P   5137
-24.7685786509845,12.5,17.5,-24.7685786509845,11.5,16.,             2353P   5138
-24.7685786509845,12.5,16.,-24.7685786509845,11.5,14.5,             2353P   5139
-24.7685786509845,12.5,14.5,-24.7685786509845,11.5,14.5,            2353P   5140
-23.2685786509845,12.5,14.5,-23.2685786509845,11.5,14.5,            2353P   5141
-21.7685786509845,12.5,14.5,-21.7685786509845,11.5,16.,             2353P   5142
-21.7685786509845,12.5,16.,-21.7685786509845,0.,                    2353P   5143
0.666666666666667,-3.14159265358979,3.14159265358979;               2353P   5144
128,1,1,1,1,0,0,1,0,0,-0.151,-0.151,0.151,0.151,-0.151,-0.151,      2355P   5145
0.151,0.151,1.,1.,1.,1.,11.5,14.49,-24.7785786509845,11.5,14.49,    2355P   5146
-21.7585786509845,11.5,17.51,-24.7785786509845,11.5,17.51,          2355P   5147
-21.7585786509845,-0.151,0.151,-0.151,0.151;                        2355P   5148
128,1,1,1,1,0,0,1,0,0,-0.00100000000000001,-0.00100000000000001,    2357P   5149
0.601,0.601,-0.001,-0.001,0.501,0.501,1.,1.,1.,1.,-12.5,13.99,      2357P   5150
-20.2585786509845,-12.5,13.99,-26.2785786509845,-12.5,19.01,        2357P   5151
-20.2585786509845,-12.5,19.01,-26.2785786509845,                    2357P   5152
-0.00100000000000001,0.601,-0.001,0.501;                            2357P   5153
128,1,4,1,2,0,0,0,0,0,-0.5,-0.5,1.5,1.5,-2.35619449019234,          2359P   5154
-2.35619449019234,-2.35619449019234,-0.785398163397448,             2359P   5155
-0.785398163397448,0.785398163397449,0.785398163397449,             2359P   5156
0.785398163397449,1.,1.,0.707106781186547,0.707106781186547,1.,     2359P   5157
1.,0.707106781186547,0.707106781186547,1.,1.,-12.5,16.,             2359P   5158
-26.2685786509845,-18.5,16.,-26.2685786509845,-12.5,19.,            2359P   5159
-26.2685786509845,-18.5,19.,-26.2685786509845,-12.5,19.,            2359P   5160
-23.2685786509845,-18.5,19.,-23.2685786509845,-12.5,19.,            2359P   5161
-20.2685786509845,-18.5,19.,-20.2685786509845,-12.5,16.,            2359P   5162
-20.2685786509845,-18.5,16.,-20.2685786509845,-0.5,1.5,             2359P   5163
-2.35619449019234,0.785398163397449;                                2359P   5164
128,1,1,1,1,0,0,1,0,0,-0.001,-0.001,0.601,0.601,-0.001,-0.001,      2361P   5165
0.501,0.501,1.,1.,1.,1.,12.5,13.99,-26.2785786509845,12.5,13.99,    2361P   5166
-20.2585786509845,12.5,19.01,-26.2785786509845,12.5,19.01,          2361P   5167
-20.2585786509845,-0.001,0.601,-0.001,0.501;                        2361P   5168
128,1,4,1,2,0,0,0,0,0,-0.5,-0.5,1.5,1.5,-2.35619449019235,          2363P   5169
-2.35619449019235,-2.35619449019235,-0.78539816339745,              2363P   5170
-0.78539816339745,0.785398163397447,0.785398163397447,              2363P   5171
0.785398163397447,1.,1.,0.707106781186547,0.707106781186547,1.,     2363P   5172
1.,0.707106781186547,0.707106781186547,1.,1.,12.5,16.,              2363P   5173
-20.2685786509845,18.5,16.,-20.2685786509845,12.5,19.,              2363P   5174
-20.2685786509845,18.5,19.,-20.2685786509845,12.5,19.,              2363P   5175
-23.2685786509845,18.5,19.,-23.2685786509845,12.5,19.,              2363P   5176
-26.2685786509845,18.5,19.,-26.2685786509845,12.5,16.,              2363P   5177
-26.2685786509845,18.5,16.,-26.2685786509845,-0.5,1.5,              2363P   5178
-2.35619449019235,0.785398163397447;                                2363P   5179
128,1,1,1,1,0,0,1,0,0,-0.001,-0.001,0.601,0.601,-0.001,-0.001,      2365P   5180
0.201,0.201,1.,1.,1.,1.,18.51,13.99,-26.2685786509845,12.49,        2365P   5181
13.99,-26.2685786509845,18.51,16.01,-26.2685786509845,12.49,        2365P   5182
16.01,-26.2685786509845,-0.001,0.601,-0.001,0.201;                  2365P   5183
128,1,1,1,1,0,0,1,0,0,-0.00100000000000001,-0.00100000000000001,    2367P   5184
0.601,0.601,-0.001,-0.001,0.501,0.501,1.,1.,1.,1.,18.5,13.99,       2367P   5185
-20.2585786509845,18.5,13.99,-26.2785786509845,18.5,19.01,          2367P   5186
-20.2585786509845,18.5,19.01,-26.2785786509845,                     2367P   5187
-0.00100000000000001,0.601,-0.001,0.501;                            2367P   5188
128,1,1,1,1,0,0,1,0,0,-0.001,-0.001,0.601,0.601,-0.001,-0.001,      2369P   5189
0.201,0.201,1.,1.,1.,1.,12.49,13.99,-20.2685786509845,18.51,        2369P   5190
13.99,-20.2685786509845,12.49,16.01,-20.2685786509845,18.51,        2369P   5191
16.01,-20.2685786509845,-0.001,0.601,-0.001,0.201;                  2369P   5192
128,1,1,1,1,0,0,1,0,0,-0.001,-0.001,0.601,0.601,-0.001,-0.001,      2371P   5193
0.501,0.501,1.,1.,1.,1.,-18.5,13.99,-26.2785786509845,-18.5,        2371P   5194
13.99,-20.2585786509845,-18.5,19.01,-26.2785786509845,-18.5,        2371P   5195
19.01,-20.2585786509845,-0.001,0.601,-0.001,0.501;                  2371P   5196
128,1,1,1,1,0,0,1,0,0,-0.001,-0.001,0.601,0.601,-0.001,-0.001,      2373P   5197
0.201,0.201,1.,1.,1.,1.,-12.49,13.99,-26.2685786509845,-18.51,      2373P   5198
13.99,-26.2685786509845,-12.49,16.01,-26.2685786509845,-18.51,      2373P   5199
16.01,-26.2685786509845,-0.001,0.601,-0.001,0.201;                  2373P   5200
128,1,1,1,1,0,0,1,0,0,-0.001,-0.001,0.601,0.601,-0.001,-0.001,      2375P   5201
0.201,0.201,1.,1.,1.,1.,-18.51,13.99,-20.2685786509845,-12.49,      2375P   5202
13.99,-20.2685786509845,-18.51,16.01,-20.2685786509845,-12.49,      2375P   5203
16.01,-20.2685786509845,-0.001,0.601,-0.001,0.201;                  2375P   5204
128,1,8,1,2,0,1,0,0,1,2.96059473233375D-15,2.96059473233375D-15,    2377P   5205
0.666666666666667,0.666666666666667,-3.14159265358979,              2377P   5206
-3.14159265358979,-3.14159265358979,-1.5707963267949,               2377P   5207
-1.5707963267949,0.,0.,1.5707963267949,1.5707963267949,             2377P   5208
3.14159265358979,3.14159265358979,3.14159265358979,1.,1.,           2377P   5209
0.707106781186548,0.707106781186548,1.,1.,0.707106781186548,        2377P   5210
0.707106781186548,1.,1.,0.707106781186548,0.707106781186548,1.,     2377P   5211
1.,0.707106781186548,0.707106781186548,1.,1.,21.75,                 2377P   5212
2.87717419348834,24.5,20.75,2.87717419348834,24.5,21.75,            2377P   5213
1.37717419348834,24.5,20.75,1.37717419348834,24.5,21.75,            2377P   5214
1.37717419348834,26.,20.75,1.37717419348834,26.,21.75,              2377P   5215
1.37717419348834,27.5,20.75,1.37717419348834,27.5,21.75,            2377P   5216
2.87717419348834,27.5,20.75,2.87717419348834,27.5,21.75,            2377P   5217
4.37717419348833,27.5,20.75,4.37717419348833,27.5,21.75,            2377P   5218
4.37717419348834,26.,20.75,4.37717419348834,26.,21.75,              2377P   5219
4.37717419348834,24.5,20.75,4.37717419348834,24.5,21.75,            2377P   5220
2.87717419348834,24.5,20.75,2.87717419348834,24.5,                  2377P   5221
2.96059473233375D-15,0.666666666666667,-3.14159265358979,           2377P   5222
3.14159265358979;                                                   2377P   5223
128,1,1,1,1,0,0,1,0,0,-0.151,-0.151,0.151,0.151,-0.151,-0.151,      2379P   5224
0.151,0.151,1.,1.,1.,1.,21.75,1.36717419348834,24.49,21.75,         2379P   5225
1.36717419348834,27.51,21.75,4.38717419348834,24.49,21.75,          2379P   5226
4.38717419348834,27.51,-0.151,0.151,-0.151,0.151;                   2379P   5227
128,1,8,1,2,0,1,0,0,1,0.,0.,0.666666666666667,0.666666666666667,    2381P   5228
-3.14159265358979,-3.14159265358979,-3.14159265358979,              2381P   5229
-1.5707963267949,-1.5707963267949,0.,0.,1.5707963267949,            2381P   5230
1.5707963267949,3.14159265358979,3.14159265358979,                  2381P   5231
3.14159265358979,1.,1.,0.707106781186548,0.707106781186548,1.,      2381P   5232
1.,0.707106781186548,0.707106781186548,1.,1.,0.707106781186548,     2381P   5233
0.707106781186548,1.,1.,0.707106781186548,0.707106781186548,1.,     2381P   5234
1.,-20.75,2.87717419348834,24.5,-21.75,2.87717419348834,24.5,       2381P   5235
-20.75,1.37717419348834,24.5,-21.75,1.37717419348834,24.5,          2381P   5236
-20.75,1.37717419348834,26.,-21.75,1.37717419348834,26.,-20.75,     2381P   5237
1.37717419348834,27.5,-21.75,1.37717419348834,27.5,-20.75,          2381P   5238
2.87717419348834,27.5,-21.75,2.87717419348834,27.5,-20.75,          2381P   5239
4.37717419348833,27.5,-21.75,4.37717419348833,27.5,-20.75,          2381P   5240
4.37717419348834,26.,-21.75,4.37717419348834,26.,-20.75,            2381P   5241
4.37717419348834,24.5,-21.75,4.37717419348834,24.5,-20.75,          2381P   5242
2.87717419348834,24.5,-21.75,2.87717419348834,24.5,0.,              2381P   5243
0.666666666666667,-3.14159265358979,3.14159265358979;               2381P   5244
128,1,1,1,1,0,0,1,0,0,-0.151,-0.151,0.151,0.151,-0.151,-0.151,      2383P   5245
0.151,0.151,1.,1.,1.,1.,-21.75,1.36717419348834,27.51,-21.75,       2383P   5246
1.36717419348834,24.49,-21.75,4.38717419348834,27.51,-21.75,        2383P   5247
4.38717419348834,24.49,-0.151,0.151,-0.151,0.151;                   2383P   5248
128,1,1,1,1,0,0,1,0,0,-0.001,-0.001,1.201,1.201,-0.001,-0.001,      2385P   5249
0.101,0.101,1.,1.,1.,1.,-19.,8.01,-12.99,-19.,8.01,-25.01,-19.,     2385P   5250
6.99,-12.99,-19.,6.99000000000001,-25.01,-0.001,1.201,-0.001,       2385P   5251
0.101;                                                              2385P   5252
128,1,1,1,1,0,0,1,0,0,-0.001,-0.001,3.801,3.801,-0.001,-0.001,      2387P   5253
0.101,0.101,1.,1.,1.,1.,19.01,8.01,-13.,-19.01,8.01,-13.,19.01,     2387P   5254
6.99,-13.,-19.01,6.99000000000001,-13.,-0.001,3.801,-0.001,         2387P   5255
0.101;                                                              2387P   5256
128,1,1,1,1,0,0,1,0,0,-0.001,-0.001,1.201,1.201,-0.001,-0.001,      2389P   5257
0.101,0.101,1.,1.,1.,1.,19.,8.01,-25.01,19.,8.01,-12.99,19.,        2389P   5258
6.99,-25.01,19.,6.99000000000001,-12.99,-0.001,1.201,-0.001,        2389P   5259
0.101;                                                              2389P   5260
128,1,1,1,1,0,0,1,0,0,-0.00100000000000022,-0.00100000000000022,    2391P   5261
3.801,3.801,-0.001,-0.001,0.101,0.101,1.,1.,1.,1.,-19.01,8.01,      2391P   5262
-25.,19.01,8.01,-25.,-19.01,6.99,-25.,19.01,6.99000000000001,       2391P   5263
-25.,-0.00100000000000022,3.801,-0.001,0.101;                       2391P   5264
128,1,1,1,1,0,0,1,0,0,-0.601000000000001,-0.601000000000001,        2393P   5265
0.601000000000001,0.601000000000001,-1.901,-1.901,1.901,1.901,      2393P   5266
1.,1.,1.,1.,-19.01,7.,-12.99,-19.01,7.,-25.01,19.01,7.,-12.99,      2393P   5267
19.01,7.,-25.01,-0.601000000000001,0.601000000000001,-1.901,        2393P   5268
1.901;                                                              2393P   5269
128,1,1,1,1,0,0,1,0,0,-0.00100000000000002,-0.00100000000000002,    2395P   5270
5.00533839561013,5.00533839561013,-0.00100000000000003,             2395P   5271
-0.00100000000000003,0.101,0.101,1.,1.,1.,1.,-22.3281447927802,     2395P   5272
6.98999999999999,22.0099913307309,-24.4123107370078,6.99,           2395P   5273
-28.0099913307309,-22.3281447927802,8.00999999999999,               2395P   5274
22.0099913307309,-24.4123107370078,8.01,-28.0099913307309,          2395P   5275
-0.00100000000000002,5.00533839561013,-0.00100000000000003,         2395P   5276
0.101;                                                              2395P   5277
128,1,1,1,1,0,0,1,0,0,-0.001,-0.001,5.00533839561013,               2397P   5278
5.00533839561013,-0.00100000000000008,-0.00100000000000008,         2397P   5279
0.101,0.101,1.,1.,1.,1.,24.4123107370078,6.99,-28.0099913307309,    2397P   5280
22.3281447927802,6.98999999999999,22.0099913307309,                 2397P   5281
24.4123107370078,8.01000000000001,-28.0099913307309,                2397P   5282
22.3281447927802,8.00999999999999,22.0099913307309,-0.001,          2397P   5283
5.00533839561013,-0.00100000000000008,0.101;                        2397P   5284
128,1,1,1,1,0,0,1,0,0,-2.44718591945722,-2.44718591945722,          2399P   5285
2.55481408054278,2.55481408054278,-2.44218944315607,                2399P   5286
-2.44218944315607,2.44218944315607,2.44218944315607,1.,1.,1.,1.,    2399P   5287
-24.4218944315607,8.,22.01,-24.4218944315607,8.,-28.01,             2399P   5288
24.4218944315607,8.,22.01,24.4218944315607,8.,-28.01,               2399P   5289
-2.44718591945722,2.55481408054278,-2.44218944315607,               2399P   5290
2.44218944315607;                                                   2399P   5291
128,1,1,1,1,0,0,1,0,0,-0.001,-0.001,5.001,5.001,                    2401P   5292
-2.99266666666667,-2.99266666666667,-2.23185610982273,              2401P   5293
-2.23185610982273,1.,1.,1.,1.,-29.9266666666667,                    2401P   5294
6.99999999999999,22.01,-29.9266666666667,7.,-28.01,                 2401P   5295
-22.3185610982273,6.99999999999999,22.01,-22.3185610982273,7.,      2401P   5296
-28.01,-0.001,5.001,-2.99266666666667,-2.23185610982273;            2401P   5297
128,1,1,1,1,0,0,1,0,0,-0.001,-0.001,0.801,0.801,                    2403P   5298
-0.00100000000000003,-0.00100000000000003,0.901,0.901,1.,1.,1.,     2403P   5299
1.,20.75,-0.0100000000000003,21.99,20.75,-0.0100000000000003,       2403P   5300
30.01,20.75,9.01,21.99,20.75,9.01,30.01,-0.001,0.801,               2403P   5301
-0.00100000000000003,0.901;                                         2403P   5302
128,1,1,1,1,0,0,1,0,0,-0.001,-0.001,4.151,4.151,                    2405P   5303
0.798999999999999,0.798999999999999,0.901,0.901,1.,1.,1.,1.,        2405P   5304
-20.76,7.98999999999999,22.,20.76,7.98999999999999,22.,-20.76,      2405P   5305
9.01,22.,20.76,9.01,22.,-0.001,4.151,0.798999999999999,0.901;       2405P   5306
128,1,1,1,1,0,0,1,0,0,-0.001,-0.001,0.801,0.801,                    2407P   5307
-0.00100000000000001,-0.00100000000000001,0.901,0.901,1.,1.,1.,     2407P   5308
1.,-20.75,-0.0100000000000001,30.01,-20.75,-0.0100000000000001,     2407P   5309
21.99,-20.75,9.01,30.01,-20.75,9.01,21.99,-0.001,0.801,             2407P   5310
-0.00100000000000001,0.901;                                         2407P   5311
128,1,1,1,1,0,0,1,0,0,-0.400999999999999,-0.400999999999999,        2409P   5312
0.401,0.401,-2.076,-2.076,2.076,2.076,1.,1.,1.,1.,-20.76,9.,        2409P   5313
30.01,-20.76,9.,21.99,20.76,9.,30.01,20.76,9.,21.99,                2409P   5314
-0.400999999999999,0.401,-2.076,2.076;                              2409P   5315
128,4,8,3,3,0,0,1,0,0,0.,0.,0.,0.,0.5,1.,1.,1.,1.,                  2411P   5316
-1.5707963267949,-1.5707963267949,-1.5707963267949,                 2411P   5317
-1.5707963267949,-1.12679553517151,-0.682794743548125,              2411P   5318
-0.238793951924738,0.205206839698648,1.09320842294542,              2411P   5319
1.53720921456881,1.53720921456881,1.53720921456881,                 2411P   5320
1.53720921456881,1.,1.,1.,1.,1.,1.,1.,1.,1.,1.,1.,1.,1.,1.,1.,      2411P   5321
1.,1.,1.,1.,1.,1.,1.,1.,1.,1.,1.,1.,1.,1.,1.,1.,1.,1.,1.,1.,1.,     2411P   5322
1.,1.,1.,1.,1.,1.,1.,1.,1.,20.5147595794791,14.,29.5,               2411P   5323
20.5147595794791,14.,29.6308996938996,20.5147595794792,             2411P   5324
13.8915565409545,29.8915565409545,20.5147595794791,                 2411P   5325
13.6308996938996,30.,20.5147595794791,13.5,30.,21.5515319826985,    2411P   5326
14.,29.5030806658013,21.5516875024442,13.9991752567246,             2411P   5327
29.6334683534529,21.5354321764411,13.8900477257282,                 2411P   5328
29.8924575662688,21.4969880890277,13.6303812076621,                 2411P   5329
29.9999832602896,21.4775960034668,13.5,30.,23.6232480204718,        2411P   5330
13.5330404213195,29.5092365634003,23.6225200402034,                 2411P   5331
13.530797916921,29.6385815351272,23.5737276966074,                  2411P   5332
13.4272774929511,29.894229666362,23.4591300868307,                  2411P   5333
13.1870754409852,29.9999977714891,23.4015704988658,                 2411P   5334
13.0663946769395,30.,26.1346009215378,11.5630714725317,             2411P   5335
29.5166987980945,26.1315573270878,11.5601899640968,                 2411P   5336
29.6447482615918,26.0413935278967,11.4867923705946,                 2411P   5337
29.8963630061096,25.8367177673114,11.3206052965194,                 2411P   5338
29.9999710147184,25.7338297672694,11.2371377959223,30.,             2411P   5339
27.5440276757523,8.71412497765437,29.5208867691359,                 2411P   5340
27.5388804573407,8.71271905651527,29.6481945757157,                 2411P   5341
27.4252683232605,8.68491520933385,29.897542549643,                  2411P   5342
27.1706494512976,8.6228470978391,29.9999782919226,                  2411P   5343
27.042745216491,8.59168747925049,30.,27.6365266302203,              2411P   5344
4.4526780751219,29.5211616205544,27.631328536768,                   2411P   5345
4.45468481094224,29.6484209709105,27.515976522875,                  2411P   5346
4.4962836374614,29.8976238029743,27.258199000405,                   2411P   5347
4.58833448789192,29.999964718092,27.128647736915,                   2411P   5348
4.63462964118462,30.,24.8936972660961,0.825813391233431,            2411P   5349
29.5130115766348,24.8924134143999,0.829131117498343,                2411P   5350
29.6417146021322,24.823264143029,0.92796849119992,                  2411P   5351
29.8953192487916,24.6623052750457,1.15352730822744,                 2411P   5352
29.999987086431,24.5814194268623,1.26682672043104,30.,              2411P   5353
21.7861876697724,0.0387377266395389,29.5037779217738,               2411P   5354
21.7862817306971,0.039747076834917,29.6340481165645,                2411P   5355
21.7663459234004,0.148424636272087,29.8926592556648,                2411P   5356
21.7192519818333,0.406429122683423,29.99998331523,                  2411P   5357
21.695517547201,0.535970746165285,30.,20.75,0.0039479582169423,     2411P   5358
29.5006989934496,20.7499938656322,0.00413068847185684,              2411P   5359
29.6314820606037,20.7463500058017,0.112673810886535,                2411P   5360
29.8917597023525,20.7376121581336,0.37295639946208,30.,             2411P   5361
20.7332241572094,0.503665961201445,30.,0.,1.,-1.5707963267949,      2411P   5362
1.53720921456881;                                                   2411P   5363
128,1,4,1,2,0,0,0,0,0,-2.0749342815496,-2.0749342815496,            2413P   5364
6.47992421682247,6.47992421682247,-0.785398163397449,               2413P   5365
-0.785398163397449,-0.785398163397449,0.785398163397448,            2413P   5366
0.785398163397448,2.35619449019235,2.35619449019235,                2413P   5367
2.35619449019235,1.,1.,0.707106781186547,0.707106781186547,1.,      2413P   5368
1.,0.707106781186547,0.707106781186547,1.,1.,23.0077635140392,      2413P   5369
14.,-30.3320944294409,20.5147595794791,14.,29.5,                    2413P   5370
30.0016950256857,14.,-30.0406806164557,27.5086910911256,14.,        2413P   5371
29.7914138129853,30.0016950256856,7.,-30.0406806164557,             2413P   5372
27.5086910911256,7.,29.7914138129853,30.0016950256856,              2413P   5373
-5.55111512312578D-15,-30.0406806164557,27.5086910911256,           2413P   5374
-5.55111512312578D-15,29.7914138129853,23.0077635140392,0.,         2413P   5375
-30.332094429441,20.5147595794791,0.,29.5,-2.0749342815496,         2413P   5376
6.47992421682247,-0.785398163397449,2.35619449019235;               2413P   5377
128,1,1,1,1,0,0,1,0,0,-0.101,-0.101,0.701,0.701,                    2415P   5378
-2.78433333333333,-2.78433333333333,-2.074,-2.074,1.,1.,1.,1.,      2415P   5379
-27.8433333333333,-0.0100000000000011,22.,-27.8433333333333,        2415P   5380
8.00999999999999,22.,-20.74,-0.0100000000000011,22.,-20.74,         2415P   5381
8.00999999999999,22.,-0.101,0.701,-2.78433333333333,-2.074;         2415P   5382
128,1,1,1,1,0,0,1,0,0,-2.45022450943298,-2.45022450943298,          2417P   5383
-2.26280151868304,-2.26280151868304,-2.08349855374271,              2417P   5384
-2.08349855374271,-2.07422740420521,-2.07422740420521,1.,1.,1.,     2417P   5385
1.,-20.8349855374271,0.,23.8642299074994,-20.8349855374271,0.,      2417P   5386
21.99,-20.7422740420521,0.,23.8642299074994,-20.7422740420521,      2417P   5387
0.,21.99,-2.45022450943298,-2.26280151868304,-2.08349855374271,     2417P   5388
-2.07422740420521;                                                  2417P   5389
128,1,1,1,1,0,0,1,0,0,-2.45022450943299,-2.45022450943299,          2419P   5390
-2.26280151868304,-2.26280151868304,2.07422740420521,               2419P   5391
2.07422740420521,2.08349855374271,2.08349855374271,1.,1.,1.,1.,     2419P   5392
20.7422740420521,0.,23.8642299074995,20.7422740420521,0.,21.99,     2419P   5393
20.8349855374271,0.,23.8642299074995,20.8349855374271,0.,21.99,     2419P   5394
-2.45022450943299,-2.26280151868304,2.07422740420521,               2419P   5395
2.08349855374271;                                                   2419P   5396
128,1,1,1,1,0,0,1,0,0,-0.001,-0.001,5.001,5.001,                    2421P   5397
2.23185610982274,2.23185610982274,2.99266666666667,                 2421P   5398
2.99266666666667,1.,1.,1.,1.,22.3185610982274,6.99999999999999,     2421P   5399
22.01,22.3185610982274,7.,-28.01,29.9266666666667,                  2421P   5400
6.99999999999999,22.01,29.9266666666667,7.,-28.01,-0.001,5.001,     2421P   5401
2.23185610982274,2.99266666666667;                                  2421P   5402
128,1,1,1,1,0,0,1,0,0,-0.101,-0.101,0.701,0.701,2.074,2.074,        2423P   5403
2.78433333333333,2.78433333333333,1.,1.,1.,1.,20.74,                2423P   5404
-0.0100000000000011,22.,20.74,8.00999999999999,22.,                 2423P   5405
27.8433333333333,-0.0100000000000011,22.,27.8433333333333,          2423P   5406
8.00999999999999,22.,-0.101,0.701,2.074,2.78433333333333;           2423P   5407
128,1,1,1,1,0,0,1,0,0,-0.00100000000000009,-0.00100000000000009,    2425P   5408
0.801,0.801,-2.99266666666667,-2.99266666666667,                    2425P   5409
2.99266666666667,2.99266666666667,1.,1.,1.,1.,-29.9266666666667,    2425P   5410
8.01,-28.,-29.9266666666667,-0.0100000000000009,-28.,               2425P   5411
29.9266666666667,8.01,-28.,29.9266666666667,-0.0100000000000009,    2425P   5412
-28.,-0.00100000000000009,0.801,-2.99266666666667,                  2425P   5413
2.99266666666667;                                                   2425P   5414
128,1,4,1,2,0,0,0,0,0,-2.19049130629982,-2.19049130629982,          2427P   5415
6.36436719207256,6.36436719207256,-0.785398163397449,               2427P   5416
-0.785398163397449,-0.785398163397449,0.785398163397448,            2427P   5417
0.785398163397448,2.35619449019234,2.35619449019234,                2427P   5418
2.35619449019234,1.,1.,0.707106781186547,0.707106781186547,1.,      2427P   5419
1.,0.707106781186547,0.707106781186547,1.,1.,-20.5147595794791,     2427P   5420
14.,29.5,-23.0077635140393,14.,-30.3320944294431,                   2427P   5421
-27.5086910911256,14.,29.7914138129853,-30.0016950256857,14.,       2427P   5422
-30.0406806164579,-27.5086910911256,7.,29.7914138129853,            2427P   5423
-30.0016950256857,7.,-30.0406806164579,-27.5086910911256,           2427P   5424
-5.55111512312578D-15,29.7914138129853,-30.0016950256857,           2427P   5425
-5.55111512312578D-15,-30.0406806164579,-20.5147595794791,0.,       2427P   5426
29.5,-23.0077635140393,0.,-30.3320944294431,-2.19049130629982,      2427P   5427
6.36436719207256,-0.785398163397449,2.35619449019234;               2427P   5428
128,1,2,1,2,0,0,0,0,0,-13.5295191589583,-13.5295191589583,          2429P   5429
68.5295191589583,68.5295191589583,-0.785398163397448,               2429P   5430
-0.785398163397448,-0.785398163397448,0.785398163397448,            2429P   5431
0.785398163397448,0.785398163397448,1.,1.,0.707106781186548,        2429P   5432
0.707106781186548,1.,1.,20.5147595794791,14.,29.5,                  2429P   5433
-20.5147595794791,14.,29.5,20.5147595794791,14.,30.,                2429P   5434
-20.5147595794791,14.,30.,20.5147595794791,13.5,30.,                2429P   5435
-20.5147595794791,13.5,30.,-13.5295191589583,68.5295191589583,      2429P   5436
-0.785398163397448,0.785398163397448;                               2429P   5437
128,4,9,3,3,0,0,1,0,0,0.,0.,0.,0.,0.5,1.,1.,1.,1.,                  2431P   5438
-1.53720921456881,-1.53720921456881,-1.53720921456881,              2431P   5439
-1.53720921456881,-1.09320842294542,-0.649207631322034,             2431P   5440
-0.205206839698648,0.238793951924739,0.682794743548125,             2431P   5441
1.12679553517151,1.5707963267949,1.5707963267949,                   2431P   5442
1.5707963267949,1.5707963267949,1.,1.,1.,1.,1.,1.,1.,1.,1.,1.,      2431P   5443
1.,1.,1.,1.,1.,1.,1.,1.,1.,1.,1.,1.,1.,1.,1.,1.,1.,1.,1.,1.,1.,     2431P   5444
1.,1.,1.,1.,1.,1.,1.,1.,1.,1.,1.,1.,1.,1.,1.,1.,1.,1.,1.,-20.75,    2431P   5445
0.00394795821694237,29.5006989934496,-20.7499938656322,             2431P   5446
0.00413068847186039,29.6314820606037,-20.7463500058017,             2431P   5447
0.112673810886542,29.8917597023525,-20.7376121581336,               2431P   5448
0.372956399462082,30.,-20.7332241572094,0.503665961201445,30.,      2431P   5449
-21.7861876697724,0.0387377266395398,29.5037779217738,              2431P   5450
-21.7862817306971,0.0397470768349213,29.6340481165646,              2431P   5451
-21.7663459234004,0.148424636272094,29.8926592556649,               2431P   5452
-21.7192519818333,0.406429122683426,29.99998331523,                 2431P   5453
-21.695517547201,0.535970746165285,30.,-23.8420713831487,           2431P   5454
0.575765356430131,29.5098867751997,-23.8411661415157,               2431P   5455
0.578065994167089,29.6391197848828,-23.7888586529812,               2431P   5456
0.680079800460278,29.8944154514566,-23.6663255978571,               2431P   5457
0.916052652586671,29.999998884041,-23.6047887783556,                2431P   5458
1.03463925954226,30.,-26.2815927005687,2.62630121435584,            2431P   5459
29.5171355695068,-26.2783378242823,2.6292130196641,                 2431P   5460
29.6451080505482,-26.185771690147,2.69955336293309,                 2431P   5461
29.896485917318,-25.9758474905826,2.85877418394088,                 2431P   5462
29.9999735068213,-25.8703390324064,2.93870827047328,30.,            2431P   5463
-27.6033312266228,5.52581908957864,29.5210629837231,                2431P   5464
-27.5981455413706,5.52695056983627,29.6483396836771,                2431P   5465
-27.4834353842539,5.55094419825909,29.8975944165549,                2431P   5466
-27.2267802129158,5.60429729361897,29.9999705435054,                2431P   5467
-27.0978196172685,5.63111772603731,30.,-27.548216220382,            2431P   5468
8.71085816783442,29.5208992149785,-27.5430492686084,                2431P   5469
8.70951299424351,29.6482046869077,-27.4293792445799,                2431P   5470
8.6817434655611,29.8975456136533,-27.1746092527437,                 2431P   5471
8.61977870699004,29.9999795491842,-27.046635060897,                 2431P   5472
8.5886540129891,30.,-26.1321273664295,11.5649750847959,             2431P   5473
29.5166914481722,-26.1290748213166,11.5620849716089,                2431P   5474
29.6447421261794,-26.0389743705609,11.4886296255599,                2431P   5475
29.8963604627379,-25.834374664983,11.3223994373647,                 2431P   5476
29.9999726187295,-25.7315326102968,11.2389054358819,30.,            2431P   5477
-23.6241564810545,13.532338680606,29.5092392628003,                 2431P   5478
-23.6234176131977,13.5301027290185,29.6385836652701,                2431P   5479
-23.5746221878933,13.4265989886737,29.8942301157589,                2431P   5480
-23.4599874379673,13.1864149369634,29.9999987502869,                2431P   5481
-23.4024141738479,13.0657430605628,30.,-21.5515319826984,14.,       2431P   5482
29.5030806658013,-21.5516875024442,13.9991752567246,                2431P   5483
29.6334683534529,-21.5354321764411,13.8900477257282,                2431P   5484
29.8924575662688,-21.4969880890277,13.6303812076621,                2431P   5485
29.9999832602896,-21.4775960034668,13.5,30.,-20.5147595794791,      2431P   5486
14.,29.5,-20.5147595794791,14.,29.6308996938996,                    2431P   5487
-20.5147595794791,13.8915565409545,29.8915565409545,                2431P   5488
-20.5147595794791,13.6308996938996,30.,-20.5147595794791,13.5,      2431P   5489
30.,0.,1.,-1.53720921456881,1.5707963267949;                        2431P   5490
128,1,1,1,1,0,0,1,0,0,-2.93719848131696,-2.93719848131696,          2433P   5491
3.01480151868304,3.01480151868304,-2.30039262461458,                2433P   5492
-2.30039262461458,2.30039262461458,2.30039262461458,1.,1.,1.,1.,    2433P   5493
-23.0039262461458,14.,-30.01,-23.0039262461458,14.,29.51,           2433P   5494
23.0039262461458,14.,-30.01,23.0039262461458,14.,29.51,             2433P   5495
-2.93719848131696,3.01480151868304,-2.30039262461458,               2433P   5496
2.30039262461458;                                                   2433P   5497
128,1,1,1,1,0,0,1,0,0,0.0355133114092124,0.0355133114092124,        2435P   5498
5.46448668859079,5.46448668859079,0.0494250786009227,               2435P   5499
0.0494250786009227,1.351,1.351,1.,1.,1.,1.,-27.1448668859079,       2435P   5500
0.494250786009227,30.,27.1448668859079,0.494250786009227,30.,       2435P   5501
-27.1448668859079,13.51,30.,27.1448668859079,13.51,30.,             2435P   5502
0.0355133114092124,5.46448668859079,0.0494250786009227,1.351;       2435P   5503
128,3,63,3,3,0,0,1,0,0,0.,0.,0.,0.,1.,1.,1.,1.,0.,0.,0.,0.,         2437P   5504
0.0738430890191878,0.0738430890191878,0.147682970763409,            2437P   5505
0.147682970763409,0.184598598803463,0.184598598803463,              2437P   5506
0.258427486170682,0.258427486170682,0.295335401975692,              2437P   5507
0.295335401975692,0.369146491383348,0.369146491383348,              2437P   5508
0.406044450448752,0.406044450448752,0.479834476860835,              2437P   5509
0.479834476860835,0.516721662902667,0.516721662902667,              2437P   5510
0.590490583825538,0.590490583825538,0.627367814381333,              2437P   5511
0.627367814381333,0.70111886439909,0.70111886439909,                2437P   5512
0.737988473376697,0.737988473376697,0.811727555340545,              2437P   5513
0.811727555340545,0.848593038916303,0.848593038916303,              2437P   5514
0.922327937626414,0.922327937626414,0.959193421153121,              2437P   5515
0.959193421153121,1.03293250313923,1.03293250313923,                2437P   5516
1.06980211216752,1.06980211216752,1.14355316199737,                 2437P   5517
1.14355316199737,1.18043039250537,1.18043039250537,                 2437P   5518
1.25419931349631,1.25419931349631,1.29108649959091,                 2437P   5519
1.29108649959091,1.36487652563295,1.36487652563295,                 2437P   5520
1.40177448465172,1.40177448465172,1.47558557417619,                 2437P   5521
1.47558557417619,1.51249349003635,1.51249349003635,                 2437P   5522
1.58632237619454,1.58632237619454,1.62323800418384,                 2437P   5523
1.62323800418384,1.69707789949611,1.69707789949611,                 2437P   5524
1.77092098500547,1.77092098500547,1.77092098500547,                 2437P   5525
1.77092098500547,1.,1.,1.,1.,1.,1.,1.,1.,1.,1.,1.,1.,1.,1.,1.,      2437P   5526
1.,1.,1.,1.,1.,1.,1.,1.,1.,1.,1.,1.,1.,1.,1.,1.,1.,1.,1.,1.,1.,     2437P   5527
1.,1.,1.,1.,1.,1.,1.,1.,1.,1.,1.,1.,1.,1.,1.,1.,1.,1.,1.,1.,1.,     2437P   5528
1.,1.,1.,1.,1.,1.,1.,1.,1.,1.,1.,1.,1.,1.,1.,1.,1.,1.,1.,1.,1.,     2437P   5529
1.,1.,1.,1.,1.,1.,1.,1.,1.,1.,1.,1.,1.,1.,1.,1.,1.,1.,1.,1.,1.,     2437P   5530
1.,1.,1.,1.,1.,1.,1.,1.,1.,1.,1.,1.,1.,1.,1.,1.,1.,1.,1.,1.,1.,     2437P   5531
1.,1.,1.,1.,1.,1.,1.,1.,1.,1.,1.,1.,1.,1.,1.,1.,1.,1.,1.,1.,1.,     2437P   5532
1.,1.,1.,1.,1.,1.,1.,1.,1.,1.,1.,1.,1.,1.,1.,1.,1.,1.,1.,1.,1.,     2437P   5533
1.,1.,1.,1.,1.,1.,1.,1.,1.,1.,1.,1.,1.,1.,1.,1.,1.,1.,1.,1.,1.,     2437P   5534
1.,1.,1.,1.,1.,1.,1.,1.,1.,1.,1.,1.,1.,1.,1.,1.,1.,1.,1.,1.,1.,     2437P   5535
1.,1.,1.,1.,1.,1.,1.,1.,1.,1.,1.,1.,1.,1.,1.,1.,1.,1.,1.,1.,1.,     2437P   5536
1.,1.,1.,1.,1.,1.,1.,1.,1.,1.,1.,1.,1.,1.,1.,1.,1.,1.,1.,1.,1.,     2437P   5537
1.,1.,1.,1.,1.,1.,1.,1.,1.,1.,-22.9939262461266,                    2437P   5538
13.0669872981078,-29.75,-22.9939262461266,12.9797208355081,         2437P   5539
-29.5988500529805,-22.9939262461267,12.808507521415,-29.5,          2437P   5540
-22.9939262461267,12.6339745962156,-29.5,-23.2589710556117,         2437P   5541
13.0669872981078,-29.75,-23.2551618700693,12.9797212411725,         2437P   5542
-29.5988500529805,-23.2476882472754,12.8085067100861,-29.5,         2437P   5543
-23.2400698761906,12.6339745962156,-29.5,-23.5239332776336,         2437P   5544
13.0496408664739,-29.75,-23.5163313692542,12.9626226640909,         2437P   5545
-29.5988500529805,-23.5014167291081,12.7918964325066,-29.5,         2437P   5546
-23.4862129123493,12.6178600277406,-29.5,-24.0495049691732,         2437P   5547
12.9805092888099,-29.75,-24.0343457547399,12.8944852301513,         2437P   5548
-29.5988500529805,-24.0046039670273,12.7257090364251,-29.5,         2437P   5549
-23.9742855381609,12.5536609191079,-29.5,-24.3099287886663,         2437P   5550
12.9287491677813,-29.75,-24.2910419173651,12.8434662213749,         2437P   5551
-29.5988500529805,-24.2539865093814,12.6761436064069,-29.5,         2437P   5552
-24.2162127667789,12.5055777135942,-29.5,-24.6939399628834,         2437P   5553
12.8259525507247,-29.75,-24.6695344677906,12.7421465587198,         2437P   5554
-29.5988500529805,-24.6216519353081,12.5777228129251,-29.5,         2437P   5555
-24.5728409451225,12.4101108289152,-29.5,-24.8208033802258,         2437P   5556
12.7875031123689,-29.75,-24.7945764107508,12.7042491887919,         2437P   5557
-29.5988500529805,-24.7431202556423,12.540908429703,-29.5,          2437P   5558
-24.6906663166923,12.374400582549,-29.5,-25.1972411074669,          2437P   5559
12.6598210501107,-29.75,-25.1656027796954,12.5784028192215,         2437P   5560
-29.5988500529805,-25.1035294696589,12.4186629900419,-29.5,         2437P   5561
-25.040252814116,12.2558265282636,-29.5,-25.4425454750276,          2437P   5562
12.5583025420879,-29.75,-25.4073953242279,12.478337652572,          2437P   5563
-29.5988500529805,-25.3384319534606,12.3214491909171,               2437P   5564
-29.5000000000001,-25.2681316518612,12.1615194118853,               2437P   5565
-29.5000000000001,-25.7991002273569,12.3826324942597,               2437P   5566
-29.7500000000001,-25.7588232665353,12.3051932404387,               2437P   5567
-29.5988500529805,-25.6798016038707,12.1532607400537,               2437P   5568
-29.5000000000001,-25.5992476822276,11.9983822324116,               2437P   5569
-29.5000000000001,-25.9160118975721,12.3201964672688,-29.75,        2437P   5570
-25.8740555717401,12.2436540654943,-29.5988500529805,               2437P   5571
-25.7917391087211,12.093481116979,-29.5000000000001,                2437P   5572
-25.707826457057,11.9403963134301,-29.5000000000001,                2437P   5573
-26.2602597921574,12.121605919601,-29.75,-26.2133529522284,         2437P   5574
12.0479196611602,-29.5988500529805,-26.1213233505076,               2437P   5575
11.9033497221318,-29.5,-26.0275096706497,11.7559772052502,-29.5,    2437P   5576
-26.4810150607757,11.9742330367925,-29.75,-26.4309463170975,        2437P   5577
11.9026575649945,-29.5988500529805,-26.3327131858106,               2437P   5578
11.7622289145937,-29.5,-26.2325756984542,11.6190779709978,-29.5,    2437P   5579
-26.796399279967,11.7324523297442,-29.75,-26.7417932201314,         2437P   5580
11.6643549597658,-29.5988500529805,-26.6346584929033,               2437P   5581
11.5307508612696,-29.5,-26.5254463732321,11.3945561213127,-29.5,    2437P   5582
-26.8988659893457,11.6484334323621,-29.75,-26.8427872527407,        2437P   5583
11.5815435957272,-29.5988500529805,-26.7327632328773,               2437P   5584
11.450308594073,-29.5,-26.6206057596673,11.3165289208031,-29.5,     2437P   5585
-27.1976992533481,11.3865778886369,-29.75,-27.1373207883827,        2437P   5586
11.3234560522454,-29.5988500529805,-27.0188603293544,               2437P   5587
11.1996131745471,-29.5,-26.8981033994236,11.0733695017643,-29.5,    2437P   5588
-27.3854230660981,11.1990209516597,-29.75,-27.3223542343523,        2437P   5589
11.1385870216698,-29.5988500529805,-27.1986153819397,               2437P   5590
11.0200177153741,-29.5,-27.0724777184481,10.8991498553944,-29.5,    2437P   5591
-27.6475178932409,10.9004329780931,-29.75,-27.5806761367812,        2437P   5592
10.8442969329068,-29.5988500529805,-27.4495355099201,               2437P   5593
10.734160454017,-29.5,-27.3158519970007,10.6218883636444,-29.5,     2437P   5594
-27.7316037319019,10.7980634627941,-29.75,-27.6635527619073,        2437P   5595
10.7433995547336,-29.5988500529805,-27.5300397383878,               2437P   5596
10.6361513082017,-29.5,-27.3939377983987,10.5268234920807,-29.5,    2437P   5597
-27.9735472279662,10.4830138829311,-29.75,-27.902013113199,         2437P   5598
10.4328859888959,-29.5988500529805,-27.7616656613541,               2437P   5599
10.3345367933019,-29.5,-27.6185974318196,10.2342810052315,-29.5,    2437P   5600
-28.121030667904,10.2624855430975,-29.75,-28.0473816501924,         2437P   5601
10.2155199301407,-29.5988500529805,-27.9028848410642,               2437P   5602
10.1233750076845,-29.5,-27.7555868056409,10.0294437817709,-29.5,    2437P   5603
-28.3197717753834,9.91857375974381,-29.75,-28.243260171015,         2437P   5604
9.87656122936704,-29.5988500529805,-28.0931477270566,               2437P   5605
9.7941344842398,-29.5,-27.9401245183198,9.71010942348626,-29.5,     2437P   5606
-28.3822487819338,9.8017894635738,-29.75,-28.3048382257037,         2437P   5607
9.76145727696562,-29.5988500529805,-28.1529620974885,               2437P   5608
9.68232725188029,-29.5,-27.9981409850282,9.60166287866394,-29.5,    2437P   5609
-28.5580165288887,9.4456547039018,-29.75,-28.4780742772452,         2437P   5610
9.41045269793208,-29.5988500529805,-28.3212303563436,               2437P   5611
9.34138758695114,-29.5,-28.1613458530567,9.27098357501171,-29.5,    2437P   5612
-28.6595988503496,9.20063131558734,-29.75,-28.5781991888841,        2437P   5613
9.16894459002975,-29.5988500529805,-28.4184958864649,               2437P   5614
9.10677632118021,-29.5,-28.2556965635338,9.04340287006502,-29.5,    2437P   5615
-28.787360258062,8.82461491273966,-29.75,-28.7041194700411,         2437P   5616
8.79834608273871,-29.5988500529805,-28.5408046647763,               2437P   5617
8.74680779855954,-29.5,-28.3743230887344,8.69427013855765,-29.5,    2437P   5618
-28.8258313296524,8.69790341467203,-29.75,-28.7420367693681,        2437P   5619
8.67345852415001,-29.5988500529805,-28.5776354989113,               2437P   5620
8.62549868629642,-29.5,-28.4100463783427,8.57660890525238,-29.5,    2437P   5621
-28.9286793630439,8.31436450884317,-29.75,-28.8434029504214,        2437P   5622
8.2954466411079,-29.5988500529805,-28.6760935946723,                2437P   5623
8.25833044759429,-29.5,-28.5055407694272,8.22049471212376,-29.5,    2437P   5624
-28.9804635556301,8.05425924277925,-29.75,-28.8944439435955,        2437P   5625
8.03907427351894,-29.5988500529805,-28.7256764590712,               2437P   5626
8.00928188045377,-29.5,-28.5536372350019,7.97891194193315,-29.5,    2437P   5627
-29.0323466115767,7.66058443587764,-29.75,-28.945578991317,         2437P   5628
7.65107331219625,-29.5988500529805,-28.7753446983745,               2437P   5629
7.63241292328873,-29.5,-28.6018094578551,7.61339067592595,-29.5,    2437P   5630
-29.0453363228818,7.52881273319443,-29.75,-28.9583816799209,        2437P   5631
7.52119881523689,-29.5988500529805,-28.7877804607024,               2437P   5632
7.50626061575268,-29.5,-28.6138711747807,7.49103277983761,-29.5,    2437P   5633
-29.0713183499321,7.13259862526438,-29.75,-28.9839894640339,        2437P   5634
7.13069541447988,-29.5988500529805,-28.8126532287117,               2437P   5635
7.12696139054688,-29.5,-28.6379954569153,7.12315496897787,-29.5,    2437P   5636
-29.0713183499583,6.86740138200421,-29.75,-28.983989464028,         2437P   5637
6.86930459242743,-29.5988500529805,-28.8126532288001,               2437P   5638
6.87303861692595,-29.5,-28.6379954569395,6.87684503777239,-29.5,    2437P   5639
-29.0453363227955,6.47118726716961,-29.75,-28.9583816798456,        2437P   5640
6.47880118520436,-29.5988500529805,-28.7877804606003,               2437P   5641
6.49373938443064,-29.5,-28.6138711747005,6.50896722050014,-29.5,    2437P   5642
-29.0323466115845,6.3394155650275,-29.75,-28.9455789913008,         2437P   5643
6.34892668855077,-29.5988500529805,-28.7753446984296,               2437P   5644
6.36758707786896,-29.5,-28.6018094578624,6.38660932491551,-29.5,    2437P   5645
-28.9804635521193,5.9457407403365,-29.75,-28.8944439401535,         2437P   5646
5.96092571005362,-29.5988500529805,-28.7256764556732,               2437P   5647
5.99071810295318,-29.5,-28.5536372317415,6.02108804238742,-29.5,    2437P   5648
-28.9286793576265,5.68563547445846,-29.75,-28.843402945113,         2437P   5649
5.7045533426329,-29.5988500529805,-28.6760935894231,                2437P   5650
5.74166953602097,-29.5,-28.5055407643963,5.77950527236986,-29.5,    2437P   5651
-28.8258313274797,5.30209658538719,-29.75,-28.7420367671591,        2437P   5652
5.32654147576067,-29.5988500529805,-28.5776354969661,               2437P   5653
5.37450131405577,-29.5,-28.4100463763249,5.42339109480273,-29.5,    2437P   5654
-28.7873602559686,5.17538508732977,-29.75,-28.7041194679619,        2437P   5655
5.2016539173926,-29.5988500529805,-28.5408046628036,                2437P   5656
5.25319220138062,-29.5,-28.3743230867901,5.30572986150629,-29.5,    2437P   5657
-28.6595988497621,4.79936868841779,-29.75,-28.5781991882035,        2437P   5658
4.83105541366825,-29.5988500529805,-28.4184958861054,               2437P   5659
4.89322368315368,-29.5,-28.2556965629882,4.9565971336546,-29.5,     2437P   5660
-28.5580165307671,4.55434530624064,-29.75,-28.4780742789337,        2437P   5661
4.5895473118378,-29.5988500529805,-28.3212303584683,                2437P   5662
4.65861242321453,-29.5,-28.1613458548015,4.72901643440885,-29.5,    2437P   5663
-28.3822487798824,4.19821053787215,-29.75,-28.3048382237,           2437P   5664
4.23854272456587,-29.5988500529805,-28.1529620954868,               2437P   5665
4.31767274929007,-29.5,-27.998140983122,4.3983371226775,-29.5,      2437P   5666
-28.3197717737984,4.08142624263368,-29.75,-28.2432601693428,        2437P   5667
4.12343877286454,-29.5988500529805,-28.0931477257587,               2437P   5668
4.20586551825996,-29.5,-27.9401245168474,4.28989057872167,-29.5,    2437P   5669
-28.1210306554793,3.7375144431659,-29.75,-28.0473816380144,         2437P   5670
3.78448005653264,-29.5988500529805,-27.9028848290313,               2437P   5671
3.87662497873795,-29.5,-27.7555867941015,3.97055620547144,-29.5,    2437P   5672
-27.973547213264,3.5169861039965,-29.75,-27.9020130987614,          2437P   5673
3.56711399838883,-29.5988500529805,-27.7616656471704,               2437P   5674
3.6654631938431,-29.5,-27.6185974181651,3.76571898262777,-29.5,     2437P   5675
-27.7316037257641,3.20193653766348,-29.75,-27.6635527556825,        2437P   5676
3.25660044560493,-29.5988500529805,-27.5300397328613,               2437P   5677
3.36384869246124,-29.5,-27.3939377926981,3.47317650834416,-29.5,    2437P   5678
-27.6475178874902,3.09956702273903,-29.75,-27.5806761310587,        2437P   5679
3.15570306796787,-29.5988500529805,-27.4495355045221,               2437P   5680
3.26583954667012,-29.5,-27.3158519916592,3.3781116371278,-29.5,     2437P   5681
-27.3854230609816,2.80097905026175,-29.75,-27.3223542290587,        2437P   5682
2.86141298003106,-29.5988500529805,-27.1986153775413,               2437P   5683
2.97998228685083,-29.5,-27.0724777136955,3.10085014638944,-29.5,    2437P   5684
-27.1976992559585,2.61342212176425,-29.75,-27.1373207906209,        2437P   5685
2.67654395783073,-29.5988500529805,-27.0188603325232,               2437P   5686
2.80038683576316,-29.5,-26.8981034018481,2.92663050789612,-29.5,    2437P   5687
-26.8988659831329,2.35156657018529,-29.75,-26.8427872466208,        2437P   5688
2.41845640689721,-29.5988500529805,-26.73276322692,                 2437P   5689
2.54969140813804,-29.5,-26.6206057538958,2.68347108156187,-29.5,    2437P   5690
-26.7963992745006,2.26754767358731,-29.75,-26.7417932145165,        2437P   5691
2.33564504345341,-29.5988500529805,-26.6346584881233,               2437P   5692
2.46924914204935,-29.5,-26.5254463681551,2.60544388178155,-29.5,    2437P   5693
-26.4810150370222,2.02576695468873,-29.75,-26.4309462937483,        2437P   5694
2.0973424267874,-29.5988500529805,-26.3327131629389,                2437P   5695
2.2377710768917,-29.5,-26.2325756763911,2.38092202108904,-29.5,     2437P   5696
-26.2602597652176,1.87839407336173,-29.75,-26.213352925662,         2437P   5697
1.95208033202343,-29.5988500529805,-26.1213233247384,               2437P   5698
2.09665027088938,-29.5,-26.027509645627,2.24402278821277,-29.5,     2437P   5699
-25.9160118811535,1.67980353389867,-29.75,-25.8740555551961,        2437P   5700
1.7563459355988,-29.5988500529805,-25.7917390937224,                2437P   5701
1.90651888425385,-29.5,-25.7078264418076,2.05960368765412,-29.5,    2437P   5702
-25.7991002104408,1.61736750672423,-29.75,-25.7588232496969,        2437P   5703
1.69480676058931,-29.5988500529805,-25.6798015880034,               2437P   5704
1.84673926077157,-29.5,-25.5992476665155,2.00161776850172,-29.5,    2437P   5705
-25.4425454610247,1.44169746107823,-29.75,-25.4073953098669,        2437P   5706
1.52166235040978,-29.5988500529805,-25.3384319411701,               2437P   5707
1.67855081239153,-29.5,-25.2681316388545,1.83848059105464,-29.5,    2437P   5708
-25.1972410863788,1.34017895134629,-29.75,-25.1656027583809,        2437P   5709
1.42159718217988,-29.5988500529805,-25.1035294505263,               2437P   5710
1.58133701142267,-29.5,-25.0402527945306,1.74417347308986,-29.5,    2437P   5711
-24.8208033449871,1.21249688512215,-29.75,-24.7945763756299,        2437P   5712
1.29575080872333,-29.5988500529805,-24.7431202226771,               2437P   5713
1.45909156791808,-29.5,-24.6906662839626,1.62559941512044,-29.5,    2437P   5714
-24.6939399207245,1.17404744504263,-29.75,-24.6695344255867,        2437P   5715
1.25785343706221,-29.5988500529805,-24.6216518962423,               2437P   5716
1.42227718311449,-29.5,-24.5728409059666,1.58988916715364,-29.5,    2437P   5717
-24.3099287048449,1.07125081912936,-29.75,-24.2910418346704,        2437P   5718
1.15653376576139,-29.5988500529805,-24.2539864292793,               2437P   5719
1.32385638098524,-29.5,-24.2162126889302,1.49442227424931,-29.5,    2437P   5720
-24.0495049714377,1.01949071954068,-29.75,-24.0343457559162,        2437P   5721
1.10551477802311,-29.5988500529805,-24.0046039713013,               2437P   5722
1.27429097168241,-29.5,-23.9742855402584,1.44633908864727,-29.5,    2437P   5723
-23.523933279806,0.950359136453698,-29.75,-23.5163313714894,        2437P   5724
1.03737733883962,-29.5988500529805,-23.501416731001,                2437P   5725
1.20810357020649,-29.5,-23.4862129143677,1.38213997497834,-29.5,    2437P   5726
-23.2589710430141,0.933012701892223,-29.75,-23.2551618543261,       2437P   5727
1.02027875867236,-29.5988500529805,-23.2476882418673,               2437P   5728
1.19149329022416,-29.5,-23.2400698644912,1.36602540378444,-29.5,    2437P   5729
-22.9939262461267,0.933012701892222,-29.75,-22.9939262461267,       2437P   5730
1.02027916449194,-29.5988500529805,-22.9939262461267,               2437P   5731
1.19149247858501,-29.5,-22.9939262461267,1.36602540378444,-29.5,    2437P   5732
0.,1.,0.,1.77092098500547;                                          2437P   5733
128,1,2,1,2,0,0,0,0,0,-52.9939262461267,-52.9939262461267,          2439P   5734
38.9817787384183,38.9817787384183,-0.523598775598308,               2439P   5735
-0.523598775598308,-0.523598775598308,0.523598775598316,            2439P   5736
0.523598775598316,0.523598775598316,1.,1.,0.866025403784432,        2439P   5737
0.866025403784432,1.,1.,-22.9939262461267,1.36602540378445,         2439P   5738
-29.5,22.9939262461458,1.36602540378445,-29.5,-22.9939262461267,    2439P   5739
1.07735026918963,-29.5,22.9939262461458,1.07735026918963,-29.5,     2439P   5740
-22.9939262461267,0.933012701892222,-29.75,22.9939262461458,        2439P   5741
0.933012701892222,-29.75,-52.9939262461267,38.9817787384183,        2439P   5742
-0.523598775598308,0.523598775598316;                               2439P   5743
128,3,63,3,3,0,0,1,0,0,0.,0.,0.,0.,1.,1.,1.,1.,0.,0.,0.,0.,         2441P   5744
0.073843089017273,0.073843089017273,0.147682970761495,              2441P   5745
0.147682970761495,0.18459859880155,0.18459859880155,                2441P   5746
0.25842748616877,0.25842748616877,0.295335401973778,                2441P   5747
0.295335401973778,0.369146491381435,0.369146491381435,              2441P   5748
0.406044450446835,0.406044450446835,0.479834476858924,              2441P   5749
0.479834476858924,0.516721662900757,0.516721662900757,              2441P   5750
0.590490583823629,0.590490583823629,0.627367814379418,              2441P   5751
0.627367814379418,0.701118864397181,0.701118864397181,              2441P   5752
0.737988473374782,0.737988473374782,0.811727555338641,              2441P   5753
0.811727555338641,0.848593038914396,0.848593038914396,              2441P   5754
0.922327937624495,0.922327937624495,0.959193421151204,              2441P   5755
0.959193421151204,1.03293250313732,1.03293250313732,                2441P   5756
1.0698021121656,1.0698021121656,1.14355316199545,                   2441P   5757
1.14355316199545,1.18043039250345,1.18043039250345,                 2441P   5758
1.25419931349439,1.25419931349439,1.29108649958899,                 2441P   5759
1.29108649958899,1.36487652563102,1.36487652563102,                 2441P   5760
1.4017744846498,1.4017744846498,1.47558557417427,                   2441P   5761
1.47558557417427,1.51249349003443,1.51249349003443,                 2441P   5762
1.58632237619262,1.58632237619262,1.62323800418191,                 2441P   5763
1.62323800418191,1.69707789949417,1.69707789949417,                 2441P   5764
1.77092098500162,1.77092098500162,1.77092098500162,                 2441P   5765
1.77092098500162,1.,1.,1.,1.,1.,1.,1.,1.,1.,1.,1.,1.,1.,1.,1.,      2441P   5766
1.,1.,1.,1.,1.,1.,1.,1.,1.,1.,1.,1.,1.,1.,1.,1.,1.,1.,1.,1.,1.,     2441P   5767
1.,1.,1.,1.,1.,1.,1.,1.,1.,1.,1.,1.,1.,1.,1.,1.,1.,1.,1.,1.,1.,     2441P   5768
1.,1.,1.,1.,1.,1.,1.,1.,1.,1.,1.,1.,1.,1.,1.,1.,1.,1.,1.,1.,1.,     2441P   5769
1.,1.,1.,1.,1.,1.,1.,1.,1.,1.,1.,1.,1.,1.,1.,1.,1.,1.,1.,1.,1.,     2441P   5770
1.,1.,1.,1.,1.,1.,1.,1.,1.,1.,1.,1.,1.,1.,1.,1.,1.,1.,1.,1.,1.,     2441P   5771
1.,1.,1.,1.,1.,1.,1.,1.,1.,1.,1.,1.,1.,1.,1.,1.,1.,1.,1.,1.,1.,     2441P   5772
1.,1.,1.,1.,1.,1.,1.,1.,1.,1.,1.,1.,1.,1.,1.,1.,1.,1.,1.,1.,1.,     2441P   5773
1.,1.,1.,1.,1.,1.,1.,1.,1.,1.,1.,1.,1.,1.,1.,1.,1.,1.,1.,1.,1.,     2441P   5774
1.,1.,1.,1.,1.,1.,1.,1.,1.,1.,1.,1.,1.,1.,1.,1.,1.,1.,1.,1.,1.,     2441P   5775
1.,1.,1.,1.,1.,1.,1.,1.,1.,1.,1.,1.,1.,1.,1.,1.,1.,1.,1.,1.,1.,     2441P   5776
1.,1.,1.,1.,1.,1.,1.,1.,1.,1.,1.,1.,1.,1.,1.,1.,1.,1.,1.,1.,1.,     2441P   5777
1.,1.,1.,1.,1.,1.,1.,1.,1.,1.,22.9939262461458,                     2441P   5778
0.933012701892222,-29.75,22.9939262461458,1.02027916449194,         2441P   5779
-29.5988500529805,22.9939262461458,1.19149247858501,-29.5,          2441P   5780
22.9939262461458,1.36602540378444,-29.5,23.2589710556272,           2441P   5781
0.933012701892223,-29.75,23.2551618700843,1.02027875882748,         2441P   5782
-29.5988500529805,23.2476882472891,1.19149328991393,-29.5,          2441P   5783
23.2400698762034,1.36602540378444,-29.5,23.5239332776305,           2441P   5784
0.950359133525832,-29.75,23.516331369251,1.03737733590878,          2441P   5785
-29.5988500529805,23.5014167291054,1.2081035674932,-29.5,           2441P   5786
23.4862129123464,1.38213997225909,-29.5,24.049504969156,            2441P   5787
1.01949071118635,-29.75,24.0343457547231,1.10551476984505,          2441P   5788
-29.5988500529805,24.0046039670106,1.27429096357115,-29.5,          2441P   5789
23.9742855381447,1.44633908088855,-29.5,24.3099287886768,           2441P   5790
1.0712508322204,-29.75,24.291041917375,1.15653377862666,            2441P   5791
-29.5988500529805,24.2539865093919,1.32385639359471,-29.5,          2441P   5792
24.2162127667884,1.49442228640722,-29.5,24.6939399628923,           2441P   5793
1.17404744927739,-29.75,24.6695344677996,1.25785344128232,          2441P   5794
-29.5988500529805,24.621651935316,1.42227718707675,-29.5,           2441P   5795
24.5728409451306,1.5898891710866,-29.5,24.8208033802228,            2441P   5796
1.21249688762935,-29.75,24.7945764107477,1.29575081120632,          2441P   5797
-29.5988500529805,24.743120255639,1.45909157029512,-29.5,           2441P   5798
24.6906663166889,1.62559941744907,-29.5,25.1972411074694,           2441P   5799
1.34017894988929,-29.75,25.1656027796982,1.42159718077855,          2441P   5800
-29.5988500529805,25.1035294696612,1.5813370099579,-29.5,           2441P   5801
25.0402528141188,1.74417347173642,-29.5,25.442545475036,            2441P   5802
1.44169745791329,-29.75,25.4073953242361,1.52166234742915,          2441P   5803
-29.5988500529805,25.3384319534683,1.67855080908371,-29.5,          2441P   5804
25.2681316518685,1.83848058811543,-29.5,25.799100227393,            2441P   5805
1.61736750575657,-29.75,25.7588232665712,1.6948067595775,           2441P   5806
-29.5988500529805,25.6798016039047,1.84673925996154,-29.5,          2441P   5807
25.5992476822612,2.0016177676034,-29.5,25.9160118976096,            2441P   5808
1.6798035327489,-29.75,25.8740555717773,1.75634593452326,           2441P   5809
-29.5988500529805,25.7917391087561,1.9065188830374,-29.5,           2441P   5810
25.7078264570916,2.05960368658613,-29.5,26.26025979216,             2441P   5811
1.87839408039718,-29.75,26.2133529522307,1.95208033883784,          2441P   5812
-29.5988500529805,26.1213233505104,2.09665027786663,-29.5,          2441P   5813
26.0275096706519,2.24402279474794,-29.5,26.4810150607564,           2441P   5814
2.02576696319271,-29.75,26.430946317079,2.09734243499117,           2441P   5815
-29.5988500529805,26.3327131857899,2.23777108539047,-29.5,          2441P   5816
26.2325756984352,2.3809220289874,-29.5,26.7963992798957,            2441P   5817
2.26754767019548,-29.75,26.7417932200604,2.3356450401742,           2441P   5818
-29.5988500529805,26.6346584928371,2.46924913867414,-29.5,          2441P   5819
26.5254463731665,2.60544387863157,-29.5,26.8988659892436,           2441P   5820
2.35156656755058,-29.75,26.8427872526394,2.41845640418618,          2441P   5821
-29.5988500529805,26.732763232781,2.54969140584465,-29.5,           2441P   5822
26.6206057595727,2.68347107911586,-29.5,27.197699253363,            2441P   5823
2.61342211137308,-29.75,27.1373207883977,2.67654394776471,          2441P   5824
-29.5988500529805,27.018860329368,2.80038682546162,-29.5,           2441P   5825
26.8981033994375,2.92663049824487,-29.5,27.3854230661141,           2441P   5826
2.8009790483529,-29.75,27.3223542343682,2.86141297834269,           2441P   5827
-29.5988500529805,27.1986153819544,2.97998228463715,-29.5,          2441P   5828
27.0724777184626,3.10085014461674,-29.5,27.6475178932836,           2441P   5829
3.09956702195305,-29.75,27.5806761368236,3.15570306713907,          2441P   5830
-29.5988500529805,27.4495355099608,3.2658395460268,-29.5,           2441P   5831
27.3158519970409,3.37811163639884,-29.5,27.7316037319362,           2441P   5832
3.20193653724232,-29.75,27.6635527619416,3.25660044530275,          2441P   5833
-29.5988500529805,27.5300397384202,3.36384869183249,-29.5,          2441P   5834
27.3939377984309,3.47317650795337,-29.5,27.9735472279797,           2441P   5835
3.51698611708015,-29.75,27.9020131132123,3.5671140111151,           2441P   5836
-29.5988500529805,27.7616656613669,3.66546320670897,-29.5,          2441P   5837
27.6185974318322,3.76571899477887,-29.5,28.1210306679025,           2441P   5838
3.73751445688489,-29.7500000000001,28.0473816501913,                2441P   5839
3.7844800698426,-29.5988500529805,27.9028848410614,                 2441P   5840
3.87662499229666,-29.5,27.7555868056392,3.97055621821208,-29.5,     2441P   5841
28.3197717754046,4.08142624027622,-29.75,28.2432601710359,          2441P   5842
4.12343877065254,-29.5988500529805,28.0931477270771,                2441P   5843
4.20586551578003,-29.5,27.9401245183397,4.28989057653267,-29.5,     2441P   5844
28.382248781972,4.1982105364804,-29.7500000000001,                  2441P   5845
28.3048382257417,4.23854272308825,-29.5988500529805,                2441P   5846
28.1529620975245,4.3176727481708,-29.5,27.9981409850638,            2441P   5847
4.39833712138651,-29.5,28.55801652889,4.5543452960798,              2441P   5848
-29.7500000000001,28.4780742772463,4.58954730204902,                2441P   5849
-29.5988500529805,28.3212303563455,4.65861241303286,-29.5,          2441P   5850
28.1613458530581,4.7290164249713,-29.5,28.6595988503342,            2441P   5851
4.79936868435129,-29.75,28.578199188869,4.83105540990965,           2441P   5852
-29.5988500529805,28.41849588645,4.89322367876146,-29.5,            2441P   5853
28.2556965635197,4.95659712987817,-29.5,28.7873602580256,           2441P   5854
5.1753850871175,-29.7500000000001,28.7041194700048,                 2441P   5855
5.20165391711906,-29.5988500529805,28.5408046647424,                2441P   5856
5.25319220130663,-29.5,28.3743230887008,5.30572986130975,-29.5,     2441P   5857
28.8258313296232,5.30209658520736,-29.7500000000001,                2441P   5858
28.742036769339,5.32654147572958,-29.5988500529805,                 2441P   5859
28.577635498884,5.37450131359118,-29.5,28.4100463783157,            2441P   5860
5.42339109463561,-29.5,28.9286793630348,5.68563549108791,           2441P   5861
-29.7500000000001,28.8434029504123,5.70455335882418,                2441P   5862
-29.5988500529805,28.6760935946638,5.74166955233956,-29.5,          2441P   5863
28.5055407694188,5.77950528781208,-29.5,28.9804635556348,           2441P   5864
5.94574075725815,-29.7500000000001,28.8944439435998,                2441P   5865
5.9609257265157,-29.5988500529805,28.7256764590763,                 2441P   5866
5.99071811958649,-29.5000000000001,28.5536372350064,                2441P   5867
6.02108805810159,-29.5000000000001,29.0323466115599,                2441P   5868
6.33941556398508,-29.7500000000001,28.9455789913004,                2441P   5869
6.3489266876682,-29.5988500529806,28.7753446983586,                 2441P   5870
6.36758707658,-29.5000000000001,28.6018094578396,                   2441P   5871
6.38660932394624,-29.5000000000001,29.0453363228559,                2441P   5872
6.47118726652114,-29.7500000000001,28.9583816798952,                2441P   5873
6.47880118448079,-29.5988500529806,28.787780460678,                 2441P   5874
6.49373938397814,-29.5000000000001,28.6138711747567,                2441P   5875
6.50896721989745,-29.5000000000001,29.0713183499348,                2441P   5876
6.86740137479507,-29.7500000000001,28.9839894640366,                2441P   5877
6.86930458557991,-29.5988500529806,28.8126532287146,                2441P   5878
6.87303860950915,-29.5000000000001,28.637995456918,                 2441P   5879
6.87684503107883,-29.5000000000001,29.0713183499608,                2441P   5880
7.13259861807483,-29.75,28.9839894640305,7.13069540765239,          2441P   5881
-29.5988500529805,28.8126532288025,7.12696138314519,-29.5,          2441P   5882
28.637995456942,7.12315496230031,-29.5,29.0453363227921,            2441P   5883
7.5288127329337,-29.75,28.9583816798422,7.52119881489834,           2441P   5884
-29.5988500529805,28.7877804605971,7.50626061566764,-29.5,          2441P   5885
28.6138711746973,7.49103277959692,-29.5,29.032346611579,            2441P   5886
7.66058443508713,-29.75,28.9455789912954,7.65107331156357,          2441P   5887
-29.5988500529805,28.7753446984245,7.63241292223881,-29.5,          2441P   5888
28.6018094578573,7.61339067519169,-29.5,28.9804635521243,           2441P   5889
8.05425925969074,-29.75,28.8944439401585,8.03907428997335,          2441P   5890
-29.5988500529805,28.7256764556777,8.00928189707317,-29.5,          2441P   5891
28.5536372317462,7.97891195763838,-29.5,28.9286793576453,           2441P   5892
8.31436452549226,-29.75,28.8434029451313,8.29544665732075,          2441P   5893
-29.5988500529805,28.6760935894418,8.258330463928,-29.5,            2441P   5894
28.5055407644137,8.22049472758498,-29.5,28.8258313275142,           2441P   5895
8.69790341453232,-29.75,28.7420367671935,8.67345852415873,          2441P   5896
-29.5988500529805,28.5776354969982,8.62549868587023,-29.5,          2441P   5897
28.4100463763569,8.57660890512306,-29.5,28.7873602560133,           2441P   5898
8.82461491255642,-29.75,28.7041194680062,8.79834608249502,          2441P   5899
-29.5988500529805,28.5408046628459,8.74680779851152,-29.5,          2441P   5900
28.3743230868315,8.69427013838873,-29.5,28.6595988497595,           2441P   5901
9.20063131161619,-29.75,28.578199188201,9.16894458636491,           2441P   5902
-29.5988500529805,28.4184958861028,9.10677631687937,-29.5,          2441P   5903
28.255696562986,9.04340286637682,-29.5,28.558016530767,             2441P   5904
9.44565469377502,-29.75,28.4780742789335,9.41045268817849,          2441P   5905
-29.5988500529805,28.3212303584679,9.34138757680057,-29.5,          2441P   5906
28.1613458548008,9.2709835656075,-29.5,28.3822487798758,            2441P   5907
9.80178946215399,-29.75,28.3048382236934,9.76145727545998,          2441P   5908
-29.5988500529805,28.1529620954814,9.68232725073338,-29.5,          2441P   5909
27.9981409831168,9.60166287734534,-29.5,28.3197717737944,           2441P   5910
9.91857375738669,-29.75,28.2432601693388,9.87656122715586,          2441P   5911
-29.5988500529805,28.0931477257556,9.79413448175813,-29.5,          2441P   5912
27.9401245168444,9.71010942129648,-29.5,28.1210306554789,           2441P   5913
10.2624855568464,-29.75,28.0473816380139,10.2155199434797,          2441P   5914
-29.5988500529805,27.9028848290314,10.1233750212731,-29.5,          2441P   5915
27.7555867941015,10.0294437945397,-29.5,27.9735472132613,           2441P   5916
10.4830138960168,-29.75,27.9020130987587,10.4328860016244,          2441P   5917
-29.5988500529805,27.7616656471685,10.3345368061685,-29.5,          2441P   5918
27.6185974181633,10.2342810173839,-29.5,27.7316037257619,           2441P   5919
10.7980634623475,-29.75,27.6635527556803,10.7433995544061,          2441P   5920
-29.5988500529805,27.5300397328597,10.6361513075486,-29.5,          2441P   5921
27.3939377926964,10.5268234916657,-29.5,27.6475178874882,           2441P   5922
10.9004329772714,-29.75,27.5806761310567,10.8442969320426,          2441P   5923
-29.5988500529805,27.4495355045208,10.7341604533391,-29.5,          2441P   5924
27.3158519916578,10.6218883628815,-29.5,27.3854230609797,           2441P   5925
11.1990209497475,-29.75,27.3223542290568,11.1385870199782,          2441P   5926
-29.5988500529805,27.1986153775402,11.0200177131571,-29.5,          2441P   5927
27.0724777136944,10.8991498536185,-29.5,27.1976992559549,           2441P   5928
11.3865778782446,-29.75,27.1373207906174,11.3234560421781,          2441P   5929
-29.5988500529805,27.0188603325222,11.1996131642431,-29.5,          2441P   5930
26.8981034018471,11.0733694921101,-29.5,26.898865983133,            2441P   5931
11.6484334298194,-29.75,26.842787246621,11.5815435931075,           2441P   5932
-29.5988500529805,26.7327632269192,11.4503085918672,-29.5,          2441P   5933
26.620605753895,11.3165289184434,-29.5,26.7963992744999,            2441P   5934
11.732452326418,-29.75,26.7417932145158,11.6643549565518,           2441P   5935
-29.5988500529805,26.6346584881225,11.5307508579557,-29.5,          2441P   5936
26.5254463681544,11.3945561182235,-29.5,26.4810150370218,           2441P   5937
11.9742330453156,-29.75,26.4309462937479,11.9026575732169,          2441P   5938
-29.5988500529805,26.3327131629382,11.7622289231127,-29.5,          2441P   5939
26.2325756763904,11.6190779789154,-29.5,26.2602597652173,           2441P   5940
12.1216059266416,-29.75,26.2133529256616,12.0479196679799,          2441P   5941
-29.5988500529805,26.121323324738,11.9033497291139,-29.5,           2441P   5942
26.0275096456266,11.7559772117905,-29.5,25.916011881153,            2441P   5943
12.3201964661043,-29.7500000000001,25.8740555551956,                2441P   5944
12.2436540644041,-29.5988500529805,25.791739093722,                 2441P   5945
12.093481115749,-29.5,25.7078264418072,11.9403963123487,-29.5,      2441P   5946
25.7991002104403,12.3826324932786,-29.7500000000001,                2441P   5947
25.7588232496964,12.3051932394135,-29.5988500529805,                2441P   5948
25.6798015880029,12.1532607392312,-29.5000000000001,                2441P   5949
25.599247666515,11.998382231501,-29.5000000000001,                  2441P   5950
25.4425454610244,12.5583025389241,-29.75,25.4073953098666,          2441P   5951
12.4783376495926,-29.5988500529805,25.3384319411698,                2441P   5952
12.3214491876108,-29.5,25.2681316388542,12.1615194089477,-29.5,     2441P   5953
25.1972410863778,12.6598210486557,-29.7500000000001,                2441P   5954
25.1656027583799,12.5784028178221,-29.5988500529805,                2441P   5955
25.1035294505263,12.418662988579,-29.5,25.0402527945305,            2441P   5956
12.2558265269118,-29.5,24.8208033449873,12.7875031148792,-29.75,    2441P   5957
24.7945763756301,12.704249191278,-29.5988500529805,                 2441P   5958
24.7431202226768,12.5409084320834,-29.5,24.6906662839623,           2441P   5959
12.374400584881,-29.5,24.6939399207243,12.8259525549588,-29.75,     2441P   5960
24.6695344255864,12.7421465629392,-29.5988500529805,                2441P   5961
24.621651896242,12.5777228168869,-29.5,24.5728409059663,            2441P   5962
12.4101108328477,-29.5,24.3099287048454,12.9287491808716,-29.75,    2441P   5963
24.2910418346709,12.8434662342395,-29.5988500529805,                2441P   5964
24.2539864292792,12.6761436190159,-29.5,24.2162126889301,           2441P   5965
12.5055777257518,-29.5,24.0495049714377,12.9805092804601,-29.75,    2441P   5966
24.0343457559163,12.8944852219777,-29.5988500529805,                2441P   5967
24.0046039713011,12.7257090283184,-29.5,23.9742855402583,           2441P   5968
12.5536609113535,-29.5,23.523933279813,13.0496408635457,-29.75,     2441P   5969
23.5163313714963,12.9626226611598,-29.5988500529805,                2441P   5970
23.5014167310075,12.791896429793,-29.5,23.486212914374,             2441P   5971
12.6178600250212,-29.5,23.2589710430293,13.0669872981078,-29.75,    2441P   5972
23.2551618543408,12.9797212413276,-29.5988500529805,                2441P   5973
23.247688241881,12.8085067097758,-29.5,23.240069864504,             2441P   5974
12.6339745962156,-29.5,22.9939262461458,13.0669872981078,-29.75,    2441P   5975
22.9939262461458,12.9797208355081,-29.5988500529805,                2441P   5976
22.9939262461458,12.808507521415,-29.5,22.9939262461458,            2441P   5977
12.6339745962156,-29.5,0.,1.,0.,1.77092098500162;                   2441P   5978
128,1,2,1,2,0,0,0,0,0,7.00607375385417,7.00607375385417,            2443P   5979
98.9817787383991,98.9817787383991,-0.523598775598301,               2443P   5980
-0.523598775598301,-0.523598775598301,0.52359877559831,             2443P   5981
0.52359877559831,0.52359877559831,1.,1.,0.866025403784435,          2443P   5982
0.866025403784435,1.,1.,22.9939262461458,12.6339745962156,-29.5,    2443P   5983
-22.9939262461267,12.6339745962156,-29.5,22.9939262461458,          2443P   5984
12.9226497308104,-29.5,-22.9939262461267,12.9226497308104,-29.5,    2443P   5985
22.9939262461458,13.0669872981078,-29.75,-22.9939262461267,         2443P   5986
13.0669872981078,-29.75,7.00607375385417,98.9817787383991,          2443P   5987
-0.523598775598301,0.52359877559831;                                2443P   5988
128,1,2,1,2,0,0,0,0,0,7.00607375385413,7.00607375385413,            2445P   5989
98.9817787383991,98.9817787383991,-0.785398163397451,               2445P   5990
-0.785398163397451,-0.785398163397451,0.261799387799162,            2445P   5991
0.261799387799162,0.261799387799162,1.,1.,0.866025403784435,        2445P   5992
0.866025403784435,1.,1.,-22.9939262461267,13.5,-30.,                2445P   5993
22.9939262461458,13.5,-30.,-22.9939262461267,13.2113248654052,      2445P   5994
-30.,22.9939262461458,13.2113248654052,-30.,-22.9939262461267,      2445P   5995
13.0669872981078,-29.75,22.9939262461458,13.0669872981078,          2445P   5996
-29.75,7.00607375385413,98.9817787383991,-0.785398163397451,        2445P   5997
0.261799387799162;                                                  2445P   5998
128,3,63,3,3,0,0,1,0,0,0.333333333333013,0.333333333333013,         2447P   5999
0.333333333333013,0.333333333333013,1.,1.,1.,1.,0.,0.,0.,0.,        2447P   6000
0.0851694138167459,0.0851694138167459,0.170334785002821,            2447P   6001
0.170334785002821,0.212918159132624,0.212918159132624,              2447P   6002
0.298072552041173,0.298072552041173,0.340649843940573,              2447P   6003
0.340649843940573,0.425789426650979,0.425789426650979,              2447P   6004
0.468358552753179,0.468358552753179,0.553480816497513,              2447P   6005
0.553480816497513,0.596041085806164,0.596041085806164,              2447P   6006
0.681145991253869,0.681145991253869,0.723698074994599,              2447P   6007
0.723698074994599,0.808788301667532,0.808788301667532,              2447P   6008
0.851334119098538,0.851334119098538,0.936414500397793,              2447P   6009
0.936414500397793,0.978956926166392,0.978956926166392,              2447P   6010
1.06403387887308,1.06403387887308,1.10657630458474,                 2447P   6011
1.10657630458474,1.19165668590961,1.19165668590961,                 2447P   6012
1.23420250339943,1.23420250339943,1.31929272974075,                 2447P   6013
1.31929272974075,1.3618448134262,1.3618448134262,                   2447P   6014
1.44694971895188,1.44694971895188,1.4895099883215,                  2447P   6015
1.4895099883215,1.5746322514135,1.5746322514135,                    2447P   6016
1.61720137746204,1.61720137746204,1.70234096030525,                 2447P   6017
1.70234096030525,1.74491825226798,1.74491825226798,                 2447P   6018
1.83007264345931,1.83007264345931,1.87265601753025,                 2447P   6019
1.87265601753025,1.95782140891784,1.95782140891784,                 2447P   6020
2.04299081868564,2.04299081868564,2.04299081868564,                 2447P   6021
2.04299081868564,1.,1.,1.,1.,1.,1.,1.,1.,1.,1.,1.,1.,1.,1.,1.,      2447P   6022
1.,1.,1.,1.,1.,1.,1.,1.,1.,1.,1.,1.,1.,1.,1.,1.,1.,1.,1.,1.,1.,     2447P   6023
1.,1.,1.,1.,1.,1.,1.,1.,1.,1.,1.,1.,1.,1.,1.,1.,1.,1.,1.,1.,1.,     2447P   6024
1.,1.,1.,1.,1.,1.,1.,1.,1.,1.,1.,1.,1.,1.,1.,1.,1.,1.,1.,1.,1.,     2447P   6025
1.,1.,1.,1.,1.,1.,1.,1.,1.,1.,1.,1.,1.,1.,1.,1.,1.,1.,1.,1.,1.,     2447P   6026
1.,1.,1.,1.,1.,1.,1.,1.,1.,1.,1.,1.,1.,1.,1.,1.,1.,1.,1.,1.,1.,     2447P   6027
1.,1.,1.,1.,1.,1.,1.,1.,1.,1.,1.,1.,1.,1.,1.,1.,1.,1.,1.,1.,1.,     2447P   6028
1.,1.,1.,1.,1.,1.,1.,1.,1.,1.,1.,1.,1.,1.,1.,1.,1.,1.,1.,1.,1.,     2447P   6029
1.,1.,1.,1.,1.,1.,1.,1.,1.,1.,1.,1.,1.,1.,1.,1.,1.,1.,1.,1.,1.,     2447P   6030
1.,1.,1.,1.,1.,1.,1.,1.,1.,1.,1.,1.,1.,1.,1.,1.,1.,1.,1.,1.,1.,     2447P   6031
1.,1.,1.,1.,1.,1.,1.,1.,1.,1.,1.,1.,1.,1.,1.,1.,1.,1.,1.,1.,1.,     2447P   6032
1.,1.,1.,1.,1.,1.,1.,1.,1.,1.,1.,1.,1.,1.,1.,1.,1.,1.,1.,1.,1.,     2447P   6033
1.,1.,1.,1.,1.,1.,1.,1.,1.,1.,-22.9939262461266,13.5,-30.,          2447P   6034
-22.9939262461266,13.3254670748005,-30.,-22.9939262461266,          2447P   6035
13.1542537607073,-29.9011499470194,-22.9939262461266,               2447P   6036
13.0669872981077,-29.7499999999998,-23.2778242921825,13.5,-30.,     2447P   6037
-23.2702071960241,13.3254677457014,-30.,-23.2627348522094,          2447P   6038
13.1542534252569,-29.9011499470194,-23.2589263041302,               2447P   6039
13.0669872981077,-29.7499999999998,-23.5617216177008,               2447P   6040
13.4814131444601,-30.,-23.5465159801724,13.307376969537,-30.,       2447P   6041
-23.5315995474259,13.1366509730391,-29.9011499470194,               2447P   6042
-23.5239967286617,13.0496328855776,-29.7499999999998,               2447P   6043
-24.1246555239096,13.4073670807672,-30.,-24.0943389393324,          2447P   6044
13.2353186813194,-30.,-24.064598970387,13.0665422962217,            2447P   6045
-29.9011499470194,-24.0494406780984,12.9805180964978,               2447P   6046
-29.7499999999998,-24.4036894974732,13.3519098854308,-30.,          2447P   6047
-24.3659145491868,13.1813442188947,-30.,-24.3288579762584,          2447P   6048
13.0140219934364,-29.9011499470194,-24.3099705021152,               2447P   6049
12.9287391601684,-29.7499999999998,-24.8150351447435,               2447P   6050
13.2417951763982,-30.,-24.7662242622143,13.0741831867267,-30.,      2447P   6051
-24.7183418242232,12.909759402451,-29.9011499470194,                2447P   6052
-24.6939363829586,12.8259534076154,-29.7499999999998,               2447P   6053
-24.9509504847754,13.200602164568,-30.,-24.8984962851899,           2447P   6054
13.0340944184806,-30.,-24.8470398530526,12.8707537525704,           2447P   6055
-29.9011499470194,-24.8208127532598,12.7874998795268,               2447P   6056
-29.7499999999998,-25.3541796004152,13.063833745869,-30.,           2447P   6057
-25.2909042671866,12.9009967613257,-30.,-25.2288322896507,          2447P   6058
12.7412565204881,-29.9011499470194,-25.1971946230364,               2447P   6059
12.6598380282165,-29.7499999999998,-25.6170153860391,               2447P   6060
12.9550594948945,-30.,-25.5467135690667,12.7951303794586,-30.,      2447P   6061
-25.4777487383936,12.6382426780995,-29.9011499470194,               2447P   6062
-25.4425978299074,12.5582781203817,-29.7499999999998,               2447P   6063
-25.9989479957819,12.7668852139529,-30.,-25.9183942101927,          2447P   6064
12.6120066564319,-30.,-25.8393726619529,12.4600740783991,           2447P   6065
-29.9011499470194,-25.7990957691584,12.3826347996387,               2447P   6066
-29.7499999999998,-26.1242053703201,12.6999921118407,-30.,          2447P   6067
-26.0402925160142,12.5469074420181,-30.,-25.9579758225399,          2447P   6068
12.3967346042676,-29.9011499470194,-25.916019395387,                2447P   6069
12.3201922693564,-29.7499999999998,-26.4929673644835,               2447P   6070
12.4872607631005,-30.,-26.3991548071807,12.3398875148126,-30.,      2447P   6071
-26.3071263563102,12.1953169440598,-29.9011499470194,               2447P   6072
-26.2602200776589,12.1216303199159,-29.7499999999998,               2447P   6073
-26.729506581564,12.3293499042492,-30.,-26.6293676780525,           2447P   6074
12.1861999543313,-30.,-26.5311331982687,12.0457723674221,           2447P   6075
-29.9011499470194,-26.481063746513,11.9741973924632,                2447P   6076
-29.7499999999998,-27.0673481361961,12.0703518862374,-30.,          2447P   6077
-26.9581361370327,11.9341570726292,-30.,-26.8510014993438,          2447P   6078
11.8005528696768,-29.9011499470194,-26.7963954997621,               2447P   6079
11.7324554628727,-29.7499999999998,-27.1771333413436,               2447P   6080
11.9803319708259,-30.,-27.0649756931474,11.8465524704553,-30.,      2447P   6081
-26.9549514617626,11.7153176153767,-29.9011499470194,               2447P   6082
-26.8988726376645,11.6484278651914,-29.7499999999998,               2447P   6083
-27.4972591843248,11.699819679538,-30.,-27.3765031950533,           2447P   6084
11.5735750859686,-30.,-27.2580437199201,11.4497313717659,           2447P   6085
-29.9011499470194,-27.1976657252844,11.3866090749812,               2447P   6086
-29.7499999999998,-27.6984124895718,11.4988440686235,-30.,          2447P   6087
-27.5722736212265,11.3779774710127,-30.,-27.4485336403484,          2447P   6088
11.2594094753061,-29.9011499470194,-27.3854642061758,               2447P   6089
11.1989761765007,-29.7499999999998,-27.9791804998844,               2447P   6090
11.1789817081663,-30.,-27.8454970905797,11.0667095221743,-30.,      2447P   6091
-27.7143565280603,10.956572917783,-29.9011499470194,                2447P   6092
-27.647514823408,10.900436824787,-29.7499999999998,                 2447P   6093
-28.0692754874208,11.0692962595472,-30.,-27.9331734099864,          2447P   6094
10.9599686465497,-30.,-27.7996602051112,10.8527205788098,           2447P   6095
-29.9011499470194,-27.731609166394,10.7980567723111,                2447P   6096
-29.7499999999998,-28.3284680563887,10.7317869212955,-30.,          2447P   6097
-28.1854005775297,10.6315300367202,-30.,-28.0450539323339,          2447P   6098
10.5331798138639,-29.9011499470195,-27.9735201929045,               2447P   6099
10.4830513715763,-29.7499999999998,-28.486508033621,                2447P   6100
10.4954723238525,-30.0000000000001,-28.3392090725281,               2447P   6101
10.4015425546924,-30.0000000000001,-28.1947114196965,               2447P   6102
10.3093991172878,-29.9011499470195,-28.1210619391501,               2447P   6103
10.2624342327077,-29.7499999999998,-28.6994164828851,               2447P   6104
10.1270430414514,-30.,-28.5463933608621,10.0430178601516,-30.,      2447P   6105
-28.3962809573872,9.96059096937017,-29.9011499470195,               2447P   6106
-28.3197693963758,9.9185783787203,-29.7499999999998,                2447P   6107
-28.7663607603555,10.0019081866176,-30.,-28.6115395564307,          2447P   6108
9.92124403188703,-30.,-28.4596632871398,9.8421142065956,            2447P   6109
-29.9011499470195,-28.3822526851774,9.80178212923036,               2447P   6110
-29.7499999999998,-28.9546659429637,9.62037230739424,-30.,          2447P   6111
-28.794781981023,9.54996703514583,-30.,-28.6379386678217,           2447P   6112
9.48090071817328,-29.9011499470195,-28.5579966868514,               2447P   6113
9.4456980820491,-29.7499999999998,-29.0635226594909,                2447P   6114
9.35780110740823,-30.,-28.9007227293445,9.29442921829356,-30.,      2447P   6115
-28.7410189038641,9.2322625213393,-29.9011499470194,                2447P   6116
-28.6596189387909,9.200576576782,-29.7499999999998,                 2447P   6117
-29.2003957290654,8.95496555024209,-30.,-29.0339142190851,          2447P   6118
8.90242774157144,-30.,-28.8705994285871,8.85088929103657,           2447P   6119
-29.9011499470195,-28.787358673597,8.82462038670127,                2447P   6120
-29.7499999999998,-29.2416187082964,8.81918995281559,-30.,          2447P   6121
-29.0740295445638,8.77030038940805,-30.,-28.9096281775207,          2447P   6122
8.7223407585838,-29.9011499470194,-28.8258335956544,                2447P   6123
8.69789597688006,-29.7499999999998,-29.35180552827,                 2447P   6124
8.40828648169391,-30.,-29.1812530056034,8.370449338741,-30.,        2447P   6125
-29.0139440269023,8.33333177700682,-29.9011499470194,               2447P   6126
-28.928667765569,8.31441320553037,-29.7499999999998,                2447P   6127
-29.4072991851042,8.12954748325476,-30.,-29.2352596798919,          2447P   6128
8.0991791243723,-30.,-29.0664919977534,8.06938830346439,            2447P   6129
-29.9011499470194,-28.9804722451473,8.05420412402318,               2447P   6130
-29.7499999999998,-29.4628831552344,7.70778498923585,-30.,          2447P   6131
-29.2893479529566,7.68876256421742,-30.,-29.1191136439429,          2447P   6132
7.67010198909532,-29.9011499470194,-29.032346042804,                2447P   6133
7.66059077658612,-29.7499999999998,-29.4768022507471,               2447P   6134
7.56658512653568,-30.,-29.302892966254,7.55135749308519,-30.,       2447P   6135
-29.1322916934618,7.53641949484808,-29.9011499470194,               2447P   6136
-29.0453370512154,7.52880567812284,-29.7499999999998,               2447P   6137
-29.5046390450136,7.14209890344886,-30.,-29.32998130052,            2447P   6138
7.13829096123199,-30.,-29.1586451726715,7.13455544037314,           2447P   6139
-29.9011499470194,-29.0713163004248,7.13265146926471,               2447P   6140
-29.7499999999998,-29.5046390451564,6.85790110650847,-30.,          2447P   6141
-29.3299813005951,6.86170904793889,-30.,-29.1586451728387,          2447P   6142
6.86544456931447,-29.9011499470194,-29.0713163005581,               2447P   6143
6.86734854002968,-29.7499999999998,-29.4768022507292,               2447P   6144
6.43341487310223,-30.,-29.3028929662604,6.44864250674467,-30.,      2447P   6145
-29.1322916934328,6.46358050471717,-29.9011499470194,               2447P   6146
-29.0453370511985,6.47119432153838,-29.7499999999998,               2447P   6147
-29.4628831553707,6.29221501180055,-30.,-29.2893479530454,          2447P   6148
6.31123743650216,-30.,-29.1191136440938,6.32989801203063,           2447P   6149
-29.9011499470194,-29.0323460429312,6.33940922438143,               2447P   6150
-29.7499999999998,-29.4072991815861,5.87045249896387,-30.,          2447P   6151
-29.2352596765118,5.90082085876678,-30.,-29.0664919944005,          2447P   6152
5.93061167947822,-29.9011499470194,-28.9804722418634,               2447P   6153
5.94579585937966,-29.7499999999998,-29.3518055229166,               2447P   6154
5.59171350081926,-30.,-29.1812530004692,5.62955064465051,-30.,      2447P   6155
-29.0139440217956,5.6666682062316,-29.9011499470195,                2447P   6156
-28.928667760572,5.68558677814721,-29.7499999999998,                2447P   6157
-29.2416187064473,5.1808100473901,-30.,-29.0740295426412,           2447P   6158
5.22969961050032,-30.,-28.9096281758314,5.27765924175683,           2447P   6159
-29.9011499470194,-28.8258335939284,5.30210402331192,               2447P   6160
-29.7499999999998,-29.2003957269987,5.04503444909222,-30.,          2447P   6161
-29.0339142170607,5.09757225792611,-30.,-28.8705994266364,          2447P   6162
5.14911070825954,-29.9011499470194,-28.7873586716675,               2447P   6163
5.17537961267647,-29.7499999999998,-29.063522660327,                2447P   6164
4.64219889939212,-30.,-28.9007227299646,4.70557078781122,-30.,      2447P   6165
-28.7410189047524,4.7677374853562,-29.9011499470194,                2447P   6166
-28.6596189395712,4.79942342956572,-29.7499999999998,               2447P   6167
-28.9546659462262,4.37962770482906,-30.,-28.7947819838888,          2447P   6168
4.45003297629919,-30.,-28.6379386710653,4.5190992936258,            2447P   6169
-29.9011499470194,-28.5579966898967,4.55430192936084,               2447P   6170
-29.7499999999998,-28.76636075862,3.99809181435016,-30.,            2447P   6171
-28.611539554804,4.07875596927801,-30.,-28.4596632854647,           2447P   6172
4.15788579420834,-29.9011499470194,-28.3822526835568,               2447P   6173
4.19821787167223,-29.7499999999998,-28.6994164819521,               2447P   6174
3.87295696110831,-30.,-28.5463933597538,3.95698214211419,-30.,      2447P   6175
-28.3962809566038,4.03940903316627,-29.9011499470194,               2447P   6176
-28.3197693955047,4.08142162366917,-29.7499999999998,               2447P   6177
-28.4865080212315,3.50452766152451,-30.,-28.3392090606386,          2447P   6178
3.59845743151587,-30.,-28.1947114078812,3.69060086864677,           2447P   6179
-29.9011499470194,-28.1210619275848,3.73756575364242,               2447P   6180
-29.7499999999998,-28.328468042019,3.2682130650964,-30.,            2447P   6181
-28.1854005636856,3.36846995037874,-30.,-28.0450539186573,          2447P   6182
3.46682017307981,-29.9011499470194,-27.9735201794906,               2447P   6183
3.51694861572093,-29.7499999999998,-28.0692754821222,               2447P   6184
2.9307037410127,-30.,-27.9331734045136,3.04003135377398,-30.,       2447P   6185
-27.7996602002518,3.14727942183093,-29.9011499470194,               2447P   6186
-27.7316091614476,3.20194322821152,-29.7499999999998,               2447P   6187
-27.9791804942869,2.82101829199059,-30.,-27.8454970850713,          2447P   6188
2.9332904781032,-30.,-27.7143565227898,3.04342708230238,            2447P   6189
-29.9011499470194,-27.647514818182,3.09956317535864,                2447P   6190
-29.7499999999998,-27.6984124875912,2.50115593574748,-30.,          2447P   6191
-27.572273618817,2.62202253283718,-30.,-27.4485336387139,           2447P   6192
2.74059052903471,-29.9011499470194,-27.3854642043268,               2447P   6193
2.8010238275795,-29.7499999999998,-27.4972591892477,                2447P   6194
2.30018033220883,-30.,-27.3765031992289,2.42642492512852,-30.,      2447P   6195
-27.2580437248894,2.55026863952493,-29.9011499470194,               2447P   6196
-27.19766572988,2.61339093598473,-29.7499999999998,                 2447P   6197
-27.1771333356862,2.0196680313588,-30.,-27.0649756876934,           2447P   6198
2.15344753189774,-30.,-26.9549514563787,2.28468238657804,           2447P   6199
-29.9011499470194,-26.8988726323824,2.35157213684744,               2447P   6200
-29.7499999999998,-27.0673481318643,1.92964811723889,-30.,          2447P   6201
-26.9581361324076,2.0658429306252,-30.,-26.8510014954464,           2447P   6202
2.19944713367931,-29.9011499470194,-26.7963954957181,               2447P   6203
2.2675445403724,-29.7499999999998,-26.7295065580156,                2447P   6204
1.67065008672399,-30.,-26.6293676553111,1.81380003724268,-30.,      2447P   6205
-26.531133175882,1.95422762385073,-29.9011499470194,                2447P   6206
-26.4810637245298,2.02580259911002,-29.7499999999998,               2447P   6207
-26.492967337938,1.51273922956611,-30.,-26.3991547813784,           2447P   6208
1.6601124782924,-30.,-26.3071263311573,1.80468304887485,            2447P   6209
-29.9011499470194,-26.2602200528776,1.87836967323793,               2447P   6210
-29.7499999999998,-26.1242053547675,1.30000788938718,-30.,          2447P   6211
-26.0402925002088,1.45309255906127,-30.,-25.9579758081474,          2447P   6212
1.60326539695272,-29.9011499470194,-25.9160193808681,               2447P   6213
1.6798077317897,-29.7499999999998,-25.9989479787199,                2447P   6214
1.23311478663493,-30.,-25.9183941933369,1.38799334426766,-30.,      2447P   6215
-25.8393726459213,1.53992592209329,-29.9011499470194,               2447P   6216
-25.7990957532298,1.61736520090959,-29.7499999999998,               2447P   6217
-25.6170153762943,1.0449405099573,-30.,-25.5467135584735,           2447P   6218
1.20486962496418,-30.,-25.4777487297203,1.3617573266439,            2447P   6219
-29.9011499470194,-25.44259782081,1.44172188414727,                 2447P   6220
-29.7499999999998,-25.354179578922,0.936166255472469,-30.,          2447P   6221
-25.2909042452978,1.09900323993257,-30.,-25.2288322697848,          2447P   6222
1.25874348080604,-29.9011499470194,-25.1971946029728,               2447P   6223
1.34016197303602,-29.7499999999998,-24.9509504485522,               2447P   6224
0.799397832738475,-30.,-24.8984962491971,0.96590557886668,-30.,     2447P   6225
-24.8470398191218,1.12924624489454,-29.9011499470194,               2447P   6226
-24.8208127194443,1.21250011795857,-29.7499999999998,               2447P   6227
-24.8150351018981,0.758204819235201,-30.,-24.7662242192457,         2447P   6228
0.925816808938644,-30.,-24.7183417842881,1.09024059345677,          2447P   6229
-29.9011499470194,-24.6939363429619,1.17404658830841,               2447P   6230
-29.7499999999998,-24.4036893947888,0.6480900970672,-30.,           2447P   6231
-24.3659144491984,0.818655764139149,-30.,-24.328857879057,          2447P   6232
0.985977989958224,-29.9011499470194,-24.3099704062617,              2447P   6233
1.07126082349412,-29.7499999999998,-24.1246555445292,               2447P   6234
0.592632930900074,-30.,-24.0943389571476,0.764681329895045,-30.,    2447P   6235
-24.0645989910316,0.933457714895613,-29.9011499470194,              2447P   6236
-24.0494406973408,1.01948191439302,-29.7499999999998,               2447P   6237
-23.5617216160874,0.51858685801903,-30.,-23.5465159789508,          2447P   6238
0.692623032988177,-30.,-23.5315995457245,0.863349029252119,         2447P   6239
-29.9011499470194,-23.5239967271563,0.950367116736617,              2447P   6240
-29.7499999999998,-23.277824278686,0.500000000000002,-30.,          2447P   6241
-23.2702071760242,0.674532253962539,-30.,-23.2627348428631,         2447P   6242
0.845746574911155,-29.9011499470194,-23.2589262915322,              2447P   6243
0.933012701892347,-29.7499999999998,-22.9939262461267,              2447P   6244
0.500000000000002,-30.,-22.9939262461267,0.674532925199518,-30.,    2447P   6245
-22.9939262461267,0.845746239292664,-29.9011499470194,              2447P   6246
-22.9939262461267,0.933012701892346,-29.7499999999998,              2447P   6247
0.333333333333013,1.,0.,2.04299081868564;                           2447P   6248
128,1,1,1,1,0,0,1,0,0,-2.87161238577041,-2.87161238577041,          2449P   6249
2.87161238712583,2.87161238712583,-0.564397459621556,               2449P   6250
-0.564397459621556,0.564397459621556,0.564397459621556,1.,1.,1.,    2449P   6251
1.,28.7161238712601,1.35602540378444,-29.5,-28.7161238577023,       2449P   6252
1.35602540378444,-29.5,28.7161238712601,12.6439745962156,-29.5,     2449P   6253
-28.7161238577023,12.6439745962156,-29.5,-2.87161238577041,         2449P   6254
2.87161238712583,-0.564397459621556,0.564397459621556;              2449P   6255
128,1,2,1,2,0,0,0,0,0,-52.9939262461267,-52.9939262461267,          2451P   6256
38.9817787384183,38.9817787384183,-0.78539816339745,                2451P   6257
-0.78539816339745,-0.78539816339745,0.26179938779916,               2451P   6258
0.26179938779916,0.26179938779916,1.,1.,0.866025403784435,          2451P   6259
0.866025403784435,1.,1.,22.9939262461458,0.500000000000001,-30.,    2451P   6260
-22.9939262461267,0.500000000000001,-30.,22.9939262461458,          2451P   6261
0.788675134594818,-30.,-22.9939262461267,0.788675134594818,-30.,    2451P   6262
22.9939262461458,0.933012701892223,-29.75,-22.9939262461267,        2451P   6263
0.933012701892224,-29.75,-52.9939262461267,38.9817787384183,        2451P   6264
-0.78539816339745,0.26179938779916;                                 2451P   6265
128,3,63,3,3,0,0,1,0,0,0.333333333332092,0.333333333332092,         2453P   6266
0.333333333332092,0.333333333332092,1.,1.,1.,1.,0.,0.,0.,0.,        2453P   6267
0.085169413814831,0.085169413814831,0.170334785000906,              2453P   6268
0.170334785000906,0.212918159130711,0.212918159130711,              2453P   6269
0.29807255203926,0.29807255203926,0.340649843938657,                2453P   6270
0.340649843938657,0.425789426649065,0.425789426649065,              2453P   6271
0.468358552751262,0.468358552751262,0.553480816495593,              2453P   6272
0.553480816495593,0.596041085804248,0.596041085804248,              2453P   6273
0.681145991251963,0.681145991251963,0.723698074992683,              2453P   6274
0.723698074992683,0.808788301665623,0.808788301665623,              2453P   6275
0.851334119096624,0.851334119096624,0.936414500395869,              2453P   6276
0.936414500395869,0.978956926164471,0.978956926164471,              2453P   6277
1.06403387887117,1.06403387887117,1.10657630458283,                 2453P   6278
1.10657630458283,1.19165668590769,1.19165668590769,                 2453P   6279
1.23420250339752,1.23420250339752,1.31929272973884,                 2453P   6280
1.31929272973884,1.36184481342428,1.36184481342428,                 2453P   6281
1.44694971894997,1.44694971894997,1.48950998831959,                 2453P   6282
1.48950998831959,1.57463225141158,1.57463225141158,                 2453P   6283
1.61720137746012,1.61720137746012,1.70234096030334,                 2453P   6284
1.70234096030334,1.74491825226607,1.74491825226607,                 2453P   6285
1.8300726434574,1.8300726434574,1.87265601752833,                   2453P   6286
1.87265601752833,1.95782140891593,1.95782140891593,                 2453P   6287
2.04299081868181,2.04299081868181,2.04299081868181,                 2453P   6288
2.04299081868181,1.,1.,1.,1.,1.,1.,1.,1.,1.,1.,1.,1.,1.,1.,1.,      2453P   6289
1.,1.,1.,1.,1.,1.,1.,1.,1.,1.,1.,1.,1.,1.,1.,1.,1.,1.,1.,1.,1.,     2453P   6290
1.,1.,1.,1.,1.,1.,1.,1.,1.,1.,1.,1.,1.,1.,1.,1.,1.,1.,1.,1.,1.,     2453P   6291
1.,1.,1.,1.,1.,1.,1.,1.,1.,1.,1.,1.,1.,1.,1.,1.,1.,1.,1.,1.,1.,     2453P   6292
1.,1.,1.,1.,1.,1.,1.,1.,1.,1.,1.,1.,1.,1.,1.,1.,1.,1.,1.,1.,1.,     2453P   6293
1.,1.,1.,1.,1.,1.,1.,1.,1.,1.,1.,1.,1.,1.,1.,1.,1.,1.,1.,1.,1.,     2453P   6294
1.,1.,1.,1.,1.,1.,1.,1.,1.,1.,1.,1.,1.,1.,1.,1.,1.,1.,1.,1.,1.,     2453P   6295
1.,1.,1.,1.,1.,1.,1.,1.,1.,1.,1.,1.,1.,1.,1.,1.,1.,1.,1.,1.,1.,     2453P   6296
1.,1.,1.,1.,1.,1.,1.,1.,1.,1.,1.,1.,1.,1.,1.,1.,1.,1.,1.,1.,1.,     2453P   6297
1.,1.,1.,1.,1.,1.,1.,1.,1.,1.,1.,1.,1.,1.,1.,1.,1.,1.,1.,1.,1.,     2453P   6298
1.,1.,1.,1.,1.,1.,1.,1.,1.,1.,1.,1.,1.,1.,1.,1.,1.,1.,1.,1.,1.,     2453P   6299
1.,1.,1.,1.,1.,1.,1.,1.,1.,1.,1.,1.,1.,1.,1.,1.,1.,1.,1.,1.,1.,     2453P   6300
1.,1.,1.,1.,1.,1.,1.,1.,1.,1.,22.9939262461458,                     2453P   6301
0.500000000000001,-30.,22.9939262461458,0.674532925199759,-30.,     2453P   6302
22.9939262461458,0.845746239293123,-29.9011499470191,               2453P   6303
22.9939262461458,0.933012701892708,-29.7499999999992,               2453P   6304
23.2778242921952,0.500000000000001,-30.,23.2702071960361,           2453P   6305
0.674532254298847,-30.,23.2627348522204,0.84574657474358,           2453P   6306
-29.9011499470191,23.2589263041409,0.933012701892708,               2453P   6307
-29.7499999999992,23.5617216176972,0.518586855539452,-30.,          2453P   6308
23.5465159801686,0.692623030462759,-30.,23.5315995474226,           2453P   6309
0.863349026960984,-29.9011499470191,23.5239967286583,               2453P   6310
0.950367114422343,-29.7499999999991,24.1246555238934,               2453P   6311
0.592632919229289,-30.,24.0943389393167,0.764681318677439,-30.,     2453P   6312
24.0645989703715,0.933457703775483,-29.9011499470191,               2453P   6313
24.0494406780832,1.01948190349927,-29.7499999999992,                2453P   6314
24.4036894974804,0.648090114570027,-30.,24.3659145491931,           2453P   6315
0.818655781106149,-30.,24.3288579762654,0.985978006564899,          2453P   6316
-29.9011499470191,24.3099705021218,1.07126083983267,                2453P   6317
-29.7499999999991,24.8150351447543,0.758204823604539,-30.,          2453P   6318
24.7662242622251,0.925816813276247,-30.,24.7183418242331,           2453P   6319
1.09024059755198,-29.9011499470191,24.6939363829686,                2453P   6320
1.17404659238755,-29.7499999999991,24.9509504847791,                2453P   6321
0.799397835432517,-30.,24.8984962851933,0.965905581520034,-30.,     2453P   6322
24.8470398530559,1.12924624743054,-29.9011499470191,                2453P   6323
24.8208127532631,1.21250012047402,-29.7499999999991,                2453P   6324
25.3541796004132,0.936166254129732,-30.,25.2909042671849,           2453P   6325
1.09900323867332,-30.,25.2288322896485,1.25874347951107,            2453P   6326
-29.9011499470191,25.1971946230344,1.34016197178259,                2453P   6327
-29.7499999999992,25.6170153860431,1.04494050510571,-30.,           2453P   6328
25.5467135690702,1.2048696205417,-30.,25.4777487383974,             2453P   6329
1.36175732190111,-29.9011499470191,25.442597829911,                 2453P   6330
1.44172187961883,-29.7499999999992,25.9989479958148,                2453P   6331
1.23311478606317,-30.,25.9183942102252,1.3879933435841,-30.,        2453P   6332
25.8393726619836,1.53992592161643,-29.9011499470191,                2453P   6333
25.799095769189,1.61736520037663,-29.7499999999992,                 2453P   6334
26.1242053703493,1.30000788817392,-30.,26.040292516043,             2453P   6335
1.45309255799655,-30.,25.957975822567,1.60326539574647,             2453P   6336
-29.9011499470191,25.916019395414,1.67980773065753,                 2453P   6337
-29.7499999999992,26.4929673644835,1.51273923689845,-30.,           2453P   6338
26.3991548071803,1.66011248518629,-30.,26.3071263563102,            2453P   6339
1.80468305593977,-29.9011499470191,26.2602200776588,                2453P   6340
1.87836968008344,-29.7499999999992,26.7295065815374,                2453P   6341
1.67065009573132,-30.,26.6293676780272,1.81380004565045,-30.,       2453P   6342
26.5311331982427,1.95422763255956,-29.9011499470191,                2453P   6343
26.4810637464878,2.02580260751888,-29.7499999999992,                2453P   6344
27.0673481361616,1.92964811373428,-30.,26.958136136998,             2453P   6345
2.06584292734271,-30.,26.8510014993113,2.19944713029709,            2453P   6346
-29.9011499470191,26.7963954997297,2.26754453710108,                2453P   6347
-29.7499999999992,27.177133341309,2.01966802914602,-30.,            2453P   6348
27.064975693113,2.15344752951703,-30.,26.9549514617298,             2453P   6349
2.28468238459739,-29.9011499470191,26.898872637632,                 2453P   6350
2.35157213478267,-29.7499999999992,27.4972591843117,                2453P   6351
2.30018032045108,-30.,27.3765031950402,2.42642491402096,-30.,       2453P   6352
27.2580437199075,2.55026862822411,-29.9011499470191,                2453P   6353
27.1976657252719,2.61339092500884,-29.7499999999992,                2453P   6354
27.6984124895686,2.5011559313796,-30.,27.5722736212223,             2453P   6355
2.62202252898959,-30.,27.4485336403456,2.74059052469769,            2453P   6356
-29.9011499470191,27.3854642061726,2.80102382350248,                2453P   6357
-29.7499999999992,27.9791804998851,2.82101829184348,-30.,           2453P   6358
27.8454970905805,2.93329047783589,-30.,27.7143565280606,            2453P   6359
3.04342708222631,-29.9011499470191,27.6475148234085,                2453P   6360
3.09956317522233,-29.7499999999992,28.0692754874007,                2453P   6361
2.93070374043798,-30.,27.9331734099658,3.04003135343512,-30.,       2453P   6362
27.7996602050923,3.147279421177,-29.9011499470191,                  2453P   6363
27.731609166375,3.20194322767538,-29.7499999999992,                 2453P   6364
28.3284680563732,3.268213078694,-30.,28.1854005775161,              2453P   6365
3.3684699632725,-30.,28.045053932318,3.46682018612508,              2453P   6366
-29.9011499470191,27.9735201928897,3.51694862841417,                2453P   6367
-29.7499999999992,28.486508033674,3.5045276762443,-30.,             2453P   6368
28.3392090725778,3.59845744540012,-30.,28.194711419747,             2453P   6369
3.69060088280508,-29.9011499470192,28.1210619391992,                2453P   6370
3.73756576738283,-29.7499999999992,28.6994164829353,                2453P   6371
3.87295695865701,-30.,28.5463933609126,3.95698213995735,-30.,       2453P   6372
28.3962809574335,4.03940903073105,-29.9011499470192,                2453P   6373
28.3197693964224,4.08142162138108,-29.7499999999992,                2453P   6374
28.7663607603982,3.99809181347588,-30.,28.6115395564727,            2453P   6375
4.07875596820596,-30.,28.4596632871795,4.15788579349211,            2453P   6376
-29.9011499470192,28.382252685217,4.19821787085702,                 2453P   6377
-29.7499999999992,28.9546659429895,4.37962769267611,                2453P   6378
-30.0000000000001,28.7947819810488,4.45003296492434,                2453P   6379
-30.0000000000001,28.6379386678453,4.5190992818927,                 2453P   6380
-29.9011499470192,28.5579966868752,4.55430191801669,                2453P   6381
-29.7499999999992,29.0635226595019,4.64219889262731,                2453P   6382
-30.0000000000001,28.9007227293562,4.70557078174501,                2453P   6383
-30.0000000000001,28.7410189038735,4.76773747869257,                2453P   6384
-29.9011499470192,28.6596189388009,4.79942342325132,                2453P   6385
-29.7499999999992,29.2003957290632,5.04503444975261,                2453P   6386
-30.0000000000001,29.0339142190826,5.09757225842309,                2453P   6387
-30.0000000000001,28.8705994285846,5.14911070895872,                2453P   6388
-29.9011499470192,28.7873586735946,5.17537961329387,                2453P   6389
-29.7499999999993,29.2416187083094,5.180810047225,                  2453P   6390
-30.0000000000001,29.0740295445769,5.22969961063452,                2453P   6391
-30.0000000000001,28.9096281775321,5.27765924145321,                2453P   6392
-29.9011499470192,28.8258335956662,5.30210402315788,                2453P   6393
-29.7499999999993,29.3518055282921,5.59171351840169,                2453P   6394
-30.0000000000001,29.181253005624,5.62955066134862,                 2453P   6395
-30.0000000000001,29.0139440269231,5.66666822308554,                2453P   6396
-29.9011499470192,28.9286677655893,5.68558679455895,                2453P   6397
-29.7499999999993,29.4072991850916,5.87045251665149,                2453P   6398
-30.0000000000001,29.2352596798802,5.90082087554111,                2453P   6399
-30.0000000000001,29.0664919977405,5.93061169644467,                2453P   6400
-29.9011499470193,28.9804722451351,5.94579587588944,                2453P   6401
-29.7499999999993,29.4628831552437,6.29221501081279,                2453P   6402
-30.0000000000001,29.2893479529651,6.31123743582815,                2453P   6403
-30.0000000000001,29.1191136439513,6.32989801095172,                2453P   6404
-29.9011499470193,29.0323460428124,6.33940922345936,                2453P   6405
-29.7499999999993,29.4768022507649,6.43341487364761,                2453P   6406
-30.0000000000001,29.3028929662714,6.44864250709515,                2453P   6407
-30.0000000000001,29.1322916934781,6.46358050532456,                2453P   6408
-29.9011499470193,29.0453370512317,6.47119432204831,                2453P   6409
-29.7499999999993,29.5046390450111,6.85790109645748,                2453P   6410
-30.0000000000001,29.3299813005172,6.86170903867389,                2453P   6411
-30.0000000000001,29.1586451726688,6.86544455953969,                2453P   6412
-29.9011499470192,29.0713163004221,6.86734853064789,                2453P   6413
-29.7499999999993,29.5046390451542,7.14209889338896,                2453P   6414
-30.0000000000001,29.3299813005929,7.13829095195676,                2453P   6415
-30.0000000000001,29.158645172836,7.13455543059063,                 2453P   6416
-29.9011499470192,29.0713163005557,7.13265145987454,                2453P   6417
-29.7499999999992,29.4768022507407,7.56658512671601,                2453P   6418
-30.0000000000001,29.3028929662714,7.55135749307589,                2453P   6419
-30.0000000000001,29.1322916934432,7.53641949511196,                2453P   6420
-29.9011499470192,29.0453370512089,7.52880567829193,                2453P   6421
-29.7499999999992,29.462883155382,7.70778498801476,                 2453P   6422
-30.0000000000001,29.2893479530568,7.6887625633125,                 2453P   6423
-30.0000000000001,29.1191136441038,7.67010198779728,                2453P   6424
-29.9011499470192,29.0323460429414,7.66059077544618,                2453P   6425
-29.7499999999992,29.4072991816043,8.12954750088628,                2453P   6426
-30.0000000000001,29.2352596765284,8.0991791410903,                 2453P   6427
-30.0000000000001,29.0664919944177,8.06938832037839,                2453P   6428
-29.9011499470192,28.98047224188,8.05420414048045,                  2453P   6429
-29.7499999999992,29.3518055229076,8.40828649918409,-30.,           2453P   6430
29.1812530004609,8.37044935534841,-30.,29.0139440217863,            2453P   6431
8.33333179377363,-29.9011499470192,28.9286677605632,                2453P   6432
8.31441322185585,-29.7499999999992,29.2416187064291,                2453P   6433
8.81918995264307,-30.,29.0740295426227,8.77030038953333,-30.,       2453P   6434
28.9096281758139,8.72234075827375,-29.9011499470192,                2453P   6435
28.825833593911,8.69789597671897,-29.7499999999992,                 2453P   6436
29.2003957269927,8.95496555090263,-30.,29.0339142170546,            2453P   6437
8.90242774206817,-30.,28.8705994266303,8.85088929173577,            2453P   6438
-29.9011499470192,28.7873586716615,8.82462038731863,                2453P   6439
-29.7499999999992,29.0635226603218,9.35780110060335,-30.,           2453P   6440
28.9007227299589,9.29442921218502,-30.,28.7410189047472,            2453P   6441
9.232262514639,-29.9011499470192,28.659618939566,                   2453P   6442
9.20057657042994,-29.7499999999992,28.9546659462162,                2453P   6443
9.62037229518605,-30.,28.7947819838786,9.54996702371548,-30.,       2453P   6444
28.6379386710554,9.48090070638828,-29.9011499470191,                2453P   6445
28.5579966898869,9.44569807065311,-29.7499999999992,                2453P   6446
28.7663607586109,10.001908185662,-30.,28.6115395547947,             2453P   6447
9.92124403073412,-30.,28.4596632854558,9.84211420580276,            2453P   6448
-29.9011499470191,28.382252683548,9.80178212833895,                 2453P   6449
-29.7499999999992,28.6994164819439,10.1270430389029,-30.,           2453P   6450
28.5463933597453,10.0430178578968,-30.,28.3962809565957,            2453P   6451
9.96059096684399,-29.9011499470191,28.3197693954967,                2453P   6452
9.91857837634109,-29.7499999999992,28.4865080212257,                2453P   6453
10.4954723384827,-30.,28.3392090606325,10.4015425684913,-30.,       2453P   6454
28.1947114078755,10.3093991313596,-29.9011499470191,                2453P   6455
28.1210619275791,10.2624342463641,-29.7499999999992,                2453P   6456
28.3284680420139,10.7317869349104,-30.,28.1854005636803,            2453P   6457
10.6315300496279,-30.,28.0450539186521,10.5331798269263,            2453P   6458
-29.9011499470191,27.9735201794855,10.4830513842852,                2453P   6459
-29.7499999999992,28.0692754821178,11.0692962589929,-30.,           2453P   6460
27.9331734045091,10.9599686462315,-30.,27.7996602002474,            2453P   6461
10.852720578174,-29.9011499470191,27.7316091614433,                 2453P   6462
10.7980567717935,-29.7499999999992,27.9791804942828,                2453P   6463
11.1789817080147,-30.,27.845497085067,11.066709521902,-30.,         2453P   6464
27.7143565227856,10.9565729177023,-29.9011499470191,                2453P   6465
27.6475148181779,10.9004368246461,-29.7499999999992,                2453P   6466
27.6984124875878,11.498844064257,-30.,27.5722736188134,             2453P   6467
11.3779774671672,-30.,27.4485336387103,11.2594094709692,            2453P   6468
-29.9011499470191,27.3854642043233,11.1989761724244,                2453P   6469
-29.7499999999992,27.4972591892451,11.6998196677946,-30.,           2453P   6470
27.3765031992261,11.5735750748747,-30.,27.2580437248867,            2453P   6471
11.4497313604779,-29.9011499470191,27.1976657298773,                2453P   6472
11.3866090640182,-29.7499999999991,27.1771333356841,                2453P   6473
11.980331968644,-30.,27.064975687691,11.8465524681049,-30.,         2453P   6474
26.9549514563764,11.7153176134243,-29.9011499470191,                2453P   6475
26.8988726323801,11.6484278631549,-29.7499999999991,                2453P   6476
27.0673481318622,12.0703518827638,-30.,26.9581361324054,            2453P   6477
11.9341570693773,-30.,26.8510014954442,11.8005528663229,            2453P   6478
-29.9011499470191,26.7963954957159,11.7324554596299,                2453P   6479
-29.7499999999991,26.7295065580138,12.3293499132783,-30.,           2453P   6480
26.6293676553092,12.1861999627594,-30.,26.5311331758801,            2453P   6481
12.0457723761511,-29.9011499470191,26.4810637245279,                2453P   6482
11.9741974008918,-29.7499999999991,26.4929673379366,                2453P   6483
12.4872607704356,-30.,26.3991547813769,12.3398875217091,-30.,       2453P   6484
26.3071263311558,12.1953169511264,-29.9011499470191,                2453P   6485
26.2602200528761,12.1216303267634,-29.7499999999991,                2453P   6486
26.1242053547664,12.6999921106143,-30.,26.0402925002075,            2453P   6487
12.5469074409399,-30.,25.9579758081461,12.3967346030482,            2453P   6488
-29.9011499470191,25.9160193808668,12.3201922682113,                2453P   6489
-29.7499999999991,25.9989479787188,12.7668852133664,-30.,           2453P   6490
25.9183941933356,12.6120066557335,-30.,25.83937264592,              2453P   6491
12.4600740779076,-29.9011499470191,25.7990957532286,                2453P   6492
12.3826347990914,-29.7499999999991,25.6170153762933,                2453P   6493
12.9550594900438,-30.,25.5467135584724,12.7951303750367,-30.,       2453P   6494
25.4777487297193,12.6382426733567,-29.9011499470191,                2453P   6495
25.4425978208089,12.5582781158534,-29.7499999999991,                2453P   6496
25.3541795789213,13.0638337445283,-30.,25.2909042452971,            2453P   6497
12.900996760068,-30.,25.2288322697841,12.7412565191943,             2453P   6498
-29.9011499470191,25.197194602972,12.6598380269644,                 2453P   6499
-29.7499999999991,24.9509504485516,13.2006021672622,-30.,           2453P   6500
24.8984962491965,13.0340944211338,-30.,24.8470398191211,            2453P   6501
12.8707537551056,-29.9011499470191,24.8208127194436,                2453P   6502
12.7874998820417,-29.7499999999991,24.8150351018976,                2453P   6503
13.2417951807654,-30.,24.7662242192451,13.0741831910618,-30.,       2453P   6504
24.7183417842875,12.9097594065434,-29.9011499470191,                2453P   6505
24.6939363429613,12.8259534116918,-29.7499999999991,                2453P   6506
24.4036893947884,13.3519099029333,-30.,24.3659144491979,            2453P   6507
13.1813442358611,-30.,24.3288578790565,13.0140220100418,            2453P   6508
-29.9011499470191,24.3099704062613,12.928739176506,                 2453P   6509
-29.7499999999991,24.1246555445289,13.4073670691003,-30.,           2453P   6510
24.0943389571473,13.2353186701051,-30.,24.0645989910313,            2453P   6511
13.0665422851043,-29.9011499470191,24.0494406973405,                2453P   6512
12.980518085607,-29.7499999999991,23.5617216160935,                 2453P   6513
13.4814131419803,-30.,23.5465159789568,13.3073769670109,-30.,       2453P   6514
23.5315995457304,13.1366509707468,-29.9011499470191,                2453P   6515
23.523996727162,13.0496328832624,-29.7499999999992,                 2453P   6516
23.2778242786988,13.5,-30.,23.2702071760361,13.3254677460372,       2453P   6517
-30.,23.2627348428741,13.1542534250884,-29.9011499470191,           2453P   6518
23.2589262915428,13.0669872981073,-29.7499999999992,                2453P   6519
22.9939262461458,13.5,-30.,22.9939262461458,13.3254670748002,       2453P   6520
-30.,22.9939262461458,13.1542537607069,-29.9011499470191,           2453P   6521
22.9939262461458,13.0669872981073,-29.7499999999992,                2453P   6522
0.333333333332092,1.,0.,2.04299081868181;                           2453P   6523
128,1,1,1,1,0,0,1,0,0,-0.00100000000000005,-0.00100000000000005,    2455P   6524
6.001,6.001,-0.001,-0.001,1.401,1.401,1.,1.,1.,1.,30.01,-0.01,      2455P   6525
-30.,-30.01,-0.01,-30.,30.01,14.01,-30.,-30.01,14.01,-30.,          2455P   6526
-0.00100000000000005,6.001,-0.001,1.401;                            2455P   6527
128,1,1,1,1,0,0,1,0,0,2.73519848131696,2.73519848131696,            2457P   6528
2.93719848131696,2.93719848131696,-2.30039262461458,                2457P   6529
-2.30039262461458,2.30039262461458,2.30039262461458,1.,1.,1.,1.,    2457P   6530
-23.0039262461458,0.,-27.99,-23.0039262461458,0.,-30.01,            2457P   6531
23.0039262461458,0.,-27.99,23.0039262461458,0.,-30.01,              2457P   6532
2.73519848131696,2.93719848131696,-2.30039262461458,                2457P   6533
2.30039262461458;                                                   2457P   6534
128,1,8,1,2,0,1,0,0,1,0.,0.,2.,2.,-3.14159265358979,                2459P   6535
-3.14159265358979,-3.14159265358979,-1.5707963267949,               2459P   6536
-1.5707963267949,0.,0.,1.5707963267949,1.5707963267949,             2459P   6537
3.14159265358979,3.14159265358979,3.14159265358979,1.,1.,           2459P   6538
0.707106781186548,0.707106781186548,1.,1.,0.707106781186548,        2459P   6539
0.707106781186548,1.,1.,0.707106781186548,0.707106781186548,1.,     2459P   6540
1.,0.707106781186548,0.707106781186548,1.,1.,2.5,14.,-11.,2.5,      2459P   6541
9.,-11.,2.5,14.,-8.5,2.5,9.,-8.5,-5.15912002096352D-16,14.,-8.5,    2459P   6542
-5.15912002096352D-16,9.,-8.5,-2.5,14.,-8.5,-2.5,9.,-8.5,-2.5,      2459P   6543
14.,-11.,-2.5,9.,-11.,-2.5,14.,-13.5,-2.5,9.,-13.5,                 2459P   6544
-5.15912002096352D-16,14.,-13.5,-5.15912002096352D-16,9.,-13.5,     2459P   6545
2.5,14.,-13.5,2.5,9.,-13.5,2.5,14.,-11.,2.5,9.,-11.,0.,2.,          2459P   6546
-3.14159265358979,3.14159265358979;                                 2459P   6547
128,1,1,1,1,0,0,1,0,0,-0.251,-0.251,0.251,0.251,-0.251,-0.251,      2461P   6548
0.251,0.251,1.,1.,1.,1.,-2.51,9.,-13.51,-2.51,9.,-8.49,2.51,9.,     2461P   6549
-13.51,2.51,9.,-8.49,-0.251,0.251,-0.251,0.251;                     2461P   6550
128,1,1,1,1,0,0,1,0,0,-2.101,-2.101,2.101,2.101,                    2463P   6551
-0.35587633011347,-0.35587633011347,0.357707769923527,              2463P   6552
0.357707769923527,1.,1.,1.,1.,-21.01,6.87415899963003,28.,21.01,    2463P   6553
6.87415899963003,28.,-21.01,14.01,28.,21.01,14.01,28.,-2.101,       2463P   6554
2.101,-0.35587633011347,0.357707769923527;                          2463P   6555
128,1,2,1,2,0,0,0,0,0,-1.95467758145503,-1.95467758145503,          2465P   6556
6.07650922793993,6.07650922793993,-0.785398163397449,               2465P   6557
-0.785398163397449,-0.785398163397449,0.62300866534346,             2465P   6558
0.62300866534346,0.62300866534346,1.,1.,0.762127524503751,          2465P   6559
0.762127524503751,1.,1.,-20.5366037904288,14.,28.,                  2465P   6560
-22.9575587957427,14.,-28.1661561232814,-26.4775838111695,14.,      2465P   6561
28.256076725032,-28.8985388164834,14.,-27.9100793982494,            2465P   6562
-27.4381020173573,8.13173709048703,28.2974783718504,                2465P   6563
-29.8590570226712,8.13173709048703,-27.868677751431,                2465P   6564
-1.95467758145503,6.07650922793993,-0.785398163397449,              2465P   6565
0.62300866534346;                                                   2465P   6566
128,1,1,1,1,0,0,1,0,0,-2.73825869168602,-2.73825869168602,          2467P   6567
2.86374130831399,2.86374130831399,-2.29603968938771,                2467P   6568
-2.29603968938771,2.29603968938771,2.29603968938771,1.,1.,1.,1.,    2467P   6569
-22.9603968938771,14.,-28.01,-22.9603968938771,14.,28.01,           2467P   6570
22.9603968938771,14.,-28.01,22.9603968938771,14.,28.01,             2467P   6571
-2.73825869168602,2.86374130831399,-2.29603968938771,               2467P   6572
2.29603968938771;                                                   2467P   6573
128,1,2,1,2,0,0,0,0,0,-1.92980534880598,-1.92980534880598,          2469P   6574
6.10148071895486,6.10148071895486,-0.78539816339745,                2469P   6575
-0.78539816339745,-0.78539816339745,0.639840932897734,              2469P   6576
0.639840932897734,0.639840932897734,1.,1.,0.756651766045491,        2469P   6577
0.756651766045491,1.,1.,22.9575887166054,14.,-28.1668502872956,     2469P   6578
20.5366037904288,14.,28.,29.0006341936197,14.,-27.9063741891485,    2469P   6579
26.5796492674431,14.,28.2604760981472,29.8771404134705,             2469P   6580
8.01530653083665,-27.8685937486377,27.4561554872939,                2469P   6581
8.01530653083665,28.298256538658,-1.92980534880598,                 2469P   6582
6.10148071895486,-0.78539816339745,0.639840932897734;               2469P   6583
128,1,8,1,2,0,1,0,0,1,0.,0.,28.,28.,-3.14159265358979,              2471P   6584
-3.14159265358979,-3.14159265358979,-1.5707963267949,               2471P   6585
-1.5707963267949,0.,0.,1.5707963267949,1.5707963267949,             2471P   6586
3.14159265358979,3.14159265358979,3.14159265358979,1.,1.,           2471P   6587
0.707106781186548,0.707106781186548,1.,1.,0.707106781186548,        2471P   6588
0.707106781186548,1.,1.,0.707106781186548,0.707106781186548,1.,     2471P   6589
1.,0.707106781186548,0.707106781186548,1.,1.,-21.,                  2471P   6590
10.4706319876218,25.5,21.,10.4706319876218,25.5,-21.,               2471P   6591
8.97063198762185,25.5,21.,8.97063198762185,25.5,-21.,               2471P   6592
8.97063198762185,24.,21.,8.97063198762185,24.,-21.,                 2471P   6593
8.97063198762185,22.5,21.,8.97063198762185,22.5,-21.,               2471P   6594
10.4706319876218,22.5,21.,10.4706319876218,22.5,-21.,               2471P   6595
11.9706319876218,22.5,21.,11.9706319876218,22.5,-21.,               2471P   6596
11.9706319876218,24.,21.,11.9706319876218,24.,-21.,                 2471P   6597
11.9706319876218,25.5,21.,11.9706319876218,25.5,-21.,               2471P   6598
10.4706319876218,25.5,21.,10.4706319876218,25.5,0.,28.,             2471P   6599
-3.14159265358979,3.14159265358979;                                 2471P   6600
128,1,1,1,1,0,0,1,0,0,-0.00100000000000022,-0.00100000000000022,    2473P   6601
0.900999999999998,0.900999999999998,-0.000959395740177337,          2473P   6602
-0.000959395740177337,0.705044776554559,0.705044776554559,1.,1.,    2473P   6603
1.,1.,-21.,14.0095939574018,28.01,-21.,14.0095939574018,18.99,      2473P   6604
-21.,6.94955223445441,28.01,-21.,6.94955223445441,18.99,            2473P   6605
-0.00100000000000022,0.900999999999998,-0.000959395740177337,       2473P   6606
0.705044776554559;                                                  2473P   6607
128,1,1,1,1,0,0,1,0,0,0.313009115421174,0.313009115421174,1.001,    2475P   6608
1.001,-0.000959395740177115,-0.000959395740177115,                  2475P   6609
0.705044776554559,0.705044776554559,1.,1.,1.,1.,-20.99,             2475P   6610
14.0095939574018,19.,-27.8699088457883,14.0095939574018,19.,        2475P   6611
-20.99,6.94955223445441,19.,-27.8699088457883,6.94955223445441,     2475P   6612
19.,0.313009115421174,1.001,-0.000959395740177115,                  2475P   6613
0.705044776554559;                                                  2475P   6614
128,1,1,1,1,0,0,1,0,0,0.0990000000000001,0.0990000000000001,        2477P   6615
1.001,1.001,-0.000959395740177337,-0.000959395740177337,            2477P   6616
0.712584100036998,0.712584100036998,1.,1.,1.,1.,21.,                2477P   6617
14.0095939574018,18.99,21.,14.0095939574018,28.01,21.,              2477P   6618
6.87415899963002,18.99,21.,6.87415899963003,28.01,                  2477P   6619
0.0990000000000001,1.001,-0.000959395740177337,                     2477P   6620
0.712584100036998;                                                  2477P   6621
128,1,1,1,1,0,0,1,0,0,-0.00100000000000044,-0.00100000000000044,    2479P   6622
0.688054124672039,0.688054124672039,-0.000959395740177115,          2479P   6623
-0.000959395740177115,0.713660205095908,0.713660205095908,1.,1.,    2479P   6624
1.,1.,27.8805412467204,14.0095939574018,19.,20.99,                  2479P   6625
14.0095939574018,19.,27.8805412467204,6.86339794904092,19.,         2479P   6626
20.99,6.86339794904092,19.,-0.00100000000000044,                    2479P   6627
0.688054124672039,-0.000959395740177115,0.713660205095908;          2479P   6628
128,1,1,1,1,0,0,1,0,0,0.127051068983613,0.127051068983613,          2481P   6629
5.87146416752649,5.87146416752649,0.498999999190342,                2481P   6630
0.498999999190342,5.701,5.701,1.,1.,1.,1.,-28.715792810526,         2481P   6631
6.97340267681679,-24.0100000080966,28.7282456239715,                2481P   6632
6.87028620350839,-24.0100000080966,-28.715792810526,                2481P   6633
6.97340267681679,28.01,28.7282456239715,6.87028620350839,28.01,     2481P   6634
0.127051068983613,5.87146416752649,0.498999999190342,5.701;         2481P   6635
128,5,3,3,3,0,0,1,0,0,0.,0.,0.,0.,0.428571428571429,                2483P   6636
0.714285714285714,1.,1.,1.,1.,-1.68491689818668,                    2483P   6637
-1.68491689818668,-1.68491689818668,-1.68491689818668,              2483P   6638
2.61907787519127,2.61907787519127,2.61907787519127,                 2483P   6639
2.61907787519127,1.,1.,1.,1.,1.,1.,1.,1.,1.,1.,1.,1.,1.,1.,1.,      2483P   6640
1.,1.,1.,1.,1.,1.,1.,1.,1.,27.8545279587209,8.01923559770086,       2483P   6641
19.0426045093896,27.8902444758134,7.77632165641221,                 2483P   6642
19.0441632212094,27.7931327067348,7.35052923465272,                 2483P   6643
19.040009217578,27.3542964236758,6.95497035287795,                  2483P   6644
19.0211194790627,27.027842753744,6.87333855762485,                  2483P   6645
19.0070508018085,26.8643078684571,6.87363211533934,                 2483P   6646
19.0000000000001,28.4725344004055,8.01794139642517,                 2483P   6647
4.70927234462808,28.5082009280176,7.77504701415371,                 2483P   6648
4.71082889964612,28.4110396947982,7.34932111021121,                 2483P   6649
4.70667275822845,27.9722224663137,6.95384294383033,                 2483P   6650
4.68778383500103,27.6458041985374,6.87222935096973,                 2483P   6651
4.67371668269599,27.4822871264314,6.87252279497474,                 2483P   6652
4.66666664890869,29.0905407902654,8.01664718785721,                 2483P   6653
-9.6240598223673,29.1261596035624,7.77377289413448,                 2483P   6654
-9.6225053260987,29.0289464834817,7.34811284552847,                 2483P   6655
-9.62666370970646,28.5901491227814,6.95271552064509,                2483P   6656
-9.6455517825944,28.2637657404028,6.87111989899413,                 2483P   6657
-9.65961743221227,28.1002663844056,6.87141347461014,                2483P   6658
-9.66666670218268,29.7085471283816,8.01535297144471,                2483P   6659
-23.957391991593,29.74411597876,7.77249826713099,                   2483P   6660
-23.9558396509833,29.6468534441972,7.34690474687484,                2483P   6661
-23.9600001702371,29.2080751652836,6.95158811795694,                2483P   6662
-23.9788874266624,28.8817271852207,6.87001069228486,                2483P   6663
-23.9929515513237,28.7182456423799,6.87030415424555,                2483P   6664
-24.0000000532741,0.,1.,-1.68491689818668,2.61907787519127;         2483P   6665
128,5,7,3,3,0,0,1,0,0,0.,0.,0.,0.,0.428571428571429,                2485P   6666
0.714285714285714,1.,1.,1.,1.,0.,0.,0.,0.,0.10033086328504,         2485P   6667
0.300992589855121,0.501654316425201,0.576902463888981,              2485P   6668
0.702316042995282,0.702316042995282,0.702316042995282,              2485P   6669
0.702316042995282,1.,1.,1.,1.,1.,1.,1.,1.,1.,1.,1.,1.,1.,1.,1.,     2485P   6670
1.,1.,1.,1.,1.,1.,1.,1.,1.,1.,1.,1.,1.,1.,1.,1.,1.,1.,1.,1.,1.,     2485P   6671
1.,1.,1.,1.,1.,1.,1.,1.,1.,1.,1.,1.,26.4522768386813,               2485P   6672
11.8743797985194,-29.,26.5851358616823,12.0596541479111,-29.,       2485P   6673
26.8057102814811,12.367249230259,-28.8644749114464,                 2485P   6674
27.0003087628189,12.6386203890114,-28.4319416270713,                2485P   6675
27.0370652527278,12.6898779897371,-28.1268329243975,                2485P   6676
27.0348411456972,12.686776431606,-27.9748894695252,                 2485P   6677
26.7239701456927,11.63088685606,-29.,26.8707691317244,              2485P   6678
11.8134497543907,-29.0091510596743,27.1143196975425,                2485P   6679
12.1231087352088,-28.8811234147526,27.3236131064765,                2485P   6680
12.4035937509339,-28.4420262628072,27.3579709909476,                2485P   6681
12.4602044365029,-28.1288329741513,27.351834452165,                 2485P   6682
12.4594023701733,-27.9729406437874,27.4925599596386,                2485P   6683
10.8229259797556,-28.9528317707769,27.6831239029872,                2485P   6684
10.9942128841284,-28.9939113605932,27.998944500766,                 2485P   6685
11.3077363098907,-28.8942852392851,28.2491586375351,                2485P   6686
11.6195695869902,-28.4368354875609,28.2704125572042,                2485P   6687
11.6963721155996,-28.0980664352604,28.2488933410865,                2485P   6688
11.7049830210003,-27.9296810819247,28.4244838918313,                2485P   6689
9.07895881960618,-28.3782993861175,28.6855325060912,                2485P   6690
9.15515452503402,-28.4486223302445,29.1167258548915,                2485P   6691
9.39015259587774,-28.3912070752688,29.4131118950917,                2485P   6692
9.79772743091983,-27.9603583933745,29.3950573188187,                2485P   6693
9.99851724560868,-27.6279186684478,29.3398752459596,                2485P   6694
10.0768886906643,-27.4632261886709,28.7025155799048,                2485P   6695
7.663307117701,-26.9009934553024,28.9617210140454,                  2485P   6696
7.67195380438674,-26.9246547418945,29.3908571732604,                2485P   6697
7.83842384688098,-26.8614128962834,29.7089564040781,                2485P   6698
8.30990295899264,-26.5825704267637,29.7149977842957,                2485P   6699
8.61422254807629,-26.3790749867126,29.6732267141981,                2485P   6700
8.75549625094303,-26.2790188698716,28.7512346953914,                2485P   6701
7.00624588835218,-25.3576967077831,29.0005259075745,                2485P   6702
7.00547393325196,-25.3581713860772,29.4139286672245,                2485P   6703
7.16346813934084,-25.3150926798336,29.7403987350739,                2485P   6704
7.65246784587418,-25.1798759679477,29.7674900374092,                2485P   6705
7.98334487410455,-25.0879282184678,29.7391787981934,                2485P   6706
8.14221820352819,-25.0436488379957,28.7362530389428,                2485P   6707
6.8702718283141,-24.5220715553188,28.9822842086457,                 2485P   6708
6.86870769588579,-24.5154414309165,29.3904626912441,                2485P   6709
7.02509146361838,-24.4874728267442,29.7183387279785,                2485P   6710
7.5171146695704,-24.4271492604184,29.7510747628241,                 2485P   6711
7.85298686100418,-24.3912610571586,29.7265553158475,                2485P   6712
8.01531525365757,-24.3750491751698,28.718245827777,                 2485P   6713
6.87030415391274,-23.999999987859,28.9634681416483,                 2485P   6714
6.86986396099809,-23.9894272414839,29.3703410714505,                2485P   6715
7.02719671351581,-23.9718971714092,29.6983514163011,                2485P   6716
7.51848581983042,-23.9577930934875,29.7322598817144,                2485P   6717
7.85344983068504,-23.9563570617556,29.7085473155935,                2485P   6718
8.0153529665602,-23.9573919552144,0.,1.,0.,0.702316042995282;       2485P   6719
128,4,3,3,3,0,0,1,0,0,0.,0.,0.,0.,0.428571428571429,1.,1.,1.,1.,    2487P   6720
0.948250546601654,0.948250546601654,0.948250546601654,              2487P   6721
0.948250546601654,1.57079632679498,1.57079632679498,                2487P   6722
1.57079632679498,1.57079632679498,1.,1.,1.,1.,1.,1.,1.,1.,1.,1.,    2487P   6723
1.,1.,1.,1.,1.,1.,1.,1.,1.,1.,27.0348411456972,12.686776431606,     2487P   6724
-27.9748894695252,27.0381773062431,12.6914287688026,                2487P   6725
-28.2028046518337,26.9358262031071,12.5486982743679,                2487P   6726
-28.7401763173989,26.6294222026827,12.121412264375,-29.,            2487P   6727
26.4522768386813,11.8743797985194,-29.,25.8539654368822,            2487P   6728
13.5337990673593,-27.982149310435,25.855201230376,                  2487P   6729
13.5378690762235,-28.2090851331884,25.7814381375834,                2487P   6730
13.3720063169608,-28.7427026755032,25.5646657313702,                2487P   6731
12.8832006945755,-28.9999404419028,25.4398294389738,                2487P   6732
12.6003992005937,-29.,24.4039673060641,14.,-27.9910636743013,       2487P   6733
24.4041358065006,14.0020242476605,-28.2167214434465,                2487P   6734
24.3659564949733,13.8215966335667,-28.7457295497602,                2487P   6735
24.2589441395619,13.3009383501496,-29.0000701419118,                2487P   6736
24.1966445498539,13.,-29.,22.9503968938771,14.,-28.,                2487P   6737
22.9503968938771,14.,-28.2243994752565,22.9503968938771,            2487P   6738
13.8170893112627,-28.7487786272394,22.9503968938771,                2487P   6739
13.2991993003419,-29.,22.9503968938771,13.,-29.,0.,1.,              2487P   6740
0.948250546601654,1.57079632679498;                                 2487P   6741
128,1,2,1,2,0,0,0,0,0,-7.95039689387713,-7.95039689387713,          2489P   6742
37.9503968938771,37.9503968938771,-0.785398163397449,               2489P   6743
-0.785398163397449,-0.785398163397449,0.785398163397452,            2489P   6744
0.785398163397452,0.785398163397452,1.,1.,0.707106781186546,        2489P   6745
0.707106781186546,1.,1.,-22.9503968938771,14.,-28.,                 2489P   6746
22.9503968938771,14.,-28.,-22.9503968938771,14.,-29.,               2489P   6747
22.9503968938771,14.,-29.,-22.9503968938771,13.,-29.,               2489P   6748
22.9503968938771,13.,-29.,-7.95039689387713,37.9503968938771,       2489P   6749
-0.785398163397449,0.785398163397452;                               2489P   6750
128,4,3,3,3,0,0,1,0,0,0.,0.,0.,0.,0.428571428571429,1.,1.,1.,1.,    2491P   6751
-1.57079632679498,-1.57079632679498,-1.57079632679498,              2491P   6752
-1.57079632679498,-0.975859483582289,-0.975859483582289,            2491P   6753
-0.975859483582289,-0.975859483582289,1.,1.,1.,1.,1.,1.,1.,1.,      2491P   6754
1.,1.,1.,1.,1.,1.,1.,1.,1.,1.,1.,1.,-22.9503968938771,14.,-28.,     2491P   6755
-22.9503968938771,14.,-28.2243994752564,-22.9503968938771,          2491P   6756
13.8170894054113,-28.7487787057058,-22.9503968938771,               2491P   6757
13.2991993003419,-29.,-22.9503968938771,13.,-29.,                   2491P   6758
-24.3395037193147,14.,-27.9914599864456,-24.339664747019,           2491P   6759
14.0019344754255,-28.2170619522141,-24.3031786285698,               2491P   6760
13.8213968349823,-28.7458648500699,-24.2009121046631,               2491P   6761
13.3008612259957,-29.0000670312271,-24.1413754048515,13.,-29.,      2491P   6762
-25.7257586059581,13.5753050593766,-27.982937506169,                2491P   6763
-25.7268685208753,13.5791992138041,-28.2097630671385,               2491P   6764
-25.656278518392,13.4120539202892,-28.7429730259228,                2491P   6765
-25.4491707561271,12.9203945546026,-28.9999420764701,               2491P   6766
-25.3299087490782,12.63597576518,-29.,-26.8761945101651,            2491P   6767
12.7972872798408,-27.975864804462,-26.8792745816414,                2491P   6768
12.8018429132607,-28.2036461284385,-26.7807386537723,               2491P   6769
12.6561016311117,-28.7405136922929,-26.4864145386832,               2491P   6770
12.2207764169679,-29.,-26.3162579736832,11.9691033827207,-29.,      2491P   6771
0.,1.,-1.57079632679498,-0.975859483582289;                         2491P   6772
128,5,8,3,3,0,0,1,0,0,0.,0.,0.,0.,0.428571428571429,                2493P   6773
0.714285714285714,1.,1.,1.,1.,0.,0.,0.,0.,0.101123704582208,        2493P   6774
0.303371113746624,0.404494818328831,0.505618522911039,              2493P   6775
0.556180375202143,0.707865932075455,0.707865932075455,              2493P   6776
0.707865932075455,0.707865932075455,1.,1.,1.,1.,1.,1.,1.,1.,1.,     2493P   6777
1.,1.,1.,1.,1.,1.,1.,1.,1.,1.,1.,1.,1.,1.,1.,1.,1.,1.,1.,1.,1.,     2493P   6778
1.,1.,1.,1.,1.,1.,1.,1.,1.,1.,1.,1.,1.,1.,1.,1.,1.,1.,1.,1.,1.,     2493P   6779
1.,1.,1.,-28.7057928266375,6.97338472607552,-24.,                   2493P   6780
-28.9529849842818,6.97382845503714,-23.9893482778031,               2493P   6781
-29.3624837701632,7.13529219858939,-23.9716901911662,               2493P   6782
-29.6875798983119,7.63456186334999,-23.9576429460805,               2493P   6783
-29.7165705925777,7.97285075565218,-23.9563675491739,               2493P   6784
-29.689835266465,8.13561363408343,-23.9575070037089,                2493P   6785
-28.7203043375058,6.9734107753552,-24.4209581294348,                2493P   6786
-28.9681667678695,6.97294356154285,-24.4138089694706,               2493P   6787
-29.3787442598531,7.13364346171581,-24.388031246312,                2493P   6788
-29.7037236368658,7.63351778607559,-24.3365191108265,               2493P   6789
-29.7317452712546,7.97254095011838,-24.3071822888745,               2493P   6790
-29.7043460642084,8.13564402490973,-24.2942735379949,               2493P   6791
-28.7431463119418,7.12956058783383,-25.685234282026,                2493P   6792
-28.9948441794742,7.12784677993688,-25.6877194414747,               2493P   6793
-29.4115833114326,7.28764245120311,-25.6371009029828,               2493P   6794
-29.7347066744008,7.7853215926026,-25.4733760801912,                2493P   6795
-29.7558256316035,8.12096023277236,-25.3605403806778,               2493P   6796
-29.7238008628371,8.28139353465378,-25.3058428747701,               2493P   6797
-28.6626579813764,7.98073985764378,-27.2091156272135,               2493P   6798
-28.927706431737,7.99760935745348,-27.245147513399,                 2493P   6799
-29.3654674789487,8.17708893619334,-27.1860221880882,               2493P   6800
-29.6776041727271,8.64866463627192,-26.8734889919148,               2493P   6801
-29.6710930363345,8.9424957172158,-26.6406390598883,                2493P   6802
-29.621537472548,9.07579444725051,-26.5258997051046,                2493P   6803
-28.2676822307722,9.24463678771933,-28.2452917916988,               2493P   6804
-28.5164711299541,9.32980237470628,-28.3059128855462,               2493P   6805
-28.927289078668,9.57466554967638,-28.2432283041665,                2493P   6806
-29.2154842818785,9.98277113317967,-27.8300355114918,               2493P   6807
-29.2045365143998,10.1794793035172,-27.5143295522009,               2493P   6808
-29.1554400558607,10.2552670966959,-27.3579257952115,               2493P   6809
-27.8622096014128,10.0856345564198,-28.6538138012383,               2493P   6810
-28.0832500524412,10.21666686445,-28.7093279959574,                 2493P   6811
-28.4486154486273,10.5014006989955,-28.6312009751883,               2493P   6812
-28.7161344044678,10.8641740284984,-28.1884512133708,               2493P   6813
-28.7179287609347,10.9993691536371,-27.8538333786335,               2493P   6814
-28.6805229668488,11.0400291476098,-27.6877497240131,               2493P   6815
-27.2465484026246,11.0492433487178,-28.9497880758212,               2493P   6816
-27.4258068975185,11.2220379288659,-28.9845206504582,               2493P   6817
-27.7228211581402,11.5365388347567,-28.8799797360804,               2493P   6818
-27.9591351857417,11.8508059086963,-28.4274319879989,               2493P   6819
-27.9804752264362,11.9296586081958,-28.0945423916349,               2493P   6820
-27.9611479711741,11.9391402085957,-27.9290144946682,               2493P   6821
-26.7352525338983,11.6149196634433,-29.,-26.8839359563097,          2493P   6822
11.8000643162975,-29.0135832632893,-27.1305075524916,               2493P   6823
12.1170127958677,-28.8893409552654,-27.340148613646,                2493P   6824
12.4070242482506,-28.4474825697022,-27.372433006707,                2493P   6825
12.466867868232,-28.1305910873448,-27.3647433700339,                2493P   6826
12.4668910380685,-27.9728612817603,-26.3162579736832,               2493P   6827
11.9691033827206,-29.,-26.4438753974332,12.1578581584061,-29.,      2493P   6828
-26.6557496234664,12.4712344265774,-28.86464711528,                 2493P   6829
-26.8427999098305,12.7478944139606,-28.4325796673301,               2493P   6830
-26.8782478911493,12.8003243687874,-28.1277190204463,               2493P   6831
-26.8761945101651,12.7972872798408,-27.975864804462,0.,1.,0.,       2493P   6832
0.707865932075455;                                                  2493P   6833
128,5,3,3,3,0,0,1,0,0,0.,0.,0.,0.,0.428571428571429,                2495P   6834
0.714285714285714,1.,1.,1.,1.,-2.62075434855658,                    2495P   6835
-2.62075434855658,-2.62075434855658,-2.62075434855658,              2495P   6836
1.6832359657427,1.6832359657427,1.6832359657427,1.6832359657427,    2495P   6837
1.,1.,1.,1.,1.,1.,1.,1.,1.,1.,1.,1.,1.,1.,1.,1.,1.,1.,1.,1.,1.,     2495P   6838
1.,1.,1.,-29.689835078908,8.13561363871191,-23.9575070386028,       2495P   6839
-29.7299380693741,7.89146932055777,-23.955797855666,                2495P   6840
-29.6379765032923,7.46065684049447,-23.9597938720613,               2495P   6841
-29.1992371323572,7.05778226286857,-23.9787306418972,               2495P   6842
-28.8705874130978,6.97368054505063,-23.9928989089976,               2495P   6843
-28.705792641049,6.97338472574237,-24.0000000616219,                2495P   6844
-29.072231395969,8.13432016492627,-9.62417239118625,                2495P   6845
-29.112283604715,7.8901945371951,-9.62246539502589,                 2495P   6846
-29.0202710605456,7.45944826987972,-9.62646360298348,               2495P   6847
-28.5815498445435,7.05665509491692,-9.64539958421312,               2495P   6848
-28.2529355292327,6.97257189552979,-9.65956632429855,               2495P   6849
-28.088158607394,6.97227602508202,-9.66666670774788,                2495P   6850
-28.4546276611387,8.13302668285448,4.70916225399364,                2495P   6851
-28.4946314144098,7.88892032863144,4.71086716366222,                2495P   6852
-28.4025654136433,7.45823955240901,4.70686665728587,                2495P   6853
-27.9638631858106,7.05552792253686,4.6879315005781,                 2495P   6854
-27.6352837446377,6.97146299669555,4.6737662646589,                 2495P   6855
-27.470524573739,6.97116732442167,4.6666666461261,                  2495P   6856
-27.8370238745075,8.13173319194375,19.0424968969407,                2495P   6857
-27.8769768721424,7.88764555933253,19.0441996209592,                2495P   6858
-27.7848599430908,7.45703100734316,19.0401969251675,                2495P   6859
-27.3461758977841,7.0544007609615,19.0212625582535,                 2495P   6860
-27.0176318607796,6.97035434712028,19.0070988493582,                2495P   6861
-26.852890540084,6.97005862376131,19.0000000000001,0.,1.,           2495P   6862
-2.62075434855658,1.6832359657427;                                  2495P   6863
128,1,1,1,1,0,0,1,0,0,0.353772316131866,0.353772316131866,          2497P   6864
5.63262579736832,5.63262579736832,1.18643797985194,                 2497P   6865
1.18643797985194,1.301,1.301,1.,1.,1.,1.,26.4622768386813,          2497P   6866
11.8643797985194,-29.,-26.3262579736832,11.8643797985194,-29.,      2497P   6867
26.4622768386813,13.01,-29.,-26.3262579736832,13.01,-29.,           2497P   6868
0.353772316131866,5.63262579736832,1.18643797985194,1.301;          2497P   6869
128,1,2,1,2,0,0,0,0,0,0.251089406314153,0.251089406314153,          2499P   6870
11.7475274268174,11.7475274268174,-0.785398163397448,               2499P   6871
-0.785398163397448,-0.785398163397448,0.785398164693582,            2499P   6872
0.785398164693582,0.785398164693582,1.,1.,0.707106780728295,        2499P   6873
0.707106780728295,1.,1.,-28.7230257174859,11.9734237161891,-29.,    2499P   6874
28.7590717727803,11.8702389239443,-29.,-28.732001088135,            2499P   6875
6.97343176544278,-29.,28.7500964021312,6.87024697319798,-29.,       2499P   6876
-28.7320010881234,6.97343177192344,-23.9999999935193,               2499P   6877
28.7500964021429,6.87024697967864,-23.9999999935193,                2499P   6878
0.251089406314153,11.7475274268174,-0.785398163397448,              2499P   6879
0.785398164693582;                                                  2499P   6880
502,213,-12.5,29.5,18.261467228243,12.5,29.5,18.261467228243,       2501P   6881
82.4248115565993,0.,-1.5,82.,0.,-1.5,82.4248115565993,40.,-1.5,     2501P   6882
82.,40.,-1.5,82.,0.,1.5,82.4248115565993,0.,1.5,82.,40.,1.5,        2501P   6883
82.4248115565993,40.,1.5,67.5,40.,15.,67.5,0.,15.,67.5,0.,-15.,     2501P   6884
67.5,40.,-15.,-67.5,0.,15.,-82.4248115565993,0.,1.5,-82.,0.,1.5,    2501P   6885
-82.,0.,-1.5,-82.4248115565993,0.,-1.5,-67.5,0.,-15.,-67.5,0.,      2501P   6886
-13.6,-67.5,0.,13.6,67.5,0.,13.6,67.5,0.,-13.6,-82.,40.,-1.5,       2501P   6887
-82.4248115565993,40.,-1.5,-82.4248115565993,40.,1.5,-82.,40.,      2501P   6888
1.5,-67.5,40.,15.,-67.5,40.,-15.,67.5,40.,-13.5,67.5,40.,13.5,      2501P   6889
-67.5,40.,13.5,-67.5,40.,-13.5,12.5,25.,18.,12.5,28.,21.,-12.5,     2501P   6890
28.,21.,-12.5,25.,18.,-12.5,29.,21.,-12.5,32.,18.,-12.5,32.,15.,    2501P   6891
-12.5,25.,15.,12.5,29.,21.,12.5,32.,18.,12.5,25.,15.,12.5,32.,      2501P   6892
15.,-1.03527618041009,-7.,-8.13870330515628,-1.03527618041009,      2501P   6893
-6.,-8.13870330515628,-0.582342851480673,-7.,-6.44833310915041,     2501P   6894
-0.582342851480673,-6.,-6.44833310915041,-3.86370330515627,-6.,     2501P   6895
-5.31027618041009,-2.1733331091504,-6.,-4.85734285148068,           2501P   6896
-2.1733331091504,-7.,-4.85734285148068,-3.86370330515627,-7.,       2501P   6897
-5.31027618041009,-3.86370330515627,-7.,-3.23972381958993,          2501P   6898
-3.86370330515627,-6.,-3.23972381958993,-2.1733331091504,-7.,       2501P   6899
-3.69265714851934,-2.1733331091504,-6.,-3.69265714851934,           2501P   6900
-1.03527618041008,-6.,-0.411296694843736,-0.582342851480673,-6.,    2501P   6901
-2.10166689084961,-0.582342851480673,-7.,-2.10166689084961,         2501P   6902
-1.03527618041008,-7.,-0.411296694843736,1.03527618041008,-7.,      2501P   6903
-0.411296694843737,1.03527618041008,-6.,-0.411296694843737,         2501P   6904
0.582342851480671,-7.,-2.10166689084961,0.582342851480671,-6.,      2501P   6905
-2.10166689084961,3.86370330515627,-6.,-3.23972381958993,           2501P   6906
2.1733331091504,-6.,-3.69265714851934,2.1733331091504,-7.,          2501P   6907
-3.69265714851934,3.86370330515627,-7.,-3.23972381958993,           2501P   6908
3.86370330515627,-7.,-5.31027618041009,3.86370330515627,-6.,        2501P   6909
-5.31027618041009,2.1733331091504,-7.,-4.85734285148068,            2501P   6910
2.1733331091504,-6.,-4.85734285148068,1.03527618041008,-6.,         2501P   6911
-8.13870330515628,0.582342851480671,-6.,-6.44833310915041,          2501P   6912
0.582342851480671,-7.,-6.44833310915041,1.03527618041008,-7.,       2501P   6913
-8.13870330515628,2.25,-38.9,-4.27500000000001,2.25,-8.9,           2501P   6914
-4.27500000000001,3.5,-8.9,-4.27500000000001,                       2501P   6915
-8.32667268468867D-16,-8.9,-0.775000000000011,                      2501P   6916
-8.32667268468867D-16,-8.4,-0.27500000000001,4.,-8.4,               2501P   6917
-4.27500000000001,4.,1.1,-4.27500000000001,2.025,1.,                2501P   6918
-0.0500000000000095,2.025,1.,-8.50000000000001,2.025,1.1,           2501P   6919
-0.05000000000001,2.025,1.1,-8.50000000000001,-2.025,1.,            2501P   6920
-0.0500000000000102,-2.025,1.1,-0.05000000000001,-2.025,1.,         2501P   6921
-8.50000000000001,-2.025,1.1,-8.50000000000001,-75.775,1.01,        2501P   6922
-1.21322926359314D-14,-75.775,1.,-1.21322926359314D-14,-75.875,     2501P   6923
1.,-1.21200461679399D-14,-75.875,1.01,-1.21200461679399D-14,        2501P   6924
67.5,1.,11.,67.5,1.,-11.,-67.5,1.,11.,-67.5,1.,-11.,75.875,1.,      2501P   6925
-1.21200461679399D-14,75.775,1.01,-1.21322926359314D-14,75.775,     2501P   6926
1.,-1.21322926359314D-14,75.875,1.01,-1.21200461679399D-14,         2501P   6927
-21.45,38.,5.,-22.,38.,4.45,-22.,37.,3.45,-20.45,37.,5.,-20.45,     2501P   6928
34.,5.,-21.45,38.,-5.,-22.,38.,-5.55,-22.,37.,-6.55,-20.45,37.,     2501P   6929
-5.,-20.45,34.,-5.,-19.75,39.,5.,-20.25,38.5,5.,-67.5,39.,11.,      2501P   6930
-67.5,39.,-11.,67.5,39.,11.,67.5,39.,-11.,-19.75,39.,-5.,18.,       2501P   6931
39.,-2.77231548650465D-15,-60.7593820776594,39.,                    2501P   6932
0.472475271433498,-61.2406179223406,39.,1.34906643143571,           2501P   6933
-61.2406179223406,39.,-1.34906643143571,-60.7593820776594,39.,      2501P   6934
-0.472475271433487,61.2406179223406,39.,1.34906643143571,           2501P   6935
60.7593820776594,39.,0.472475271433498,60.7593820776594,39.,        2501P   6936
-0.472475271433487,61.2406179223406,39.,-1.34906643143571,44.5,     2501P   6937
39.,-2.77231548650465D-15,-29.,39.,-1.34366535705216D-14,-20.25,    2501P   6938
34.,5.,-20.25,38.5,-5.,-20.25,34.,-5.,12.25,36.5,                   2501P   6939
-2.06814357699492D-15,12.25,36.,-2.06814357699492D-15,-34.75,       2501P   6940
36.5,-2.00000000000001,-34.75,36.5,1.99999999999999,-34.75,36.,     2501P   6941
-2.00000000000001,-34.75,36.,1.99999999999999,-38.75,36.5,          2501P   6942
1.99999999999999,-38.75,36.5,-2.00000000000001,-38.75,36.,          2501P   6943
1.99999999999999,-38.75,36.,-2.00000000000001,38.75,36.5,           2501P   6944
-2.06814357699492D-15,38.75,36.,-2.06814357699492D-15,14.,37.,      2501P   6945
-2.2824567668457D-15,14.,36.5,-2.2824567668457D-15,-33.,37.,        2501P   6946
-1.29467948508626D-14,-33.,36.5,-1.29467948508626D-14,40.5,37.,     2501P   6947
-2.2824567668457D-15,40.5,36.5,-2.2824567668457D-15,15.,37.5,       2501P   6948
-2.40492144676044D-15,15.,37.,-2.40492144676044D-15,-32.,37.5,      2501P   6949
-1.30692595307774D-14,-32.,37.,-1.30692595307774D-14,41.5,37.5,     2501P   6950
-2.40492144676044D-15,41.5,37.,-2.40492144676044D-15,42.5,38.,      2501P   6951
-2.52738612667518D-15,42.5,37.5,-2.52738612667518D-15,16.,38.,      2501P   6952
-2.52738612667517D-15,16.,37.5,-2.52738612667517D-15,-31.,38.,      2501P   6953
-1.31917242106921D-14,-31.,37.5,-1.31917242106921D-14,-30.,38.,     2501P   6954
-1.33141888906068D-14,17.,38.,-2.64985080658991D-15,43.5,38.,       2501P   6955
-2.64985080658991D-15,61.2406179223406,37.,1.34906643143571,        2501P   6956
60.7593820776594,37.,0.472475271433498,60.7593820776594,37.,        2501P   6957
-0.472475271433487,61.2406179223406,37.,-1.34906643143571,          2501P   6958
-60.7593820776594,37.,0.472475271433498,-61.2406179223406,37.,      2501P   6959
1.34906643143571,-60.7593820776594,37.,-0.472475271433487,          2501P   6960
-61.2406179223406,37.,-1.34906643143571,-67.5,0.,13.5,-67.5,0.,     2501P   6961
-13.5,-67.5,1.,13.5,-67.5,1.,-13.5,67.5,0.,-13.5,67.5,1.,-13.5,     2501P   6962
67.5,0.,13.5,67.5,1.,13.5,-67.5,1.,-13.6,-67.5,1.,13.6,67.5,1.,     2501P   6963
-13.6,67.5,1.,13.6,67.5,0.,12.7320508075689,67.5,                   2501P   6964
0.499999999999998,11.8660254037844,67.5,0.499999999999998,          2501P   6965
-11.8660254037845,67.5,0.,-12.7320508075689,-67.5,                  2501P   6966
0.500000000000001,-11.8660254037844,-67.5,0.,-12.7320508075689,     2501P   6967
-67.5,0.499999999999998,11.8660254037844,-67.5,0.,                  2501P   6968
12.7320508075689,-67.5,40.,12.7320508075689,67.5,40.,               2501P   6969
12.7320508075689,-67.5,39.,12.7320508075689,67.5,39.,               2501P   6970
12.7320508075689,67.5,40.,-12.7320508075689,67.5,39.,               2501P   6971
-12.7320508075689,-67.5,40.,-12.7320508075689,-67.5,39.,            2501P   6972
-12.7320508075689,67.5,39.,-13.5,67.5,39.,13.5,-67.5,39.,-13.5,     2501P   6973
-67.5,39.,13.5,-67.5,39.5,11.8660254037844,-67.5,39.5,              2501P   6974
-11.8660254037844,67.5,39.5,-11.8660254037844,67.5,39.5,            2501P   6975
11.8660254037844;                                                   2501P   6976
502,82,-11.5,16.,-21.7685786509845,-12.5,16.,-21.7685786509845,     2503P   6977
11.5,16.,-21.7685786509845,12.5,16.,-21.7685786509845,-12.5,16.,    2503P   6978
-20.2685786509845,-12.5,16.,-26.2685786509845,-12.5,14.,            2503P   6979
-20.2685786509845,-12.5,14.,-26.2685786509845,-18.5,16.,            2503P   6980
-26.2685786509845,-18.5,16.,-20.2685786509845,12.5,16.,             2503P   6981
-26.2685786509845,12.5,16.,-20.2685786509845,12.5,14.,              2503P   6982
-26.2685786509845,12.5,14.,-20.2685786509845,18.5,16.,              2503P   6983
-20.2685786509845,18.5,16.,-26.2685786509845,18.5,14.,              2503P   6984
-26.2685786509845,18.5,14.,-20.2685786509845,-18.5,14.,             2503P   6985
-26.2685786509845,-18.5,14.,-20.2685786509845,20.75,                2503P   6986
2.87717419348834,24.5,21.75,2.87717419348834,24.5,-20.75,           2503P   6987
2.87717419348834,24.5,-21.75,2.87717419348834,24.5,-19.,8.,-25.,    2503P   6988
-19.,8.,-13.,-19.,7.,-25.,-19.,7.,-13.,19.,8.,-13.,19.,7.,-13.,     2503P   6989
19.,8.,-25.,19.,7.,-25.,-24.4118944315607,7.,-28.,                  2503P   6990
-22.3285610982273,6.99999999999999,22.,-24.4118944315607,8.,        2503P   6991
-28.,-22.3285610982273,7.99999999999999,22.,22.3285610982274,       2503P   6992
6.99999999999999,22.,24.4118944315607,7.,-28.,22.3285610982274,     2503P   6993
7.99999999999999,22.,24.4118944315607,8.,-28.,20.75,                2503P   6994
7.99999999999999,22.,-20.75,7.99999999999999,22.,                   2503P   6995
-27.8333333333333,6.99999999999999,22.,-29.9166666666667,7.,        2503P   6996
-28.,20.75,0.504250786009279,30.,20.75,0.00394795821693883,         2503P   6997
29.5006989934496,20.75,9.,30.,20.75,9.,22.,20.75,0.,22.,20.75,      2503P   6998
0.,23.8542299074995,-20.75,9.,22.,-20.75,0.00394795821693994,       2503P   6999
29.5006989934496,-20.75,0.504250786009286,30.,-20.75,               2503P   7000
-1.11022302462516D-15,23.8542299074994,-20.75,0.,22.,-20.75,9.,     2503P   7001
30.,20.5147595794791,14.,29.5,20.5147595794791,13.5,30.,            2503P   7002
20.8272595794791,-7.7715611723761D-15,22.,27.8333333333333,         2503P   7003
6.99999999999999,22.,29.9166666666667,7.,-28.,22.9105929128125,     2503P   7004
-1.11022302462516D-15,-28.,22.9939262461458,0.,-30.,                2503P   7005
22.9939262461458,14.,-30.,-20.8272595794791,                        2503P   7006
-7.7715611723761D-15,22.,-22.9105929128125,                         2503P   7007
-1.11022302462516D-15,-28.,-20.5147595794791,14.,29.5,              2503P   7008
-22.9939262461458,14.,-30.,-22.9939262461458,0.,-30.,               2503P   7009
-20.5147595794791,13.5,30.,-22.9939262461267,1.36602540378444,      2503P   7010
-29.5,-22.9939262461267,0.933012701892222,-29.75,                   2503P   7011
-22.9939262461266,13.0669872981078,-29.75,-22.9939262461267,        2503P   7012
12.6339745962156,-29.5,22.9939262461458,1.36602540378445,-29.5,     2503P   7013
22.9939262461458,0.933012701892223,-29.75,22.9939262461458,         2503P   7014
12.6339745962156,-29.5,22.9939262461458,13.0669872981078,-29.75,    2503P   7015
-22.9939262461266,13.5,-30.,22.9939262461458,13.5,-30.,             2503P   7016
-22.9939262461267,0.500000000000002,-30.,22.9939262461458,          2503P   7017
0.500000000000001,-30.;                                             2503P   7018
502,30,2.5,14.,-11.,2.5,9.,-11.,21.,13.9846733762402,28.,21.,       2505P   7019
6.88415899963003,28.,20.5366037904289,14.,28.,-20.5366037904288,    2505P   7020
14.,28.,-21.,13.9846733762402,28.,-21.,6.95955223445441,28.,        2505P   7021
-22.9503968938771,14.,-28.,-26.8761945101651,12.7972872798408,      2505P   7022
-27.975864804462,-29.689835266465,8.13561363408343,                 2505P   7023
-23.9575070037089,-27.8388553951159,8.13173709048667,               2505P   7024
19.0000000039269,-21.,13.9995939574018,19.,22.9503968938771,14.,    2505P   7025
-28.,21.,13.9995939574018,19.,27.8563653127115,8.01923180777884,    2505P   7026
19.0000000080123,29.7085473109981,8.01535299841259,                 2505P   7027
-23.957391957035,27.0348411456972,12.686776431606,                  2505P   7028
-27.9748894695252,-21.,10.4706319876218,25.5,21.,                   2505P   7029
10.4706319876218,25.5,-21.,6.95955223445441,19.,                    2505P   7030
-26.8528905400825,6.97005862376131,19.,21.,6.88415899963003,19.,    2505P   7031
26.8643078684557,6.87363211533934,19.,-28.7057928266375,            2505P   7032
6.97338472607552,-24.,28.718245640083,6.87030415424967,-24.,        2505P   7033
26.4522768386813,11.8743797985195,-29.,22.9503968938771,13.,        2505P   7034
-29.,-22.9503968938771,13.,-29.,-26.3162579736832,                  2505P   7035
11.9691033827207,-29.;                                              2505P   7036
504,325,1045,2501,1,2501,1,1047,2501,1,2501,2,1049,2501,2,2501,     2507P   7037
2,1051,2501,3,2501,4,1053,2501,5,2501,3,1055,2501,6,2501,5,1057,    2507P   7038
2501,6,2501,4,1059,2501,7,2501,8,1061,2501,9,2501,7,1063,2501,      2507P   7039
10,2501,9,1065,2501,8,2501,10,1067,2501,4,2501,7,1069,2501,9,       2507P   7040
2501,6,1071,2501,11,2501,10,1073,2501,12,2501,11,1075,2501,12,      2507P   7041
2501,8,1077,2501,3,2501,13,1079,2501,13,2501,14,1081,2501,5,        2507P   7042
2501,14,1083,2501,15,2501,12,1085,2501,16,2501,15,1087,2501,16,     2507P   7043
2501,17,1089,2501,17,2501,18,1091,2501,18,2501,19,1093,2501,20,     2507P   7044
2501,19,1095,2501,13,2501,20,1097,2501,21,2501,22,1099,2501,22,     2507P   7045
2501,23,1101,2501,23,2501,24,1103,2501,24,2501,21,1105,2501,25,     2507P   7046
2501,18,1107,2501,26,2501,25,1109,2501,19,2501,26,1111,2501,27,     2507P   7047
2501,16,1113,2501,28,2501,27,1115,2501,28,2501,17,1117,2501,25,     2507P   7048
2501,28,1119,2501,15,2501,29,1121,2501,27,2501,29,1123,2501,30,     2507P   7049
2501,26,1125,2501,20,2501,30,1127,2501,14,2501,30,1129,2501,29,     2507P   7050
2501,11,1131,2501,31,2501,32,1133,2501,32,2501,33,1135,2501,33,     2507P   7051
2501,34,1137,2501,34,2501,31,1139,2501,35,2501,36,1141,2501,36,     2507P   7052
2501,37,1143,2501,37,2501,38,1145,2501,38,2501,35,1147,2501,39,     2507P   7053
2501,37,1149,2501,40,2501,39,1151,2501,41,2501,40,1153,2501,42,     2507P   7054
2501,41,1155,2501,42,2501,38,1157,2501,36,2501,43,1159,2501,39,     2507P   7055
2501,43,1161,2501,43,2501,44,1163,2501,44,2501,40,1165,2501,45,     2507P   7056
2501,35,1167,2501,46,2501,45,1169,2501,46,2501,44,1171,2501,45,     2507P   7057
2501,42,1173,2501,41,2501,46,1175,2501,47,2501,48,1177,2501,47,     2507P   7058
2501,49,1179,2501,49,2501,50,1181,2501,50,2501,48,1183,2501,48,     2507P   7059
2501,51,1185,2501,52,2501,50,1187,2501,51,2501,52,1189,2501,49,     2507P   7060
2501,53,1191,2501,53,2501,52,1193,2501,51,2501,54,1195,2501,53,     2507P   7061
2501,54,1197,2501,54,2501,47,1199,2501,55,2501,56,1201,2501,55,     2507P   7062
2501,57,1203,2501,57,2501,58,1205,2501,58,2501,56,1207,2501,56,     2507P   7063
2501,59,1209,2501,60,2501,58,1211,2501,59,2501,60,1213,2501,57,     2507P   7064
2501,61,1215,2501,61,2501,60,1217,2501,59,2501,62,1219,2501,61,     2507P   7065
2501,62,1221,2501,62,2501,55,1223,2501,63,2501,64,1225,2501,63,     2507P   7066
2501,65,1227,2501,65,2501,66,1229,2501,66,2501,64,1231,2501,64,     2507P   7067
2501,67,1233,2501,68,2501,66,1235,2501,67,2501,68,1237,2501,65,     2507P   7068
2501,69,1239,2501,69,2501,68,1241,2501,67,2501,70,1243,2501,69,     2507P   7069
2501,70,1245,2501,70,2501,63,1247,2501,71,2501,72,1249,2501,71,     2507P   7070
2501,73,1251,2501,73,2501,74,1253,2501,74,2501,72,1255,2501,72,     2507P   7071
2501,75,1257,2501,76,2501,74,1259,2501,75,2501,76,1261,2501,73,     2507P   7072
2501,77,1263,2501,77,2501,76,1265,2501,75,2501,78,1267,2501,77,     2507P   7073
2501,78,1269,2501,78,2501,71,1271,2501,79,2501,79,1273,2501,79,     2507P   7074
2501,80,1275,2501,80,2501,80,1277,2501,81,2501,82,1279,2501,82,     2507P   7075
2501,83,1281,2501,83,2501,84,1283,2501,84,2501,83,1285,2501,82,     2507P   7076
2501,81,1287,2501,84,2501,85,1289,2501,85,2501,85,1291,2501,86,     2507P   7077
2501,87,1293,2501,86,2501,88,1295,2501,88,2501,89,1297,2501,87,     2507P   7078
2501,89,1299,2501,90,2501,86,1301,2501,90,2501,91,1303,2501,91,     2507P   7079
2501,88,1305,2501,92,2501,90,1307,2501,92,2501,93,1309,2501,93,     2507P   7080
2501,91,1311,2501,87,2501,92,1313,2501,89,2501,93,1315,2501,94,     2507P   7081
2501,94,1317,2501,94,2501,95,1319,2501,95,2501,95,1321,2501,96,     2507P   7082
2501,96,1323,2501,96,2501,97,1325,2501,97,2501,97,1327,2501,98,     2507P   7083
2501,99,1329,2501,100,2501,98,1331,2501,101,2501,100,1333,2501,     2507P   7084
99,2501,101,1335,2501,102,2501,102,1337,2501,103,2501,103,1339,     2507P   7085
2501,103,2501,104,1341,2501,104,2501,104,1343,2501,102,2501,105,    2507P   7086
1345,2501,105,2501,105,1347,2501,106,2501,107,1349,2501,107,        2507P   7087
2501,108,1351,2501,108,2501,109,1353,2501,109,2501,108,1355,        2507P   7088
2501,107,2501,106,1357,2501,109,2501,110,1359,2501,110,2501,110,    2507P   7089
1361,2501,111,2501,112,1363,2501,112,2501,113,1365,2501,113,        2507P   7090
2501,114,1367,2501,114,2501,113,1369,2501,112,2501,111,1371,        2507P   7091
2501,114,2501,115,1373,2501,115,2501,115,1375,2501,116,2501,116,    2507P   7092
1377,2501,116,2501,117,1379,2501,117,2501,117,1381,2501,118,        2507P   7093
2501,119,1383,2501,120,2501,118,1385,2501,121,2501,120,1387,        2507P   7094
2501,119,2501,121,1389,2501,122,2501,122,1391,2501,123,2501,123,    2507P   7095
1393,2501,124,2501,125,1395,2501,125,2501,126,1397,2501,126,        2507P   7096
2501,127,1399,2501,127,2501,124,1401,2501,128,2501,129,1403,        2507P   7097
2501,129,2501,130,1405,2501,130,2501,131,1407,2501,131,2501,128,    2507P   7098
1409,2501,132,2501,132,1411,2501,133,2501,133,1413,2501,117,        2507P   7099
2501,134,1415,2501,134,2501,134,1417,2501,122,2501,135,1419,        2507P   7100
2501,135,2501,135,1421,2501,135,2501,136,1423,2501,136,2501,136,    2507P   7101
1425,2501,137,2501,137,1427,2501,137,2501,138,1429,2501,138,        2507P   7102
2501,138,1431,2501,139,2501,140,1433,2501,139,2501,141,1435,        2507P   7103
2501,141,2501,142,1437,2501,140,2501,142,1439,2501,143,2501,144,    2507P   7104
1441,2501,143,2501,145,1443,2501,145,2501,146,1445,2501,144,        2507P   7105
2501,146,1447,2501,140,2501,143,1449,2501,142,2501,145,1451,        2507P   7106
2501,144,2501,139,1453,2501,146,2501,141,1455,2501,147,2501,147,    2507P   7107
1457,2501,147,2501,148,1459,2501,148,2501,148,1461,2501,149,        2507P   7108
2501,149,1463,2501,149,2501,150,1465,2501,150,2501,150,1467,        2507P   7109
2501,151,2501,151,1469,2501,151,2501,152,1471,2501,152,2501,152,    2507P   7110
1473,2501,153,2501,153,1475,2501,153,2501,154,1477,2501,154,        2507P   7111
2501,154,1479,2501,155,2501,155,1481,2501,155,2501,156,1483,        2507P   7112
2501,156,2501,156,1485,2501,157,2501,157,1487,2501,157,2501,158,    2507P   7113
1489,2501,158,2501,158,1491,2501,159,2501,159,1493,2501,159,        2507P   7114
2501,160,1495,2501,160,2501,160,1497,2501,161,2501,161,1499,        2507P   7115
2501,161,2501,162,1501,2501,162,2501,162,1503,2501,163,2501,163,    2507P   7116
1505,2501,163,2501,164,1507,2501,164,2501,164,1509,2501,165,        2507P   7117
2501,165,1511,2501,165,2501,166,1513,2501,166,2501,166,1515,        2507P   7118
2501,133,2501,167,1517,2501,167,2501,167,1519,2501,123,2501,168,    2507P   7119
1521,2501,168,2501,168,1523,2501,132,2501,169,1525,2501,169,        2507P   7120
2501,169,1527,2501,128,2501,170,1529,2501,171,2501,170,1531,        2507P   7121
2501,129,2501,171,1533,2501,172,2501,171,1535,2501,130,2501,172,    2507P   7122
1537,2501,173,2501,172,1539,2501,131,2501,173,1541,2501,170,        2507P   7123
2501,173,1543,2501,124,2501,174,1545,2501,174,2501,175,1547,        2507P   7124
2501,125,2501,175,1549,2501,127,2501,176,1551,2501,176,2501,174,    2507P   7125
1553,2501,126,2501,177,1555,2501,177,2501,176,1557,2501,175,        2507P   7126
2501,177,1559,2501,178,2501,179,1561,2501,178,2501,180,1563,        2507P   7127
2501,180,2501,181,1565,2501,179,2501,181,1567,2501,179,2501,182,    2507P   7128
1569,2501,181,2501,183,1571,2501,182,2501,183,1573,2501,182,        2507P   7129
2501,184,1575,2501,183,2501,185,1577,2501,184,2501,185,1579,        2507P   7130
2501,184,2501,178,1581,2501,185,2501,180,1583,2501,21,2501,186,     2507P   7131
1585,2501,186,2501,187,1587,2501,22,2501,187,1589,2501,24,2501,     2507P   7132
188,1591,2501,188,2501,186,1593,2501,23,2501,189,1595,2501,189,     2507P   7133
2501,188,1597,2501,187,2501,189,1599,2501,190,2501,191,1601,        2507P   7134
2501,191,2501,192,1603,2501,192,2501,193,1605,2501,193,2501,190,    2507P   7135
1607,2501,194,2501,195,1609,2501,195,2501,193,1611,2501,192,        2507P   7136
2501,194,1613,2501,196,2501,197,1615,2501,197,2501,195,1617,        2507P   7137
2501,194,2501,196,1619,2501,190,2501,197,1621,2501,196,2501,191,    2507P   7138
1623,2501,99,2501,192,1625,2501,101,2501,194,1627,2501,191,2501,    2507P   7139
98,1629,2501,100,2501,196,1631,2501,198,2501,199,1633,2501,198,     2507P   7140
2501,200,1635,2501,200,2501,201,1637,2501,199,2501,201,1639,        2507P   7141
2501,199,2501,202,1641,2501,201,2501,203,1643,2501,202,2501,203,    2507P   7142
1645,2501,202,2501,204,1647,2501,203,2501,205,1649,2501,204,        2507P   7143
2501,205,1651,2501,204,2501,198,1653,2501,205,2501,200,1655,        2507P   7144
2501,31,2501,206,1657,2501,206,2501,207,1659,2501,32,2501,207,      2507P   7145
1661,2501,34,2501,208,1663,2501,208,2501,206,1665,2501,33,2501,     2507P   7146
209,1667,2501,209,2501,208,1669,2501,207,2501,209,1671,2501,198,    2507P   7147
2501,210,1673,2501,210,2501,211,1675,2501,211,2501,204,1677,        2507P   7148
2501,212,2501,202,1679,2501,211,2501,212,1681,2501,213,2501,199,    2507P   7149
1683,2501,212,2501,213,1685,2501,213,2501,210,1687,2501,119,        2507P   7150
2501,211,1689,2501,121,2501,212,1691,2501,210,2501,118,1693,        2507P   7151
2501,120,2501,213;                                                  2507P   7152
504,127,1695,2503,1,2503,1,1697,2503,1,2503,2,1699,2503,2,2503,     2509P   7153
2,1701,2503,3,2503,3,1703,2503,3,2503,4,1705,2503,4,2503,4,1707,    2509P   7154
2503,5,2503,6,1709,2503,7,2503,5,1711,2503,8,2503,7,1713,2503,8,    2509P   7155
2503,6,1715,2503,6,2503,9,1717,2503,9,2503,10,1719,2503,10,2503,    2509P   7156
5,1721,2503,11,2503,12,1723,2503,13,2503,11,1725,2503,14,2503,      2509P   7157
13,1727,2503,14,2503,12,1729,2503,12,2503,15,1731,2503,15,2503,     2509P   7158
16,1733,2503,16,2503,11,1735,2503,17,2503,16,1737,2503,13,2503,     2509P   7159
17,1739,2503,18,2503,15,1741,2503,17,2503,18,1743,2503,18,2503,     2509P   7160
14,1745,2503,19,2503,9,1747,2503,20,2503,19,1749,2503,20,2503,      2509P   7161
10,1751,2503,19,2503,8,1753,2503,7,2503,20,1755,2503,21,2503,21,    2509P   7162
1757,2503,21,2503,22,1759,2503,22,2503,22,1761,2503,23,2503,23,     2509P   7163
1763,2503,23,2503,24,1765,2503,24,2503,24,1767,2503,25,2503,26,     2509P   7164
1769,2503,25,2503,27,1771,2503,28,2503,27,1773,2503,26,2503,28,     2509P   7165
1775,2503,26,2503,29,1777,2503,30,2503,28,1779,2503,29,2503,30,     2509P   7166
1781,2503,29,2503,31,1783,2503,32,2503,30,1785,2503,31,2503,32,     2509P   7167
1787,2503,31,2503,25,1789,2503,27,2503,32,1791,2503,33,2503,34,     2509P   7168
1793,2503,33,2503,35,1795,2503,35,2503,36,1797,2503,34,2503,36,     2509P   7169
1799,2503,37,2503,38,1801,2503,37,2503,39,1803,2503,39,2503,40,     2509P   7170
1805,2503,38,2503,40,1807,2503,41,2503,39,1809,2503,42,2503,41,     2509P   7171
1811,2503,36,2503,42,1813,2503,40,2503,35,1815,2503,43,2503,34,     2509P   7172
1817,2503,44,2503,43,1819,2503,44,2503,33,1821,2503,45,2503,46,     2509P   7173
1823,2503,47,2503,45,1825,2503,47,2503,48,1827,2503,41,2503,48,     2509P   7174
1829,2503,49,2503,41,1831,2503,50,2503,49,1833,2503,46,2503,50,     2509P   7175
1835,2503,48,2503,51,1837,2503,42,2503,51,1839,2503,52,2503,53,     2509P   7176
1841,2503,54,2503,52,1843,2503,55,2503,54,1845,2503,55,2503,42,     2509P   7177
1847,2503,51,2503,56,1849,2503,53,2503,56,1851,2503,56,2503,47,     2509P   7178
1853,2503,46,2503,57,1855,2503,58,2503,57,1857,2503,58,2503,45,     2509P   7179
1859,2503,50,2503,59,1861,2503,59,2503,60,1863,2503,60,2503,61,     2509P   7180
1865,2503,61,2503,62,1867,2503,62,2503,63,1869,2503,63,2503,64,     2509P   7181
1871,2503,64,2503,57,1873,2503,65,2503,55,1875,2503,43,2503,65,     2509P   7182
1877,2503,65,2503,54,1879,2503,49,2503,59,1881,2503,38,2503,61,     2509P   7183
1883,2503,37,2503,60,1885,2503,66,2503,44,1887,2503,62,2503,66,     2509P   7184
1889,2503,67,2503,52,1891,2503,67,2503,68,1893,2503,68,2503,69,     2509P   7185
1895,2503,69,2503,66,1897,2503,67,2503,70,1899,2503,70,2503,58,     2509P   7186
1901,2503,57,2503,67,1903,2503,53,2503,70,1905,2503,64,2503,68,     2509P   7187
1907,2503,71,2503,72,1909,2503,72,2503,73,1911,2503,73,2503,74,     2509P   7188
1913,2503,74,2503,71,1915,2503,75,2503,76,1917,2503,76,2503,72,     2509P   7189
1919,2503,71,2503,75,1921,2503,77,2503,78,1923,2503,78,2503,76,     2509P   7190
1925,2503,75,2503,77,1927,2503,73,2503,78,1929,2503,77,2503,74,     2509P   7191
1931,2503,79,2503,73,1933,2503,79,2503,80,1935,2503,78,2503,80,     2509P   7192
1937,2503,72,2503,81,1939,2503,81,2503,79,1941,2503,76,2503,82,     2509P   7193
1943,2503,82,2503,81,1945,2503,80,2503,82,1947,2503,63,2503,69;     2509P   7194
504,48,1949,2505,1,2505,1,1951,2505,1,2505,2,1953,2505,2,2505,2,    2511P   7195
1955,2505,3,2505,4,1957,2505,5,2505,3,1959,2505,6,2505,5,1961,      2511P   7196
2505,7,2505,6,1963,2505,8,2505,7,1965,2505,4,2505,8,1967,2505,6,    2511P   7197
2505,9,1969,2505,10,2505,9,1971,2505,11,2505,10,1973,2505,12,       2511P   7198
2505,11,1975,2505,12,2505,13,1977,2505,13,2505,7,1979,2505,14,      2511P   7199
2505,5,1981,2505,9,2505,14,1983,2505,3,2505,15,1985,2505,15,        2511P   7200
2505,16,1987,2505,17,2505,16,1989,2505,18,2505,17,1991,2505,14,     2511P   7201
2505,18,1993,2505,19,2505,19,1995,2505,19,2505,20,1997,2505,20,     2511P   7202
2505,20,1999,2505,13,2505,21,2001,2505,8,2505,21,2003,2505,22,      2511P   7203
2505,12,2005,2505,21,2505,22,2007,2505,23,2505,4,2009,2505,15,      2511P   7204
2505,23,2011,2505,16,2505,24,2013,2505,24,2505,23,2015,2505,25,     2511P   7205
2505,22,2017,2505,26,2505,25,2019,2505,24,2505,26,2021,2505,26,     2511P   7206
2505,17,2023,2505,26,2505,27,2025,2505,27,2505,18,2027,2505,28,     2511P   7207
2505,14,2029,2505,27,2505,28,2031,2505,29,2505,9,2033,2505,28,      2511P   7208
2505,29,2035,2505,30,2505,10,2037,2505,29,2505,30,2039,2505,30,     2511P   7209
2505,25,2041,2505,25,2505,11,2043,2505,30,2505,27;                  2511P   7210
406,1,5HBody1;                                                      2513P   7211
406,1,7HAstra:1;                                                    2515P   7212
406,1,13Hastra_clip1:1;                                             2517P   7213
406,1,13Hastra_clip2:1;                                             2519P   7214
314,74.9019607843137,74.9019607843137,74.9019607843137,7HDefault    2521P   7215
;                                                                   2521P   7216
314,20.7843137254902,20.7843137254902,20.7843137254902,16HAnodiz    2523P   7217
ed - Black;                                                         2523P   7218
314,0.,0.,0.,19HAluminum - Polished;                                2525P   7219
314,0.,0.,0.,11HIndoor Pool;                                        2527P   7220
314,51.3725490196078,42.3529411764706,37.2549019607843,27HGunmet    2529P   7221
al - Antique Polished;                                              2529P   7222
314,0.,0.,0.,15HAluminum - Dark;                                    2531P   7223
314,17.2549019607843,17.2549019607843,17.2549019607843,16HAnodiz    2533P   7224
ed - Black;                                                         2533P   7225
314,0.,0.,0.,14HGlossy - Black;                                     2535P   7226
314,62.7450980392157,62.7450980392157,62.7450980392157,13HSteel     2537P   7227
- Satin;                                                            2537P   7228
S      1G      3D   2538P   7228                                        T      1
