# WaveFront *.obj file (generated by Autodesk ATF)

mtllib RPiAIHATPlusBoard.mtl

g Solid1

v -28.250000 0.000000 -29.500000
v -28.250000 0.000000 29.500000
v -28.250000 1.550000 -29.500000
v -28.250000 1.550000 29.500000
v -28.103170 0.000000 -30.427051
v -28.103170 0.000000 30.427051
v -28.103170 1.550000 -30.427051
v -28.103170 1.550000 30.427051
v -27.677052 0.000000 -31.263356
v -27.677052 0.000000 31.263356
v -27.677052 1.550000 -31.263356
v -27.677052 1.550000 31.263356
v -27.209084 0.000000 -29.493785
v -27.209084 0.000000 -28.506217
v -27.209084 0.000000 28.506217
v -27.209084 0.000000 29.493785
v -27.209084 1.550000 -29.493785
v -27.209084 1.550000 -28.506217
v -27.209084 1.550000 28.506217
v -27.209084 1.550000 29.493785
v -27.013357 0.000000 -31.927052
v -27.013357 0.000000 31.927052
v -27.013357 1.550000 -31.927052
v -27.013357 1.550000 31.927052
v -26.888421 0.000000 -30.427842
v -26.888421 0.000000 -27.572157
v -26.888421 0.000000 27.572157
v -26.888421 0.000000 30.427842
v -26.888421 1.550000 -30.427842
v -26.888421 1.550000 -27.572157
v -26.888421 1.550000 27.572157
v -26.888421 1.550000 30.427842
v -26.281846 0.000000 -31.207173
v -26.281846 0.000000 -26.792829
v -26.281846 0.000000 26.792829
v -26.281846 0.000000 31.207173
v -26.281846 1.550000 -31.207173
v -26.281846 1.550000 -26.792829
v -26.281846 1.550000 26.792829
v -26.281846 1.550000 31.207173
v -26.227107 0.000000 -24.130001
v -26.227107 0.000000 -21.589999
v -26.227107 0.000000 -19.050000
v -26.227107 0.000000 -16.510000
v -26.227107 0.000000 -13.970000
v -26.227107 0.000000 -11.430000
v -26.227107 0.000000 -8.890000
v -26.227107 0.000000 -6.350000
v -26.227107 0.000000 -3.810000
v -26.227107 0.000000 -1.270000
v -26.227107 0.000000 1.270000
v -26.227107 0.000000 3.810000
v -26.227107 0.000000 6.350000
v -26.227107 0.000000 8.890000
v -26.227107 0.000000 11.430000
v -26.227107 0.000000 13.970000
v -26.227107 0.000000 16.510000
v -26.227107 0.000000 19.050000
v -26.227107 0.000000 21.589999
v -26.227107 0.000000 24.130001
v -26.203012 1.550000 -23.946986
v -26.203012 1.550000 -21.406987
v -26.203012 1.550000 -18.866987
v -26.203012 1.550000 -16.326988
v -26.203012 1.550000 -13.786987
v -26.203012 1.550000 -11.246988
v -26.203012 1.550000 -8.706988
v -26.203012 1.550000 -6.166987
v -26.203012 1.550000 -3.626987
v -26.203012 1.550000 -1.086987
v -26.203012 1.550000 1.453013
v -26.203012 1.550000 3.993013
v -26.203012 1.550000 6.533013
v -26.203012 1.550000 9.073012
v -26.203012 1.550000 11.613013
v -26.203012 1.550000 14.153013
v -26.203012 1.550000 16.693013
v -26.203012 1.550000 19.233012
v -26.203012 1.550000 21.773012
v -26.184464 1.550000 23.888156
v -26.184464 1.550000 24.371846
v -26.177051 0.000000 -32.353170
v -26.177051 0.000000 32.353170
v -26.177051 1.550000 -32.353170
v -26.177051 1.550000 32.353170
v -26.160855 1.550000 -24.428837
v -26.160855 1.550000 -21.888835
v -26.160855 1.550000 -19.348836
v -26.160855 1.550000 -16.808836
v -26.160855 1.550000 -14.268836
v -26.160855 1.550000 -11.728836
v -26.160855 1.550000 -9.188836
v -26.160855 1.550000 -6.648836
v -26.160855 1.550000 -4.108836
v -26.160855 1.550000 -1.568836
v -26.160855 1.550000 0.971164
v -26.160855 1.550000 3.511164
v -26.160855 1.550000 6.051164
v -26.160855 1.550000 8.591164
v -26.160855 1.550000 11.131164
v -26.160855 1.550000 13.671163
v -26.160855 1.550000 16.211164
v -26.160855 1.550000 18.751163
v -26.160855 1.550000 21.291163
v -26.061676 0.000000 -24.584520
v -26.061676 0.000000 -23.675480
v -26.061676 0.000000 -22.044520
v -26.061676 0.000000 -21.135480
v -26.061676 0.000000 -19.504520
v -26.061676 0.000000 -18.595481
v -26.061676 0.000000 -16.964519
v -26.061676 0.000000 -16.055480
v -26.061676 0.000000 -14.424520
v -26.061676 0.000000 -13.515481
v -26.061676 0.000000 -11.884520
v -26.061676 0.000000 -10.975480
v -26.061676 0.000000 -9.344519
v -26.061676 0.000000 -8.435481
v -26.061676 0.000000 -6.804519
v -26.061676 0.000000 -5.895481
v -26.061676 0.000000 -4.264520
v -26.061676 0.000000 -3.355480
v -26.061676 0.000000 -1.724519
v -26.061676 0.000000 -0.815481
v -26.061676 0.000000 0.815481
v -26.061676 0.000000 1.724519
v -26.061676 0.000000 3.355480
v -26.061676 0.000000 4.264520
v -26.061676 0.000000 5.895481
v -26.061676 0.000000 6.804519
v -26.061676 0.000000 8.435481
v -26.061676 0.000000 9.344519
v -26.061676 0.000000 10.975480
v -26.061676 0.000000 11.884520
v -26.061676 0.000000 13.515481
v -26.061676 0.000000 14.424520
v -26.061676 0.000000 16.055480
v -26.061676 0.000000 16.964519
v -26.061676 0.000000 18.595481
v -26.061676 0.000000 19.504520
v -26.061676 0.000000 21.135480
v -26.061676 0.000000 22.044520
v -26.061676 0.000000 23.675480
v -26.061676 0.000000 24.584520
v -25.925579 1.550000 -23.550773
v -25.925579 1.550000 -21.010773
v -25.925579 1.550000 -18.470773
v -25.925579 1.550000 -15.930772
v -25.925579 1.550000 -13.390772
v -25.925579 1.550000 -10.850772
v -25.925579 1.550000 -8.310772
v -25.925579 1.550000 -5.770772
v -25.925579 1.550000 -3.230772
v -25.925579 1.550000 -0.690772
v -25.925579 1.550000 1.849228
v -25.925579 1.550000 4.389228
v -25.925579 1.550000 6.929228
v -25.925579 1.550000 9.469228
v -25.925579 1.550000 12.009228
v -25.925579 1.550000 14.549228
v -25.925579 1.550000 17.089227
v -25.925579 1.550000 19.629228
v -25.925579 1.550000 22.169228
v -25.873554 1.550000 23.517628
v -25.873554 1.550000 24.742372
v -25.818837 1.550000 -24.770856
v -25.818837 1.550000 -22.230856
v -25.818837 1.550000 -19.690857
v -25.818837 1.550000 -17.150856
v -25.818837 1.550000 -14.610857
v -25.818837 1.550000 -12.070856
v -25.818837 1.550000 -9.530857
v -25.818837 1.550000 -6.990857
v -25.818837 1.550000 -4.450856
v -25.818837 1.550000 -1.910856
v -25.818837 1.550000 0.629144
v -25.818837 1.550000 3.169143
v -25.818837 1.550000 5.709144
v -25.818837 1.550000 8.249143
v -25.818837 1.550000 10.789144
v -25.818837 1.550000 13.329144
v -25.818837 1.550000 15.869144
v -25.818837 1.550000 18.409144
v -25.818837 1.550000 20.949144
v -25.642788 0.000000 -24.826365
v -25.642788 0.000000 -23.433635
v -25.642788 0.000000 -22.286365
v -25.642788 0.000000 -20.893636
v -25.642788 0.000000 -19.746364
v -25.642788 0.000000 -18.353636
v -25.642788 0.000000 -17.206364
v -25.642788 0.000000 -15.813636
v -25.642788 0.000000 -14.666364
v -25.642788 0.000000 -13.273636
v -25.642788 0.000000 -12.126365
v -25.642788 0.000000 -10.733635
v -25.642788 0.000000 -9.586364
v -25.642788 0.000000 -8.193636
v -25.642788 0.000000 -7.046364
v -25.642788 0.000000 -5.653636
v -25.642788 0.000000 -4.506364
v -25.642788 0.000000 -3.113636
v -25.642788 0.000000 -1.966364
v -25.642788 0.000000 -0.573636
v -25.642788 0.000000 0.573636
v -25.642788 0.000000 1.966364
v -25.642788 0.000000 3.113636
v -25.642788 0.000000 4.506364
v -25.642788 0.000000 5.653636
v -25.642788 0.000000 7.046364
v -25.642788 0.000000 8.193636
v -25.642788 0.000000 9.586364
v -25.642788 0.000000 10.733635
v -25.642788 0.000000 12.126365
v -25.642788 0.000000 13.273636
v -25.642788 0.000000 14.666364
v -25.642788 0.000000 15.813636
v -25.642788 0.000000 17.206364
v -25.642788 0.000000 18.353636
v -25.642788 0.000000 19.746364
v -25.642788 0.000000 20.893636
v -25.642788 0.000000 22.286365
v -25.642788 0.000000 23.433635
v -25.642788 0.000000 24.826365
v -25.500000 0.000000 -29.000001
v -25.500000 0.000000 29.000001
v -25.500000 1.550000 -29.000001
v -25.500000 1.550000 29.000001
v -25.458372 1.550000 -23.425584
v -25.458372 1.550000 -20.885584
v -25.458372 1.550000 -18.345584
v -25.458372 1.550000 -15.805584
v -25.458372 1.550000 -13.265584
v -25.458372 1.550000 -10.725584
v -25.458372 1.550000 -8.185584
v -25.458372 1.550000 -5.645584
v -25.458372 1.550000 -3.105584
v -25.458372 1.550000 -0.565584
v -25.458372 1.550000 1.974416
v -25.458372 1.550000 4.514416
v -25.458372 1.550000 7.054416
v -25.458372 1.550000 9.594416
v -25.458372 1.550000 12.134416
v -25.458372 1.550000 14.674416
v -25.458372 1.550000 17.214416
v -25.458372 1.550000 19.754416
v -25.458372 1.550000 22.294416
v -25.455086 0.000000 -31.747320
v -25.455086 0.000000 -26.252680
v -25.455086 0.000000 26.252680
v -25.455086 0.000000 31.747320
v -25.455086 1.550000 -31.747320
v -25.455086 1.550000 -26.252680
v -25.455086 1.550000 26.252680
v -25.455086 1.550000 31.747320
v -25.397213 1.550000 23.433635
v -25.397213 1.550000 24.826365
v -25.336988 1.550000 -24.813013
v -25.336988 1.550000 -22.273014
v -25.336988 1.550000 -19.733013
v -25.336988 1.550000 -17.193012
v -25.336988 1.550000 -14.653013
v -25.336988 1.550000 -12.113013
v -25.336988 1.550000 -9.573013
v -25.336988 1.550000 -7.033013
v -25.336988 1.550000 -4.493013
v -25.336988 1.550000 -1.953013
v -25.336988 1.550000 0.586987
v -25.336988 1.550000 3.126987
v -25.336988 1.550000 5.666987
v -25.336988 1.550000 8.206987
v -25.336988 1.550000 10.746987
v -25.336988 1.550000 13.286988
v -25.336988 1.550000 15.826987
v -25.336988 1.550000 18.366988
v -25.336988 1.550000 20.906987
v -25.332532 0.000000 -29.625001
v -25.332532 0.000000 -28.375001
v -25.332532 0.000000 28.375001
v -25.332532 0.000000 29.625001
v -25.332532 1.550000 -29.625001
v -25.332532 1.550000 -28.375001
v -25.332532 1.550000 28.375001
v -25.332532 1.550000 29.625001
v -25.250001 0.000000 -32.500000
v -25.250001 0.000000 32.500000
v -25.250001 1.550000 -32.500000
v -25.250001 1.550000 32.500000
v -25.166447 0.000000 -24.742372
v -25.166447 0.000000 -23.517628
v -25.166447 0.000000 -22.202373
v -25.166447 0.000000 -20.977628
v -25.166447 0.000000 -19.662372
v -25.166447 0.000000 -18.437628
v -25.166447 0.000000 -17.122372
v -25.166447 0.000000 -15.897628
v -25.166447 0.000000 -14.582373
v -25.166447 0.000000 -13.357627
v -25.166447 0.000000 -12.042372
v -25.166447 0.000000 -10.817628
v -25.166447 0.000000 -9.502372
v -25.166447 0.000000 -8.277628
v -25.166447 0.000000 -6.962373
v -25.166447 0.000000 -5.737628
v -25.166447 0.000000 -4.422373
v -25.166447 0.000000 -3.197628
v -25.166447 0.000000 -1.882372
v -25.166447 0.000000 -0.657628
v -25.166447 0.000000 0.657628
v -25.166447 0.000000 1.882372
v -25.166447 0.000000 3.197628
v -25.166447 0.000000 4.422373
v -25.166447 0.000000 5.737628
v -25.166447 0.000000 6.962373
v -25.166447 0.000000 8.277628
v -25.166447 0.000000 9.502372
v -25.166447 0.000000 10.817628
v -25.166447 0.000000 12.042372
v -25.166447 0.000000 13.357627
v -25.166447 0.000000 14.582373
v -25.166447 0.000000 15.897628
v -25.166447 0.000000 17.122372
v -25.166447 0.000000 18.437628
v -25.166447 0.000000 19.662372
v -25.166447 0.000000 20.977628
v -25.166447 0.000000 22.202373
v -25.166447 0.000000 23.517628
v -25.166447 0.000000 24.742372
v -25.020001 1.550000 -23.629999
v -25.020001 1.550000 -21.090000
v -25.020001 1.550000 -18.550000
v -25.020001 1.550000 -16.010000
v -25.020001 1.550000 -13.470000
v -25.020001 1.550000 -10.930001
v -25.020001 1.550000 -8.390000
v -25.020001 1.550000 -5.850000
v -25.020001 1.550000 -3.310000
v -25.020001 1.550000 -0.770000
v -25.020001 1.550000 1.770000
v -25.020001 1.550000 4.310000
v -25.020001 1.550000 6.850000
v -25.020001 1.550000 9.390000
v -25.020001 1.550000 11.930000
v -25.020001 1.550000 14.470000
v -25.020001 1.550000 17.010000
v -25.020001 1.550000 19.550000
v -25.020001 1.550000 22.090001
v -24.978325 1.550000 23.675480
v -24.978325 1.550000 24.584520
v -24.940772 1.550000 -24.535580
v -24.940772 1.550000 -21.995580
v -24.940772 1.550000 -19.455580
v -24.940772 1.550000 -16.915580
v -24.940772 1.550000 -14.375579
v -24.940772 1.550000 -11.835580
v -24.940772 1.550000 -9.295580
v -24.940772 1.550000 -6.755580
v -24.940772 1.550000 -4.215580
v -24.940772 1.550000 -1.675580
v -24.940772 1.550000 0.864420
v -24.940772 1.550000 3.404420
v -24.940772 1.550000 5.944420
v -24.940772 1.550000 8.484420
v -24.940772 1.550000 11.024420
v -24.940772 1.550000 13.564420
v -24.940772 1.550000 16.104420
v -24.940772 1.550000 18.644420
v -24.940772 1.550000 21.184421
v -24.875000 0.000000 -30.082531
v -24.875000 0.000000 -27.917469
v -24.875000 0.000000 27.917469
v -24.875000 0.000000 30.082531
v -24.875000 1.550000 -30.082531
v -24.875000 1.550000 -27.917469
v -24.875000 1.550000 27.917469
v -24.875000 1.550000 30.082531
v -24.855537 0.000000 -24.371846
v -24.855537 0.000000 -23.888156
v -24.855537 0.000000 -21.831844
v -24.855537 0.000000 -21.348155
v -24.855537 0.000000 -19.291844
v -24.855537 0.000000 -18.808155
v -24.855537 0.000000 -16.751845
v -24.855537 0.000000 -16.268156
v -24.855537 0.000000 -14.211844
v -24.855537 0.000000 -13.728155
v -24.855537 0.000000 -11.671845
v -24.855537 0.000000 -11.188155
v -24.855537 0.000000 -9.131845
v -24.855537 0.000000 -8.648155
v -24.855537 0.000000 -6.591845
v -24.855537 0.000000 -6.108155
v -24.855537 0.000000 -4.051845
v -24.855537 0.000000 -3.568155
v -24.855537 0.000000 -1.511845
v -24.855537 0.000000 -1.028155
v -24.855537 0.000000 1.028155
v -24.855537 0.000000 1.511845
v -24.855537 0.000000 3.568155
v -24.855537 0.000000 4.051845
v -24.855537 0.000000 6.108155
v -24.855537 0.000000 6.591845
v -24.855537 0.000000 8.648155
v -24.855537 0.000000 9.131845
v -24.855537 0.000000 11.188155
v -24.855537 0.000000 11.671845
v -24.855537 0.000000 13.728155
v -24.855537 0.000000 14.211844
v -24.855537 0.000000 16.268156
v -24.855537 0.000000 16.751845
v -24.855537 0.000000 18.808155
v -24.855537 0.000000 19.291844
v -24.855537 0.000000 21.348155
v -24.855537 0.000000 21.831844
v -24.855537 0.000000 23.888156
v -24.855537 0.000000 24.371846
v -24.815583 1.550000 -24.068372
v -24.815583 1.550000 -21.528373
v -24.815583 1.550000 -18.988372
v -24.815583 1.550000 -16.448371
v -24.815583 1.550000 -13.908372
v -24.815583 1.550000 -11.368371
v -24.815583 1.550000 -8.828372
v -24.815583 1.550000 -6.288372
v -24.815583 1.550000 -3.748372
v -24.815583 1.550000 -1.208372
v -24.815583 1.550000 1.331628
v -24.815583 1.550000 3.871628
v -24.815583 1.550000 6.411628
v -24.815583 1.550000 8.951628
v -24.815583 1.550000 11.491629
v -24.815583 1.550000 14.031628
v -24.815583 1.550000 16.571628
v -24.815583 1.550000 19.111629
v -24.815583 1.550000 21.651628
v -24.812894 1.550000 24.130001
v -24.497738 0.000000 -31.989753
v -24.497738 0.000000 -26.010246
v -24.497738 0.000000 26.010246
v -24.497738 0.000000 31.989753
v -24.497738 1.550000 -31.989753
v -24.497738 1.550000 -26.010246
v -24.497738 1.550000 26.010246
v -24.497738 1.550000 31.989753
v -24.250000 0.000000 -30.250001
v -24.250000 0.000000 -27.750001
v -24.250000 0.000000 27.750001
v -24.250000 0.000000 30.250001
v -24.250000 1.550000 -30.250001
v -24.250000 1.550000 -27.750001
v -24.250000 1.550000 27.750001
v -24.250000 1.550000 30.250001
v -23.687108 0.000000 -24.130001
v -23.687108 0.000000 -21.589999
v -23.687108 0.000000 -19.050000
v -23.687108 0.000000 -16.510000
v -23.687108 0.000000 -13.970000
v -23.687108 0.000000 -11.430000
v -23.687108 0.000000 -8.890000
v -23.687108 0.000000 -6.350000
v -23.687108 0.000000 -3.810000
v -23.687108 0.000000 -1.270000
v -23.687108 0.000000 1.270000
v -23.687108 0.000000 3.810000
v -23.687108 0.000000 6.350000
v -23.687108 0.000000 8.890000
v -23.687108 0.000000 11.430000
v -23.687108 0.000000 13.970000
v -23.687108 0.000000 16.510000
v -23.687108 0.000000 19.050000
v -23.687108 0.000000 21.589999
v -23.687108 0.000000 24.130001
v -23.663013 1.550000 -23.946986
v -23.663013 1.550000 -21.406987
v -23.663013 1.550000 -18.866987
v -23.663013 1.550000 -16.326988
v -23.663013 1.550000 -13.786987
v -23.663013 1.550000 -11.246988
v -23.663013 1.550000 -8.706988
v -23.663013 1.550000 -6.166987
v -23.663013 1.550000 -3.626987
v -23.663013 1.550000 -1.086987
v -23.663013 1.550000 1.453013
v -23.663013 1.550000 3.993013
v -23.663013 1.550000 6.533013
v -23.663013 1.550000 9.073012
v -23.663013 1.550000 11.613013
v -23.663013 1.550000 14.153013
v -23.663013 1.550000 16.693013
v -23.663013 1.550000 19.233012
v -23.663013 1.550000 21.773012
v -23.663013 1.550000 24.313014
v -23.625000 0.000000 -30.082531
v -23.625000 0.000000 -27.917469
v -23.625000 0.000000 27.917469
v -23.625000 0.000000 30.082531
v -23.625000 1.550000 -30.082531
v -23.625000 1.550000 -27.917469
v -23.625000 1.550000 27.917469
v -23.625000 1.550000 30.082531
v -23.620856 1.550000 -24.428837
v -23.620856 1.550000 -21.888835
v -23.620856 1.550000 -19.348836
v -23.620856 1.550000 -16.808836
v -23.620856 1.550000 -14.268836
v -23.620856 1.550000 -11.728836
v -23.620856 1.550000 -9.188836
v -23.620856 1.550000 -6.648836
v -23.620856 1.550000 -4.108836
v -23.620856 1.550000 -1.568836
v -23.620856 1.550000 0.971164
v -23.620856 1.550000 3.511164
v -23.620856 1.550000 6.051164
v -23.620856 1.550000 8.591164
v -23.620856 1.550000 11.131164
v -23.620856 1.550000 13.671163
v -23.620856 1.550000 16.211164
v -23.620856 1.550000 18.751163
v -23.620856 1.550000 21.291163
v -23.620856 1.550000 23.831165
v -23.521676 0.000000 -24.584520
v -23.521676 0.000000 -23.675480
v -23.521676 0.000000 -22.044520
v -23.521676 0.000000 -21.135480
v -23.521676 0.000000 -19.504520
v -23.521676 0.000000 -18.595481
v -23.521676 0.000000 -16.964519
v -23.521676 0.000000 -16.055480
v -23.521676 0.000000 -14.424520
v -23.521676 0.000000 -13.515481
v -23.521676 0.000000 -11.884520
v -23.521676 0.000000 -10.975480
v -23.521676 0.000000 -9.344519
v -23.521676 0.000000 -8.435481
v -23.521676 0.000000 -6.804519
v -23.521676 0.000000 -5.895481
v -23.521676 0.000000 -4.264520
v -23.521676 0.000000 -3.355480
v -23.521676 0.000000 -1.724519
v -23.521676 0.000000 -0.815481
v -23.521676 0.000000 0.815481
v -23.521676 0.000000 1.724519
v -23.521676 0.000000 3.355480
v -23.521676 0.000000 4.264520
v -23.521676 0.000000 5.895481
v -23.521676 0.000000 6.804519
v -23.521676 0.000000 8.435481
v -23.521676 0.000000 9.344519
v -23.521676 0.000000 10.975480
v -23.521676 0.000000 11.884520
v -23.521676 0.000000 13.515481
v -23.521676 0.000000 14.424520
v -23.521676 0.000000 16.055480
v -23.521676 0.000000 16.964519
v -23.521676 0.000000 18.595481
v -23.521676 0.000000 19.504520
v -23.521676 0.000000 21.135480
v -23.521676 0.000000 22.044520
v -23.521676 0.000000 23.675480
v -23.521676 0.000000 24.584520
v -23.513544 0.000000 -31.908200
v -23.513544 0.000000 -26.091800
v -23.513544 0.000000 26.091800
v -23.513544 0.000000 31.908200
v -23.513544 1.550000 -31.908200
v -23.513544 1.550000 -26.091800
v -23.513544 1.550000 26.091800
v -23.513544 1.550000 31.908200
v -23.385580 1.550000 -23.550773
v -23.385580 1.550000 -21.010773
v -23.385580 1.550000 -18.470773
v -23.385580 1.550000 -15.930772
v -23.385580 1.550000 -13.390772
v -23.385580 1.550000 -10.850772
v -23.385580 1.550000 -8.310772
v -23.385580 1.550000 -5.770772
v -23.385580 1.550000 -3.230772
v -23.385580 1.550000 -0.690772
v -23.385580 1.550000 1.849228
v -23.385580 1.550000 4.389228
v -23.385580 1.550000 6.929228
v -23.385580 1.550000 9.469228
v -23.385580 1.550000 12.009228
v -23.385580 1.550000 14.549228
v -23.385580 1.550000 17.089227
v -23.385580 1.550000 19.629228
v -23.385580 1.550000 22.169228
v -23.385580 1.550000 24.709227
v -23.278837 1.550000 -24.770856
v -23.278837 1.550000 -22.230856
v -23.278837 1.550000 -19.690857
v -23.278837 1.550000 -17.150856
v -23.278837 1.550000 -14.610857
v -23.278837 1.550000 -12.070856
v -23.278837 1.550000 -9.530857
v -23.278837 1.550000 -6.990857
v -23.278837 1.550000 -4.450856
v -23.278837 1.550000 -1.910856
v -23.278837 1.550000 0.629144
v -23.278837 1.550000 3.169143
v -23.278837 1.550000 5.709144
v -23.278837 1.550000 8.249143
v -23.278837 1.550000 10.789144
v -23.278837 1.550000 13.329144
v -23.278837 1.550000 15.869144
v -23.278837 1.550000 18.409144
v -23.278837 1.550000 20.949144
v -23.278837 1.550000 23.489144
v -23.167467 0.000000 -29.625001
v -23.167467 0.000000 -28.375001
v -23.167467 0.000000 28.375001
v -23.167467 0.000000 29.625001
v -23.167467 1.550000 -29.625001
v -23.167467 1.550000 -28.375001
v -23.167467 1.550000 28.375001
v -23.167467 1.550000 29.625001
v -23.102789 0.000000 -24.826365
v -23.102789 0.000000 -23.433635
v -23.102789 0.000000 -22.286365
v -23.102789 0.000000 -20.893636
v -23.102789 0.000000 -19.746364
v -23.102789 0.000000 -18.353636
v -23.102789 0.000000 -17.206364
v -23.102789 0.000000 -15.813636
v -23.102789 0.000000 -14.666364
v -23.102789 0.000000 -13.273636
v -23.102789 0.000000 -12.126365
v -23.102789 0.000000 -10.733635
v -23.102789 0.000000 -9.586364
v -23.102789 0.000000 -8.193636
v -23.102789 0.000000 -7.046364
v -23.102789 0.000000 -5.653636
v -23.102789 0.000000 -4.506364
v -23.102789 0.000000 -3.113636
v -23.102789 0.000000 -1.966364
v -23.102789 0.000000 -0.573636
v -23.102789 0.000000 0.573636
v -23.102789 0.000000 1.966364
v -23.102789 0.000000 3.113636
v -23.102789 0.000000 4.506364
v -23.102789 0.000000 5.653636
v -23.102789 0.000000 7.046364
v -23.102789 0.000000 8.193636
v -23.102789 0.000000 9.586364
v -23.102789 0.000000 10.733635
v -23.102789 0.000000 12.126365
v -23.102789 0.000000 13.273636
v -23.102789 0.000000 14.666364
v -23.102789 0.000000 15.813636
v -23.102789 0.000000 17.206364
v -23.102789 0.000000 18.353636
v -23.102789 0.000000 19.746364
v -23.102789 0.000000 20.893636
v -23.102789 0.000000 22.286365
v -23.102789 0.000000 23.433635
v -23.102789 0.000000 24.826365
v -23.000000 0.000000 -29.000001
v -23.000000 0.000000 29.000001
v -23.000000 1.550000 -29.000001
v -23.000000 1.550000 29.000001
v -22.918372 1.550000 -23.425584
v -22.918372 1.550000 -20.885584
v -22.918372 1.550000 -18.345584
v -22.918372 1.550000 -15.805584
v -22.918372 1.550000 -13.265584
v -22.918372 1.550000 -10.725584
v -22.918372 1.550000 -8.185584
v -22.918372 1.550000 -5.645584
v -22.918372 1.550000 -3.105584
v -22.918372 1.550000 -0.565584
v -22.918372 1.550000 1.974416
v -22.918372 1.550000 4.514416
v -22.918372 1.550000 7.054416
v -22.918372 1.550000 9.594416
v -22.918372 1.550000 12.134416
v -22.918372 1.550000 14.674416
v -22.918372 1.550000 17.214416
v -22.918372 1.550000 19.754416
v -22.918372 1.550000 22.294416
v -22.918372 1.550000 24.834416
v -22.796988 1.550000 -24.813013
v -22.796988 1.550000 -22.273014
v -22.796988 1.550000 -19.733013
v -22.796988 1.550000 -17.193012
v -22.796988 1.550000 -14.653013
v -22.796988 1.550000 -12.113013
v -22.796988 1.550000 -9.573013
v -22.796988 1.550000 -7.033013
v -22.796988 1.550000 -4.493013
v -22.796988 1.550000 -1.953013
v -22.796988 1.550000 0.586987
v -22.796988 1.550000 3.126987
v -22.796988 1.550000 5.666987
v -22.796988 1.550000 8.206987
v -22.796988 1.550000 10.746987
v -22.796988 1.550000 13.286988
v -22.796988 1.550000 15.826987
v -22.796988 1.550000 18.366988
v -22.796988 1.550000 20.906987
v -22.796988 1.550000 23.446987
v -22.626448 0.000000 -24.742372
v -22.626448 0.000000 -23.517628
v -22.626448 0.000000 -22.202373
v -22.626448 0.000000 -20.977628
v -22.626448 0.000000 -19.662372
v -22.626448 0.000000 -18.437628
v -22.626448 0.000000 -17.122372
v -22.626448 0.000000 -15.897628
v -22.626448 0.000000 -14.582373
v -22.626448 0.000000 -13.357627
v -22.626448 0.000000 -12.042372
v -22.626448 0.000000 -10.817628
v -22.626448 0.000000 -9.502372
v -22.626448 0.000000 -8.277628
v -22.626448 0.000000 -6.962373
v -22.626448 0.000000 -5.737628
v -22.626448 0.000000 -4.422373
v -22.626448 0.000000 -3.197628
v -22.626448 0.000000 -1.882372
v -22.626448 0.000000 -0.657628
v -22.626448 0.000000 0.657628
v -22.626448 0.000000 1.882372
v -22.626448 0.000000 3.197628
v -22.626448 0.000000 4.422373
v -22.626448 0.000000 5.737628
v -22.626448 0.000000 6.962373
v -22.626448 0.000000 8.277628
v -22.626448 0.000000 9.502372
v -22.626448 0.000000 10.817628
v -22.626448 0.000000 12.042372
v -22.626448 0.000000 13.357627
v -22.626448 0.000000 14.582373
v -22.626448 0.000000 15.897628
v -22.626448 0.000000 17.122372
v -22.626448 0.000000 18.437628
v -22.626448 0.000000 19.662372
v -22.626448 0.000000 20.977628
v -22.626448 0.000000 22.202373
v -22.626448 0.000000 23.517628
v -22.626448 0.000000 24.742372
v -22.609155 0.000000 -31.511500
v -22.609155 0.000000 -26.488500
v -22.609155 0.000000 26.488500
v -22.609155 0.000000 31.511500
v -22.609155 1.550000 -31.511500
v -22.609155 1.550000 -26.488500
v -22.609155 1.550000 26.488500
v -22.609155 1.550000 31.511500
v -22.479999 1.550000 -23.629999
v -22.479999 1.550000 -21.090000
v -22.479999 1.550000 -18.550000
v -22.479999 1.550000 -16.010000
v -22.479999 1.550000 -13.470000
v -22.479999 1.550000 -10.930001
v -22.479999 1.550000 -8.390000
v -22.479999 1.550000 -5.850000
v -22.479999 1.550000 -3.310000
v -22.479999 1.550000 -0.770000
v -22.479999 1.550000 1.770000
v -22.479999 1.550000 4.310000
v -22.479999 1.550000 6.850000
v -22.479999 1.550000 9.390000
v -22.479999 1.550000 11.930000
v -22.479999 1.550000 14.470000
v -22.479999 1.550000 17.010000
v -22.479999 1.550000 19.550000
v -22.479999 1.550000 22.090001
v -22.479999 1.550000 24.630001
v -22.400773 1.550000 -24.535580
v -22.400773 1.550000 -21.995580
v -22.400773 1.550000 -19.455580
v -22.400773 1.550000 -16.915580
v -22.400773 1.550000 -14.375579
v -22.400773 1.550000 -11.835580
v -22.400773 1.550000 -9.295580
v -22.400773 1.550000 -6.755580
v -22.400773 1.550000 -4.215580
v -22.400773 1.550000 -1.675580
v -22.400773 1.550000 0.864420
v -22.400773 1.550000 3.404420
v -22.400773 1.550000 5.944420
v -22.400773 1.550000 8.484420
v -22.400773 1.550000 11.024420
v -22.400773 1.550000 13.564420
v -22.400773 1.550000 16.104420
v -22.400773 1.550000 18.644420
v -22.400773 1.550000 21.184421
v -22.400773 1.550000 23.724420
v -22.315538 0.000000 -24.371846
v -22.315538 0.000000 -23.888156
v -22.315538 0.000000 -21.831844
v -22.315538 0.000000 -21.348155
v -22.315538 0.000000 -19.291844
v -22.315538 0.000000 -18.808155
v -22.315538 0.000000 -16.751845
v -22.315538 0.000000 -16.268156
v -22.315538 0.000000 -14.211844
v -22.315538 0.000000 -13.728155
v -22.315538 0.000000 -11.671845
v -22.315538 0.000000 -11.188155
v -22.315538 0.000000 -9.131845
v -22.315538 0.000000 -8.648155
v -22.315538 0.000000 -6.591845
v -22.315538 0.000000 -6.108155
v -22.315538 0.000000 -4.051845
v -22.315538 0.000000 -3.568155
v -22.315538 0.000000 -1.511845
v -22.315538 0.000000 -1.028155
v -22.315538 0.000000 1.028155
v -22.315538 0.000000 1.511845
v -22.315538 0.000000 3.568155
v -22.315538 0.000000 4.051845
v -22.315538 0.000000 6.108155
v -22.315538 0.000000 6.591845
v -22.315538 0.000000 8.648155
v -22.315538 0.000000 9.131845
v -22.315538 0.000000 11.188155
v -22.315538 0.000000 11.671845
v -22.315538 0.000000 13.728155
v -22.315538 0.000000 14.211844
v -22.315538 0.000000 16.268156
v -22.315538 0.000000 16.751845
v -22.315538 0.000000 18.808155
v -22.315538 0.000000 19.291844
v -22.315538 0.000000 21.348155
v -22.315538 0.000000 21.831844
v -22.315538 0.000000 23.888156
v -22.315538 0.000000 24.371846
v -22.275584 1.550000 -24.068372
v -22.275584 1.550000 -21.528373
v -22.275584 1.550000 -18.988372
v -22.275584 1.550000 -16.448371
v -22.275584 1.550000 -13.908372
v -22.275584 1.550000 -11.368371
v -22.275584 1.550000 -8.828372
v -22.275584 1.550000 -6.288372
v -22.275584 1.550000 -3.748372
v -22.275584 1.550000 -1.208372
v -22.275584 1.550000 1.331628
v -22.275584 1.550000 3.871628
v -22.275584 1.550000 6.411628
v -22.275584 1.550000 8.951628
v -22.275584 1.550000 11.491629
v -22.275584 1.550000 14.031628
v -22.275584 1.550000 16.571628
v -22.275584 1.550000 19.111629
v -22.275584 1.550000 21.651628
v -22.275584 1.550000 24.191628
v -21.882579 0.000000 -30.842638
v -21.882579 0.000000 -27.157362
v -21.882579 0.000000 27.157362
v -21.882579 0.000000 30.842638
v -21.882579 1.550000 -30.842638
v -21.882579 1.550000 -27.157362
v -21.882579 1.550000 27.157362
v -21.882579 1.550000 30.842638
v -21.412549 0.000000 -29.974098
v -21.412549 0.000000 -28.025901
v -21.412549 0.000000 28.025901
v -21.412549 0.000000 29.974098
v -21.412549 1.550000 -29.974098
v -21.412549 1.550000 -28.025901
v -21.412549 1.550000 28.025901
v -21.412549 1.550000 29.974098
v -21.250000 0.000000 -29.000001
v -21.250000 0.000000 29.000001
v -21.250000 1.550000 -29.000001
v -21.250000 1.550000 29.000001
v -20.000000 0.000000 -29.000001
v -20.000000 1.550000 -29.000001
v -19.848704 0.000000 -29.711790
v -19.848704 0.000000 -28.288212
v -19.848704 1.550000 -29.711790
v -19.848704 1.550000 -28.288212
v -19.420979 0.000000 -30.300503
v -19.420979 0.000000 -27.699497
v -19.420979 1.550000 -30.300503
v -19.420979 1.550000 -27.699497
v -18.790780 0.000000 -30.664349
v -18.790780 0.000000 -27.335651
v -18.790780 1.550000 -30.664349
v -18.790780 1.550000 -27.335651
v -18.067075 0.000000 -30.740414
v -18.067075 0.000000 -27.259586
v -18.067075 1.550000 -30.740414
v -18.067075 1.550000 -27.259586
v -17.375000 0.000000 -30.515544
v -17.375000 0.000000 -27.484455
v -17.375000 1.550000 -30.515544
v -17.375000 1.550000 -27.484455
v -16.834220 0.000000 -30.028625
v -16.834220 0.000000 -27.971375
v -16.834220 1.550000 -30.028625
v -16.834220 1.550000 -27.971375
v -16.538242 0.000000 -29.363844
v -16.538242 0.000000 -28.636155
v -16.538242 1.550000 -29.363844
v -16.538242 1.550000 -28.636155
v -11.750000 0.000000 -10.000000
v -11.750000 0.000000 32.500000
v -11.750000 1.550000 -10.000000
v -11.750000 1.550000 32.500000
v -11.601453 0.000000 -10.650826
v -11.601453 0.000000 -9.349174
v -11.601453 1.550000 -10.650826
v -11.601453 1.550000 -9.349174
v -11.250000 0.000000 32.366025
v -11.250000 1.550000 32.366025
v -11.185235 0.000000 -11.172748
v -11.185235 0.000000 -8.827253
v -11.185235 1.550000 -11.172748
v -11.185235 1.550000 -8.827253
v -10.883975 0.000000 32.000000
v -10.883975 1.550000 32.000000
v -10.750000 0.000000 28.499999
v -10.750000 0.000000 31.500001
v -10.750000 1.550000 28.499999
v -10.750000 1.550000 31.500001
v -10.616026 0.000000 28.000000
v -10.616026 1.550000 28.000000
v -10.583781 0.000000 -11.462392
v -10.583781 0.000000 -8.537608
v -10.583781 1.550000 -11.462392
v -10.583781 1.550000 -8.537608
v -10.250000 0.000000 27.633975
v -10.250000 1.550000 27.633975
v -9.916219 0.000000 -11.462392
v -9.916219 0.000000 -8.537608
v -9.916219 1.550000 -11.462392
v -9.916219 1.550000 -8.537608
v -9.750000 0.000000 27.500000
v -9.750000 1.550000 27.500000
v -9.314765 0.000000 -11.172748
v -9.314765 0.000000 -8.827253
v -9.314765 1.550000 -11.172748
v -9.314765 1.550000 -8.827253
v -8.898547 0.000000 -10.650826
v -8.898547 0.000000 -9.349174
v -8.898547 1.550000 -10.650826
v -8.898547 1.550000 -9.349174
v -8.750000 0.000000 -10.000000
v -8.750000 1.550000 -10.000000
v -7.250000 1.550000 -5.500000
v -7.250000 1.550000 8.500000
v -7.250000 2.550000 -5.500000
v -7.250000 2.550000 8.500000
v -7.135819 1.550000 -6.074025
v -7.135819 1.550000 9.074025
v -7.135819 2.550000 -6.074025
v -7.135819 2.550000 9.074025
v -6.810660 1.550000 -6.560660
v -6.810660 1.550000 9.560660
v -6.810660 2.550000 -6.560660
v -6.810660 2.550000 9.560660
v -6.324025 1.550000 -6.885819
v -6.324025 1.550000 9.885820
v -6.324025 2.550000 -6.885819
v -6.324025 2.550000 9.885820
v -5.750000 1.550000 -7.000000
v -5.750000 1.550000 10.000000
v -5.750000 2.550000 -7.000000
v -5.750000 2.550000 10.000000
v 6.250000 0.000000 27.500000
v 6.250000 1.550000 27.500000
v 6.750000 0.000000 27.633975
v 6.750000 1.550000 27.633975
v 7.116026 0.000000 28.000000
v 7.116026 1.550000 28.000000
v 7.250000 0.000000 28.499999
v 7.250000 0.000000 31.500001
v 7.250000 1.550000 28.499999
v 7.250000 1.550000 31.500001
v 7.383975 0.000000 32.000000
v 7.383975 1.550000 32.000000
v 7.750000 0.000000 32.366025
v 7.750000 1.550000 32.366025
v 8.250000 0.000000 32.500000
v 8.250000 1.550000 -7.000000
v 8.250000 1.550000 10.000000
v 8.250000 1.550000 32.500000
v 8.250000 2.550000 -7.000000
v 8.250000 2.550000 10.000000
v 8.824025 1.550000 -6.885819
v 8.824025 1.550000 9.885820
v 8.824025 2.550000 -6.885819
v 8.824025 2.550000 9.885820
v 9.310660 1.550000 -6.560660
v 9.310660 1.550000 9.560660
v 9.310660 2.550000 -6.560660
v 9.310660 2.550000 9.560660
v 9.635819 1.550000 -6.074025
v 9.635819 1.550000 9.074025
v 9.635819 2.550000 -6.074025
v 9.635819 2.550000 9.074025
v 9.750000 1.550000 -5.500000
v 9.750000 1.550000 8.500000
v 9.750000 2.550000 -5.500000
v 9.750000 2.550000 8.500000
v 9.965931 0.000000 -24.000001
v 9.965931 0.000000 -16.000000
v 9.965931 1.550000 -24.000001
v 9.965931 1.550000 -16.000000
v 10.099906 0.000000 -24.500000
v 10.099906 0.000000 -15.500000
v 10.099906 1.550000 -24.500000
v 10.099906 1.550000 -15.500000
v 10.465931 0.000000 -24.866025
v 10.465931 0.000000 -15.133975
v 10.465931 1.550000 -24.866025
v 10.465931 1.550000 -15.133975
v 10.965931 0.000000 -25.000000
v 10.965931 0.000000 -15.000000
v 10.965931 1.550000 -25.000000
v 10.965931 1.550000 -15.000000
v 11.250000 0.000000 13.000000
v 11.250000 1.550000 13.000000
v 11.398547 0.000000 12.349174
v 11.398547 0.000000 13.650825
v 11.398547 1.550000 12.349174
v 11.398547 1.550000 13.650825
v 11.814765 0.000000 11.827253
v 11.814765 0.000000 14.172747
v 11.814765 1.550000 11.827253
v 11.814765 1.550000 14.172747
v 12.416219 0.000000 11.537608
v 12.416219 0.000000 14.462392
v 12.416219 1.550000 11.537608
v 12.416219 1.550000 14.462392
v 13.083781 0.000000 11.537608
v 13.083781 0.000000 14.462392
v 13.083781 1.550000 11.537608
v 13.083781 1.550000 14.462392
v 13.685235 0.000000 11.827253
v 13.685235 0.000000 14.172747
v 13.685235 1.550000 11.827253
v 13.685235 1.550000 14.172747
v 14.101453 0.000000 12.349174
v 14.101453 0.000000 13.650825
v 14.101453 1.550000 12.349174
v 14.101453 1.550000 13.650825
v 14.250000 0.000000 13.000000
v 14.250000 1.550000 13.000000
v 17.000000 0.000000 29.000001
v 17.000000 1.550000 29.000001
v 17.151295 0.000000 28.288212
v 17.151295 0.000000 29.711790
v 17.151295 1.550000 28.288212
v 17.151295 1.550000 29.711790
v 17.579021 0.000000 27.699497
v 17.579021 0.000000 30.300503
v 17.579021 1.550000 27.699497
v 17.579021 1.550000 30.300503
v 18.209220 0.000000 27.335651
v 18.209220 0.000000 30.664349
v 18.209220 1.550000 27.335651
v 18.209220 1.550000 30.664349
v 18.932924 0.000000 27.259586
v 18.932924 0.000000 30.740414
v 18.932924 1.550000 27.259586
v 18.932924 1.550000 30.740414
v 19.625000 0.000000 27.484455
v 19.625000 0.000000 30.515544
v 19.625000 1.550000 27.484455
v 19.625000 1.550000 30.515544
v 20.165780 0.000000 27.971375
v 20.165780 0.000000 30.028625
v 20.165780 1.550000 27.971375
v 20.165780 1.550000 30.028625
v 20.461757 0.000000 28.636155
v 20.461757 0.000000 29.363844
v 20.461757 1.550000 28.636155
v 20.461757 1.550000 29.363844
v 21.790917 0.000000 -29.493785
v 21.790917 0.000000 -28.506217
v 21.790917 0.000000 28.506217
v 21.790917 0.000000 29.493785
v 21.790917 1.550000 -29.493785
v 21.790917 1.550000 -28.506217
v 21.790917 1.550000 28.506217
v 21.790917 1.550000 29.493785
v 22.111578 0.000000 -30.427842
v 22.111578 0.000000 -27.572157
v 22.111578 0.000000 27.572157
v 22.111578 0.000000 30.427842
v 22.111578 1.550000 -30.427842
v 22.111578 1.550000 -27.572157
v 22.111578 1.550000 27.572157
v 22.111578 1.550000 30.427842
v 22.718155 0.000000 -31.207173
v 22.718155 0.000000 -26.792829
v 22.718155 0.000000 26.792829
v 22.718155 0.000000 31.207173
v 22.718155 1.550000 -31.207173
v 22.718155 1.550000 -26.792829
v 22.718155 1.550000 26.792829
v 22.718155 1.550000 31.207173
v 23.499999 0.000000 -29.000001
v 23.499999 0.000000 29.000001
v 23.499999 1.550000 -29.000001
v 23.499999 1.550000 29.000001
v 23.544915 0.000000 -31.747320
v 23.544915 0.000000 -26.252680
v 23.544915 0.000000 26.252680
v 23.544915 0.000000 31.747320
v 23.544915 1.550000 -31.747320
v 23.544915 1.550000 -26.252680
v 23.544915 1.550000 26.252680
v 23.544915 1.550000 31.747320
v 23.667469 0.000000 -29.625001
v 23.667469 0.000000 -28.375001
v 23.667469 0.000000 28.375001
v 23.667469 0.000000 29.625001
v 23.667469 1.550000 -29.625001
v 23.667469 1.550000 -28.375001
v 23.667469 1.550000 28.375001
v 23.667469 1.550000 29.625001
v 24.124999 0.000000 -30.082531
v 24.124999 0.000000 -27.917469
v 24.124999 0.000000 27.917469
v 24.124999 0.000000 30.082531
v 24.124999 1.550000 -30.082531
v 24.124999 1.550000 -27.917469
v 24.124999 1.550000 27.917469
v 24.124999 1.550000 30.082531
v 24.502263 0.000000 -31.989753
v 24.502263 0.000000 -26.010246
v 24.502263 0.000000 26.010246
v 24.502263 0.000000 31.989753
v 24.502263 1.550000 -31.989753
v 24.502263 1.550000 -26.010246
v 24.502263 1.550000 26.010246
v 24.502263 1.550000 31.989753
v 24.749999 0.000000 -30.250001
v 24.749999 0.000000 -27.750001
v 24.749999 0.000000 27.750001
v 24.749999 0.000000 30.250001
v 24.749999 1.550000 -30.250001
v 24.749999 1.550000 -27.750001
v 24.749999 1.550000 27.750001
v 24.749999 1.550000 30.250001
v 25.250001 0.000000 -32.500000
v 25.250001 0.000000 32.500000
v 25.250001 1.550000 -32.500000
v 25.250001 1.550000 32.500000
v 25.374999 0.000000 -30.082531
v 25.374999 0.000000 -27.917469
v 25.374999 0.000000 27.917469
v 25.374999 0.000000 30.082531
v 25.374999 1.550000 -30.082531
v 25.374999 1.550000 -27.917469
v 25.374999 1.550000 27.917469
v 25.374999 1.550000 30.082531
v 25.486457 0.000000 -31.908200
v 25.486457 0.000000 -26.091800
v 25.486457 0.000000 26.091800
v 25.486457 0.000000 31.908200
v 25.486457 1.550000 -31.908200
v 25.486457 1.550000 -26.091800
v 25.486457 1.550000 26.091800
v 25.486457 1.550000 31.908200
v 25.832531 0.000000 -29.625001
v 25.832531 0.000000 -28.375001
v 25.832531 0.000000 28.375001
v 25.832531 0.000000 29.625001
v 25.832531 1.550000 -29.625001
v 25.832531 1.550000 -28.375001
v 25.832531 1.550000 28.375001
v 25.832531 1.550000 29.625001
v 25.999999 0.000000 -29.000001
v 25.999999 0.000000 29.000001
v 25.999999 1.550000 -29.000001
v 25.999999 1.550000 29.000001
v 26.177051 0.000000 -32.353170
v 26.177051 0.000000 32.353170
v 26.177051 1.550000 -32.353170
v 26.177051 1.550000 32.353170
v 26.390843 0.000000 -31.511500
v 26.390843 0.000000 -26.488500
v 26.390843 0.000000 26.488500
v 26.390843 0.000000 31.511500
v 26.390843 1.550000 -31.511500
v 26.390843 1.550000 -26.488500
v 26.390843 1.550000 26.488500
v 26.390843 1.550000 31.511500
v 27.013357 0.000000 -31.927052
v 27.013357 0.000000 31.927052
v 27.013357 1.550000 -31.927052
v 27.013357 1.550000 31.927052
v 27.117422 0.000000 -30.842638
v 27.117422 0.000000 -27.157362
v 27.117422 0.000000 27.157362
v 27.117422 0.000000 30.842638
v 27.117422 1.550000 -30.842638
v 27.117422 1.550000 -27.157362
v 27.117422 1.550000 27.157362
v 27.117422 1.550000 30.842638
v 27.249999 0.000000 -25.000000
v 27.249999 0.000000 -15.000000
v 27.249999 1.550000 -25.000000
v 27.249999 1.550000 -15.000000
v 27.587452 0.000000 -29.974098
v 27.587452 0.000000 -28.025901
v 27.587452 0.000000 28.025901
v 27.587452 0.000000 29.974098
v 27.587452 1.550000 -29.974098
v 27.587452 1.550000 -28.025901
v 27.587452 1.550000 28.025901
v 27.587452 1.550000 29.974098
v 27.677052 0.000000 -31.263356
v 27.677052 0.000000 31.263356
v 27.677052 1.550000 -31.263356
v 27.677052 1.550000 31.263356
v 27.750001 0.000000 -29.000001
v 27.750001 0.000000 -25.133975
v 27.750001 0.000000 -14.866025
v 27.750001 0.000000 29.000001
v 27.750001 1.550000 -29.000001
v 27.750001 1.550000 -25.133975
v 27.750001 1.550000 -14.866025
v 27.750001 1.550000 29.000001
v 28.103170 0.000000 -30.427051
v 28.103170 0.000000 30.427051
v 28.103170 1.550000 -30.427051
v 28.103170 1.550000 30.427051
v 28.116026 0.000000 -25.500000
v 28.116026 0.000000 -14.500000
v 28.116026 1.550000 -25.500000
v 28.116026 1.550000 -14.500000
v 28.250000 0.000000 -29.500000
v 28.250000 0.000000 -25.999999
v 28.250000 0.000000 -14.000000
v 28.250000 0.000000 29.500000
v 28.250000 1.550000 -29.500000
v 28.250000 1.550000 -25.999999
v 28.250000 1.550000 -14.000000
v 28.250000 1.550000 29.500000
vt -0.100000 0.117810 0.000000
vt -0.100000 0.058905 0.000000
vt -0.100000 0.000000 0.000000
vt -0.100000 -0.058905 0.000000
vt -0.100000 -0.117810 0.000000
vt -0.000000 -0.117810 0.000000
vt -0.000000 -0.058905 0.000000
vt -0.000000 0.000000 0.000000
vt -0.000000 0.058905 0.000000
vt -0.000000 0.117810 0.000000
vt 1.550000 0.000000 0.000000
vt 1.550000 0.100000 0.000000
vt 0.150000 0.100000 0.000000
vt 0.150000 0.000000 0.000000
vt -0.850000 -0.700000 0.000000
vt -0.838582 -0.757403 0.000000
vt -0.806066 -0.806066 0.000000
vt -0.757403 -0.838582 0.000000
vt -0.700000 -0.850000 0.000000
vt 0.700000 -0.850000 0.000000
vt 0.757403 -0.838582 0.000000
vt 0.806066 -0.806066 0.000000
vt 0.838582 -0.757403 0.000000
vt 0.850000 -0.700000 0.000000
vt 0.850000 0.700000 0.000000
vt 0.838582 0.757403 0.000000
vt 0.806066 0.806066 0.000000
vt 0.757403 0.838582 0.000000
vt 0.700000 0.850000 0.000000
vt -0.700000 0.850000 0.000000
vt -0.757403 0.838582 0.000000
vt -0.806066 0.806066 0.000000
vt -0.838582 0.757403 0.000000
vt -0.850000 0.700000 0.000000
vt -0.100000 0.117810 0.000000
vt -0.100000 0.058905 0.000000
vt -0.100000 0.000000 0.000000
vt -0.100000 -0.058905 0.000000
vt -0.100000 -0.117810 0.000000
vt -0.000000 -0.117810 0.000000
vt -0.000000 -0.058905 0.000000
vt -0.000000 0.000000 0.000000
vt -0.000000 0.058905 0.000000
vt -0.000000 0.117810 0.000000
vt 0.150000 0.100000 0.000000
vt 0.150000 0.000000 0.000000
vt 1.550000 0.000000 0.000000
vt 1.550000 0.100000 0.000000
vt -0.100000 0.117810 0.000000
vt -0.100000 0.058905 0.000000
vt -0.100000 0.000000 0.000000
vt -0.100000 -0.058905 0.000000
vt -0.100000 -0.117810 0.000000
vt -0.000000 -0.117810 0.000000
vt -0.000000 -0.058905 0.000000
vt -0.000000 0.000000 0.000000
vt -0.000000 0.058905 0.000000
vt -0.000000 0.117810 0.000000
vt -0.100000 0.117810 0.000000
vt -0.100000 0.058905 0.000000
vt -0.100000 0.000000 0.000000
vt -0.100000 -0.058905 0.000000
vt -0.100000 -0.117810 0.000000
vt -0.000000 -0.117810 0.000000
vt -0.000000 -0.058905 0.000000
vt -0.000000 0.000000 0.000000
vt -0.000000 0.058905 0.000000
vt -0.000000 0.117810 0.000000
vt 1.550000 0.000000 0.000000
vt 1.550000 0.100000 0.000000
vt 0.150000 0.100000 0.000000
vt 0.150000 0.000000 0.000000
vt 0.150000 0.100000 0.000000
vt 0.150000 0.000000 0.000000
vt 1.550000 0.000000 0.000000
vt 1.550000 0.100000 0.000000
vt 0.155000 -0.222144 0.000000
vt 0.155000 -0.172779 0.000000
vt 0.155000 -0.123413 0.000000
vt 0.155000 -0.074048 0.000000
vt 0.155000 -0.024683 0.000000
vt 0.155000 0.024683 0.000000
vt 0.155000 0.074048 0.000000
vt 0.155000 0.123413 0.000000
vt 0.155000 0.172779 0.000000
vt 0.000000 0.055536 0.000000
vt 0.000000 0.006171 0.000000
vt 0.000000 -0.043195 0.000000
vt 0.000000 -0.092560 0.000000
vt 0.000000 -0.141925 0.000000
vt 0.000000 0.252998 0.000000
vt 0.000000 0.203632 0.000000
vt 0.000000 0.154267 0.000000
vt 0.000000 0.104901 0.000000
vt 0.000000 -0.191291 0.000000
vt 0.155000 0.222144 0.000000
vt 0.155000 0.222144 0.000000
vt 0.000000 -0.191291 0.000000
vt 0.155000 -0.222144 0.000000
vt 0.155000 -0.172779 0.000000
vt 0.155000 -0.123413 0.000000
vt 0.155000 -0.074048 0.000000
vt 0.155000 -0.024683 0.000000
vt 0.155000 0.024683 0.000000
vt 0.155000 0.074048 0.000000
vt 0.155000 0.123413 0.000000
vt 0.155000 0.172779 0.000000
vt 0.000000 0.055536 0.000000
vt 0.000000 0.006171 0.000000
vt 0.000000 -0.043195 0.000000
vt 0.000000 -0.092560 0.000000
vt 0.000000 -0.141925 0.000000
vt 0.000000 0.252998 0.000000
vt 0.000000 0.203632 0.000000
vt 0.000000 0.154267 0.000000
vt 0.000000 0.104901 0.000000
vt 0.000000 -0.191291 0.000000
vt 0.155000 0.222144 0.000000
vt 0.155000 0.222144 0.000000
vt 0.000000 -0.191291 0.000000
vt 0.155000 -0.222144 0.000000
vt 0.155000 -0.172779 0.000000
vt 0.155000 -0.123413 0.000000
vt 0.155000 -0.074048 0.000000
vt 0.155000 -0.024683 0.000000
vt 0.155000 0.024683 0.000000
vt 0.155000 0.074048 0.000000
vt 0.155000 0.123413 0.000000
vt 0.155000 0.172779 0.000000
vt 0.000000 0.055536 0.000000
vt 0.000000 0.006171 0.000000
vt 0.000000 -0.043195 0.000000
vt 0.000000 -0.092560 0.000000
vt 0.000000 -0.141925 0.000000
vt 0.000000 0.252998 0.000000
vt 0.000000 0.203632 0.000000
vt 0.000000 0.154267 0.000000
vt 0.000000 0.104901 0.000000
vt 0.000000 -0.191291 0.000000
vt 0.155000 0.222144 0.000000
vt 0.155000 0.222144 0.000000
vt 0.000000 -0.191291 0.000000
vt 0.155000 -0.222144 0.000000
vt 0.155000 -0.172779 0.000000
vt 0.155000 -0.123413 0.000000
vt 0.155000 -0.074048 0.000000
vt 0.155000 -0.024683 0.000000
vt 0.155000 0.024683 0.000000
vt 0.155000 0.074048 0.000000
vt 0.155000 0.123413 0.000000
vt 0.155000 0.172779 0.000000
vt 0.000000 0.055536 0.000000
vt 0.000000 0.006171 0.000000
vt 0.000000 -0.043195 0.000000
vt 0.000000 -0.092560 0.000000
vt 0.000000 -0.141925 0.000000
vt 0.000000 0.252998 0.000000
vt 0.000000 0.203632 0.000000
vt 0.000000 0.154267 0.000000
vt 0.000000 0.104901 0.000000
vt 0.000000 -0.191291 0.000000
vt 0.155000 0.222144 0.000000
vt 0.155000 0.222144 0.000000
vt 0.000000 -0.191291 0.000000
vt 0.155000 -0.222144 0.000000
vt 0.155000 -0.172779 0.000000
vt 0.155000 -0.123413 0.000000
vt 0.155000 -0.074048 0.000000
vt 0.155000 -0.024683 0.000000
vt 0.155000 0.024683 0.000000
vt 0.155000 0.074048 0.000000
vt 0.155000 0.123413 0.000000
vt 0.155000 0.172779 0.000000
vt 0.000000 0.055536 0.000000
vt 0.000000 0.006171 0.000000
vt 0.000000 -0.043195 0.000000
vt 0.000000 -0.092560 0.000000
vt 0.000000 -0.141925 0.000000
vt 0.000000 0.252998 0.000000
vt 0.000000 0.203632 0.000000
vt 0.000000 0.154267 0.000000
vt 0.000000 0.104901 0.000000
vt 0.000000 -0.191291 0.000000
vt 0.155000 0.222144 0.000000
vt 0.155000 0.222144 0.000000
vt 0.000000 -0.191291 0.000000
vt 0.155000 -0.222144 0.000000
vt 0.155000 -0.172779 0.000000
vt 0.155000 -0.123413 0.000000
vt 0.155000 -0.074048 0.000000
vt 0.155000 -0.024683 0.000000
vt 0.155000 0.024683 0.000000
vt 0.155000 0.074048 0.000000
vt 0.155000 0.123413 0.000000
vt 0.155000 0.172779 0.000000
vt 0.000000 0.055536 0.000000
vt 0.000000 0.006171 0.000000
vt 0.000000 -0.043195 0.000000
vt 0.000000 -0.092560 0.000000
vt 0.000000 -0.141925 0.000000
vt 0.000000 0.252998 0.000000
vt 0.000000 0.203632 0.000000
vt 0.000000 0.154267 0.000000
vt 0.000000 0.104901 0.000000
vt 0.000000 -0.191291 0.000000
vt 0.155000 0.222144 0.000000
vt 0.155000 0.222144 0.000000
vt 0.000000 -0.191291 0.000000
vt 0.155000 -0.222144 0.000000
vt 0.155000 -0.172779 0.000000
vt 0.155000 -0.123413 0.000000
vt 0.155000 -0.074048 0.000000
vt 0.155000 -0.024683 0.000000
vt 0.155000 0.024683 0.000000
vt 0.155000 0.074048 0.000000
vt 0.155000 0.123413 0.000000
vt 0.155000 0.172779 0.000000
vt 0.000000 0.055536 0.000000
vt 0.000000 0.006171 0.000000
vt 0.000000 -0.043195 0.000000
vt 0.000000 -0.092560 0.000000
vt 0.000000 -0.141925 0.000000
vt 0.000000 0.252998 0.000000
vt 0.000000 0.203632 0.000000
vt 0.000000 0.154267 0.000000
vt 0.000000 0.104901 0.000000
vt 0.000000 -0.191291 0.000000
vt 0.155000 0.222144 0.000000
vt 0.155000 0.222144 0.000000
vt 0.000000 -0.191291 0.000000
vt 0.155000 -0.222144 0.000000
vt 0.155000 -0.172779 0.000000
vt 0.155000 -0.123413 0.000000
vt 0.155000 -0.074048 0.000000
vt 0.155000 -0.024683 0.000000
vt 0.155000 0.024683 0.000000
vt 0.155000 0.074048 0.000000
vt 0.155000 0.123413 0.000000
vt 0.155000 0.172779 0.000000
vt 0.000000 0.055536 0.000000
vt 0.000000 0.006171 0.000000
vt 0.000000 -0.043195 0.000000
vt 0.000000 -0.092560 0.000000
vt 0.000000 -0.141925 0.000000
vt 0.000000 0.252998 0.000000
vt 0.000000 0.203632 0.000000
vt 0.000000 0.154267 0.000000
vt 0.000000 0.104901 0.000000
vt 0.000000 -0.191291 0.000000
vt 0.155000 0.222144 0.000000
vt 0.155000 0.222144 0.000000
vt 0.000000 -0.191291 0.000000
vt 0.155000 -0.222144 0.000000
vt 0.155000 -0.172779 0.000000
vt 0.155000 -0.123413 0.000000
vt 0.155000 -0.074048 0.000000
vt 0.155000 -0.024683 0.000000
vt 0.155000 0.024683 0.000000
vt 0.155000 0.074048 0.000000
vt 0.155000 0.123413 0.000000
vt 0.155000 0.172779 0.000000
vt 0.000000 0.055536 0.000000
vt 0.000000 0.006171 0.000000
vt 0.000000 -0.043195 0.000000
vt 0.000000 -0.092560 0.000000
vt 0.000000 -0.141925 0.000000
vt 0.000000 0.252998 0.000000
vt 0.000000 0.203632 0.000000
vt 0.000000 0.154267 0.000000
vt 0.000000 0.104901 0.000000
vt 0.000000 -0.191291 0.000000
vt 0.155000 0.222144 0.000000
vt 0.155000 0.222144 0.000000
vt 0.000000 -0.191291 0.000000
vt 0.155000 -0.222144 0.000000
vt 0.155000 -0.172779 0.000000
vt 0.155000 -0.123413 0.000000
vt 0.155000 -0.074048 0.000000
vt 0.155000 -0.024683 0.000000
vt 0.155000 0.024683 0.000000
vt 0.155000 0.074048 0.000000
vt 0.155000 0.123413 0.000000
vt 0.155000 0.172779 0.000000
vt 0.000000 0.055536 0.000000
vt 0.000000 0.006171 0.000000
vt 0.000000 -0.043195 0.000000
vt 0.000000 -0.092560 0.000000
vt 0.000000 -0.141925 0.000000
vt 0.000000 0.252998 0.000000
vt 0.000000 0.203632 0.000000
vt 0.000000 0.154267 0.000000
vt 0.000000 0.104901 0.000000
vt 0.000000 -0.191291 0.000000
vt 0.155000 0.222144 0.000000
vt 0.155000 0.222144 0.000000
vt 0.000000 -0.191291 0.000000
vt 0.155000 -0.222144 0.000000
vt 0.155000 -0.172779 0.000000
vt 0.155000 -0.123413 0.000000
vt 0.155000 -0.074048 0.000000
vt 0.155000 -0.024683 0.000000
vt 0.155000 0.024683 0.000000
vt 0.155000 0.074048 0.000000
vt 0.155000 0.123413 0.000000
vt 0.155000 0.172779 0.000000
vt 0.000000 0.055536 0.000000
vt 0.000000 0.006171 0.000000
vt 0.000000 -0.043195 0.000000
vt 0.000000 -0.092560 0.000000
vt 0.000000 -0.141925 0.000000
vt 0.000000 0.252998 0.000000
vt 0.000000 0.203632 0.000000
vt 0.000000 0.154267 0.000000
vt 0.000000 0.104901 0.000000
vt 0.000000 -0.191291 0.000000
vt 0.155000 0.222144 0.000000
vt 0.155000 0.222144 0.000000
vt 0.000000 -0.191291 0.000000
vt 0.155000 -0.222144 0.000000
vt 0.155000 -0.172779 0.000000
vt 0.155000 -0.123413 0.000000
vt 0.155000 -0.074048 0.000000
vt 0.155000 -0.024683 0.000000
vt 0.155000 0.024683 0.000000
vt 0.155000 0.074048 0.000000
vt 0.155000 0.123413 0.000000
vt 0.155000 0.172779 0.000000
vt 0.000000 0.055536 0.000000
vt 0.000000 0.006171 0.000000
vt 0.000000 -0.043195 0.000000
vt 0.000000 -0.092560 0.000000
vt 0.000000 -0.141925 0.000000
vt 0.000000 0.252998 0.000000
vt 0.000000 0.203632 0.000000
vt 0.000000 0.154267 0.000000
vt 0.000000 0.104901 0.000000
vt 0.000000 -0.191291 0.000000
vt 0.155000 0.222144 0.000000
vt 0.155000 0.222144 0.000000
vt 0.000000 -0.191291 0.000000
vt 0.155000 -0.222144 0.000000
vt 0.155000 -0.172779 0.000000
vt 0.155000 -0.123413 0.000000
vt 0.155000 -0.074048 0.000000
vt 0.155000 -0.024683 0.000000
vt 0.155000 0.024683 0.000000
vt 0.155000 0.074048 0.000000
vt 0.155000 0.123413 0.000000
vt 0.155000 0.172779 0.000000
vt 0.000000 0.055536 0.000000
vt 0.000000 0.006171 0.000000
vt 0.000000 -0.043195 0.000000
vt 0.000000 -0.092560 0.000000
vt 0.000000 -0.141925 0.000000
vt 0.000000 0.252998 0.000000
vt 0.000000 0.203632 0.000000
vt 0.000000 0.154267 0.000000
vt 0.000000 0.104901 0.000000
vt 0.000000 -0.191291 0.000000
vt 0.155000 0.222144 0.000000
vt 0.155000 0.222144 0.000000
vt 0.000000 -0.191291 0.000000
vt 0.155000 -0.222144 0.000000
vt 0.155000 -0.172779 0.000000
vt 0.155000 -0.123413 0.000000
vt 0.155000 -0.074048 0.000000
vt 0.155000 -0.024683 0.000000
vt 0.155000 0.024683 0.000000
vt 0.155000 0.074048 0.000000
vt 0.155000 0.123413 0.000000
vt 0.155000 0.172779 0.000000
vt 0.000000 0.055536 0.000000
vt 0.000000 0.006171 0.000000
vt 0.000000 -0.043195 0.000000
vt 0.000000 -0.092560 0.000000
vt 0.000000 -0.141925 0.000000
vt 0.000000 0.252998 0.000000
vt 0.000000 0.203632 0.000000
vt 0.000000 0.154267 0.000000
vt 0.000000 0.104901 0.000000
vt 0.000000 -0.191291 0.000000
vt 0.155000 0.222144 0.000000
vt 0.155000 0.222144 0.000000
vt 0.000000 -0.191291 0.000000
vt 0.155000 -0.222144 0.000000
vt 0.155000 -0.172779 0.000000
vt 0.155000 -0.123413 0.000000
vt 0.155000 -0.074048 0.000000
vt 0.155000 -0.024683 0.000000
vt 0.155000 0.024683 0.000000
vt 0.155000 0.074048 0.000000
vt 0.155000 0.123413 0.000000
vt 0.155000 0.172779 0.000000
vt 0.000000 0.055536 0.000000
vt 0.000000 0.006171 0.000000
vt 0.000000 -0.043195 0.000000
vt 0.000000 -0.092560 0.000000
vt 0.000000 -0.141925 0.000000
vt 0.000000 0.252998 0.000000
vt 0.000000 0.203632 0.000000
vt 0.000000 0.154267 0.000000
vt 0.000000 0.104901 0.000000
vt 0.000000 -0.191291 0.000000
vt 0.155000 0.222144 0.000000
vt 0.155000 0.222144 0.000000
vt 0.000000 -0.191291 0.000000
vt 0.155000 -0.222144 0.000000
vt 0.155000 -0.172779 0.000000
vt 0.155000 -0.123413 0.000000
vt 0.155000 -0.074048 0.000000
vt 0.155000 -0.024683 0.000000
vt 0.155000 0.024683 0.000000
vt 0.155000 0.074048 0.000000
vt 0.155000 0.123413 0.000000
vt 0.155000 0.172779 0.000000
vt 0.000000 0.055536 0.000000
vt 0.000000 0.006171 0.000000
vt 0.000000 -0.043195 0.000000
vt 0.000000 -0.092560 0.000000
vt 0.000000 -0.141925 0.000000
vt 0.000000 0.252998 0.000000
vt 0.000000 0.203632 0.000000
vt 0.000000 0.154267 0.000000
vt 0.000000 0.104901 0.000000
vt 0.000000 -0.191291 0.000000
vt 0.155000 0.222144 0.000000
vt 0.155000 0.222144 0.000000
vt 0.000000 -0.191291 0.000000
vt 0.155000 -0.222144 0.000000
vt 0.155000 -0.172779 0.000000
vt 0.155000 -0.123413 0.000000
vt 0.155000 -0.074048 0.000000
vt 0.155000 -0.024683 0.000000
vt 0.155000 0.024683 0.000000
vt 0.155000 0.074048 0.000000
vt 0.155000 0.123413 0.000000
vt 0.155000 0.172779 0.000000
vt 0.000000 0.055536 0.000000
vt 0.000000 0.006171 0.000000
vt 0.000000 -0.043195 0.000000
vt 0.000000 -0.092560 0.000000
vt 0.000000 -0.141925 0.000000
vt 0.000000 0.252998 0.000000
vt 0.000000 0.203632 0.000000
vt 0.000000 0.154267 0.000000
vt 0.000000 0.104901 0.000000
vt 0.000000 -0.191291 0.000000
vt 0.155000 0.222144 0.000000
vt 0.155000 0.222144 0.000000
vt 0.000000 -0.191291 0.000000
vt 0.155000 -0.222144 0.000000
vt 0.155000 -0.172779 0.000000
vt 0.155000 -0.123413 0.000000
vt 0.155000 -0.074048 0.000000
vt 0.155000 -0.024683 0.000000
vt 0.155000 0.024683 0.000000
vt 0.155000 0.074048 0.000000
vt 0.155000 0.123413 0.000000
vt 0.155000 0.172779 0.000000
vt 0.000000 0.055536 0.000000
vt 0.000000 0.006171 0.000000
vt 0.000000 -0.043195 0.000000
vt 0.000000 -0.092560 0.000000
vt 0.000000 -0.141925 0.000000
vt 0.000000 0.252998 0.000000
vt 0.000000 0.203632 0.000000
vt 0.000000 0.154267 0.000000
vt 0.000000 0.104901 0.000000
vt 0.000000 -0.191291 0.000000
vt 0.155000 0.222144 0.000000
vt 0.155000 0.222144 0.000000
vt 0.000000 -0.191291 0.000000
vt 0.155000 -0.222144 0.000000
vt 0.155000 -0.172779 0.000000
vt 0.155000 -0.123413 0.000000
vt 0.155000 -0.074048 0.000000
vt 0.155000 -0.024683 0.000000
vt 0.155000 0.024683 0.000000
vt 0.155000 0.074048 0.000000
vt 0.155000 0.123413 0.000000
vt 0.155000 0.172779 0.000000
vt 0.000000 0.055536 0.000000
vt 0.000000 0.006171 0.000000
vt 0.000000 -0.043195 0.000000
vt 0.000000 -0.092560 0.000000
vt 0.000000 -0.141925 0.000000
vt 0.000000 0.252998 0.000000
vt 0.000000 0.203632 0.000000
vt 0.000000 0.154267 0.000000
vt 0.000000 0.104901 0.000000
vt 0.000000 -0.191291 0.000000
vt 0.155000 0.222144 0.000000
vt 0.155000 0.222144 0.000000
vt 0.000000 -0.191291 0.000000
vt 0.155000 -0.222144 0.000000
vt 0.155000 -0.172779 0.000000
vt 0.155000 -0.123413 0.000000
vt 0.155000 -0.074048 0.000000
vt 0.155000 -0.024683 0.000000
vt 0.155000 0.024683 0.000000
vt 0.155000 0.074048 0.000000
vt 0.155000 0.123413 0.000000
vt 0.155000 0.172779 0.000000
vt 0.000000 0.055536 0.000000
vt 0.000000 0.006171 0.000000
vt 0.000000 -0.043195 0.000000
vt 0.000000 -0.092560 0.000000
vt 0.000000 -0.141925 0.000000
vt 0.000000 0.252998 0.000000
vt 0.000000 0.203632 0.000000
vt 0.000000 0.154267 0.000000
vt 0.000000 0.104901 0.000000
vt 0.000000 -0.191291 0.000000
vt 0.155000 0.222144 0.000000
vt 0.155000 0.222144 0.000000
vt 0.000000 -0.191291 0.000000
vt 0.155000 -0.222144 0.000000
vt 0.155000 -0.172779 0.000000
vt 0.155000 -0.123413 0.000000
vt 0.155000 -0.074048 0.000000
vt 0.155000 -0.024683 0.000000
vt 0.155000 0.024683 0.000000
vt 0.155000 0.074048 0.000000
vt 0.155000 0.123413 0.000000
vt 0.155000 0.172779 0.000000
vt 0.000000 0.055536 0.000000
vt 0.000000 0.006171 0.000000
vt 0.000000 -0.043195 0.000000
vt 0.000000 -0.092560 0.000000
vt 0.000000 -0.141925 0.000000
vt 0.000000 0.252998 0.000000
vt 0.000000 0.203632 0.000000
vt 0.000000 0.154267 0.000000
vt 0.000000 0.104901 0.000000
vt 0.000000 -0.191291 0.000000
vt 0.155000 0.222144 0.000000
vt 0.155000 0.222144 0.000000
vt 0.000000 -0.191291 0.000000
vt 0.155000 -0.222144 0.000000
vt 0.155000 -0.172779 0.000000
vt 0.155000 -0.123413 0.000000
vt 0.155000 -0.074048 0.000000
vt 0.155000 -0.024683 0.000000
vt 0.155000 0.024683 0.000000
vt 0.155000 0.074048 0.000000
vt 0.155000 0.123413 0.000000
vt 0.155000 0.172779 0.000000
vt 0.000000 0.055536 0.000000
vt 0.000000 0.006171 0.000000
vt 0.000000 -0.043195 0.000000
vt 0.000000 -0.092560 0.000000
vt 0.000000 -0.141925 0.000000
vt 0.000000 0.252998 0.000000
vt 0.000000 0.203632 0.000000
vt 0.000000 0.154267 0.000000
vt 0.000000 0.104901 0.000000
vt 0.000000 -0.191291 0.000000
vt 0.155000 0.222144 0.000000
vt 0.155000 0.222144 0.000000
vt 0.000000 -0.191291 0.000000
vt 0.155000 -0.222144 0.000000
vt 0.155000 -0.172779 0.000000
vt 0.155000 -0.123413 0.000000
vt 0.155000 -0.074048 0.000000
vt 0.155000 -0.024683 0.000000
vt 0.155000 0.024683 0.000000
vt 0.155000 0.074048 0.000000
vt 0.155000 0.123413 0.000000
vt 0.155000 0.172779 0.000000
vt 0.000000 0.055536 0.000000
vt 0.000000 0.006171 0.000000
vt 0.000000 -0.043195 0.000000
vt 0.000000 -0.092560 0.000000
vt 0.000000 -0.141925 0.000000
vt 0.000000 0.252998 0.000000
vt 0.000000 0.203632 0.000000
vt 0.000000 0.154267 0.000000
vt 0.000000 0.104901 0.000000
vt 0.000000 -0.191291 0.000000
vt 0.155000 0.222144 0.000000
vt 0.155000 0.222144 0.000000
vt 0.000000 -0.191291 0.000000
vt 0.155000 -0.222144 0.000000
vt 0.155000 -0.172779 0.000000
vt 0.155000 -0.123413 0.000000
vt 0.155000 -0.074048 0.000000
vt 0.155000 -0.024683 0.000000
vt 0.155000 0.024683 0.000000
vt 0.155000 0.074048 0.000000
vt 0.155000 0.123413 0.000000
vt 0.155000 0.172779 0.000000
vt 0.000000 0.055536 0.000000
vt 0.000000 0.006171 0.000000
vt 0.000000 -0.043195 0.000000
vt 0.000000 -0.092560 0.000000
vt 0.000000 -0.141925 0.000000
vt 0.000000 0.252998 0.000000
vt 0.000000 0.203632 0.000000
vt 0.000000 0.154267 0.000000
vt 0.000000 0.104901 0.000000
vt 0.000000 -0.191291 0.000000
vt 0.155000 0.222144 0.000000
vt 0.155000 0.222144 0.000000
vt 0.000000 -0.191291 0.000000
vt 0.155000 -0.222144 0.000000
vt 0.155000 -0.172779 0.000000
vt 0.155000 -0.123413 0.000000
vt 0.155000 -0.074048 0.000000
vt 0.155000 -0.024683 0.000000
vt 0.155000 0.024683 0.000000
vt 0.155000 0.074048 0.000000
vt 0.155000 0.123413 0.000000
vt 0.155000 0.172779 0.000000
vt 0.000000 0.055536 0.000000
vt 0.000000 0.006171 0.000000
vt 0.000000 -0.043195 0.000000
vt 0.000000 -0.092560 0.000000
vt 0.000000 -0.141925 0.000000
vt 0.000000 0.252998 0.000000
vt 0.000000 0.203632 0.000000
vt 0.000000 0.154267 0.000000
vt 0.000000 0.104901 0.000000
vt 0.000000 -0.191291 0.000000
vt 0.155000 0.222144 0.000000
vt 0.155000 0.222144 0.000000
vt 0.000000 -0.191291 0.000000
vt 0.155000 -0.222144 0.000000
vt 0.155000 -0.172779 0.000000
vt 0.155000 -0.123413 0.000000
vt 0.155000 -0.074048 0.000000
vt 0.155000 -0.024683 0.000000
vt 0.155000 0.024683 0.000000
vt 0.155000 0.074048 0.000000
vt 0.155000 0.123413 0.000000
vt 0.155000 0.172779 0.000000
vt 0.000000 0.055536 0.000000
vt 0.000000 0.006171 0.000000
vt 0.000000 -0.043195 0.000000
vt 0.000000 -0.092560 0.000000
vt 0.000000 -0.141925 0.000000
vt 0.000000 0.252998 0.000000
vt 0.000000 0.203632 0.000000
vt 0.000000 0.154267 0.000000
vt 0.000000 0.104901 0.000000
vt 0.000000 -0.191291 0.000000
vt 0.155000 0.222144 0.000000
vt 0.155000 0.222144 0.000000
vt 0.000000 -0.191291 0.000000
vt 0.155000 -0.222144 0.000000
vt 0.155000 -0.172779 0.000000
vt 0.155000 -0.123413 0.000000
vt 0.155000 -0.074048 0.000000
vt 0.155000 -0.024683 0.000000
vt 0.155000 0.024683 0.000000
vt 0.155000 0.074048 0.000000
vt 0.155000 0.123413 0.000000
vt 0.155000 0.172779 0.000000
vt 0.000000 0.055536 0.000000
vt 0.000000 0.006171 0.000000
vt 0.000000 -0.043195 0.000000
vt 0.000000 -0.092560 0.000000
vt 0.000000 -0.141925 0.000000
vt 0.000000 0.252998 0.000000
vt 0.000000 0.203632 0.000000
vt 0.000000 0.154267 0.000000
vt 0.000000 0.104901 0.000000
vt 0.000000 -0.191291 0.000000
vt 0.155000 0.222144 0.000000
vt 0.155000 0.222144 0.000000
vt 0.000000 -0.191291 0.000000
vt 0.155000 -0.222144 0.000000
vt 0.155000 -0.172779 0.000000
vt 0.155000 -0.123413 0.000000
vt 0.155000 -0.074048 0.000000
vt 0.155000 -0.024683 0.000000
vt 0.155000 0.024683 0.000000
vt 0.155000 0.074048 0.000000
vt 0.155000 0.123413 0.000000
vt 0.155000 0.172779 0.000000
vt 0.000000 0.055536 0.000000
vt 0.000000 0.006171 0.000000
vt 0.000000 -0.043195 0.000000
vt 0.000000 -0.092560 0.000000
vt 0.000000 -0.141925 0.000000
vt 0.000000 0.252998 0.000000
vt 0.000000 0.203632 0.000000
vt 0.000000 0.154267 0.000000
vt 0.000000 0.104901 0.000000
vt 0.000000 -0.191291 0.000000
vt 0.155000 0.222144 0.000000
vt 0.155000 0.222144 0.000000
vt 0.000000 -0.191291 0.000000
vt 0.155000 -0.222144 0.000000
vt 0.155000 -0.172779 0.000000
vt 0.155000 -0.123413 0.000000
vt 0.155000 -0.074048 0.000000
vt 0.155000 -0.024683 0.000000
vt 0.155000 0.024683 0.000000
vt 0.155000 0.074048 0.000000
vt 0.155000 0.123413 0.000000
vt 0.155000 0.172779 0.000000
vt 0.000000 0.055536 0.000000
vt 0.000000 0.006171 0.000000
vt 0.000000 -0.043195 0.000000
vt 0.000000 -0.092560 0.000000
vt 0.000000 -0.141925 0.000000
vt 0.000000 0.252998 0.000000
vt 0.000000 0.203632 0.000000
vt 0.000000 0.154267 0.000000
vt 0.000000 0.104901 0.000000
vt 0.000000 -0.191291 0.000000
vt 0.155000 0.222144 0.000000
vt 0.155000 0.222144 0.000000
vt 0.000000 -0.191291 0.000000
vt 0.155000 -0.222144 0.000000
vt 0.155000 -0.172779 0.000000
vt 0.155000 -0.123413 0.000000
vt 0.155000 -0.074048 0.000000
vt 0.155000 -0.024683 0.000000
vt 0.155000 0.024683 0.000000
vt 0.155000 0.074048 0.000000
vt 0.155000 0.123413 0.000000
vt 0.155000 0.172779 0.000000
vt 0.000000 0.055536 0.000000
vt 0.000000 0.006171 0.000000
vt 0.000000 -0.043195 0.000000
vt 0.000000 -0.092560 0.000000
vt 0.000000 -0.141925 0.000000
vt 0.000000 0.252998 0.000000
vt 0.000000 0.203632 0.000000
vt 0.000000 0.154267 0.000000
vt 0.000000 0.104901 0.000000
vt 0.000000 -0.191291 0.000000
vt 0.155000 0.222144 0.000000
vt 0.155000 0.222144 0.000000
vt 0.000000 -0.191291 0.000000
vt 0.155000 -0.222144 0.000000
vt 0.155000 -0.172779 0.000000
vt 0.155000 -0.123413 0.000000
vt 0.155000 -0.074048 0.000000
vt 0.155000 -0.024683 0.000000
vt 0.155000 0.024683 0.000000
vt 0.155000 0.074048 0.000000
vt 0.155000 0.123413 0.000000
vt 0.155000 0.172779 0.000000
vt 0.000000 0.055536 0.000000
vt 0.000000 0.006171 0.000000
vt 0.000000 -0.043195 0.000000
vt 0.000000 -0.092560 0.000000
vt 0.000000 -0.141925 0.000000
vt 0.000000 0.252998 0.000000
vt 0.000000 0.203632 0.000000
vt 0.000000 0.154267 0.000000
vt 0.000000 0.104901 0.000000
vt 0.000000 -0.191291 0.000000
vt 0.155000 0.222144 0.000000
vt 0.155000 0.222144 0.000000
vt 0.000000 -0.191291 0.000000
vt 0.155000 -0.222144 0.000000
vt 0.155000 -0.172779 0.000000
vt 0.155000 -0.123413 0.000000
vt 0.155000 -0.074048 0.000000
vt 0.155000 -0.024683 0.000000
vt 0.155000 0.024683 0.000000
vt 0.155000 0.074048 0.000000
vt 0.155000 0.123413 0.000000
vt 0.155000 0.172779 0.000000
vt 0.000000 0.055536 0.000000
vt 0.000000 0.006171 0.000000
vt 0.000000 -0.043195 0.000000
vt 0.000000 -0.092560 0.000000
vt 0.000000 -0.141925 0.000000
vt 0.000000 0.252998 0.000000
vt 0.000000 0.203632 0.000000
vt 0.000000 0.154267 0.000000
vt 0.000000 0.104901 0.000000
vt 0.000000 -0.191291 0.000000
vt 0.155000 0.222144 0.000000
vt 0.155000 0.222144 0.000000
vt 0.000000 -0.191291 0.000000
vt 0.155000 -0.222144 0.000000
vt 0.155000 -0.172779 0.000000
vt 0.155000 -0.123413 0.000000
vt 0.155000 -0.074048 0.000000
vt 0.155000 -0.024683 0.000000
vt 0.155000 0.024683 0.000000
vt 0.155000 0.074048 0.000000
vt 0.155000 0.123413 0.000000
vt 0.155000 0.172779 0.000000
vt 0.000000 0.055536 0.000000
vt 0.000000 0.006171 0.000000
vt 0.000000 -0.043195 0.000000
vt 0.000000 -0.092560 0.000000
vt 0.000000 -0.141925 0.000000
vt 0.000000 0.252998 0.000000
vt 0.000000 0.203632 0.000000
vt 0.000000 0.154267 0.000000
vt 0.000000 0.104901 0.000000
vt 0.000000 -0.191291 0.000000
vt 0.155000 0.222144 0.000000
vt 0.155000 0.222144 0.000000
vt 0.000000 -0.191291 0.000000
vt 0.155000 -0.222144 0.000000
vt 0.155000 -0.172779 0.000000
vt 0.155000 -0.123413 0.000000
vt 0.155000 -0.074048 0.000000
vt 0.155000 -0.024683 0.000000
vt 0.155000 0.024683 0.000000
vt 0.155000 0.074048 0.000000
vt 0.155000 0.123413 0.000000
vt 0.155000 0.172779 0.000000
vt 0.000000 0.055536 0.000000
vt 0.000000 0.006171 0.000000
vt 0.000000 -0.043195 0.000000
vt 0.000000 -0.092560 0.000000
vt 0.000000 -0.141925 0.000000
vt 0.000000 0.252998 0.000000
vt 0.000000 0.203632 0.000000
vt 0.000000 0.154267 0.000000
vt 0.000000 0.104901 0.000000
vt 0.000000 -0.191291 0.000000
vt 0.155000 0.222144 0.000000
vt 0.155000 0.222144 0.000000
vt 0.000000 -0.191291 0.000000
vt 0.155000 -0.222144 0.000000
vt 0.155000 -0.172779 0.000000
vt 0.155000 -0.123413 0.000000
vt 0.155000 -0.074048 0.000000
vt 0.155000 -0.024683 0.000000
vt 0.155000 0.024683 0.000000
vt 0.155000 0.074048 0.000000
vt 0.155000 0.123413 0.000000
vt 0.155000 0.172779 0.000000
vt 0.000000 0.055536 0.000000
vt 0.000000 0.006171 0.000000
vt 0.000000 -0.043195 0.000000
vt 0.000000 -0.092560 0.000000
vt 0.000000 -0.141925 0.000000
vt 0.000000 0.252998 0.000000
vt 0.000000 0.203632 0.000000
vt 0.000000 0.154267 0.000000
vt 0.000000 0.104901 0.000000
vt 0.000000 -0.191291 0.000000
vt 0.155000 0.222144 0.000000
vt 0.155000 0.222144 0.000000
vt 0.000000 -0.191291 0.000000
vt 0.155000 -0.222144 0.000000
vt 0.155000 -0.172779 0.000000
vt 0.155000 -0.123413 0.000000
vt 0.155000 -0.074048 0.000000
vt 0.155000 -0.024683 0.000000
vt 0.155000 0.024683 0.000000
vt 0.155000 0.074048 0.000000
vt 0.155000 0.123413 0.000000
vt 0.155000 0.172779 0.000000
vt 0.000000 0.055536 0.000000
vt 0.000000 0.006171 0.000000
vt 0.000000 -0.043195 0.000000
vt 0.000000 -0.092560 0.000000
vt 0.000000 -0.141925 0.000000
vt 0.000000 0.252998 0.000000
vt 0.000000 0.203632 0.000000
vt 0.000000 0.154267 0.000000
vt 0.000000 0.104901 0.000000
vt 0.000000 -0.191291 0.000000
vt 0.155000 0.222144 0.000000
vt 0.155000 0.222144 0.000000
vt 0.000000 -0.191291 0.000000
vt 0.155000 -0.222144 0.000000
vt 0.155000 -0.172779 0.000000
vt 0.155000 -0.123413 0.000000
vt 0.155000 -0.074048 0.000000
vt 0.155000 -0.024683 0.000000
vt 0.155000 0.024683 0.000000
vt 0.155000 0.074048 0.000000
vt 0.155000 0.123413 0.000000
vt 0.155000 0.172779 0.000000
vt 0.000000 0.055536 0.000000
vt 0.000000 0.006171 0.000000
vt 0.000000 -0.043195 0.000000
vt 0.000000 -0.092560 0.000000
vt 0.000000 -0.141925 0.000000
vt 0.000000 0.252998 0.000000
vt 0.000000 0.203632 0.000000
vt 0.000000 0.154267 0.000000
vt 0.000000 0.104901 0.000000
vt 0.000000 -0.191291 0.000000
vt 0.155000 0.222144 0.000000
vt 0.155000 0.222144 0.000000
vt 0.000000 -0.191291 0.000000
vt 0.155000 -0.222144 0.000000
vt 0.155000 -0.172779 0.000000
vt 0.155000 -0.123413 0.000000
vt 0.155000 -0.074048 0.000000
vt 0.155000 -0.024683 0.000000
vt 0.155000 0.024683 0.000000
vt 0.155000 0.074048 0.000000
vt 0.155000 0.123413 0.000000
vt 0.155000 0.172779 0.000000
vt 0.000000 0.055536 0.000000
vt 0.000000 0.006171 0.000000
vt 0.000000 -0.043195 0.000000
vt 0.000000 -0.092560 0.000000
vt 0.000000 -0.141925 0.000000
vt 0.000000 0.252998 0.000000
vt 0.000000 0.203632 0.000000
vt 0.000000 0.154267 0.000000
vt 0.000000 0.104901 0.000000
vt 0.000000 -0.191291 0.000000
vt 0.155000 0.222144 0.000000
vt 0.155000 0.222144 0.000000
vt 0.000000 -0.191291 0.000000
vt 0.155000 -0.222144 0.000000
vt 0.155000 -0.172779 0.000000
vt 0.155000 -0.123413 0.000000
vt 0.155000 -0.074048 0.000000
vt 0.155000 -0.024683 0.000000
vt 0.155000 0.024683 0.000000
vt 0.155000 0.074048 0.000000
vt 0.155000 0.123413 0.000000
vt 0.155000 0.172779 0.000000
vt 0.000000 0.000000 0.000000
vt 0.000000 -0.049365 0.000000
vt 0.000000 -0.098731 0.000000
vt 0.000000 -0.148096 0.000000
vt 0.000000 0.246827 0.000000
vt 0.000000 0.197461 0.000000
vt 0.000000 0.148096 0.000000
vt 0.000000 0.098731 0.000000
vt 0.000000 0.049365 0.000000
vt 0.000000 -0.197461 0.000000
vt 0.155000 0.222144 0.000000
vt 0.155000 0.222144 0.000000
vt 0.000000 -0.197461 0.000000
vt 0.155000 -0.222144 0.000000
vt 0.155000 -0.172779 0.000000
vt 0.155000 -0.123413 0.000000
vt 0.155000 -0.074048 0.000000
vt 0.155000 -0.024683 0.000000
vt 0.155000 0.024683 0.000000
vt 0.155000 0.074048 0.000000
vt 0.155000 0.123413 0.000000
vt 0.155000 0.172779 0.000000
vt 0.000000 0.055536 0.000000
vt 0.000000 0.006171 0.000000
vt 0.000000 -0.043195 0.000000
vt 0.000000 -0.092560 0.000000
vt 0.000000 -0.141925 0.000000
vt 0.000000 0.252998 0.000000
vt 0.000000 0.203632 0.000000
vt 0.000000 0.154267 0.000000
vt 0.000000 0.104901 0.000000
vt 0.000000 -0.191291 0.000000
vt 0.155000 0.222144 0.000000
vt 0.155000 0.222144 0.000000
vt 0.000000 -0.191291 0.000000
vt 2.900000 2.350000 0.000000
vt 2.837500 2.366747 0.000000
vt 2.791747 2.412500 0.000000
vt 2.775000 2.475000 0.000000
vt 2.791747 2.537500 0.000000
vt 2.837500 2.583253 0.000000
vt 2.900000 2.600000 0.000000
vt 2.962500 2.583253 0.000000
vt 3.008253 2.537500 0.000000
vt 3.025000 2.475000 0.000000
vt 3.008253 2.412500 0.000000
vt 2.962500 2.366747 0.000000
vt 2.900000 2.775000 0.000000
vt 2.802590 2.758745 0.000000
vt 2.715736 2.711742 0.000000
vt 2.648850 2.639084 0.000000
vt 2.609180 2.548646 0.000000
vt 2.601025 2.450226 0.000000
vt 2.625268 2.354491 0.000000
vt 2.679283 2.271816 0.000000
vt 2.757216 2.211158 0.000000
vt 2.850622 2.179092 0.000000
vt 2.949378 2.179092 0.000000
vt 3.042784 2.211158 0.000000
vt 3.120717 2.271816 0.000000
vt 3.174732 2.354491 0.000000
vt 3.198975 2.450226 0.000000
vt 3.190820 2.548646 0.000000
vt 3.151150 2.639084 0.000000
vt 3.084264 2.711742 0.000000
vt 2.997410 2.758745 0.000000
vt -2.900000 2.350000 0.000000
vt -2.962500 2.366747 0.000000
vt -3.008253 2.412500 0.000000
vt -3.025000 2.475000 0.000000
vt -3.008253 2.537500 0.000000
vt -2.962500 2.583253 0.000000
vt -2.900000 2.600000 0.000000
vt -2.837500 2.583253 0.000000
vt -2.791747 2.537500 0.000000
vt -2.775000 2.475000 0.000000
vt -2.791747 2.412500 0.000000
vt -2.837500 2.366747 0.000000
vt -2.900000 2.775000 0.000000
vt -2.997410 2.758745 0.000000
vt -3.084264 2.711742 0.000000
vt -3.151150 2.639084 0.000000
vt -3.190820 2.548646 0.000000
vt -3.198975 2.450226 0.000000
vt -3.174732 2.354491 0.000000
vt -3.120717 2.271816 0.000000
vt -3.042784 2.211158 0.000000
vt -2.949378 2.179092 0.000000
vt -2.850622 2.179092 0.000000
vt -2.757216 2.211158 0.000000
vt -2.679283 2.271816 0.000000
vt -2.625268 2.354491 0.000000
vt -2.601025 2.450226 0.000000
vt -2.609180 2.548646 0.000000
vt -2.648850 2.639084 0.000000
vt -2.715736 2.711742 0.000000
vt -2.802590 2.758745 0.000000
vt 2.900000 -2.550000 0.000000
vt 2.837500 -2.533253 0.000000
vt 2.791747 -2.487500 0.000000
vt 2.775000 -2.425000 0.000000
vt 2.791747 -2.362500 0.000000
vt 2.837500 -2.316747 0.000000
vt 2.900000 -2.300000 0.000000
vt 2.962500 -2.316747 0.000000
vt 3.008253 -2.362500 0.000000
vt 3.025000 -2.425000 0.000000
vt 3.008253 -2.487500 0.000000
vt 2.962500 -2.533253 0.000000
vt 2.900000 -2.125000 0.000000
vt 2.802590 -2.141255 0.000000
vt 2.715736 -2.188258 0.000000
vt 2.648850 -2.260916 0.000000
vt 2.609180 -2.351354 0.000000
vt 2.601025 -2.449774 0.000000
vt 2.625268 -2.545509 0.000000
vt 2.679283 -2.628185 0.000000
vt 2.757216 -2.688842 0.000000
vt 2.850622 -2.720908 0.000000
vt 2.949378 -2.720908 0.000000
vt 3.042784 -2.688842 0.000000
vt 3.120717 -2.628185 0.000000
vt 3.174732 -2.545509 0.000000
vt 3.198975 -2.449774 0.000000
vt 3.190820 -2.351354 0.000000
vt 3.151150 -2.260916 0.000000
vt 3.084264 -2.188258 0.000000
vt 2.997410 -2.141255 0.000000
vt -2.900000 -2.550000 0.000000
vt -2.962500 -2.533253 0.000000
vt -3.008253 -2.487500 0.000000
vt -3.025000 -2.425000 0.000000
vt -3.008253 -2.362500 0.000000
vt -2.962500 -2.316747 0.000000
vt -2.900000 -2.300000 0.000000
vt -2.837500 -2.316747 0.000000
vt -2.791747 -2.362500 0.000000
vt -2.775000 -2.425000 0.000000
vt -2.791747 -2.487500 0.000000
vt -2.837500 -2.533253 0.000000
vt -2.900000 -2.125000 0.000000
vt -2.997410 -2.141255 0.000000
vt -3.084264 -2.188258 0.000000
vt -3.151150 -2.260916 0.000000
vt -3.190820 -2.351354 0.000000
vt -3.198975 -2.449774 0.000000
vt -3.174732 -2.545509 0.000000
vt -3.120717 -2.628185 0.000000
vt -3.042784 -2.688842 0.000000
vt -2.949378 -2.720908 0.000000
vt -2.850622 -2.720908 0.000000
vt -2.757216 -2.688842 0.000000
vt -2.679283 -2.628185 0.000000
vt -2.625268 -2.545509 0.000000
vt -2.601025 -2.449774 0.000000
vt -2.609180 -2.351354 0.000000
vt -2.648850 -2.260916 0.000000
vt -2.715736 -2.188258 0.000000
vt -2.802590 -2.141255 0.000000
vt -2.900000 2.350000 0.000000
vt -2.962500 2.366747 0.000000
vt -3.008253 2.412500 0.000000
vt -3.025000 2.475000 0.000000
vt -3.008253 2.537500 0.000000
vt -2.962500 2.583253 0.000000
vt -2.900000 2.600000 0.000000
vt -2.837500 2.583253 0.000000
vt -2.791747 2.537500 0.000000
vt -2.775000 2.475000 0.000000
vt -2.791747 2.412500 0.000000
vt -2.837500 2.366747 0.000000
vt -2.900000 2.775000 0.000000
vt -2.997410 2.758745 0.000000
vt -3.084264 2.711742 0.000000
vt -3.151150 2.639084 0.000000
vt -3.190820 2.548646 0.000000
vt -3.198975 2.450226 0.000000
vt -3.174732 2.354491 0.000000
vt -3.120717 2.271816 0.000000
vt -3.042784 2.211158 0.000000
vt -2.949378 2.179092 0.000000
vt -2.850622 2.179092 0.000000
vt -2.757216 2.211158 0.000000
vt -2.679283 2.271816 0.000000
vt -2.625268 2.354491 0.000000
vt -2.601025 2.450226 0.000000
vt -2.609180 2.548646 0.000000
vt -2.648850 2.639084 0.000000
vt -2.715736 2.711742 0.000000
vt -2.802590 2.758745 0.000000
vt 2.900000 2.350000 0.000000
vt 2.837500 2.366747 0.000000
vt 2.791747 2.412500 0.000000
vt 2.775000 2.475000 0.000000
vt 2.791747 2.537500 0.000000
vt 2.837500 2.583253 0.000000
vt 2.900000 2.600000 0.000000
vt 2.962500 2.583253 0.000000
vt 3.008253 2.537500 0.000000
vt 3.025000 2.475000 0.000000
vt 3.008253 2.412500 0.000000
vt 2.962500 2.366747 0.000000
vt 2.900000 2.775000 0.000000
vt 2.802590 2.758745 0.000000
vt 2.715736 2.711742 0.000000
vt 2.648850 2.639084 0.000000
vt 2.609180 2.548646 0.000000
vt 2.601025 2.450226 0.000000
vt 2.625268 2.354491 0.000000
vt 2.679283 2.271816 0.000000
vt 2.757216 2.211158 0.000000
vt 2.850622 2.179092 0.000000
vt 2.949378 2.179092 0.000000
vt 3.042784 2.211158 0.000000
vt 3.120717 2.271816 0.000000
vt 3.174732 2.354491 0.000000
vt 3.198975 2.450226 0.000000
vt 3.190820 2.548646 0.000000
vt 3.151150 2.639084 0.000000
vt 3.084264 2.711742 0.000000
vt 2.997410 2.758745 0.000000
vt -2.900000 -2.550000 0.000000
vt -2.962500 -2.533253 0.000000
vt -3.008253 -2.487500 0.000000
vt -3.025000 -2.425000 0.000000
vt -3.008253 -2.362500 0.000000
vt -2.962500 -2.316747 0.000000
vt -2.900000 -2.300000 0.000000
vt -2.837500 -2.316747 0.000000
vt -2.791747 -2.362500 0.000000
vt -2.775000 -2.425000 0.000000
vt -2.791747 -2.487500 0.000000
vt -2.837500 -2.533253 0.000000
vt -2.900000 -2.125000 0.000000
vt -2.997410 -2.141255 0.000000
vt -3.084264 -2.188258 0.000000
vt -3.151150 -2.260916 0.000000
vt -3.190820 -2.351354 0.000000
vt -3.198975 -2.449774 0.000000
vt -3.174732 -2.545509 0.000000
vt -3.120717 -2.628185 0.000000
vt -3.042784 -2.688842 0.000000
vt -2.949378 -2.720908 0.000000
vt -2.850622 -2.720908 0.000000
vt -2.757216 -2.688842 0.000000
vt -2.679283 -2.628185 0.000000
vt -2.625268 -2.545509 0.000000
vt -2.601025 -2.449774 0.000000
vt -2.609180 -2.351354 0.000000
vt -2.648850 -2.260916 0.000000
vt -2.715736 -2.188258 0.000000
vt -2.802590 -2.141255 0.000000
vt 2.900000 -2.550000 0.000000
vt 2.837500 -2.533253 0.000000
vt 2.791747 -2.487500 0.000000
vt 2.775000 -2.425000 0.000000
vt 2.791747 -2.362500 0.000000
vt 2.837500 -2.316747 0.000000
vt 2.900000 -2.300000 0.000000
vt 2.962500 -2.316747 0.000000
vt 3.008253 -2.362500 0.000000
vt 3.025000 -2.425000 0.000000
vt 3.008253 -2.487500 0.000000
vt 2.962500 -2.533253 0.000000
vt 2.900000 -2.125000 0.000000
vt 2.802590 -2.141255 0.000000
vt 2.715736 -2.188258 0.000000
vt 2.648850 -2.260916 0.000000
vt 2.609180 -2.351354 0.000000
vt 2.601025 -2.449774 0.000000
vt 2.625268 -2.545509 0.000000
vt 2.679283 -2.628185 0.000000
vt 2.757216 -2.688842 0.000000
vt 2.850622 -2.720908 0.000000
vt 2.949378 -2.720908 0.000000
vt 3.042784 -2.688842 0.000000
vt 3.120717 -2.628185 0.000000
vt 3.174732 -2.545509 0.000000
vt 3.198975 -2.449774 0.000000
vt 3.190820 -2.351354 0.000000
vt 3.151150 -2.260916 0.000000
vt 3.084264 -2.188258 0.000000
vt 2.997410 -2.141255 0.000000
vt 0.000000 0.078540 0.000000
vt 0.000000 0.026180 0.000000
vt 0.000000 -0.026180 0.000000
vt 0.000000 -0.078540 0.000000
vt 0.155000 -0.078540 0.000000
vt 0.155000 -0.026180 0.000000
vt 0.155000 0.026180 0.000000
vt 0.155000 0.078540 0.000000
vt 0.100000 0.155000 0.000000
vt 0.100000 0.000000 0.000000
vt 0.900000 0.000000 0.000000
vt 0.900000 0.155000 0.000000
vt -0.155000 0.078540 0.000000
vt -0.155000 0.026180 0.000000
vt -0.155000 -0.026180 0.000000
vt -0.155000 -0.078540 0.000000
vt -0.000000 -0.078540 0.000000
vt -0.000000 -0.026180 0.000000
vt -0.000000 0.026180 0.000000
vt -0.000000 0.078540 0.000000
vt 1.728407 0.000000 0.000000
vt 1.728407 0.155000 0.000000
vt 0.100000 0.155000 0.000000
vt 0.100000 0.000000 0.000000
vt 2.413000 -2.368711 0.000000
vt 2.367548 -2.352168 0.000000
vt 2.343364 -2.310279 0.000000
vt 2.351763 -2.262645 0.000000
vt 2.388816 -2.231554 0.000000
vt 2.437185 -2.231554 0.000000
vt 2.474237 -2.262645 0.000000
vt 2.482636 -2.310279 0.000000
vt 2.458452 -2.352168 0.000000
vt 2.159000 -2.368711 0.000000
vt 2.113548 -2.352168 0.000000
vt 2.089364 -2.310279 0.000000
vt 2.097763 -2.262645 0.000000
vt 2.134815 -2.231554 0.000000
vt 2.183184 -2.231554 0.000000
vt 2.220237 -2.262645 0.000000
vt 2.228637 -2.310279 0.000000
vt 2.204452 -2.352168 0.000000
vt 1.905000 -2.368711 0.000000
vt 1.859548 -2.352168 0.000000
vt 1.835364 -2.310279 0.000000
vt 1.843763 -2.262645 0.000000
vt 1.880816 -2.231554 0.000000
vt 1.929184 -2.231554 0.000000
vt 1.966237 -2.262645 0.000000
vt 1.974636 -2.310279 0.000000
vt 1.950452 -2.352168 0.000000
vt 1.651000 -2.368711 0.000000
vt 1.605548 -2.352168 0.000000
vt 1.581364 -2.310279 0.000000
vt 1.589763 -2.262645 0.000000
vt 1.626816 -2.231554 0.000000
vt 1.675184 -2.231554 0.000000
vt 1.712237 -2.262645 0.000000
vt 1.720636 -2.310279 0.000000
vt 1.696452 -2.352168 0.000000
vt 1.397000 -2.368711 0.000000
vt 1.351548 -2.352168 0.000000
vt 1.327364 -2.310279 0.000000
vt 1.335763 -2.262645 0.000000
vt 1.372815 -2.231554 0.000000
vt 1.421184 -2.231554 0.000000
vt 1.458237 -2.262645 0.000000
vt 1.466636 -2.310279 0.000000
vt 1.442452 -2.352168 0.000000
vt 1.143000 -2.368711 0.000000
vt 1.097548 -2.352168 0.000000
vt 1.073364 -2.310279 0.000000
vt 1.081763 -2.262645 0.000000
vt 1.118816 -2.231554 0.000000
vt 1.167184 -2.231554 0.000000
vt 1.204237 -2.262645 0.000000
vt 1.212636 -2.310279 0.000000
vt 1.188452 -2.352168 0.000000
vt 0.889000 -2.368711 0.000000
vt 0.843548 -2.352168 0.000000
vt 0.819364 -2.310279 0.000000
vt 0.827763 -2.262645 0.000000
vt 0.864816 -2.231554 0.000000
vt 0.913184 -2.231554 0.000000
vt 0.950237 -2.262645 0.000000
vt 0.958636 -2.310279 0.000000
vt 0.934452 -2.352168 0.000000
vt 0.635000 -2.368711 0.000000
vt 0.589548 -2.352168 0.000000
vt 0.565364 -2.310279 0.000000
vt 0.573763 -2.262645 0.000000
vt 0.610816 -2.231554 0.000000
vt 0.659184 -2.231554 0.000000
vt 0.696237 -2.262645 0.000000
vt 0.704636 -2.310279 0.000000
vt 0.680452 -2.352168 0.000000
vt 0.381000 -2.368711 0.000000
vt 0.335548 -2.352168 0.000000
vt 0.311364 -2.310279 0.000000
vt 0.319763 -2.262645 0.000000
vt 0.356816 -2.231554 0.000000
vt 0.405184 -2.231554 0.000000
vt 0.442237 -2.262645 0.000000
vt 0.450636 -2.310279 0.000000
vt 0.426452 -2.352168 0.000000
vt 0.127000 -2.368711 0.000000
vt 0.081548 -2.352168 0.000000
vt 0.057364 -2.310279 0.000000
vt 0.065763 -2.262645 0.000000
vt 0.102816 -2.231554 0.000000
vt 0.151184 -2.231554 0.000000
vt 0.188237 -2.262645 0.000000
vt 0.196636 -2.310279 0.000000
vt 0.172452 -2.352168 0.000000
vt -0.127000 -2.368711 0.000000
vt -0.172452 -2.352168 0.000000
vt -0.196636 -2.310279 0.000000
vt -0.188237 -2.262645 0.000000
vt -0.151184 -2.231554 0.000000
vt -0.102816 -2.231554 0.000000
vt -0.065763 -2.262645 0.000000
vt -0.057364 -2.310279 0.000000
vt -0.081548 -2.352168 0.000000
vt -0.381000 -2.368711 0.000000
vt -0.426452 -2.352168 0.000000
vt -0.450636 -2.310279 0.000000
vt -0.442237 -2.262645 0.000000
vt -0.405184 -2.231554 0.000000
vt -0.356816 -2.231554 0.000000
vt -0.319763 -2.262645 0.000000
vt -0.311364 -2.310279 0.000000
vt -0.335548 -2.352168 0.000000
vt -0.635000 -2.368711 0.000000
vt -0.680452 -2.352168 0.000000
vt -0.704636 -2.310279 0.000000
vt -0.696237 -2.262645 0.000000
vt -0.659184 -2.231554 0.000000
vt -0.610816 -2.231554 0.000000
vt -0.573763 -2.262645 0.000000
vt -0.565364 -2.310279 0.000000
vt -0.589548 -2.352168 0.000000
vt -0.889000 -2.368711 0.000000
vt -0.934452 -2.352168 0.000000
vt -0.958636 -2.310279 0.000000
vt -0.950237 -2.262645 0.000000
vt -0.913184 -2.231554 0.000000
vt -0.864816 -2.231554 0.000000
vt -0.827763 -2.262645 0.000000
vt -0.819364 -2.310279 0.000000
vt -0.843548 -2.352168 0.000000
vt -1.143000 -2.368711 0.000000
vt -1.188452 -2.352168 0.000000
vt -1.212636 -2.310279 0.000000
vt -1.204237 -2.262645 0.000000
vt -1.167184 -2.231554 0.000000
vt -1.118816 -2.231554 0.000000
vt -1.081763 -2.262645 0.000000
vt -1.073364 -2.310279 0.000000
vt -1.097548 -2.352168 0.000000
vt -1.397000 -2.368711 0.000000
vt -1.442452 -2.352168 0.000000
vt -1.466636 -2.310279 0.000000
vt -1.458237 -2.262645 0.000000
vt -1.421184 -2.231554 0.000000
vt -1.372815 -2.231554 0.000000
vt -1.335763 -2.262645 0.000000
vt -1.327364 -2.310279 0.000000
vt -1.351548 -2.352168 0.000000
vt -1.651000 -2.368711 0.000000
vt -1.696452 -2.352168 0.000000
vt -1.720636 -2.310279 0.000000
vt -1.712237 -2.262645 0.000000
vt -1.675184 -2.231554 0.000000
vt -1.626816 -2.231554 0.000000
vt -1.589763 -2.262645 0.000000
vt -1.581364 -2.310279 0.000000
vt -1.605548 -2.352168 0.000000
vt -1.905000 -2.368711 0.000000
vt -1.950452 -2.352168 0.000000
vt -1.974636 -2.310279 0.000000
vt -1.966237 -2.262645 0.000000
vt -1.929184 -2.231554 0.000000
vt -1.880816 -2.231554 0.000000
vt -1.843763 -2.262645 0.000000
vt -1.835364 -2.310279 0.000000
vt -1.859548 -2.352168 0.000000
vt -2.159000 -2.368711 0.000000
vt -2.204452 -2.352168 0.000000
vt -2.228637 -2.310279 0.000000
vt -2.220237 -2.262645 0.000000
vt -2.183184 -2.231554 0.000000
vt -2.134815 -2.231554 0.000000
vt -2.097763 -2.262645 0.000000
vt -2.089364 -2.310279 0.000000
vt -2.113548 -2.352168 0.000000
vt -2.413000 -2.368711 0.000000
vt -2.458452 -2.352168 0.000000
vt -2.482636 -2.310279 0.000000
vt -2.474237 -2.262645 0.000000
vt -2.437185 -2.231554 0.000000
vt -2.388816 -2.231554 0.000000
vt -2.351763 -2.262645 0.000000
vt -2.343364 -2.310279 0.000000
vt -2.367548 -2.352168 0.000000
vt 2.413000 -2.622711 0.000000
vt 2.367548 -2.606168 0.000000
vt 2.343364 -2.564279 0.000000
vt 2.351763 -2.516645 0.000000
vt 2.388816 -2.485554 0.000000
vt 2.437185 -2.485554 0.000000
vt 2.474237 -2.516645 0.000000
vt 2.482636 -2.564279 0.000000
vt 2.458452 -2.606168 0.000000
vt 2.159000 -2.622711 0.000000
vt 2.113548 -2.606168 0.000000
vt 2.089364 -2.564279 0.000000
vt 2.097763 -2.516645 0.000000
vt 2.134815 -2.485554 0.000000
vt 2.183184 -2.485554 0.000000
vt 2.220237 -2.516645 0.000000
vt 2.228637 -2.564279 0.000000
vt 2.204452 -2.606168 0.000000
vt 1.905000 -2.622711 0.000000
vt 1.859548 -2.606168 0.000000
vt 1.835364 -2.564279 0.000000
vt 1.843763 -2.516645 0.000000
vt 1.880816 -2.485554 0.000000
vt 1.929184 -2.485554 0.000000
vt 1.966237 -2.516645 0.000000
vt 1.974636 -2.564279 0.000000
vt 1.950452 -2.606168 0.000000
vt 1.651000 -2.622711 0.000000
vt 1.605548 -2.606168 0.000000
vt 1.581364 -2.564279 0.000000
vt 1.589763 -2.516645 0.000000
vt 1.626816 -2.485554 0.000000
vt 1.675184 -2.485554 0.000000
vt 1.712237 -2.516645 0.000000
vt 1.720636 -2.564279 0.000000
vt 1.696452 -2.606168 0.000000
vt 1.397000 -2.622711 0.000000
vt 1.351548 -2.606168 0.000000
vt 1.327364 -2.564279 0.000000
vt 1.335763 -2.516645 0.000000
vt 1.372815 -2.485554 0.000000
vt 1.421184 -2.485554 0.000000
vt 1.458237 -2.516645 0.000000
vt 1.466636 -2.564279 0.000000
vt 1.442452 -2.606168 0.000000
vt 1.143000 -2.622711 0.000000
vt 1.097548 -2.606168 0.000000
vt 1.073364 -2.564279 0.000000
vt 1.081763 -2.516645 0.000000
vt 1.118816 -2.485554 0.000000
vt 1.167184 -2.485554 0.000000
vt 1.204237 -2.516645 0.000000
vt 1.212636 -2.564279 0.000000
vt 1.188452 -2.606168 0.000000
vt 0.889000 -2.622711 0.000000
vt 0.843548 -2.606168 0.000000
vt 0.819364 -2.564279 0.000000
vt 0.827763 -2.516645 0.000000
vt 0.864816 -2.485554 0.000000
vt 0.913184 -2.485554 0.000000
vt 0.950237 -2.516645 0.000000
vt 0.958636 -2.564279 0.000000
vt 0.934452 -2.606168 0.000000
vt 0.635000 -2.622711 0.000000
vt 0.589548 -2.606168 0.000000
vt 0.565364 -2.564279 0.000000
vt 0.573763 -2.516645 0.000000
vt 0.610816 -2.485554 0.000000
vt 0.659184 -2.485554 0.000000
vt 0.696237 -2.516645 0.000000
vt 0.704636 -2.564279 0.000000
vt 0.680452 -2.606168 0.000000
vt 0.381000 -2.622711 0.000000
vt 0.335548 -2.606168 0.000000
vt 0.311364 -2.564279 0.000000
vt 0.319763 -2.516645 0.000000
vt 0.356816 -2.485554 0.000000
vt 0.405184 -2.485554 0.000000
vt 0.442237 -2.516645 0.000000
vt 0.450636 -2.564279 0.000000
vt 0.426452 -2.606168 0.000000
vt 0.127000 -2.622711 0.000000
vt 0.081548 -2.606168 0.000000
vt 0.057364 -2.564279 0.000000
vt 0.065763 -2.516645 0.000000
vt 0.102816 -2.485554 0.000000
vt 0.151184 -2.485554 0.000000
vt 0.188237 -2.516645 0.000000
vt 0.196636 -2.564279 0.000000
vt 0.172452 -2.606168 0.000000
vt -0.127000 -2.622711 0.000000
vt -0.172452 -2.606168 0.000000
vt -0.196636 -2.564279 0.000000
vt -0.188237 -2.516645 0.000000
vt -0.151184 -2.485554 0.000000
vt -0.102816 -2.485554 0.000000
vt -0.065763 -2.516645 0.000000
vt -0.057364 -2.564279 0.000000
vt -0.081548 -2.606168 0.000000
vt -0.381000 -2.622711 0.000000
vt -0.426452 -2.606168 0.000000
vt -0.450636 -2.564279 0.000000
vt -0.442237 -2.516645 0.000000
vt -0.405184 -2.485554 0.000000
vt -0.356816 -2.485554 0.000000
vt -0.319763 -2.516645 0.000000
vt -0.311364 -2.564279 0.000000
vt -0.335548 -2.606168 0.000000
vt -0.635000 -2.622711 0.000000
vt -0.680452 -2.606168 0.000000
vt -0.704636 -2.564279 0.000000
vt -0.696237 -2.516645 0.000000
vt -0.659184 -2.485554 0.000000
vt -0.610816 -2.485554 0.000000
vt -0.573763 -2.516645 0.000000
vt -0.565364 -2.564279 0.000000
vt -0.589548 -2.606168 0.000000
vt -0.889000 -2.622711 0.000000
vt -0.934452 -2.606168 0.000000
vt -0.958636 -2.564279 0.000000
vt -0.950237 -2.516645 0.000000
vt -0.913184 -2.485554 0.000000
vt -0.864816 -2.485554 0.000000
vt -0.827763 -2.516645 0.000000
vt -0.819364 -2.564279 0.000000
vt -0.843548 -2.606168 0.000000
vt -1.143000 -2.622711 0.000000
vt -1.188452 -2.606168 0.000000
vt -1.212636 -2.564279 0.000000
vt -1.204237 -2.516645 0.000000
vt -1.167184 -2.485554 0.000000
vt -1.118816 -2.485554 0.000000
vt -1.081763 -2.516645 0.000000
vt -1.073364 -2.564279 0.000000
vt -1.097548 -2.606168 0.000000
vt -1.397000 -2.622711 0.000000
vt -1.442452 -2.606168 0.000000
vt -1.466636 -2.564279 0.000000
vt -1.458237 -2.516645 0.000000
vt -1.421184 -2.485554 0.000000
vt -1.372815 -2.485554 0.000000
vt -1.335763 -2.516645 0.000000
vt -1.327364 -2.564279 0.000000
vt -1.351548 -2.606168 0.000000
vt -1.651000 -2.622711 0.000000
vt -1.696452 -2.606168 0.000000
vt -1.720636 -2.564279 0.000000
vt -1.712237 -2.516645 0.000000
vt -1.675184 -2.485554 0.000000
vt -1.626816 -2.485554 0.000000
vt -1.589763 -2.516645 0.000000
vt -1.581364 -2.564279 0.000000
vt -1.605548 -2.606168 0.000000
vt -1.905000 -2.622711 0.000000
vt -1.950452 -2.606168 0.000000
vt -1.974636 -2.564279 0.000000
vt -1.966237 -2.516645 0.000000
vt -1.929184 -2.485554 0.000000
vt -1.880816 -2.485554 0.000000
vt -1.843763 -2.516645 0.000000
vt -1.835364 -2.564279 0.000000
vt -1.859548 -2.606168 0.000000
vt -2.159000 -2.622711 0.000000
vt -2.204452 -2.606168 0.000000
vt -2.228637 -2.564279 0.000000
vt -2.220237 -2.516645 0.000000
vt -2.183184 -2.485554 0.000000
vt -2.134815 -2.485554 0.000000
vt -2.097763 -2.516645 0.000000
vt -2.089364 -2.564279 0.000000
vt -2.113548 -2.606168 0.000000
vt -2.413000 -2.622711 0.000000
vt -2.458452 -2.606168 0.000000
vt -2.482636 -2.564279 0.000000
vt -2.474237 -2.516645 0.000000
vt -2.437185 -2.485554 0.000000
vt -2.388816 -2.485554 0.000000
vt -2.351763 -2.516645 0.000000
vt -2.343364 -2.564279 0.000000
vt -2.367548 -2.606168 0.000000
vt 2.900000 2.775000 0.000000
vt 2.997410 2.758745 0.000000
vt 3.084264 2.711742 0.000000
vt 3.151150 2.639084 0.000000
vt 3.190820 2.548646 0.000000
vt 3.198975 2.450226 0.000000
vt 3.174732 2.354491 0.000000
vt 3.120717 2.271816 0.000000
vt 3.042784 2.211158 0.000000
vt 2.949378 2.179092 0.000000
vt 2.850622 2.179092 0.000000
vt 2.757216 2.211158 0.000000
vt 2.679283 2.271816 0.000000
vt 2.625268 2.354491 0.000000
vt 2.601025 2.450226 0.000000
vt 2.609180 2.548646 0.000000
vt 2.648850 2.639084 0.000000
vt 2.715736 2.711742 0.000000
vt 2.802590 2.758745 0.000000
vt 2.900000 -2.125000 0.000000
vt 2.997410 -2.141255 0.000000
vt 3.084264 -2.188258 0.000000
vt 3.151150 -2.260916 0.000000
vt 3.190820 -2.351354 0.000000
vt 3.198975 -2.449774 0.000000
vt 3.174732 -2.545509 0.000000
vt 3.120717 -2.628185 0.000000
vt 3.042784 -2.688842 0.000000
vt 2.949378 -2.720908 0.000000
vt 2.850622 -2.720908 0.000000
vt 2.757216 -2.688842 0.000000
vt 2.679283 -2.628185 0.000000
vt 2.625268 -2.545509 0.000000
vt 2.601025 -2.449774 0.000000
vt 2.609180 -2.351354 0.000000
vt 2.648850 -2.260916 0.000000
vt 2.715736 -2.188258 0.000000
vt 2.802590 -2.141255 0.000000
vt -2.900000 2.775000 0.000000
vt -2.802590 2.758745 0.000000
vt -2.715736 2.711742 0.000000
vt -2.648850 2.639084 0.000000
vt -2.609180 2.548646 0.000000
vt -2.601025 2.450226 0.000000
vt -2.625268 2.354491 0.000000
vt -2.679283 2.271816 0.000000
vt -2.757216 2.211158 0.000000
vt -2.850622 2.179092 0.000000
vt -2.949378 2.179092 0.000000
vt -3.042784 2.211158 0.000000
vt -3.120717 2.271816 0.000000
vt -3.174732 2.354491 0.000000
vt -3.198975 2.450226 0.000000
vt -3.190820 2.548646 0.000000
vt -3.151150 2.639084 0.000000
vt -3.084264 2.711742 0.000000
vt -2.997410 2.758745 0.000000
vt -2.900000 -2.125000 0.000000
vt -2.802590 -2.141255 0.000000
vt -2.715736 -2.188258 0.000000
vt -2.648850 -2.260916 0.000000
vt -2.609180 -2.351354 0.000000
vt -2.601025 -2.449774 0.000000
vt -2.625268 -2.545509 0.000000
vt -2.679283 -2.628185 0.000000
vt -2.757216 -2.688842 0.000000
vt -2.850622 -2.720908 0.000000
vt -2.949378 -2.720908 0.000000
vt -3.042784 -2.688842 0.000000
vt -3.120717 -2.628185 0.000000
vt -3.174732 -2.545509 0.000000
vt -3.198975 -2.449774 0.000000
vt -3.190820 -2.351354 0.000000
vt -3.151150 -2.260916 0.000000
vt -3.084264 -2.188258 0.000000
vt -2.997410 -2.141255 0.000000
vt 1.500000 2.725000 0.000000
vt 1.486603 2.775000 0.000000
vt 1.450000 2.811603 0.000000
vt 1.400000 2.825000 0.000000
vt -2.950000 2.825000 0.000000
vt -3.042705 2.810317 0.000000
vt -3.126336 2.767705 0.000000
vt -3.192705 2.701336 0.000000
vt -3.235317 2.617705 0.000000
vt -3.250000 2.525000 0.000000
vt -3.250000 0.825000 0.000000
vt -3.236603 0.775000 0.000000
vt -3.200000 0.738397 0.000000
vt -3.150000 0.725000 0.000000
vt -2.850000 0.725000 0.000000
vt -2.800000 0.711603 0.000000
vt -2.763397 0.675000 0.000000
vt -2.750000 0.625000 0.000000
vt -2.750000 -0.975000 0.000000
vt -2.763397 -1.025000 0.000000
vt -2.800000 -1.061603 0.000000
vt -2.850000 -1.075000 0.000000
vt -3.150000 -1.075000 0.000000
vt -3.200000 -1.088398 0.000000
vt -3.236603 -1.125000 0.000000
vt -3.250000 -1.175000 0.000000
vt -3.250000 -2.525000 0.000000
vt -3.235317 -2.617705 0.000000
vt -3.192705 -2.701336 0.000000
vt -3.126336 -2.767705 0.000000
vt -3.042705 -2.810317 0.000000
vt -2.950000 -2.825000 0.000000
vt 2.950000 -2.825000 0.000000
vt 3.042705 -2.810317 0.000000
vt 3.126336 -2.767705 0.000000
vt 3.192705 -2.701336 0.000000
vt 3.235317 -2.617705 0.000000
vt 3.250000 -2.525000 0.000000
vt 3.250000 2.525000 0.000000
vt 3.235317 2.617705 0.000000
vt 3.192705 2.701336 0.000000
vt 3.126336 2.767705 0.000000
vt 3.042705 2.810317 0.000000
vt 2.950000 2.825000 0.000000
vt 2.600000 2.825000 0.000000
vt 2.550000 2.811603 0.000000
vt 2.513397 2.775000 0.000000
vt 2.500000 2.725000 0.000000
vt 2.500000 1.096593 0.000000
vt 2.486603 1.046593 0.000000
vt 2.450000 1.009991 0.000000
vt 2.400000 0.996593 0.000000
vt 1.600000 0.996593 0.000000
vt 1.550000 1.009991 0.000000
vt 1.513397 1.046593 0.000000
vt 1.500000 1.096593 0.000000
vt 2.900000 -2.000000 0.000000
vt 2.828821 -1.984870 0.000000
vt 2.769950 -1.942098 0.000000
vt 2.733565 -1.879078 0.000000
vt 2.725959 -1.806708 0.000000
vt 2.748446 -1.737500 0.000000
vt 2.797137 -1.683422 0.000000
vt 2.863616 -1.653824 0.000000
vt 2.936384 -1.653824 0.000000
vt 3.002862 -1.683422 0.000000
vt 3.051554 -1.737500 0.000000
vt 3.074041 -1.806708 0.000000
vt 3.066435 -1.879078 0.000000
vt 3.030050 -1.942098 0.000000
vt 2.971179 -1.984870 0.000000
vt 1.000000 -1.175000 0.000000
vt 0.934917 -1.160145 0.000000
vt 0.882725 -1.118523 0.000000
vt 0.853761 -1.058378 0.000000
vt 0.853761 -0.991622 0.000000
vt 0.882725 -0.931477 0.000000
vt 0.934917 -0.889855 0.000000
vt 1.000000 -0.875000 0.000000
vt 1.065083 -0.889855 0.000000
vt 1.117275 -0.931477 0.000000
vt 1.146239 -0.991622 0.000000
vt 1.146239 -1.058378 0.000000
vt 1.117275 -1.118523 0.000000
vt 1.065083 -1.160145 0.000000
vt -1.300000 1.125000 0.000000
vt -1.365083 1.139855 0.000000
vt -1.417275 1.181476 0.000000
vt -1.446239 1.241622 0.000000
vt -1.446239 1.308378 0.000000
vt -1.417275 1.368523 0.000000
vt -1.365083 1.410145 0.000000
vt -1.300000 1.425000 0.000000
vt -1.234917 1.410145 0.000000
vt -1.182725 1.368523 0.000000
vt -1.153761 1.308378 0.000000
vt -1.153761 1.241622 0.000000
vt -1.182725 1.181476 0.000000
vt -1.234917 1.139855 0.000000
vt -2.900000 1.700000 0.000000
vt -2.971179 1.715129 0.000000
vt -3.030050 1.757902 0.000000
vt -3.066435 1.820922 0.000000
vt -3.074041 1.893292 0.000000
vt -3.051554 1.962500 0.000000
vt -3.002862 2.016578 0.000000
vt -2.936384 2.046176 0.000000
vt -2.863616 2.046176 0.000000
vt -2.797137 2.016578 0.000000
vt -2.748446 1.962500 0.000000
vt -2.725959 1.893292 0.000000
vt -2.733565 1.820922 0.000000
vt -2.769950 1.757902 0.000000
vt -2.828821 1.715129 0.000000
vt -0.155000 0.078540 0.000000
vt -0.155000 0.026180 0.000000
vt -0.155000 -0.026180 0.000000
vt -0.155000 -0.078540 0.000000
vt -0.000000 -0.078540 0.000000
vt -0.000000 -0.026180 0.000000
vt -0.000000 0.026180 0.000000
vt -0.000000 0.078540 0.000000
vt 1.728407 0.000000 0.000000
vt 1.728407 0.155000 0.000000
vt 0.100000 0.155000 0.000000
vt 0.100000 0.000000 0.000000
vt 0.000000 0.078540 0.000000
vt 0.000000 0.026180 0.000000
vt 0.000000 -0.026180 0.000000
vt 0.000000 -0.078540 0.000000
vt 0.155000 -0.078540 0.000000
vt 0.155000 -0.026180 0.000000
vt 0.155000 0.026180 0.000000
vt 0.155000 0.078540 0.000000
vt -0.155000 0.078540 0.000000
vt -0.155000 0.026180 0.000000
vt -0.155000 -0.026180 0.000000
vt -0.155000 -0.078540 0.000000
vt -0.000000 -0.078540 0.000000
vt -0.000000 -0.026180 0.000000
vt -0.000000 0.026180 0.000000
vt -0.000000 0.078540 0.000000
vt 0.100000 0.155000 0.000000
vt 0.100000 0.000000 0.000000
vt 0.400000 0.000000 0.000000
vt 0.400000 0.155000 0.000000
vt 0.000000 0.078540 0.000000
vt 0.000000 0.026180 0.000000
vt 0.000000 -0.026180 0.000000
vt 0.000000 -0.078540 0.000000
vt 0.155000 -0.078540 0.000000
vt 0.155000 -0.026180 0.000000
vt 0.155000 0.026180 0.000000
vt 0.155000 0.078540 0.000000
vt 0.100000 0.155000 0.000000
vt 0.100000 0.000000 0.000000
vt 1.700000 0.000000 0.000000
vt 1.700000 0.155000 0.000000
vt 0.000000 0.078540 0.000000
vt 0.000000 0.026180 0.000000
vt 0.000000 -0.026180 0.000000
vt 0.000000 -0.078540 0.000000
vt 0.155000 -0.078540 0.000000
vt 0.155000 -0.026180 0.000000
vt 0.155000 0.026180 0.000000
vt 0.155000 0.078540 0.000000
vt 0.100000 0.155000 0.000000
vt 0.100000 0.000000 0.000000
vt 0.400000 0.000000 0.000000
vt 0.400000 0.155000 0.000000
vt -0.155000 0.078540 0.000000
vt -0.155000 0.026180 0.000000
vt -0.155000 -0.026180 0.000000
vt -0.155000 -0.078540 0.000000
vt -0.000000 -0.078540 0.000000
vt -0.000000 -0.026180 0.000000
vt -0.000000 0.026180 0.000000
vt -0.000000 0.078540 0.000000
vt 0.100000 0.155000 0.000000
vt 0.100000 0.000000 0.000000
vt 1.800000 0.000000 0.000000
vt 1.800000 0.155000 0.000000
vt -0.155000 0.235619 0.000000
vt -0.155000 0.141372 0.000000
vt -0.155000 0.047124 0.000000
vt -0.155000 -0.047124 0.000000
vt -0.155000 -0.141372 0.000000
vt -0.155000 -0.235619 0.000000
vt -0.000000 -0.235619 0.000000
vt -0.000000 -0.141372 0.000000
vt -0.000000 -0.047124 0.000000
vt -0.000000 0.047124 0.000000
vt -0.000000 0.141372 0.000000
vt -0.000000 0.235619 0.000000
vt 5.350000 0.000000 0.000000
vt 5.350000 0.155000 0.000000
vt 0.300000 0.155000 0.000000
vt 0.300000 0.000000 0.000000
vt -0.155000 0.235619 0.000000
vt -0.155000 0.141372 0.000000
vt -0.155000 0.047124 0.000000
vt -0.155000 -0.047124 0.000000
vt -0.155000 -0.141372 0.000000
vt -0.155000 -0.235619 0.000000
vt -0.000000 -0.235619 0.000000
vt -0.000000 -0.141372 0.000000
vt -0.000000 -0.047124 0.000000
vt -0.000000 0.047124 0.000000
vt -0.000000 0.141372 0.000000
vt -0.000000 0.235619 0.000000
vt -0.155000 0.235619 0.000000
vt -0.155000 0.141372 0.000000
vt -0.155000 0.047124 0.000000
vt -0.155000 -0.047124 0.000000
vt -0.155000 -0.141372 0.000000
vt -0.155000 -0.235619 0.000000
vt -0.000000 -0.235619 0.000000
vt -0.000000 -0.141372 0.000000
vt -0.000000 -0.047124 0.000000
vt -0.000000 0.047124 0.000000
vt -0.000000 0.141372 0.000000
vt -0.000000 0.235619 0.000000
vt 1.650000 0.000000 0.000000
vt 1.650000 0.155000 0.000000
vt 0.300000 0.155000 0.000000
vt 0.300000 0.000000 0.000000
vt -0.155000 0.235619 0.000000
vt -0.155000 0.141372 0.000000
vt -0.155000 0.047124 0.000000
vt -0.155000 -0.047124 0.000000
vt -0.155000 -0.141372 0.000000
vt -0.155000 -0.235619 0.000000
vt -0.000000 -0.235619 0.000000
vt -0.000000 -0.141372 0.000000
vt -0.000000 -0.047124 0.000000
vt -0.000000 0.047124 0.000000
vt -0.000000 0.141372 0.000000
vt -0.000000 0.235619 0.000000
vt 0.155000 -0.392699 0.000000
vt 0.155000 -0.327249 0.000000
vt 0.155000 -0.261799 0.000000
vt 0.155000 -0.196350 0.000000
vt 0.155000 -0.130900 0.000000
vt 0.155000 -0.065450 0.000000
vt 0.155000 0.000000 0.000000
vt 0.155000 0.065450 0.000000
vt 0.155000 0.130900 0.000000
vt 0.155000 0.196350 0.000000
vt 0.155000 0.261799 0.000000
vt 0.155000 0.327249 0.000000
vt 0.000000 0.392699 0.000000
vt 0.000000 0.327249 0.000000
vt 0.000000 0.261799 0.000000
vt 0.000000 0.196350 0.000000
vt 0.000000 0.130900 0.000000
vt 0.000000 0.065450 0.000000
vt 0.000000 0.000000 0.000000
vt 0.000000 -0.065450 0.000000
vt 0.000000 -0.130900 0.000000
vt 0.000000 -0.196350 0.000000
vt 0.000000 -0.261799 0.000000
vt 0.000000 -0.327249 0.000000
vt 0.000000 -0.392699 0.000000
vt 0.155000 0.392699 0.000000
vt 0.155000 -0.549779 0.000000
vt 0.155000 -0.476475 0.000000
vt 0.155000 -0.403171 0.000000
vt 0.155000 -0.329867 0.000000
vt 0.155000 -0.256563 0.000000
vt 0.155000 -0.183260 0.000000
vt 0.155000 -0.109956 0.000000
vt 0.155000 -0.036652 0.000000
vt 0.155000 0.036652 0.000000
vt 0.155000 0.109956 0.000000
vt 0.155000 0.183260 0.000000
vt 0.155000 0.256563 0.000000
vt 0.155000 0.329867 0.000000
vt 0.155000 0.403171 0.000000
vt 0.155000 0.476475 0.000000
vt 0.000000 0.549779 0.000000
vt 0.000000 0.476475 0.000000
vt 0.000000 0.403171 0.000000
vt 0.000000 0.329867 0.000000
vt 0.000000 0.256563 0.000000
vt 0.000000 0.183260 0.000000
vt 0.000000 0.109956 0.000000
vt 0.000000 0.036652 0.000000
vt 0.000000 -0.036652 0.000000
vt 0.000000 -0.109956 0.000000
vt 0.000000 -0.183260 0.000000
vt 0.000000 -0.256563 0.000000
vt 0.000000 -0.329867 0.000000
vt 0.000000 -0.403171 0.000000
vt 0.000000 -0.476475 0.000000
vt 0.000000 -0.549779 0.000000
vt 0.155000 0.549779 0.000000
vt 0.155000 -0.471239 0.000000
vt 0.155000 -0.403919 0.000000
vt 0.155000 -0.336599 0.000000
vt 0.155000 -0.269279 0.000000
vt 0.155000 -0.201960 0.000000
vt 0.155000 -0.134640 0.000000
vt 0.155000 -0.067320 0.000000
vt 0.155000 0.000000 0.000000
vt 0.155000 0.067320 0.000000
vt 0.155000 0.134640 0.000000
vt 0.155000 0.201960 0.000000
vt 0.155000 0.269279 0.000000
vt 0.155000 0.336599 0.000000
vt 0.155000 0.403919 0.000000
vt 0.000000 0.471239 0.000000
vt 0.000000 0.403919 0.000000
vt 0.000000 0.336599 0.000000
vt 0.000000 0.269279 0.000000
vt 0.000000 0.201960 0.000000
vt 0.000000 0.134640 0.000000
vt 0.000000 0.067320 0.000000
vt 0.000000 0.000000 0.000000
vt 0.000000 -0.067320 0.000000
vt 0.000000 -0.134640 0.000000
vt 0.000000 -0.201960 0.000000
vt 0.000000 -0.269279 0.000000
vt 0.000000 -0.336599 0.000000
vt 0.000000 -0.403919 0.000000
vt 0.000000 -0.471239 0.000000
vt 0.155000 0.471239 0.000000
vt 0.155000 -0.471239 0.000000
vt 0.155000 -0.403919 0.000000
vt 0.155000 -0.336599 0.000000
vt 0.155000 -0.269279 0.000000
vt 0.155000 -0.201960 0.000000
vt 0.155000 -0.134640 0.000000
vt 0.155000 -0.067320 0.000000
vt 0.155000 0.000000 0.000000
vt 0.155000 0.067320 0.000000
vt 0.155000 0.134640 0.000000
vt 0.155000 0.201960 0.000000
vt 0.155000 0.269279 0.000000
vt 0.155000 0.336599 0.000000
vt 0.155000 0.403919 0.000000
vt 0.000000 0.471239 0.000000
vt 0.000000 0.403919 0.000000
vt 0.000000 0.336599 0.000000
vt 0.000000 0.269279 0.000000
vt 0.000000 0.201960 0.000000
vt 0.000000 0.134640 0.000000
vt 0.000000 0.067320 0.000000
vt 0.000000 0.000000 0.000000
vt 0.000000 -0.067320 0.000000
vt 0.000000 -0.134640 0.000000
vt 0.000000 -0.201960 0.000000
vt 0.000000 -0.269279 0.000000
vt 0.000000 -0.336599 0.000000
vt 0.000000 -0.403919 0.000000
vt 0.000000 -0.471239 0.000000
vt 0.155000 0.471239 0.000000
vt 0.155000 -0.549779 0.000000
vt 0.155000 -0.476475 0.000000
vt 0.155000 -0.403171 0.000000
vt 0.155000 -0.329867 0.000000
vt 0.155000 -0.256563 0.000000
vt 0.155000 -0.183260 0.000000
vt 0.155000 -0.109956 0.000000
vt 0.155000 -0.036652 0.000000
vt 0.155000 0.036652 0.000000
vt 0.155000 0.109956 0.000000
vt 0.155000 0.183260 0.000000
vt 0.155000 0.256563 0.000000
vt 0.155000 0.329867 0.000000
vt 0.155000 0.403171 0.000000
vt 0.155000 0.476475 0.000000
vt 0.000000 0.549779 0.000000
vt 0.000000 0.476475 0.000000
vt 0.000000 0.403171 0.000000
vt 0.000000 0.329867 0.000000
vt 0.000000 0.256563 0.000000
vt 0.000000 0.183260 0.000000
vt 0.000000 0.109956 0.000000
vt 0.000000 0.036652 0.000000
vt 0.000000 -0.036652 0.000000
vt 0.000000 -0.109956 0.000000
vt 0.000000 -0.183260 0.000000
vt 0.000000 -0.256563 0.000000
vt 0.000000 -0.329867 0.000000
vt 0.000000 -0.403171 0.000000
vt 0.000000 -0.476475 0.000000
vt 0.000000 -0.549779 0.000000
vt 0.155000 0.549779 0.000000
vt 0.155000 -0.392699 0.000000
vt 0.155000 -0.327249 0.000000
vt 0.155000 -0.261799 0.000000
vt 0.155000 -0.196350 0.000000
vt 0.155000 -0.130900 0.000000
vt 0.155000 -0.065450 0.000000
vt 0.155000 0.000000 0.000000
vt 0.155000 0.065450 0.000000
vt 0.155000 0.130900 0.000000
vt 0.155000 0.196350 0.000000
vt 0.155000 0.261799 0.000000
vt 0.155000 0.327249 0.000000
vt 0.000000 0.392699 0.000000
vt 0.000000 0.327249 0.000000
vt 0.000000 0.261799 0.000000
vt 0.000000 0.196350 0.000000
vt 0.000000 0.130900 0.000000
vt 0.000000 0.065450 0.000000
vt 0.000000 0.000000 0.000000
vt 0.000000 -0.065450 0.000000
vt 0.000000 -0.130900 0.000000
vt 0.000000 -0.196350 0.000000
vt 0.000000 -0.261799 0.000000
vt 0.000000 -0.327249 0.000000
vt 0.000000 -0.392699 0.000000
vt 0.155000 0.392699 0.000000
vt 0.155000 -0.392699 0.000000
vt 0.155000 -0.327249 0.000000
vt 0.155000 -0.261799 0.000000
vt 0.155000 -0.196350 0.000000
vt 0.155000 -0.130900 0.000000
vt 0.155000 -0.065450 0.000000
vt 0.155000 0.000000 0.000000
vt 0.155000 0.065450 0.000000
vt 0.155000 0.130900 0.000000
vt 0.155000 0.196350 0.000000
vt 0.155000 0.261799 0.000000
vt 0.155000 0.327249 0.000000
vt 0.000000 0.392699 0.000000
vt 0.000000 0.327249 0.000000
vt 0.000000 0.261799 0.000000
vt 0.000000 0.196350 0.000000
vt 0.000000 0.130900 0.000000
vt 0.000000 0.065450 0.000000
vt 0.000000 0.000000 0.000000
vt 0.000000 -0.065450 0.000000
vt 0.000000 -0.130900 0.000000
vt 0.000000 -0.196350 0.000000
vt 0.000000 -0.261799 0.000000
vt 0.000000 -0.327249 0.000000
vt 0.000000 -0.392699 0.000000
vt 0.155000 0.392699 0.000000
vt 0.155000 -0.392699 0.000000
vt 0.155000 -0.327249 0.000000
vt 0.155000 -0.261799 0.000000
vt 0.155000 -0.196350 0.000000
vt 0.155000 -0.130900 0.000000
vt 0.155000 -0.065450 0.000000
vt 0.155000 0.000000 0.000000
vt 0.155000 0.065450 0.000000
vt 0.155000 0.130900 0.000000
vt 0.155000 0.196350 0.000000
vt 0.155000 0.261799 0.000000
vt 0.155000 0.327249 0.000000
vt 0.000000 0.392699 0.000000
vt 0.000000 0.327249 0.000000
vt 0.000000 0.261799 0.000000
vt 0.000000 0.196350 0.000000
vt 0.000000 0.130900 0.000000
vt 0.000000 0.065450 0.000000
vt 0.000000 0.000000 0.000000
vt 0.000000 -0.065450 0.000000
vt 0.000000 -0.130900 0.000000
vt 0.000000 -0.196350 0.000000
vt 0.000000 -0.261799 0.000000
vt 0.000000 -0.327249 0.000000
vt 0.000000 -0.392699 0.000000
vt 0.155000 0.392699 0.000000
vt 0.300000 0.155000 0.000000
vt 0.300000 0.000000 0.000000
vt 6.200000 0.000000 0.000000
vt 6.200000 0.155000 0.000000
vt 0.100000 0.155000 0.000000
vt 0.100000 0.000000 0.000000
vt 0.450000 0.000000 0.000000
vt 0.450000 0.155000 0.000000
vt 4.650000 0.000000 0.000000
vt 4.650000 0.155000 0.000000
vt 0.300000 0.155000 0.000000
vt 0.300000 0.000000 0.000000
vt 1.000000 0.825000 0.000000
vt 1.000000 -0.575000 0.000000
vt 0.988582 -0.632403 0.000000
vt 0.956066 -0.681066 0.000000
vt 0.907403 -0.713582 0.000000
vt 0.850000 -0.725000 0.000000
vt -0.550000 -0.725000 0.000000
vt -0.607403 -0.713582 0.000000
vt -0.656066 -0.681066 0.000000
vt -0.688582 -0.632403 0.000000
vt -0.700000 -0.575000 0.000000
vt -0.700000 0.825000 0.000000
vt -0.688582 0.882403 0.000000
vt -0.656066 0.931066 0.000000
vt -0.607403 0.963582 0.000000
vt -0.550000 0.975000 0.000000
vt 0.850000 0.975000 0.000000
vt 0.907403 0.963582 0.000000
vt 0.956066 0.931066 0.000000
vt 0.988582 0.882403 0.000000
vt -2.363000 -2.248000 0.000000
vt -2.342558 -2.291837 0.000000
vt -2.355077 -2.338558 0.000000
vt -2.394699 -2.366301 0.000000
vt -2.442884 -2.362086 0.000000
vt -2.477086 -2.327884 0.000000
vt -2.481301 -2.279699 0.000000
vt -2.453558 -2.240077 0.000000
vt -2.406837 -2.227558 0.000000
vt -2.109000 -2.248000 0.000000
vt -2.088558 -2.291837 0.000000
vt -2.101077 -2.338558 0.000000
vt -2.140699 -2.366301 0.000000
vt -2.188884 -2.362086 0.000000
vt -2.223086 -2.327884 0.000000
vt -2.227301 -2.279699 0.000000
vt -2.199558 -2.240077 0.000000
vt -2.152837 -2.227558 0.000000
vt -1.855000 -2.248000 0.000000
vt -1.834558 -2.291837 0.000000
vt -1.847077 -2.338558 0.000000
vt -1.886699 -2.366301 0.000000
vt -1.934884 -2.362086 0.000000
vt -1.969086 -2.327884 0.000000
vt -1.973301 -2.279699 0.000000
vt -1.945558 -2.240077 0.000000
vt -1.898837 -2.227558 0.000000
vt -1.601000 -2.248000 0.000000
vt -1.580558 -2.291837 0.000000
vt -1.593077 -2.338558 0.000000
vt -1.632699 -2.366301 0.000000
vt -1.680884 -2.362086 0.000000
vt -1.715086 -2.327884 0.000000
vt -1.719301 -2.279699 0.000000
vt -1.691558 -2.240077 0.000000
vt -1.644837 -2.227558 0.000000
vt -1.347000 -2.248000 0.000000
vt -1.326558 -2.291837 0.000000
vt -1.339077 -2.338558 0.000000
vt -1.378699 -2.366301 0.000000
vt -1.426884 -2.362086 0.000000
vt -1.461086 -2.327884 0.000000
vt -1.465301 -2.279699 0.000000
vt -1.437558 -2.240077 0.000000
vt -1.390837 -2.227558 0.000000
vt -1.093000 -2.248000 0.000000
vt -1.072558 -2.291837 0.000000
vt -1.085077 -2.338558 0.000000
vt -1.124699 -2.366301 0.000000
vt -1.172884 -2.362086 0.000000
vt -1.207086 -2.327884 0.000000
vt -1.211301 -2.279699 0.000000
vt -1.183558 -2.240077 0.000000
vt -1.136837 -2.227558 0.000000
vt -0.839000 -2.248000 0.000000
vt -0.818558 -2.291837 0.000000
vt -0.831077 -2.338558 0.000000
vt -0.870699 -2.366301 0.000000
vt -0.918884 -2.362086 0.000000
vt -0.953086 -2.327884 0.000000
vt -0.957301 -2.279699 0.000000
vt -0.929558 -2.240077 0.000000
vt -0.882837 -2.227558 0.000000
vt -0.585000 -2.248000 0.000000
vt -0.564558 -2.291837 0.000000
vt -0.577077 -2.338558 0.000000
vt -0.616699 -2.366301 0.000000
vt -0.664884 -2.362086 0.000000
vt -0.699086 -2.327884 0.000000
vt -0.703301 -2.279699 0.000000
vt -0.675558 -2.240077 0.000000
vt -0.628837 -2.227558 0.000000
vt -0.331000 -2.248000 0.000000
vt -0.310558 -2.291837 0.000000
vt -0.323077 -2.338558 0.000000
vt -0.362699 -2.366301 0.000000
vt -0.410884 -2.362086 0.000000
vt -0.445086 -2.327884 0.000000
vt -0.449301 -2.279699 0.000000
vt -0.421558 -2.240077 0.000000
vt -0.374837 -2.227558 0.000000
vt -0.077000 -2.248000 0.000000
vt -0.056558 -2.291837 0.000000
vt -0.069077 -2.338558 0.000000
vt -0.108699 -2.366301 0.000000
vt -0.156884 -2.362086 0.000000
vt -0.191086 -2.327884 0.000000
vt -0.195301 -2.279699 0.000000
vt -0.167558 -2.240077 0.000000
vt -0.120837 -2.227558 0.000000
vt 0.177000 -2.248000 0.000000
vt 0.197442 -2.291837 0.000000
vt 0.184923 -2.338558 0.000000
vt 0.145301 -2.366301 0.000000
vt 0.097116 -2.362086 0.000000
vt 0.062914 -2.327884 0.000000
vt 0.058699 -2.279699 0.000000
vt 0.086442 -2.240077 0.000000
vt 0.133163 -2.227558 0.000000
vt 0.431000 -2.248000 0.000000
vt 0.451442 -2.291837 0.000000
vt 0.438923 -2.338558 0.000000
vt 0.399301 -2.366301 0.000000
vt 0.351116 -2.362086 0.000000
vt 0.316914 -2.327884 0.000000
vt 0.312699 -2.279699 0.000000
vt 0.340442 -2.240077 0.000000
vt 0.387163 -2.227558 0.000000
vt 0.685000 -2.248000 0.000000
vt 0.705442 -2.291837 0.000000
vt 0.692923 -2.338558 0.000000
vt 0.653301 -2.366301 0.000000
vt 0.605116 -2.362086 0.000000
vt 0.570914 -2.327884 0.000000
vt 0.566699 -2.279699 0.000000
vt 0.594442 -2.240077 0.000000
vt 0.641163 -2.227558 0.000000
vt 0.939000 -2.248000 0.000000
vt 0.959442 -2.291837 0.000000
vt 0.946923 -2.338558 0.000000
vt 0.907301 -2.366301 0.000000
vt 0.859116 -2.362086 0.000000
vt 0.824914 -2.327884 0.000000
vt 0.820699 -2.279699 0.000000
vt 0.848442 -2.240077 0.000000
vt 0.895163 -2.227558 0.000000
vt 1.193000 -2.248000 0.000000
vt 1.213442 -2.291837 0.000000
vt 1.200923 -2.338558 0.000000
vt 1.161301 -2.366301 0.000000
vt 1.113116 -2.362086 0.000000
vt 1.078914 -2.327884 0.000000
vt 1.074699 -2.279699 0.000000
vt 1.102442 -2.240077 0.000000
vt 1.149163 -2.227558 0.000000
vt 1.447000 -2.248000 0.000000
vt 1.467442 -2.291837 0.000000
vt 1.454923 -2.338558 0.000000
vt 1.415301 -2.366301 0.000000
vt 1.367116 -2.362086 0.000000
vt 1.332914 -2.327884 0.000000
vt 1.328699 -2.279699 0.000000
vt 1.356442 -2.240077 0.000000
vt 1.403163 -2.227558 0.000000
vt 1.701000 -2.248000 0.000000
vt 1.721442 -2.291837 0.000000
vt 1.708923 -2.338558 0.000000
vt 1.669301 -2.366301 0.000000
vt 1.621116 -2.362086 0.000000
vt 1.586914 -2.327884 0.000000
vt 1.582699 -2.279699 0.000000
vt 1.610442 -2.240077 0.000000
vt 1.657163 -2.227558 0.000000
vt 1.955000 -2.248000 0.000000
vt 1.975442 -2.291837 0.000000
vt 1.962923 -2.338558 0.000000
vt 1.923301 -2.366301 0.000000
vt 1.875116 -2.362086 0.000000
vt 1.840914 -2.327884 0.000000
vt 1.836699 -2.279699 0.000000
vt 1.864442 -2.240077 0.000000
vt 1.911163 -2.227558 0.000000
vt 2.209000 -2.248000 0.000000
vt 2.229442 -2.291837 0.000000
vt 2.216923 -2.338558 0.000000
vt 2.177301 -2.366301 0.000000
vt 2.129116 -2.362086 0.000000
vt 2.094914 -2.327884 0.000000
vt 2.090699 -2.279699 0.000000
vt 2.118442 -2.240077 0.000000
vt 2.165163 -2.227558 0.000000
vt 2.463000 -2.248000 0.000000
vt 2.483442 -2.291837 0.000000
vt 2.470923 -2.338558 0.000000
vt 2.431301 -2.366301 0.000000
vt 2.383116 -2.362086 0.000000
vt 2.348914 -2.327884 0.000000
vt 2.344699 -2.279699 0.000000
vt 2.372442 -2.240077 0.000000
vt 2.419163 -2.227558 0.000000
vt -2.363000 -2.502000 0.000000
vt -2.342558 -2.545837 0.000000
vt -2.355077 -2.592558 0.000000
vt -2.394699 -2.620301 0.000000
vt -2.442884 -2.616086 0.000000
vt -2.477086 -2.581884 0.000000
vt -2.481301 -2.533699 0.000000
vt -2.453558 -2.494077 0.000000
vt -2.406837 -2.481558 0.000000
vt -2.109000 -2.502000 0.000000
vt -2.088558 -2.545837 0.000000
vt -2.101077 -2.592558 0.000000
vt -2.140699 -2.620301 0.000000
vt -2.188884 -2.616086 0.000000
vt -2.223086 -2.581884 0.000000
vt -2.227301 -2.533699 0.000000
vt -2.199558 -2.494077 0.000000
vt -2.152837 -2.481558 0.000000
vt -1.855000 -2.502000 0.000000
vt -1.834558 -2.545837 0.000000
vt -1.847077 -2.592558 0.000000
vt -1.886699 -2.620301 0.000000
vt -1.934884 -2.616086 0.000000
vt -1.969086 -2.581884 0.000000
vt -1.973301 -2.533699 0.000000
vt -1.945558 -2.494077 0.000000
vt -1.898837 -2.481558 0.000000
vt -1.601000 -2.502000 0.000000
vt -1.580558 -2.545837 0.000000
vt -1.593077 -2.592558 0.000000
vt -1.632699 -2.620301 0.000000
vt -1.680884 -2.616086 0.000000
vt -1.715086 -2.581884 0.000000
vt -1.719301 -2.533699 0.000000
vt -1.691558 -2.494077 0.000000
vt -1.644837 -2.481558 0.000000
vt -1.347000 -2.502000 0.000000
vt -1.326558 -2.545837 0.000000
vt -1.339077 -2.592558 0.000000
vt -1.378699 -2.620301 0.000000
vt -1.426884 -2.616086 0.000000
vt -1.461086 -2.581884 0.000000
vt -1.465301 -2.533699 0.000000
vt -1.437558 -2.494077 0.000000
vt -1.390837 -2.481558 0.000000
vt -1.093000 -2.502000 0.000000
vt -1.072558 -2.545837 0.000000
vt -1.085077 -2.592558 0.000000
vt -1.124699 -2.620301 0.000000
vt -1.172884 -2.616086 0.000000
vt -1.207086 -2.581884 0.000000
vt -1.211301 -2.533699 0.000000
vt -1.183558 -2.494077 0.000000
vt -1.136837 -2.481558 0.000000
vt -0.839000 -2.502000 0.000000
vt -0.818558 -2.545837 0.000000
vt -0.831077 -2.592558 0.000000
vt -0.870699 -2.620301 0.000000
vt -0.918884 -2.616086 0.000000
vt -0.953086 -2.581884 0.000000
vt -0.957301 -2.533699 0.000000
vt -0.929558 -2.494077 0.000000
vt -0.882837 -2.481558 0.000000
vt -0.585000 -2.502000 0.000000
vt -0.564558 -2.545837 0.000000
vt -0.577077 -2.592558 0.000000
vt -0.616699 -2.620301 0.000000
vt -0.664884 -2.616086 0.000000
vt -0.699086 -2.581884 0.000000
vt -0.703301 -2.533699 0.000000
vt -0.675558 -2.494077 0.000000
vt -0.628837 -2.481558 0.000000
vt -0.331000 -2.502000 0.000000
vt -0.310558 -2.545837 0.000000
vt -0.323077 -2.592558 0.000000
vt -0.362699 -2.620301 0.000000
vt -0.410884 -2.616086 0.000000
vt -0.445086 -2.581884 0.000000
vt -0.449301 -2.533699 0.000000
vt -0.421558 -2.494077 0.000000
vt -0.374837 -2.481558 0.000000
vt -0.077000 -2.502000 0.000000
vt -0.056558 -2.545837 0.000000
vt -0.069077 -2.592558 0.000000
vt -0.108699 -2.620301 0.000000
vt -0.156884 -2.616086 0.000000
vt -0.191086 -2.581884 0.000000
vt -0.195301 -2.533699 0.000000
vt -0.167558 -2.494077 0.000000
vt -0.120837 -2.481558 0.000000
vt 0.177000 -2.502000 0.000000
vt 0.197442 -2.545837 0.000000
vt 0.184923 -2.592558 0.000000
vt 0.145301 -2.620301 0.000000
vt 0.097116 -2.616086 0.000000
vt 0.062914 -2.581884 0.000000
vt 0.058699 -2.533699 0.000000
vt 0.086442 -2.494077 0.000000
vt 0.133163 -2.481558 0.000000
vt 0.431000 -2.502000 0.000000
vt 0.451442 -2.545837 0.000000
vt 0.438923 -2.592558 0.000000
vt 0.399301 -2.620301 0.000000
vt 0.351116 -2.616086 0.000000
vt 0.316914 -2.581884 0.000000
vt 0.312699 -2.533699 0.000000
vt 0.340442 -2.494077 0.000000
vt 0.387163 -2.481558 0.000000
vt 0.685000 -2.502000 0.000000
vt 0.705442 -2.545837 0.000000
vt 0.692923 -2.592558 0.000000
vt 0.653301 -2.620301 0.000000
vt 0.605116 -2.616086 0.000000
vt 0.570914 -2.581884 0.000000
vt 0.566699 -2.533699 0.000000
vt 0.594442 -2.494077 0.000000
vt 0.641163 -2.481558 0.000000
vt 0.939000 -2.502000 0.000000
vt 0.959442 -2.545837 0.000000
vt 0.946923 -2.592558 0.000000
vt 0.907301 -2.620301 0.000000
vt 0.859116 -2.616086 0.000000
vt 0.824914 -2.581884 0.000000
vt 0.820699 -2.533699 0.000000
vt 0.848442 -2.494077 0.000000
vt 0.895163 -2.481558 0.000000
vt 1.193000 -2.502000 0.000000
vt 1.213442 -2.545837 0.000000
vt 1.200923 -2.592558 0.000000
vt 1.161301 -2.620301 0.000000
vt 1.113116 -2.616086 0.000000
vt 1.078914 -2.581884 0.000000
vt 1.074699 -2.533699 0.000000
vt 1.102442 -2.494077 0.000000
vt 1.149163 -2.481558 0.000000
vt 1.447000 -2.502000 0.000000
vt 1.467442 -2.545837 0.000000
vt 1.454923 -2.592558 0.000000
vt 1.415301 -2.620301 0.000000
vt 1.367116 -2.616086 0.000000
vt 1.332914 -2.581884 0.000000
vt 1.328699 -2.533699 0.000000
vt 1.356442 -2.494077 0.000000
vt 1.403163 -2.481558 0.000000
vt 1.701000 -2.502000 0.000000
vt 1.721442 -2.545837 0.000000
vt 1.708923 -2.592558 0.000000
vt 1.669301 -2.620301 0.000000
vt 1.621116 -2.616086 0.000000
vt 1.586914 -2.581884 0.000000
vt 1.582699 -2.533699 0.000000
vt 1.610442 -2.494077 0.000000
vt 1.657163 -2.481558 0.000000
vt 1.955000 -2.502000 0.000000
vt 1.975442 -2.545837 0.000000
vt 1.962923 -2.592558 0.000000
vt 1.923301 -2.620301 0.000000
vt 1.875116 -2.616086 0.000000
vt 1.840914 -2.581884 0.000000
vt 1.836699 -2.533699 0.000000
vt 1.864442 -2.494077 0.000000
vt 1.911163 -2.481558 0.000000
vt 2.209000 -2.502000 0.000000
vt 2.229442 -2.545837 0.000000
vt 2.216923 -2.592558 0.000000
vt 2.177301 -2.620301 0.000000
vt 2.129116 -2.616086 0.000000
vt 2.094914 -2.581884 0.000000
vt 2.090699 -2.533699 0.000000
vt 2.118442 -2.494077 0.000000
vt 2.165163 -2.481558 0.000000
vt 2.413000 -2.481289 0.000000
vt 2.458452 -2.497833 0.000000
vt 2.482636 -2.539721 0.000000
vt 2.474237 -2.587355 0.000000
vt 2.437185 -2.618446 0.000000
vt 2.388816 -2.618446 0.000000
vt 2.351763 -2.587355 0.000000
vt 2.343364 -2.539721 0.000000
vt 2.367548 -2.497833 0.000000
vt -2.900000 2.775000 0.000000
vt -2.802590 2.758745 0.000000
vt -2.715736 2.711742 0.000000
vt -2.648850 2.639084 0.000000
vt -2.609180 2.548646 0.000000
vt -2.601025 2.450226 0.000000
vt -2.625268 2.354491 0.000000
vt -2.679283 2.271816 0.000000
vt -2.757216 2.211158 0.000000
vt -2.850622 2.179092 0.000000
vt -2.949378 2.179092 0.000000
vt -3.042784 2.211158 0.000000
vt -3.120717 2.271816 0.000000
vt -3.174732 2.354491 0.000000
vt -3.198975 2.450226 0.000000
vt -3.190820 2.548646 0.000000
vt -3.151150 2.639084 0.000000
vt -3.084264 2.711742 0.000000
vt -2.997410 2.758745 0.000000
vt -2.900000 -2.125000 0.000000
vt -2.802590 -2.141255 0.000000
vt -2.715736 -2.188258 0.000000
vt -2.648850 -2.260916 0.000000
vt -2.609180 -2.351354 0.000000
vt -2.601025 -2.449774 0.000000
vt -2.625268 -2.545509 0.000000
vt -2.679283 -2.628185 0.000000
vt -2.757216 -2.688842 0.000000
vt -2.850622 -2.720908 0.000000
vt -2.949378 -2.720908 0.000000
vt -3.042784 -2.688842 0.000000
vt -3.120717 -2.628185 0.000000
vt -3.174732 -2.545509 0.000000
vt -3.198975 -2.449774 0.000000
vt -3.190820 -2.351354 0.000000
vt -3.151150 -2.260916 0.000000
vt -3.084264 -2.188258 0.000000
vt -2.997410 -2.141255 0.000000
vt 2.900000 2.775000 0.000000
vt 2.997410 2.758745 0.000000
vt 3.084264 2.711742 0.000000
vt 3.151150 2.639084 0.000000
vt 3.190820 2.548646 0.000000
vt 3.198975 2.450226 0.000000
vt 3.174732 2.354491 0.000000
vt 3.120717 2.271816 0.000000
vt 3.042784 2.211158 0.000000
vt 2.949378 2.179092 0.000000
vt 2.850622 2.179092 0.000000
vt 2.757216 2.211158 0.000000
vt 2.679283 2.271816 0.000000
vt 2.625268 2.354491 0.000000
vt 2.601025 2.450226 0.000000
vt 2.609180 2.548646 0.000000
vt 2.648850 2.639084 0.000000
vt 2.715736 2.711742 0.000000
vt 2.802590 2.758745 0.000000
vt 2.900000 -2.125000 0.000000
vt 2.997410 -2.141255 0.000000
vt 3.084264 -2.188258 0.000000
vt 3.151150 -2.260916 0.000000
vt 3.190820 -2.351354 0.000000
vt 3.198975 -2.449774 0.000000
vt 3.174732 -2.545509 0.000000
vt 3.120717 -2.628185 0.000000
vt 3.042784 -2.688842 0.000000
vt 2.949378 -2.720908 0.000000
vt 2.850622 -2.720908 0.000000
vt 2.757216 -2.688842 0.000000
vt 2.679283 -2.628185 0.000000
vt 2.625268 -2.545509 0.000000
vt 2.601025 -2.449774 0.000000
vt 2.609180 -2.351354 0.000000
vt 2.648850 -2.260916 0.000000
vt 2.715736 -2.188258 0.000000
vt 2.802590 -2.141255 0.000000
vt -1.400000 2.825000 0.000000
vt -1.450000 2.811603 0.000000
vt -1.486603 2.775000 0.000000
vt -1.500000 2.725000 0.000000
vt -1.500000 1.096593 0.000000
vt -1.513397 1.046593 0.000000
vt -1.550000 1.009991 0.000000
vt -1.600000 0.996593 0.000000
vt -2.400000 0.996593 0.000000
vt -2.450000 1.009991 0.000000
vt -2.486603 1.046593 0.000000
vt -2.500000 1.096593 0.000000
vt -2.500000 2.725000 0.000000
vt -2.513397 2.775000 0.000000
vt -2.550000 2.811603 0.000000
vt -2.600000 2.825000 0.000000
vt -2.950000 2.825000 0.000000
vt -3.042705 2.810317 0.000000
vt -3.126336 2.767705 0.000000
vt -3.192705 2.701336 0.000000
vt -3.235317 2.617705 0.000000
vt -3.250000 2.525000 0.000000
vt -3.250000 -2.525000 0.000000
vt -3.235317 -2.617705 0.000000
vt -3.192705 -2.701336 0.000000
vt -3.126336 -2.767705 0.000000
vt -3.042705 -2.810317 0.000000
vt -2.950000 -2.825000 0.000000
vt 2.950000 -2.825000 0.000000
vt 3.042705 -2.810317 0.000000
vt 3.126336 -2.767705 0.000000
vt 3.192705 -2.701336 0.000000
vt 3.235317 -2.617705 0.000000
vt 3.250000 -2.525000 0.000000
vt 3.250000 -1.175000 0.000000
vt 3.236603 -1.125000 0.000000
vt 3.200000 -1.088398 0.000000
vt 3.150000 -1.075000 0.000000
vt 2.850000 -1.075000 0.000000
vt 2.800000 -1.061603 0.000000
vt 2.763397 -1.025000 0.000000
vt 2.750000 -0.975000 0.000000
vt 2.750000 0.625000 0.000000
vt 2.763397 0.675000 0.000000
vt 2.800000 0.711603 0.000000
vt 2.850000 0.725000 0.000000
vt 3.150000 0.725000 0.000000
vt 3.200000 0.738397 0.000000
vt 3.236603 0.775000 0.000000
vt 3.250000 0.825000 0.000000
vt 3.250000 2.525000 0.000000
vt 3.235317 2.617705 0.000000
vt 3.192705 2.701336 0.000000
vt 3.126336 2.767705 0.000000
vt 3.042705 2.810317 0.000000
vt 2.950000 2.825000 0.000000
vt -2.900000 -2.000000 0.000000
vt -2.971179 -1.984870 0.000000
vt -3.030050 -1.942098 0.000000
vt -3.066435 -1.879078 0.000000
vt -3.074041 -1.806708 0.000000
vt -3.051554 -1.737500 0.000000
vt -3.002862 -1.683422 0.000000
vt -2.936384 -1.653824 0.000000
vt -2.863616 -1.653824 0.000000
vt -2.797137 -1.683422 0.000000
vt -2.748446 -1.737500 0.000000
vt -2.725959 -1.806708 0.000000
vt -2.733565 -1.879078 0.000000
vt -2.769950 -1.942098 0.000000
vt -2.828821 -1.984870 0.000000
vt -1.000000 -1.175000 0.000000
vt -1.065083 -1.160145 0.000000
vt -1.117275 -1.118523 0.000000
vt -1.146239 -1.058378 0.000000
vt -1.146239 -0.991622 0.000000
vt -1.117275 -0.931477 0.000000
vt -1.065083 -0.889855 0.000000
vt -1.000000 -0.875000 0.000000
vt -0.934917 -0.889855 0.000000
vt -0.882725 -0.931477 0.000000
vt -0.853761 -0.991622 0.000000
vt -0.853761 -1.058378 0.000000
vt -0.882725 -1.118523 0.000000
vt -0.934917 -1.160145 0.000000
vt 1.300000 1.125000 0.000000
vt 1.234917 1.139855 0.000000
vt 1.182725 1.181476 0.000000
vt 1.153761 1.241622 0.000000
vt 1.153761 1.308378 0.000000
vt 1.182725 1.368523 0.000000
vt 1.234917 1.410145 0.000000
vt 1.300000 1.425000 0.000000
vt 1.365083 1.410145 0.000000
vt 1.417275 1.368523 0.000000
vt 1.446239 1.308378 0.000000
vt 1.446239 1.241622 0.000000
vt 1.417275 1.181476 0.000000
vt 1.365083 1.139855 0.000000
vt 2.900000 1.700000 0.000000
vt 2.828821 1.715129 0.000000
vt 2.769950 1.757902 0.000000
vt 2.733565 1.820922 0.000000
vt 2.725959 1.893292 0.000000
vt 2.748446 1.962500 0.000000
vt 2.797137 2.016578 0.000000
vt 2.863616 2.046176 0.000000
vt 2.936384 2.046176 0.000000
vt 3.002862 2.016578 0.000000
vt 3.051554 1.962500 0.000000
vt 3.074041 1.893292 0.000000
vt 3.066435 1.820922 0.000000
vt 3.030050 1.757902 0.000000
vt 2.971179 1.715129 0.000000
vn -0.100000 0.000000 0.000000
vn -0.092388 0.000000 -0.038268
vn -0.070711 0.000000 -0.070711
vn -0.038268 0.000000 -0.092388
vn 0.000000 0.000000 -0.100000
vn 0.000000 0.000000 -0.100000
vn -0.038268 0.000000 -0.092388
vn -0.070711 0.000000 -0.070711
vn -0.092388 0.000000 -0.038268
vn -0.100000 0.000000 0.000000
vn 0.000000 0.000000 -0.100000
vn 0.000000 0.000000 -0.100000
vn 0.000000 0.000000 -0.100000
vn 0.000000 0.000000 -0.100000
vn 0.000000 0.100000 0.000000
vn 0.000000 0.100000 0.000000
vn 0.000000 0.100000 0.000000
vn 0.000000 0.100000 0.000000
vn 0.000000 0.100000 0.000000
vn 0.000000 0.100000 0.000000
vn 0.000000 0.100000 0.000000
vn 0.000000 0.100000 0.000000
vn 0.000000 0.100000 0.000000
vn 0.000000 0.100000 0.000000
vn 0.000000 0.100000 0.000000
vn 0.000000 0.100000 0.000000
vn 0.000000 0.100000 0.000000
vn 0.000000 0.100000 0.000000
vn 0.000000 0.100000 0.000000
vn 0.000000 0.100000 0.000000
vn 0.000000 0.100000 0.000000
vn 0.000000 0.100000 0.000000
vn 0.000000 0.100000 0.000000
vn 0.000000 0.100000 0.000000
vn 0.000000 0.000000 0.100000
vn -0.038268 0.000000 0.092388
vn -0.070711 0.000000 0.070711
vn -0.092388 0.000000 0.038268
vn -0.100000 0.000000 0.000000
vn -0.100000 0.000000 0.000000
vn -0.092388 0.000000 0.038268
vn -0.070711 0.000000 0.070711
vn -0.038268 0.000000 0.092388
vn 0.000000 0.000000 0.100000
vn 0.000000 0.000000 0.100000
vn 0.000000 0.000000 0.100000
vn 0.000000 0.000000 0.100000
vn 0.000000 0.000000 0.100000
vn 0.000000 0.000000 -0.100000
vn 0.038268 0.000000 -0.092388
vn 0.070711 0.000000 -0.070711
vn 0.092388 0.000000 -0.038268
vn 0.100000 0.000000 0.000000
vn 0.100000 0.000000 0.000000
vn 0.092388 0.000000 -0.038268
vn 0.070711 0.000000 -0.070711
vn 0.038268 0.000000 -0.092388
vn 0.000000 0.000000 -0.100000
vn 0.100000 0.000000 0.000000
vn 0.092388 0.000000 0.038268
vn 0.070711 0.000000 0.070711
vn 0.038268 0.000000 0.092388
vn 0.000000 0.000000 0.100000
vn 0.000000 0.000000 0.100000
vn 0.038268 0.000000 0.092388
vn 0.070711 0.000000 0.070711
vn 0.092388 0.000000 0.038268
vn 0.100000 0.000000 0.000000
vn 0.100000 0.000000 0.000000
vn 0.100000 0.000000 0.000000
vn 0.100000 0.000000 0.000000
vn 0.100000 0.000000 0.000000
vn -0.100000 0.000000 0.000000
vn -0.100000 0.000000 0.000000
vn -0.100000 0.000000 0.000000
vn -0.100000 0.000000 0.000000
vn 0.100000 0.000000 0.000000
vn 0.076604 0.000000 0.064279
vn 0.017365 0.000000 0.098481
vn -0.050000 0.000000 0.086603
vn -0.093969 0.000000 0.034202
vn -0.093969 0.000000 -0.034202
vn -0.050000 0.000000 -0.086603
vn 0.017365 0.000000 -0.098481
vn 0.076604 0.000000 -0.064279
vn -0.070711 0.000000 -0.070711
vn -0.099619 0.000000 -0.008716
vn -0.081915 0.000000 0.057358
vn -0.025882 0.000000 0.096593
vn 0.042262 0.000000 0.090631
vn 0.090631 0.000000 0.042262
vn 0.096593 0.000000 -0.025882
vn 0.057358 0.000000 -0.081915
vn -0.008716 0.000000 -0.099619
vn 0.090631 0.000000 0.042262
vn 0.100000 0.000000 0.000000
vn 0.100000 0.000000 0.000000
vn 0.090631 0.000000 0.042262
vn 0.100000 0.000000 0.000000
vn 0.076604 0.000000 0.064279
vn 0.017365 0.000000 0.098481
vn -0.050000 0.000000 0.086603
vn -0.093969 0.000000 0.034202
vn -0.093969 0.000000 -0.034202
vn -0.050000 0.000000 -0.086603
vn 0.017365 0.000000 -0.098481
vn 0.076604 0.000000 -0.064279
vn -0.070711 0.000000 -0.070711
vn -0.099619 0.000000 -0.008716
vn -0.081915 0.000000 0.057358
vn -0.025882 0.000000 0.096593
vn 0.042262 0.000000 0.090631
vn 0.090631 0.000000 0.042262
vn 0.096593 0.000000 -0.025882
vn 0.057358 0.000000 -0.081915
vn -0.008716 0.000000 -0.099619
vn 0.090631 0.000000 0.042262
vn 0.100000 0.000000 0.000000
vn 0.100000 0.000000 0.000000
vn 0.090631 0.000000 0.042262
vn 0.100000 0.000000 0.000000
vn 0.076604 0.000000 0.064279
vn 0.017365 0.000000 0.098481
vn -0.050000 0.000000 0.086603
vn -0.093969 0.000000 0.034202
vn -0.093969 0.000000 -0.034202
vn -0.050000 0.000000 -0.086603
vn 0.017365 0.000000 -0.098481
vn 0.076604 0.000000 -0.064279
vn -0.070711 0.000000 -0.070711
vn -0.099619 0.000000 -0.008716
vn -0.081915 0.000000 0.057358
vn -0.025882 0.000000 0.096593
vn 0.042262 0.000000 0.090631
vn 0.090631 0.000000 0.042262
vn 0.096593 0.000000 -0.025882
vn 0.057358 0.000000 -0.081915
vn -0.008716 0.000000 -0.099619
vn 0.090631 0.000000 0.042262
vn 0.100000 0.000000 0.000000
vn 0.100000 0.000000 0.000000
vn 0.090631 0.000000 0.042262
vn 0.100000 0.000000 0.000000
vn 0.076604 0.000000 0.064279
vn 0.017365 0.000000 0.098481
vn -0.050000 0.000000 0.086603
vn -0.093969 0.000000 0.034202
vn -0.093969 0.000000 -0.034202
vn -0.050000 0.000000 -0.086603
vn 0.017365 0.000000 -0.098481
vn 0.076604 0.000000 -0.064279
vn -0.070711 0.000000 -0.070711
vn -0.099619 0.000000 -0.008716
vn -0.081915 0.000000 0.057358
vn -0.025882 0.000000 0.096593
vn 0.042262 0.000000 0.090631
vn 0.090631 0.000000 0.042262
vn 0.096593 0.000000 -0.025882
vn 0.057358 0.000000 -0.081915
vn -0.008716 0.000000 -0.099619
vn 0.090631 0.000000 0.042262
vn 0.100000 0.000000 0.000000
vn 0.100000 0.000000 0.000000
vn 0.090631 0.000000 0.042262
vn 0.100000 0.000000 0.000000
vn 0.076604 0.000000 0.064279
vn 0.017365 0.000000 0.098481
vn -0.050000 0.000000 0.086603
vn -0.093969 0.000000 0.034202
vn -0.093969 0.000000 -0.034202
vn -0.050000 0.000000 -0.086603
vn 0.017365 0.000000 -0.098481
vn 0.076604 0.000000 -0.064279
vn -0.070711 0.000000 -0.070711
vn -0.099619 0.000000 -0.008716
vn -0.081915 0.000000 0.057358
vn -0.025882 0.000000 0.096593
vn 0.042262 0.000000 0.090631
vn 0.090631 0.000000 0.042262
vn 0.096593 0.000000 -0.025882
vn 0.057358 0.000000 -0.081915
vn -0.008716 0.000000 -0.099619
vn 0.090631 0.000000 0.042262
vn 0.100000 0.000000 0.000000
vn 0.100000 0.000000 0.000000
vn 0.090631 0.000000 0.042262
vn 0.100000 0.000000 0.000000
vn 0.076604 0.000000 0.064279
vn 0.017365 0.000000 0.098481
vn -0.050000 0.000000 0.086603
vn -0.093969 0.000000 0.034202
vn -0.093969 0.000000 -0.034202
vn -0.050000 0.000000 -0.086603
vn 0.017365 0.000000 -0.098481
vn 0.076604 0.000000 -0.064279
vn -0.070711 0.000000 -0.070711
vn -0.099619 0.000000 -0.008716
vn -0.081915 0.000000 0.057358
vn -0.025882 0.000000 0.096593
vn 0.042262 0.000000 0.090631
vn 0.090631 0.000000 0.042262
vn 0.096593 0.000000 -0.025882
vn 0.057358 0.000000 -0.081915
vn -0.008716 0.000000 -0.099619
vn 0.090631 0.000000 0.042262
vn 0.100000 0.000000 0.000000
vn 0.100000 0.000000 0.000000
vn 0.090631 0.000000 0.042262
vn 0.100000 0.000000 0.000000
vn 0.076604 0.000000 0.064279
vn 0.017365 0.000000 0.098481
vn -0.050000 0.000000 0.086603
vn -0.093969 0.000000 0.034202
vn -0.093969 0.000000 -0.034202
vn -0.050000 0.000000 -0.086603
vn 0.017365 0.000000 -0.098481
vn 0.076604 0.000000 -0.064279
vn -0.070711 0.000000 -0.070711
vn -0.099619 0.000000 -0.008716
vn -0.081915 0.000000 0.057358
vn -0.025882 0.000000 0.096593
vn 0.042262 0.000000 0.090631
vn 0.090631 0.000000 0.042262
vn 0.096593 0.000000 -0.025882
vn 0.057358 0.000000 -0.081915
vn -0.008716 0.000000 -0.099619
vn 0.090631 0.000000 0.042262
vn 0.100000 0.000000 0.000000
vn 0.100000 0.000000 0.000000
vn 0.090631 0.000000 0.042262
vn 0.100000 0.000000 0.000000
vn 0.076604 0.000000 0.064279
vn 0.017365 0.000000 0.098481
vn -0.050000 0.000000 0.086603
vn -0.093969 0.000000 0.034202
vn -0.093969 0.000000 -0.034202
vn -0.050000 0.000000 -0.086603
vn 0.017365 0.000000 -0.098481
vn 0.076604 0.000000 -0.064279
vn -0.070711 0.000000 -0.070711
vn -0.099619 0.000000 -0.008716
vn -0.081915 0.000000 0.057358
vn -0.025882 0.000000 0.096593
vn 0.042262 0.000000 0.090631
vn 0.090631 0.000000 0.042262
vn 0.096593 0.000000 -0.025882
vn 0.057358 0.000000 -0.081915
vn -0.008716 0.000000 -0.099619
vn 0.090631 0.000000 0.042262
vn 0.100000 0.000000 0.000000
vn 0.100000 0.000000 0.000000
vn 0.090631 0.000000 0.042262
vn 0.100000 0.000000 0.000000
vn 0.076604 0.000000 0.064279
vn 0.017365 0.000000 0.098481
vn -0.050000 0.000000 0.086603
vn -0.093969 0.000000 0.034202
vn -0.093969 0.000000 -0.034202
vn -0.050000 0.000000 -0.086603
vn 0.017365 0.000000 -0.098481
vn 0.076604 0.000000 -0.064279
vn -0.070711 0.000000 -0.070711
vn -0.099619 0.000000 -0.008716
vn -0.081915 0.000000 0.057358
vn -0.025882 0.000000 0.096593
vn 0.042262 0.000000 0.090631
vn 0.090631 0.000000 0.042262
vn 0.096593 0.000000 -0.025882
vn 0.057358 0.000000 -0.081915
vn -0.008716 0.000000 -0.099619
vn 0.090631 0.000000 0.042262
vn 0.100000 0.000000 0.000000
vn 0.100000 0.000000 0.000000
vn 0.090631 0.000000 0.042262
vn 0.100000 0.000000 0.000000
vn 0.076604 0.000000 0.064279
vn 0.017365 0.000000 0.098481
vn -0.050000 0.000000 0.086603
vn -0.093969 0.000000 0.034202
vn -0.093969 0.000000 -0.034202
vn -0.050000 0.000000 -0.086603
vn 0.017365 0.000000 -0.098481
vn 0.076604 0.000000 -0.064279
vn -0.070711 0.000000 -0.070711
vn -0.099619 0.000000 -0.008716
vn -0.081915 0.000000 0.057358
vn -0.025882 0.000000 0.096593
vn 0.042262 0.000000 0.090631
vn 0.090631 0.000000 0.042262
vn 0.096593 0.000000 -0.025882
vn 0.057358 0.000000 -0.081915
vn -0.008716 0.000000 -0.099619
vn 0.090631 0.000000 0.042262
vn 0.100000 0.000000 0.000000
vn 0.100000 0.000000 0.000000
vn 0.090631 0.000000 0.042262
vn 0.100000 0.000000 0.000000
vn 0.076604 0.000000 0.064279
vn 0.017365 0.000000 0.098481
vn -0.050000 0.000000 0.086603
vn -0.093969 0.000000 0.034202
vn -0.093969 0.000000 -0.034202
vn -0.050000 0.000000 -0.086603
vn 0.017365 0.000000 -0.098481
vn 0.076604 0.000000 -0.064279
vn -0.070711 0.000000 -0.070711
vn -0.099619 0.000000 -0.008716
vn -0.081915 0.000000 0.057358
vn -0.025882 0.000000 0.096593
vn 0.042262 0.000000 0.090631
vn 0.090631 0.000000 0.042262
vn 0.096593 0.000000 -0.025882
vn 0.057358 0.000000 -0.081915
vn -0.008716 0.000000 -0.099619
vn 0.090631 0.000000 0.042262
vn 0.100000 0.000000 0.000000
vn 0.100000 0.000000 0.000000
vn 0.090631 0.000000 0.042262
vn 0.100000 0.000000 0.000000
vn 0.076604 0.000000 0.064279
vn 0.017365 0.000000 0.098481
vn -0.050000 0.000000 0.086603
vn -0.093969 0.000000 0.034202
vn -0.093969 0.000000 -0.034202
vn -0.050000 0.000000 -0.086603
vn 0.017365 0.000000 -0.098481
vn 0.076604 0.000000 -0.064279
vn -0.070711 0.000000 -0.070711
vn -0.099619 0.000000 -0.008716
vn -0.081915 0.000000 0.057358
vn -0.025882 0.000000 0.096593
vn 0.042262 0.000000 0.090631
vn 0.090631 0.000000 0.042262
vn 0.096593 0.000000 -0.025882
vn 0.057358 0.000000 -0.081915
vn -0.008716 0.000000 -0.099619
vn 0.090631 0.000000 0.042262
vn 0.100000 0.000000 0.000000
vn 0.100000 0.000000 0.000000
vn 0.090631 0.000000 0.042262
vn 0.100000 0.000000 0.000000
vn 0.076604 0.000000 0.064279
vn 0.017365 0.000000 0.098481
vn -0.050000 0.000000 0.086603
vn -0.093969 0.000000 0.034202
vn -0.093969 0.000000 -0.034202
vn -0.050000 0.000000 -0.086603
vn 0.017365 0.000000 -0.098481
vn 0.076604 0.000000 -0.064279
vn -0.070711 0.000000 -0.070711
vn -0.099619 0.000000 -0.008716
vn -0.081915 0.000000 0.057358
vn -0.025882 0.000000 0.096593
vn 0.042262 0.000000 0.090631
vn 0.090631 0.000000 0.042262
vn 0.096593 0.000000 -0.025882
vn 0.057358 0.000000 -0.081915
vn -0.008716 0.000000 -0.099619
vn 0.090631 0.000000 0.042262
vn 0.100000 0.000000 0.000000
vn 0.100000 0.000000 0.000000
vn 0.090631 0.000000 0.042262
vn 0.100000 0.000000 0.000000
vn 0.076604 0.000000 0.064279
vn 0.017365 0.000000 0.098481
vn -0.050000 0.000000 0.086603
vn -0.093969 0.000000 0.034202
vn -0.093969 0.000000 -0.034202
vn -0.050000 0.000000 -0.086603
vn 0.017365 0.000000 -0.098481
vn 0.076604 0.000000 -0.064279
vn -0.070711 0.000000 -0.070711
vn -0.099619 0.000000 -0.008716
vn -0.081915 0.000000 0.057358
vn -0.025882 0.000000 0.096593
vn 0.042262 0.000000 0.090631
vn 0.090631 0.000000 0.042262
vn 0.096593 0.000000 -0.025882
vn 0.057358 0.000000 -0.081915
vn -0.008716 0.000000 -0.099619
vn 0.090631 0.000000 0.042262
vn 0.100000 0.000000 0.000000
vn 0.100000 0.000000 0.000000
vn 0.090631 0.000000 0.042262
vn 0.100000 0.000000 0.000000
vn 0.076604 0.000000 0.064279
vn 0.017365 0.000000 0.098481
vn -0.050000 0.000000 0.086603
vn -0.093969 0.000000 0.034202
vn -0.093969 0.000000 -0.034202
vn -0.050000 0.000000 -0.086603
vn 0.017365 0.000000 -0.098481
vn 0.076604 0.000000 -0.064279
vn -0.070711 0.000000 -0.070711
vn -0.099619 0.000000 -0.008716
vn -0.081915 0.000000 0.057358
vn -0.025882 0.000000 0.096593
vn 0.042262 0.000000 0.090631
vn 0.090631 0.000000 0.042262
vn 0.096593 0.000000 -0.025882
vn 0.057358 0.000000 -0.081915
vn -0.008716 0.000000 -0.099619
vn 0.090631 0.000000 0.042262
vn 0.100000 0.000000 0.000000
vn 0.100000 0.000000 0.000000
vn 0.090631 0.000000 0.042262
vn 0.100000 0.000000 0.000000
vn 0.076604 0.000000 0.064279
vn 0.017365 0.000000 0.098481
vn -0.050000 0.000000 0.086603
vn -0.093969 0.000000 0.034202
vn -0.093969 0.000000 -0.034202
vn -0.050000 0.000000 -0.086603
vn 0.017365 0.000000 -0.098481
vn 0.076604 0.000000 -0.064279
vn -0.070711 0.000000 -0.070711
vn -0.099619 0.000000 -0.008716
vn -0.081915 0.000000 0.057358
vn -0.025882 0.000000 0.096593
vn 0.042262 0.000000 0.090631
vn 0.090631 0.000000 0.042262
vn 0.096593 0.000000 -0.025882
vn 0.057358 0.000000 -0.081915
vn -0.008716 0.000000 -0.099619
vn 0.090631 0.000000 0.042262
vn 0.100000 0.000000 0.000000
vn 0.100000 0.000000 0.000000
vn 0.090631 0.000000 0.042262
vn 0.100000 0.000000 0.000000
vn 0.076604 0.000000 0.064279
vn 0.017365 0.000000 0.098481
vn -0.050000 0.000000 0.086603
vn -0.093969 0.000000 0.034202
vn -0.093969 0.000000 -0.034202
vn -0.050000 0.000000 -0.086603
vn 0.017365 0.000000 -0.098481
vn 0.076604 0.000000 -0.064279
vn -0.070711 0.000000 -0.070711
vn -0.099619 0.000000 -0.008716
vn -0.081915 0.000000 0.057358
vn -0.025882 0.000000 0.096593
vn 0.042262 0.000000 0.090631
vn 0.090631 0.000000 0.042262
vn 0.096593 0.000000 -0.025882
vn 0.057358 0.000000 -0.081915
vn -0.008716 0.000000 -0.099619
vn 0.090631 0.000000 0.042262
vn 0.100000 0.000000 0.000000
vn 0.100000 0.000000 0.000000
vn 0.090631 0.000000 0.042262
vn 0.100000 0.000000 0.000000
vn 0.076604 0.000000 0.064279
vn 0.017365 0.000000 0.098481
vn -0.050000 0.000000 0.086603
vn -0.093969 0.000000 0.034202
vn -0.093969 0.000000 -0.034202
vn -0.050000 0.000000 -0.086603
vn 0.017365 0.000000 -0.098481
vn 0.076604 0.000000 -0.064279
vn -0.070711 0.000000 -0.070711
vn -0.099619 0.000000 -0.008716
vn -0.081915 0.000000 0.057358
vn -0.025882 0.000000 0.096593
vn 0.042262 0.000000 0.090631
vn 0.090631 0.000000 0.042262
vn 0.096593 0.000000 -0.025882
vn 0.057358 0.000000 -0.081915
vn -0.008716 0.000000 -0.099619
vn 0.090631 0.000000 0.042262
vn 0.100000 0.000000 0.000000
vn 0.100000 0.000000 0.000000
vn 0.090631 0.000000 0.042262
vn 0.100000 0.000000 0.000000
vn 0.076604 0.000000 0.064279
vn 0.017365 0.000000 0.098481
vn -0.050000 0.000000 0.086603
vn -0.093969 0.000000 0.034202
vn -0.093969 0.000000 -0.034202
vn -0.050000 0.000000 -0.086603
vn 0.017365 0.000000 -0.098481
vn 0.076604 0.000000 -0.064279
vn -0.070711 0.000000 -0.070711
vn -0.099619 0.000000 -0.008716
vn -0.081915 0.000000 0.057358
vn -0.025882 0.000000 0.096593
vn 0.042262 0.000000 0.090631
vn 0.090631 0.000000 0.042262
vn 0.096593 0.000000 -0.025882
vn 0.057358 0.000000 -0.081915
vn -0.008716 0.000000 -0.099619
vn 0.090631 0.000000 0.042262
vn 0.100000 0.000000 0.000000
vn 0.100000 0.000000 0.000000
vn 0.090631 0.000000 0.042262
vn 0.100000 0.000000 0.000000
vn 0.076604 0.000000 0.064279
vn 0.017365 0.000000 0.098481
vn -0.050000 0.000000 0.086603
vn -0.093969 0.000000 0.034202
vn -0.093969 0.000000 -0.034202
vn -0.050000 0.000000 -0.086603
vn 0.017365 0.000000 -0.098481
vn 0.076604 0.000000 -0.064279
vn -0.070711 0.000000 -0.070711
vn -0.099619 0.000000 -0.008716
vn -0.081915 0.000000 0.057358
vn -0.025882 0.000000 0.096593
vn 0.042262 0.000000 0.090631
vn 0.090631 0.000000 0.042262
vn 0.096593 0.000000 -0.025882
vn 0.057358 0.000000 -0.081915
vn -0.008716 0.000000 -0.099619
vn 0.090631 0.000000 0.042262
vn 0.100000 0.000000 0.000000
vn 0.100000 0.000000 0.000000
vn 0.090631 0.000000 0.042262
vn 0.100000 0.000000 0.000000
vn 0.076604 0.000000 0.064279
vn 0.017365 0.000000 0.098481
vn -0.050000 0.000000 0.086603
vn -0.093969 0.000000 0.034202
vn -0.093969 0.000000 -0.034202
vn -0.050000 0.000000 -0.086603
vn 0.017365 0.000000 -0.098481
vn 0.076604 0.000000 -0.064279
vn -0.070711 0.000000 -0.070711
vn -0.099619 0.000000 -0.008716
vn -0.081915 0.000000 0.057358
vn -0.025882 0.000000 0.096593
vn 0.042262 0.000000 0.090631
vn 0.090631 0.000000 0.042262
vn 0.096593 0.000000 -0.025882
vn 0.057358 0.000000 -0.081915
vn -0.008716 0.000000 -0.099619
vn 0.090631 0.000000 0.042262
vn 0.100000 0.000000 0.000000
vn 0.100000 0.000000 0.000000
vn 0.090631 0.000000 0.042262
vn 0.100000 0.000000 0.000000
vn 0.076604 0.000000 0.064279
vn 0.017365 0.000000 0.098481
vn -0.050000 0.000000 0.086603
vn -0.093969 0.000000 0.034202
vn -0.093969 0.000000 -0.034202
vn -0.050000 0.000000 -0.086603
vn 0.017365 0.000000 -0.098481
vn 0.076604 0.000000 -0.064279
vn -0.070711 0.000000 -0.070711
vn -0.099619 0.000000 -0.008716
vn -0.081915 0.000000 0.057358
vn -0.025882 0.000000 0.096593
vn 0.042262 0.000000 0.090631
vn 0.090631 0.000000 0.042262
vn 0.096593 0.000000 -0.025882
vn 0.057358 0.000000 -0.081915
vn -0.008716 0.000000 -0.099619
vn 0.090631 0.000000 0.042262
vn 0.100000 0.000000 0.000000
vn 0.100000 0.000000 0.000000
vn 0.090631 0.000000 0.042262
vn 0.100000 0.000000 0.000000
vn 0.076604 0.000000 0.064279
vn 0.017365 0.000000 0.098481
vn -0.050000 0.000000 0.086603
vn -0.093969 0.000000 0.034202
vn -0.093969 0.000000 -0.034202
vn -0.050000 0.000000 -0.086603
vn 0.017365 0.000000 -0.098481
vn 0.076604 0.000000 -0.064279
vn -0.070711 0.000000 -0.070711
vn -0.099619 0.000000 -0.008716
vn -0.081915 0.000000 0.057358
vn -0.025882 0.000000 0.096593
vn 0.042262 0.000000 0.090631
vn 0.090631 0.000000 0.042262
vn 0.096593 0.000000 -0.025882
vn 0.057358 0.000000 -0.081915
vn -0.008716 0.000000 -0.099619
vn 0.090631 0.000000 0.042262
vn 0.100000 0.000000 0.000000
vn 0.100000 0.000000 0.000000
vn 0.090631 0.000000 0.042262
vn 0.100000 0.000000 0.000000
vn 0.076604 0.000000 0.064279
vn 0.017365 0.000000 0.098481
vn -0.050000 0.000000 0.086603
vn -0.093969 0.000000 0.034202
vn -0.093969 0.000000 -0.034202
vn -0.050000 0.000000 -0.086603
vn 0.017365 0.000000 -0.098481
vn 0.076604 0.000000 -0.064279
vn -0.070711 0.000000 -0.070711
vn -0.099619 0.000000 -0.008716
vn -0.081915 0.000000 0.057358
vn -0.025882 0.000000 0.096593
vn 0.042262 0.000000 0.090631
vn 0.090631 0.000000 0.042262
vn 0.096593 0.000000 -0.025882
vn 0.057358 0.000000 -0.081915
vn -0.008716 0.000000 -0.099619
vn 0.090631 0.000000 0.042262
vn 0.100000 0.000000 0.000000
vn 0.100000 0.000000 0.000000
vn 0.090631 0.000000 0.042262
vn 0.100000 0.000000 0.000000
vn 0.076604 0.000000 0.064279
vn 0.017365 0.000000 0.098481
vn -0.050000 0.000000 0.086603
vn -0.093969 0.000000 0.034202
vn -0.093969 0.000000 -0.034202
vn -0.050000 0.000000 -0.086603
vn 0.017365 0.000000 -0.098481
vn 0.076604 0.000000 -0.064279
vn -0.070711 0.000000 -0.070711
vn -0.099619 0.000000 -0.008716
vn -0.081915 0.000000 0.057358
vn -0.025882 0.000000 0.096593
vn 0.042262 0.000000 0.090631
vn 0.090631 0.000000 0.042262
vn 0.096593 0.000000 -0.025882
vn 0.057358 0.000000 -0.081915
vn -0.008716 0.000000 -0.099619
vn 0.090631 0.000000 0.042262
vn 0.100000 0.000000 0.000000
vn 0.100000 0.000000 0.000000
vn 0.090631 0.000000 0.042262
vn 0.100000 0.000000 0.000000
vn 0.076604 0.000000 0.064279
vn 0.017365 0.000000 0.098481
vn -0.050000 0.000000 0.086603
vn -0.093969 0.000000 0.034202
vn -0.093969 0.000000 -0.034202
vn -0.050000 0.000000 -0.086603
vn 0.017365 0.000000 -0.098481
vn 0.076604 0.000000 -0.064279
vn -0.070711 0.000000 -0.070711
vn -0.099619 0.000000 -0.008716
vn -0.081915 0.000000 0.057358
vn -0.025882 0.000000 0.096593
vn 0.042262 0.000000 0.090631
vn 0.090631 0.000000 0.042262
vn 0.096593 0.000000 -0.025882
vn 0.057358 0.000000 -0.081915
vn -0.008716 0.000000 -0.099619
vn 0.090631 0.000000 0.042262
vn 0.100000 0.000000 0.000000
vn 0.100000 0.000000 0.000000
vn 0.090631 0.000000 0.042262
vn 0.100000 0.000000 0.000000
vn 0.076604 0.000000 0.064279
vn 0.017365 0.000000 0.098481
vn -0.050000 0.000000 0.086603
vn -0.093969 0.000000 0.034202
vn -0.093969 0.000000 -0.034202
vn -0.050000 0.000000 -0.086603
vn 0.017365 0.000000 -0.098481
vn 0.076604 0.000000 -0.064279
vn -0.070711 0.000000 -0.070711
vn -0.099619 0.000000 -0.008716
vn -0.081915 0.000000 0.057358
vn -0.025882 0.000000 0.096593
vn 0.042262 0.000000 0.090631
vn 0.090631 0.000000 0.042262
vn 0.096593 0.000000 -0.025882
vn 0.057358 0.000000 -0.081915
vn -0.008716 0.000000 -0.099619
vn 0.090631 0.000000 0.042262
vn 0.100000 0.000000 0.000000
vn 0.100000 0.000000 0.000000
vn 0.090631 0.000000 0.042262
vn 0.100000 0.000000 0.000000
vn 0.076604 0.000000 0.064279
vn 0.017365 0.000000 0.098481
vn -0.050000 0.000000 0.086603
vn -0.093969 0.000000 0.034202
vn -0.093969 0.000000 -0.034202
vn -0.050000 0.000000 -0.086603
vn 0.017365 0.000000 -0.098481
vn 0.076604 0.000000 -0.064279
vn -0.070711 0.000000 -0.070711
vn -0.099619 0.000000 -0.008716
vn -0.081915 0.000000 0.057358
vn -0.025882 0.000000 0.096593
vn 0.042262 0.000000 0.090631
vn 0.090631 0.000000 0.042262
vn 0.096593 0.000000 -0.025882
vn 0.057358 0.000000 -0.081915
vn -0.008716 0.000000 -0.099619
vn 0.090631 0.000000 0.042262
vn 0.100000 0.000000 0.000000
vn 0.100000 0.000000 0.000000
vn 0.090631 0.000000 0.042262
vn 0.100000 0.000000 0.000000
vn 0.076604 0.000000 0.064279
vn 0.017365 0.000000 0.098481
vn -0.050000 0.000000 0.086603
vn -0.093969 0.000000 0.034202
vn -0.093969 0.000000 -0.034202
vn -0.050000 0.000000 -0.086603
vn 0.017365 0.000000 -0.098481
vn 0.076604 0.000000 -0.064279
vn -0.070711 0.000000 -0.070711
vn -0.099619 0.000000 -0.008716
vn -0.081915 0.000000 0.057358
vn -0.025882 0.000000 0.096593
vn 0.042262 0.000000 0.090631
vn 0.090631 0.000000 0.042262
vn 0.096593 0.000000 -0.025882
vn 0.057358 0.000000 -0.081915
vn -0.008716 0.000000 -0.099619
vn 0.090631 0.000000 0.042262
vn 0.100000 0.000000 0.000000
vn 0.100000 0.000000 0.000000
vn 0.090631 0.000000 0.042262
vn 0.100000 0.000000 0.000000
vn 0.076604 0.000000 0.064279
vn 0.017365 0.000000 0.098481
vn -0.050000 0.000000 0.086603
vn -0.093969 0.000000 0.034202
vn -0.093969 0.000000 -0.034202
vn -0.050000 0.000000 -0.086603
vn 0.017365 0.000000 -0.098481
vn 0.076604 0.000000 -0.064279
vn -0.070711 0.000000 -0.070711
vn -0.099619 0.000000 -0.008716
vn -0.081915 0.000000 0.057358
vn -0.025882 0.000000 0.096593
vn 0.042262 0.000000 0.090631
vn 0.090631 0.000000 0.042262
vn 0.096593 0.000000 -0.025882
vn 0.057358 0.000000 -0.081915
vn -0.008716 0.000000 -0.099619
vn 0.090631 0.000000 0.042262
vn 0.100000 0.000000 0.000000
vn 0.100000 0.000000 0.000000
vn 0.090631 0.000000 0.042262
vn 0.100000 0.000000 0.000000
vn 0.076604 0.000000 0.064279
vn 0.017365 0.000000 0.098481
vn -0.050000 0.000000 0.086603
vn -0.093969 0.000000 0.034202
vn -0.093969 0.000000 -0.034202
vn -0.050000 0.000000 -0.086603
vn 0.017365 0.000000 -0.098481
vn 0.076604 0.000000 -0.064279
vn -0.070711 0.000000 -0.070711
vn -0.099619 0.000000 -0.008716
vn -0.081915 0.000000 0.057358
vn -0.025882 0.000000 0.096593
vn 0.042262 0.000000 0.090631
vn 0.090631 0.000000 0.042262
vn 0.096593 0.000000 -0.025882
vn 0.057358 0.000000 -0.081915
vn -0.008716 0.000000 -0.099619
vn 0.090631 0.000000 0.042262
vn 0.100000 0.000000 0.000000
vn 0.100000 0.000000 0.000000
vn 0.090631 0.000000 0.042262
vn 0.100000 0.000000 0.000000
vn 0.076604 0.000000 0.064279
vn 0.017365 0.000000 0.098481
vn -0.050000 0.000000 0.086603
vn -0.093969 0.000000 0.034202
vn -0.093969 0.000000 -0.034202
vn -0.050000 0.000000 -0.086603
vn 0.017365 0.000000 -0.098481
vn 0.076604 0.000000 -0.064279
vn -0.070711 0.000000 -0.070711
vn -0.099619 0.000000 -0.008716
vn -0.081915 0.000000 0.057358
vn -0.025882 0.000000 0.096593
vn 0.042262 0.000000 0.090631
vn 0.090631 0.000000 0.042262
vn 0.096593 0.000000 -0.025882
vn 0.057358 0.000000 -0.081915
vn -0.008716 0.000000 -0.099619
vn 0.090631 0.000000 0.042262
vn 0.100000 0.000000 0.000000
vn 0.100000 0.000000 0.000000
vn 0.090631 0.000000 0.042262
vn 0.100000 0.000000 0.000000
vn 0.076604 0.000000 0.064279
vn 0.017365 0.000000 0.098481
vn -0.050000 0.000000 0.086603
vn -0.093969 0.000000 0.034202
vn -0.093969 0.000000 -0.034202
vn -0.050000 0.000000 -0.086603
vn 0.017365 0.000000 -0.098481
vn 0.076604 0.000000 -0.064279
vn -0.070711 0.000000 -0.070711
vn -0.099619 0.000000 -0.008716
vn -0.081915 0.000000 0.057358
vn -0.025882 0.000000 0.096593
vn 0.042262 0.000000 0.090631
vn 0.090631 0.000000 0.042262
vn 0.096593 0.000000 -0.025882
vn 0.057358 0.000000 -0.081915
vn -0.008716 0.000000 -0.099619
vn 0.090631 0.000000 0.042262
vn 0.100000 0.000000 0.000000
vn 0.100000 0.000000 0.000000
vn 0.090631 0.000000 0.042262
vn 0.100000 0.000000 0.000000
vn 0.076604 0.000000 0.064279
vn 0.017365 0.000000 0.098481
vn -0.050000 0.000000 0.086603
vn -0.093969 0.000000 0.034202
vn -0.093969 0.000000 -0.034202
vn -0.050000 0.000000 -0.086603
vn 0.017365 0.000000 -0.098481
vn 0.076604 0.000000 -0.064279
vn -0.070711 0.000000 -0.070711
vn -0.099619 0.000000 -0.008716
vn -0.081915 0.000000 0.057358
vn -0.025882 0.000000 0.096593
vn 0.042262 0.000000 0.090631
vn 0.090631 0.000000 0.042262
vn 0.096593 0.000000 -0.025882
vn 0.057358 0.000000 -0.081915
vn -0.008716 0.000000 -0.099619
vn 0.090631 0.000000 0.042262
vn 0.100000 0.000000 0.000000
vn 0.100000 0.000000 0.000000
vn 0.090631 0.000000 0.042262
vn 0.100000 0.000000 0.000000
vn 0.076604 0.000000 0.064279
vn 0.017365 0.000000 0.098481
vn -0.050000 0.000000 0.086603
vn -0.093969 0.000000 0.034202
vn -0.093969 0.000000 -0.034202
vn -0.050000 0.000000 -0.086603
vn 0.017365 0.000000 -0.098481
vn 0.076604 0.000000 -0.064279
vn -0.070711 0.000000 -0.070711
vn -0.099619 0.000000 -0.008716
vn -0.081915 0.000000 0.057358
vn -0.025882 0.000000 0.096593
vn 0.042262 0.000000 0.090631
vn 0.090631 0.000000 0.042262
vn 0.096593 0.000000 -0.025882
vn 0.057358 0.000000 -0.081915
vn -0.008716 0.000000 -0.099619
vn 0.090631 0.000000 0.042262
vn 0.100000 0.000000 0.000000
vn 0.100000 0.000000 0.000000
vn 0.090631 0.000000 0.042262
vn 0.100000 0.000000 0.000000
vn 0.076604 0.000000 0.064279
vn 0.017365 0.000000 0.098481
vn -0.050000 0.000000 0.086603
vn -0.093969 0.000000 0.034202
vn -0.093969 0.000000 -0.034202
vn -0.050000 0.000000 -0.086603
vn 0.017365 0.000000 -0.098481
vn 0.076604 0.000000 -0.064279
vn -0.070711 0.000000 -0.070711
vn -0.099619 0.000000 -0.008716
vn -0.081915 0.000000 0.057358
vn -0.025882 0.000000 0.096593
vn 0.042262 0.000000 0.090631
vn 0.090631 0.000000 0.042262
vn 0.096593 0.000000 -0.025882
vn 0.057358 0.000000 -0.081915
vn -0.008716 0.000000 -0.099619
vn 0.090631 0.000000 0.042262
vn 0.100000 0.000000 0.000000
vn 0.100000 0.000000 0.000000
vn 0.090631 0.000000 0.042262
vn 0.100000 0.000000 0.000000
vn 0.076604 0.000000 0.064279
vn 0.017365 0.000000 0.098481
vn -0.050000 0.000000 0.086603
vn -0.093969 0.000000 0.034202
vn -0.093969 0.000000 -0.034202
vn -0.050000 0.000000 -0.086603
vn 0.017365 0.000000 -0.098481
vn 0.076604 0.000000 -0.064279
vn -0.070711 0.000000 -0.070711
vn -0.099619 0.000000 -0.008716
vn -0.081915 0.000000 0.057358
vn -0.025882 0.000000 0.096593
vn 0.042262 0.000000 0.090631
vn 0.090631 0.000000 0.042262
vn 0.096593 0.000000 -0.025882
vn 0.057358 0.000000 -0.081915
vn -0.008716 0.000000 -0.099619
vn 0.090631 0.000000 0.042262
vn 0.100000 0.000000 0.000000
vn 0.100000 0.000000 0.000000
vn 0.090631 0.000000 0.042262
vn 0.100000 0.000000 0.000000
vn 0.076604 0.000000 0.064279
vn 0.017365 0.000000 0.098481
vn -0.050000 0.000000 0.086603
vn -0.093969 0.000000 0.034202
vn -0.093969 0.000000 -0.034202
vn -0.050000 0.000000 -0.086603
vn 0.017365 0.000000 -0.098481
vn 0.076604 0.000000 -0.064279
vn -0.070711 0.000000 -0.070711
vn -0.099619 0.000000 -0.008716
vn -0.081915 0.000000 0.057358
vn -0.025882 0.000000 0.096593
vn 0.042262 0.000000 0.090631
vn 0.090631 0.000000 0.042262
vn 0.096593 0.000000 -0.025882
vn 0.057358 0.000000 -0.081915
vn -0.008716 0.000000 -0.099619
vn 0.090631 0.000000 0.042262
vn 0.100000 0.000000 0.000000
vn 0.100000 0.000000 0.000000
vn 0.090631 0.000000 0.042262
vn 0.100000 0.000000 0.000000
vn 0.076604 0.000000 0.064279
vn 0.017365 0.000000 0.098481
vn -0.050000 0.000000 0.086603
vn -0.093969 0.000000 0.034202
vn -0.093969 0.000000 -0.034202
vn -0.050000 0.000000 -0.086603
vn 0.017365 0.000000 -0.098481
vn 0.076604 0.000000 -0.064279
vn -0.100000 0.000000 0.000000
vn -0.076604 0.000000 0.064279
vn -0.017365 0.000000 0.098481
vn 0.050000 0.000000 0.086603
vn 0.093969 0.000000 0.034202
vn 0.093969 0.000000 -0.034202
vn 0.050000 0.000000 -0.086603
vn -0.017365 0.000000 -0.098481
vn -0.076604 0.000000 -0.064279
vn 0.093969 0.000000 0.034202
vn 0.100000 0.000000 0.000000
vn 0.100000 0.000000 0.000000
vn 0.093969 0.000000 0.034202
vn 0.100000 0.000000 0.000000
vn 0.076604 0.000000 0.064279
vn 0.017365 0.000000 0.098481
vn -0.050000 0.000000 0.086603
vn -0.093969 0.000000 0.034202
vn -0.093969 0.000000 -0.034202
vn -0.050000 0.000000 -0.086603
vn 0.017365 0.000000 -0.098481
vn 0.076604 0.000000 -0.064279
vn -0.070711 0.000000 -0.070711
vn -0.099619 0.000000 -0.008716
vn -0.081915 0.000000 0.057358
vn -0.025882 0.000000 0.096593
vn 0.042262 0.000000 0.090631
vn 0.090631 0.000000 0.042262
vn 0.096593 0.000000 -0.025882
vn 0.057358 0.000000 -0.081915
vn -0.008716 0.000000 -0.099619
vn 0.090631 0.000000 0.042262
vn 0.100000 0.000000 0.000000
vn 0.100000 0.000000 0.000000
vn 0.090631 0.000000 0.042262
vn 0.000000 -0.100000 0.000000
vn 0.000000 -0.100000 0.000000
vn 0.000000 -0.100000 0.000000
vn 0.000000 -0.100000 0.000000
vn 0.000000 -0.100000 0.000000
vn 0.000000 -0.100000 0.000000
vn 0.000000 -0.100000 0.000000
vn 0.000000 -0.100000 0.000000
vn 0.000000 -0.100000 0.000000
vn 0.000000 -0.100000 0.000000
vn 0.000000 -0.100000 0.000000
vn 0.000000 -0.100000 0.000000
vn 0.000000 -0.100000 0.000000
vn 0.000000 -0.100000 0.000000
vn 0.000000 -0.100000 0.000000
vn 0.000000 -0.100000 0.000000
vn 0.000000 -0.100000 0.000000
vn 0.000000 -0.100000 0.000000
vn 0.000000 -0.100000 0.000000
vn 0.000000 -0.100000 0.000000
vn 0.000000 -0.100000 0.000000
vn 0.000000 -0.100000 0.000000
vn 0.000000 -0.100000 0.000000
vn 0.000000 -0.100000 0.000000
vn 0.000000 -0.100000 0.000000
vn 0.000000 -0.100000 0.000000
vn 0.000000 -0.100000 0.000000
vn 0.000000 -0.100000 0.000000
vn 0.000000 -0.100000 0.000000
vn 0.000000 -0.100000 0.000000
vn 0.000000 -0.100000 0.000000
vn 0.000000 0.100000 0.000000
vn 0.000000 0.100000 0.000000
vn 0.000000 0.100000 0.000000
vn 0.000000 0.100000 0.000000
vn 0.000000 0.100000 0.000000
vn 0.000000 0.100000 0.000000
vn 0.000000 0.100000 0.000000
vn 0.000000 0.100000 0.000000
vn 0.000000 0.100000 0.000000
vn 0.000000 0.100000 0.000000
vn 0.000000 0.100000 0.000000
vn 0.000000 0.100000 0.000000
vn 0.000000 0.100000 0.000000
vn 0.000000 0.100000 0.000000
vn 0.000000 0.100000 0.000000
vn 0.000000 0.100000 0.000000
vn 0.000000 0.100000 0.000000
vn 0.000000 0.100000 0.000000
vn 0.000000 0.100000 0.000000
vn 0.000000 0.100000 0.000000
vn 0.000000 0.100000 0.000000
vn 0.000000 0.100000 0.000000
vn 0.000000 0.100000 0.000000
vn 0.000000 0.100000 0.000000
vn 0.000000 0.100000 0.000000
vn 0.000000 0.100000 0.000000
vn 0.000000 0.100000 0.000000
vn 0.000000 0.100000 0.000000
vn 0.000000 0.100000 0.000000
vn 0.000000 0.100000 0.000000
vn 0.000000 0.100000 0.000000
vn 0.000000 -0.100000 0.000000
vn 0.000000 -0.100000 0.000000
vn 0.000000 -0.100000 0.000000
vn 0.000000 -0.100000 0.000000
vn 0.000000 -0.100000 0.000000
vn 0.000000 -0.100000 0.000000
vn 0.000000 -0.100000 0.000000
vn 0.000000 -0.100000 0.000000
vn 0.000000 -0.100000 0.000000
vn 0.000000 -0.100000 0.000000
vn 0.000000 -0.100000 0.000000
vn 0.000000 -0.100000 0.000000
vn 0.000000 -0.100000 0.000000
vn 0.000000 -0.100000 0.000000
vn 0.000000 -0.100000 0.000000
vn 0.000000 -0.100000 0.000000
vn 0.000000 -0.100000 0.000000
vn 0.000000 -0.100000 0.000000
vn 0.000000 -0.100000 0.000000
vn 0.000000 -0.100000 0.000000
vn 0.000000 -0.100000 0.000000
vn 0.000000 -0.100000 0.000000
vn 0.000000 -0.100000 0.000000
vn 0.000000 -0.100000 0.000000
vn 0.000000 -0.100000 0.000000
vn 0.000000 -0.100000 0.000000
vn 0.000000 -0.100000 0.000000
vn 0.000000 -0.100000 0.000000
vn 0.000000 -0.100000 0.000000
vn 0.000000 -0.100000 0.000000
vn 0.000000 -0.100000 0.000000
vn 0.000000 0.100000 0.000000
vn 0.000000 0.100000 0.000000
vn 0.000000 0.100000 0.000000
vn 0.000000 0.100000 0.000000
vn 0.000000 0.100000 0.000000
vn 0.000000 0.100000 0.000000
vn 0.000000 0.100000 0.000000
vn 0.000000 0.100000 0.000000
vn 0.000000 0.100000 0.000000
vn 0.000000 0.100000 0.000000
vn 0.000000 0.100000 0.000000
vn 0.000000 0.100000 0.000000
vn 0.000000 0.100000 0.000000
vn 0.000000 0.100000 0.000000
vn 0.000000 0.100000 0.000000
vn 0.000000 0.100000 0.000000
vn 0.000000 0.100000 0.000000
vn 0.000000 0.100000 0.000000
vn 0.000000 0.100000 0.000000
vn 0.000000 0.100000 0.000000
vn 0.000000 0.100000 0.000000
vn 0.000000 0.100000 0.000000
vn 0.000000 0.100000 0.000000
vn 0.000000 0.100000 0.000000
vn 0.000000 0.100000 0.000000
vn 0.000000 0.100000 0.000000
vn 0.000000 0.100000 0.000000
vn 0.000000 0.100000 0.000000
vn 0.000000 0.100000 0.000000
vn 0.000000 0.100000 0.000000
vn 0.000000 0.100000 0.000000
vn 0.000000 -0.100000 0.000000
vn 0.000000 -0.100000 0.000000
vn 0.000000 -0.100000 0.000000
vn 0.000000 -0.100000 0.000000
vn 0.000000 -0.100000 0.000000
vn 0.000000 -0.100000 0.000000
vn 0.000000 -0.100000 0.000000
vn 0.000000 -0.100000 0.000000
vn 0.000000 -0.100000 0.000000
vn 0.000000 -0.100000 0.000000
vn 0.000000 -0.100000 0.000000
vn 0.000000 -0.100000 0.000000
vn 0.000000 -0.100000 0.000000
vn 0.000000 -0.100000 0.000000
vn 0.000000 -0.100000 0.000000
vn 0.000000 -0.100000 0.000000
vn 0.000000 -0.100000 0.000000
vn 0.000000 -0.100000 0.000000
vn 0.000000 -0.100000 0.000000
vn 0.000000 -0.100000 0.000000
vn 0.000000 -0.100000 0.000000
vn 0.000000 -0.100000 0.000000
vn 0.000000 -0.100000 0.000000
vn 0.000000 -0.100000 0.000000
vn 0.000000 -0.100000 0.000000
vn 0.000000 -0.100000 0.000000
vn 0.000000 -0.100000 0.000000
vn 0.000000 -0.100000 0.000000
vn 0.000000 -0.100000 0.000000
vn 0.000000 -0.100000 0.000000
vn 0.000000 -0.100000 0.000000
vn 0.000000 0.100000 0.000000
vn 0.000000 0.100000 0.000000
vn 0.000000 0.100000 0.000000
vn 0.000000 0.100000 0.000000
vn 0.000000 0.100000 0.000000
vn 0.000000 0.100000 0.000000
vn 0.000000 0.100000 0.000000
vn 0.000000 0.100000 0.000000
vn 0.000000 0.100000 0.000000
vn 0.000000 0.100000 0.000000
vn 0.000000 0.100000 0.000000
vn 0.000000 0.100000 0.000000
vn 0.000000 0.100000 0.000000
vn 0.000000 0.100000 0.000000
vn 0.000000 0.100000 0.000000
vn 0.000000 0.100000 0.000000
vn 0.000000 0.100000 0.000000
vn 0.000000 0.100000 0.000000
vn 0.000000 0.100000 0.000000
vn 0.000000 0.100000 0.000000
vn 0.000000 0.100000 0.000000
vn 0.000000 0.100000 0.000000
vn 0.000000 0.100000 0.000000
vn 0.000000 0.100000 0.000000
vn 0.000000 0.100000 0.000000
vn 0.000000 0.100000 0.000000
vn 0.000000 0.100000 0.000000
vn 0.000000 0.100000 0.000000
vn 0.000000 0.100000 0.000000
vn 0.000000 0.100000 0.000000
vn 0.000000 0.100000 0.000000
vn 0.000000 -0.100000 0.000000
vn 0.000000 -0.100000 0.000000
vn 0.000000 -0.100000 0.000000
vn 0.000000 -0.100000 0.000000
vn 0.000000 -0.100000 0.000000
vn 0.000000 -0.100000 0.000000
vn 0.000000 -0.100000 0.000000
vn 0.000000 -0.100000 0.000000
vn 0.000000 -0.100000 0.000000
vn 0.000000 -0.100000 0.000000
vn 0.000000 -0.100000 0.000000
vn 0.000000 -0.100000 0.000000
vn 0.000000 -0.100000 0.000000
vn 0.000000 -0.100000 0.000000
vn 0.000000 -0.100000 0.000000
vn 0.000000 -0.100000 0.000000
vn 0.000000 -0.100000 0.000000
vn 0.000000 -0.100000 0.000000
vn 0.000000 -0.100000 0.000000
vn 0.000000 -0.100000 0.000000
vn 0.000000 -0.100000 0.000000
vn 0.000000 -0.100000 0.000000
vn 0.000000 -0.100000 0.000000
vn 0.000000 -0.100000 0.000000
vn 0.000000 -0.100000 0.000000
vn 0.000000 -0.100000 0.000000
vn 0.000000 -0.100000 0.000000
vn 0.000000 -0.100000 0.000000
vn 0.000000 -0.100000 0.000000
vn 0.000000 -0.100000 0.000000
vn 0.000000 -0.100000 0.000000
vn 0.000000 0.100000 0.000000
vn 0.000000 0.100000 0.000000
vn 0.000000 0.100000 0.000000
vn 0.000000 0.100000 0.000000
vn 0.000000 0.100000 0.000000
vn 0.000000 0.100000 0.000000
vn 0.000000 0.100000 0.000000
vn 0.000000 0.100000 0.000000
vn 0.000000 0.100000 0.000000
vn 0.000000 0.100000 0.000000
vn 0.000000 0.100000 0.000000
vn 0.000000 0.100000 0.000000
vn 0.000000 0.100000 0.000000
vn 0.000000 0.100000 0.000000
vn 0.000000 0.100000 0.000000
vn 0.000000 0.100000 0.000000
vn 0.000000 0.100000 0.000000
vn 0.000000 0.100000 0.000000
vn 0.000000 0.100000 0.000000
vn 0.000000 0.100000 0.000000
vn 0.000000 0.100000 0.000000
vn 0.000000 0.100000 0.000000
vn 0.000000 0.100000 0.000000
vn 0.000000 0.100000 0.000000
vn 0.000000 0.100000 0.000000
vn 0.000000 0.100000 0.000000
vn 0.000000 0.100000 0.000000
vn 0.000000 0.100000 0.000000
vn 0.000000 0.100000 0.000000
vn 0.000000 0.100000 0.000000
vn 0.000000 0.100000 0.000000
vn 0.000000 0.000000 -0.100000
vn 0.050000 0.000000 -0.086603
vn 0.086603 0.000000 -0.050000
vn 0.100000 0.000000 0.000000
vn 0.100000 0.000000 0.000000
vn 0.086603 0.000000 -0.050000
vn 0.050000 0.000000 -0.086603
vn 0.000000 0.000000 -0.100000
vn 0.100000 0.000000 0.000000
vn 0.100000 0.000000 0.000000
vn 0.100000 0.000000 0.000000
vn 0.100000 0.000000 0.000000
vn 0.000000 0.000000 -0.100000
vn 0.050000 0.000000 -0.086603
vn 0.086603 0.000000 -0.050000
vn 0.100000 0.000000 0.000000
vn 0.100000 0.000000 0.000000
vn 0.086603 0.000000 -0.050000
vn 0.050000 0.000000 -0.086603
vn 0.000000 0.000000 -0.100000
vn 0.000000 0.000000 -0.100000
vn 0.000000 0.000000 -0.100000
vn 0.000000 0.000000 -0.100000
vn 0.000000 0.000000 -0.100000
vn 0.000000 -0.100000 0.000000
vn 0.000000 -0.100000 0.000000
vn 0.000000 -0.100000 0.000000
vn 0.000000 -0.100000 0.000000
vn 0.000000 -0.100000 0.000000
vn 0.000000 -0.100000 0.000000
vn 0.000000 -0.100000 0.000000
vn 0.000000 -0.100000 0.000000
vn 0.000000 -0.100000 0.000000
vn 0.000000 -0.100000 0.000000
vn 0.000000 -0.100000 0.000000
vn 0.000000 -0.100000 0.000000
vn 0.000000 -0.100000 0.000000
vn 0.000000 -0.100000 0.000000
vn 0.000000 -0.100000 0.000000
vn 0.000000 -0.100000 0.000000
vn 0.000000 -0.100000 0.000000
vn 0.000000 -0.100000 0.000000
vn 0.000000 -0.100000 0.000000
vn 0.000000 -0.100000 0.000000
vn 0.000000 -0.100000 0.000000
vn 0.000000 -0.100000 0.000000
vn 0.000000 -0.100000 0.000000
vn 0.000000 -0.100000 0.000000
vn 0.000000 -0.100000 0.000000
vn 0.000000 -0.100000 0.000000
vn 0.000000 -0.100000 0.000000
vn 0.000000 -0.100000 0.000000
vn 0.000000 -0.100000 0.000000
vn 0.000000 -0.100000 0.000000
vn 0.000000 -0.100000 0.000000
vn 0.000000 -0.100000 0.000000
vn 0.000000 -0.100000 0.000000
vn 0.000000 -0.100000 0.000000
vn 0.000000 -0.100000 0.000000
vn 0.000000 -0.100000 0.000000
vn 0.000000 -0.100000 0.000000
vn 0.000000 -0.100000 0.000000
vn 0.000000 -0.100000 0.000000
vn 0.000000 -0.100000 0.000000
vn 0.000000 -0.100000 0.000000
vn 0.000000 -0.100000 0.000000
vn 0.000000 -0.100000 0.000000
vn 0.000000 -0.100000 0.000000
vn 0.000000 -0.100000 0.000000
vn 0.000000 -0.100000 0.000000
vn 0.000000 -0.100000 0.000000
vn 0.000000 -0.100000 0.000000
vn 0.000000 -0.100000 0.000000
vn 0.000000 -0.100000 0.000000
vn 0.000000 -0.100000 0.000000
vn 0.000000 -0.100000 0.000000
vn 0.000000 -0.100000 0.000000
vn 0.000000 -0.100000 0.000000
vn 0.000000 -0.100000 0.000000
vn 0.000000 -0.100000 0.000000
vn 0.000000 -0.100000 0.000000
vn 0.000000 -0.100000 0.000000
vn 0.000000 -0.100000 0.000000
vn 0.000000 -0.100000 0.000000
vn 0.000000 -0.100000 0.000000
vn 0.000000 -0.100000 0.000000
vn 0.000000 -0.100000 0.000000
vn 0.000000 -0.100000 0.000000
vn 0.000000 -0.100000 0.000000
vn 0.000000 -0.100000 0.000000
vn 0.000000 -0.100000 0.000000
vn 0.000000 -0.100000 0.000000
vn 0.000000 -0.100000 0.000000
vn 0.000000 -0.100000 0.000000
vn 0.000000 -0.100000 0.000000
vn 0.000000 -0.100000 0.000000
vn 0.000000 -0.100000 0.000000
vn 0.000000 -0.100000 0.000000
vn 0.000000 -0.100000 0.000000
vn 0.000000 -0.100000 0.000000
vn 0.000000 -0.100000 0.000000
vn 0.000000 -0.100000 0.000000
vn 0.000000 -0.100000 0.000000
vn 0.000000 -0.100000 0.000000
vn 0.000000 -0.100000 0.000000
vn 0.000000 -0.100000 0.000000
vn 0.000000 -0.100000 0.000000
vn 0.000000 -0.100000 0.000000
vn 0.000000 -0.100000 0.000000
vn 0.000000 -0.100000 0.000000
vn 0.000000 -0.100000 0.000000
vn 0.000000 -0.100000 0.000000
vn 0.000000 -0.100000 0.000000
vn 0.000000 -0.100000 0.000000
vn 0.000000 -0.100000 0.000000
vn 0.000000 -0.100000 0.000000
vn 0.000000 -0.100000 0.000000
vn 0.000000 -0.100000 0.000000
vn 0.000000 -0.100000 0.000000
vn 0.000000 -0.100000 0.000000
vn 0.000000 -0.100000 0.000000
vn 0.000000 -0.100000 0.000000
vn 0.000000 -0.100000 0.000000
vn 0.000000 -0.100000 0.000000
vn 0.000000 -0.100000 0.000000
vn 0.000000 -0.100000 0.000000
vn 0.000000 -0.100000 0.000000
vn 0.000000 -0.100000 0.000000
vn 0.000000 -0.100000 0.000000
vn 0.000000 -0.100000 0.000000
vn 0.000000 -0.100000 0.000000
vn 0.000000 -0.100000 0.000000
vn 0.000000 -0.100000 0.000000
vn 0.000000 -0.100000 0.000000
vn 0.000000 -0.100000 0.000000
vn 0.000000 -0.100000 0.000000
vn 0.000000 -0.100000 0.000000
vn 0.000000 -0.100000 0.000000
vn 0.000000 -0.100000 0.000000
vn 0.000000 -0.100000 0.000000
vn 0.000000 -0.100000 0.000000
vn 0.000000 -0.100000 0.000000
vn 0.000000 -0.100000 0.000000
vn 0.000000 -0.100000 0.000000
vn 0.000000 -0.100000 0.000000
vn 0.000000 -0.100000 0.000000
vn 0.000000 -0.100000 0.000000
vn 0.000000 -0.100000 0.000000
vn 0.000000 -0.100000 0.000000
vn 0.000000 -0.100000 0.000000
vn 0.000000 -0.100000 0.000000
vn 0.000000 -0.100000 0.000000
vn 0.000000 -0.100000 0.000000
vn 0.000000 -0.100000 0.000000
vn 0.000000 -0.100000 0.000000
vn 0.000000 -0.100000 0.000000
vn 0.000000 -0.100000 0.000000
vn 0.000000 -0.100000 0.000000
vn 0.000000 -0.100000 0.000000
vn 0.000000 -0.100000 0.000000
vn 0.000000 -0.100000 0.000000
vn 0.000000 -0.100000 0.000000
vn 0.000000 -0.100000 0.000000
vn 0.000000 -0.100000 0.000000
vn 0.000000 -0.100000 0.000000
vn 0.000000 -0.100000 0.000000
vn 0.000000 -0.100000 0.000000
vn 0.000000 -0.100000 0.000000
vn 0.000000 -0.100000 0.000000
vn 0.000000 -0.100000 0.000000
vn 0.000000 -0.100000 0.000000
vn 0.000000 -0.100000 0.000000
vn 0.000000 -0.100000 0.000000
vn 0.000000 -0.100000 0.000000
vn 0.000000 -0.100000 0.000000
vn 0.000000 -0.100000 0.000000
vn 0.000000 -0.100000 0.000000
vn 0.000000 -0.100000 0.000000
vn 0.000000 -0.100000 0.000000
vn 0.000000 -0.100000 0.000000
vn 0.000000 -0.100000 0.000000
vn 0.000000 -0.100000 0.000000
vn 0.000000 -0.100000 0.000000
vn 0.000000 -0.100000 0.000000
vn 0.000000 -0.100000 0.000000
vn 0.000000 -0.100000 0.000000
vn 0.000000 -0.100000 0.000000
vn 0.000000 -0.100000 0.000000
vn 0.000000 -0.100000 0.000000
vn 0.000000 -0.100000 0.000000
vn 0.000000 -0.100000 0.000000
vn 0.000000 -0.100000 0.000000
vn 0.000000 -0.100000 0.000000
vn 0.000000 -0.100000 0.000000
vn 0.000000 -0.100000 0.000000
vn 0.000000 -0.100000 0.000000
vn 0.000000 -0.100000 0.000000
vn 0.000000 -0.100000 0.000000
vn 0.000000 -0.100000 0.000000
vn 0.000000 -0.100000 0.000000
vn 0.000000 -0.100000 0.000000
vn 0.000000 -0.100000 0.000000
vn 0.000000 -0.100000 0.000000
vn 0.000000 -0.100000 0.000000
vn 0.000000 -0.100000 0.000000
vn 0.000000 -0.100000 0.000000
vn 0.000000 -0.100000 0.000000
vn 0.000000 -0.100000 0.000000
vn 0.000000 -0.100000 0.000000
vn 0.000000 -0.100000 0.000000
vn 0.000000 -0.100000 0.000000
vn 0.000000 -0.100000 0.000000
vn 0.000000 -0.100000 0.000000
vn 0.000000 -0.100000 0.000000
vn 0.000000 -0.100000 0.000000
vn 0.000000 -0.100000 0.000000
vn 0.000000 -0.100000 0.000000
vn 0.000000 -0.100000 0.000000
vn 0.000000 -0.100000 0.000000
vn 0.000000 -0.100000 0.000000
vn 0.000000 -0.100000 0.000000
vn 0.000000 -0.100000 0.000000
vn 0.000000 -0.100000 0.000000
vn 0.000000 -0.100000 0.000000
vn 0.000000 -0.100000 0.000000
vn 0.000000 -0.100000 0.000000
vn 0.000000 -0.100000 0.000000
vn 0.000000 -0.100000 0.000000
vn 0.000000 -0.100000 0.000000
vn 0.000000 -0.100000 0.000000
vn 0.000000 -0.100000 0.000000
vn 0.000000 -0.100000 0.000000
vn 0.000000 -0.100000 0.000000
vn 0.000000 -0.100000 0.000000
vn 0.000000 -0.100000 0.000000
vn 0.000000 -0.100000 0.000000
vn 0.000000 -0.100000 0.000000
vn 0.000000 -0.100000 0.000000
vn 0.000000 -0.100000 0.000000
vn 0.000000 -0.100000 0.000000
vn 0.000000 -0.100000 0.000000
vn 0.000000 -0.100000 0.000000
vn 0.000000 -0.100000 0.000000
vn 0.000000 -0.100000 0.000000
vn 0.000000 -0.100000 0.000000
vn 0.000000 -0.100000 0.000000
vn 0.000000 -0.100000 0.000000
vn 0.000000 -0.100000 0.000000
vn 0.000000 -0.100000 0.000000
vn 0.000000 -0.100000 0.000000
vn 0.000000 -0.100000 0.000000
vn 0.000000 -0.100000 0.000000
vn 0.000000 -0.100000 0.000000
vn 0.000000 -0.100000 0.000000
vn 0.000000 -0.100000 0.000000
vn 0.000000 -0.100000 0.000000
vn 0.000000 -0.100000 0.000000
vn 0.000000 -0.100000 0.000000
vn 0.000000 -0.100000 0.000000
vn 0.000000 -0.100000 0.000000
vn 0.000000 -0.100000 0.000000
vn 0.000000 -0.100000 0.000000
vn 0.000000 -0.100000 0.000000
vn 0.000000 -0.100000 0.000000
vn 0.000000 -0.100000 0.000000
vn 0.000000 -0.100000 0.000000
vn 0.000000 -0.100000 0.000000
vn 0.000000 -0.100000 0.000000
vn 0.000000 -0.100000 0.000000
vn 0.000000 -0.100000 0.000000
vn 0.000000 -0.100000 0.000000
vn 0.000000 -0.100000 0.000000
vn 0.000000 -0.100000 0.000000
vn 0.000000 -0.100000 0.000000
vn 0.000000 -0.100000 0.000000
vn 0.000000 -0.100000 0.000000
vn 0.000000 -0.100000 0.000000
vn 0.000000 -0.100000 0.000000
vn 0.000000 -0.100000 0.000000
vn 0.000000 -0.100000 0.000000
vn 0.000000 -0.100000 0.000000
vn 0.000000 -0.100000 0.000000
vn 0.000000 -0.100000 0.000000
vn 0.000000 -0.100000 0.000000
vn 0.000000 -0.100000 0.000000
vn 0.000000 -0.100000 0.000000
vn 0.000000 -0.100000 0.000000
vn 0.000000 -0.100000 0.000000
vn 0.000000 -0.100000 0.000000
vn 0.000000 -0.100000 0.000000
vn 0.000000 -0.100000 0.000000
vn 0.000000 -0.100000 0.000000
vn 0.000000 -0.100000 0.000000
vn 0.000000 -0.100000 0.000000
vn 0.000000 -0.100000 0.000000
vn 0.000000 -0.100000 0.000000
vn 0.000000 -0.100000 0.000000
vn 0.000000 -0.100000 0.000000
vn 0.000000 -0.100000 0.000000
vn 0.000000 -0.100000 0.000000
vn 0.000000 -0.100000 0.000000
vn 0.000000 -0.100000 0.000000
vn 0.000000 -0.100000 0.000000
vn 0.000000 -0.100000 0.000000
vn 0.000000 -0.100000 0.000000
vn 0.000000 -0.100000 0.000000
vn 0.000000 -0.100000 0.000000
vn 0.000000 -0.100000 0.000000
vn 0.000000 -0.100000 0.000000
vn 0.000000 -0.100000 0.000000
vn 0.000000 -0.100000 0.000000
vn 0.000000 -0.100000 0.000000
vn 0.000000 -0.100000 0.000000
vn 0.000000 -0.100000 0.000000
vn 0.000000 -0.100000 0.000000
vn 0.000000 -0.100000 0.000000
vn 0.000000 -0.100000 0.000000
vn 0.000000 -0.100000 0.000000
vn 0.000000 -0.100000 0.000000
vn 0.000000 -0.100000 0.000000
vn 0.000000 -0.100000 0.000000
vn 0.000000 -0.100000 0.000000
vn 0.000000 -0.100000 0.000000
vn 0.000000 -0.100000 0.000000
vn 0.000000 -0.100000 0.000000
vn 0.000000 -0.100000 0.000000
vn 0.000000 -0.100000 0.000000
vn 0.000000 -0.100000 0.000000
vn 0.000000 -0.100000 0.000000
vn 0.000000 -0.100000 0.000000
vn 0.000000 -0.100000 0.000000
vn 0.000000 -0.100000 0.000000
vn 0.000000 -0.100000 0.000000
vn 0.000000 -0.100000 0.000000
vn 0.000000 -0.100000 0.000000
vn 0.000000 -0.100000 0.000000
vn 0.000000 -0.100000 0.000000
vn 0.000000 -0.100000 0.000000
vn 0.000000 -0.100000 0.000000
vn 0.000000 -0.100000 0.000000
vn 0.000000 -0.100000 0.000000
vn 0.000000 -0.100000 0.000000
vn 0.000000 -0.100000 0.000000
vn 0.000000 -0.100000 0.000000
vn 0.000000 -0.100000 0.000000
vn 0.000000 -0.100000 0.000000
vn 0.000000 -0.100000 0.000000
vn 0.000000 -0.100000 0.000000
vn 0.000000 -0.100000 0.000000
vn 0.000000 -0.100000 0.000000
vn 0.000000 -0.100000 0.000000
vn 0.000000 -0.100000 0.000000
vn 0.000000 -0.100000 0.000000
vn 0.000000 -0.100000 0.000000
vn 0.000000 -0.100000 0.000000
vn 0.000000 -0.100000 0.000000
vn 0.000000 -0.100000 0.000000
vn 0.000000 -0.100000 0.000000
vn 0.000000 -0.100000 0.000000
vn 0.000000 -0.100000 0.000000
vn 0.000000 -0.100000 0.000000
vn 0.000000 -0.100000 0.000000
vn 0.000000 -0.100000 0.000000
vn 0.000000 -0.100000 0.000000
vn 0.000000 -0.100000 0.000000
vn 0.000000 -0.100000 0.000000
vn 0.000000 -0.100000 0.000000
vn 0.000000 -0.100000 0.000000
vn 0.000000 -0.100000 0.000000
vn 0.000000 -0.100000 0.000000
vn 0.000000 -0.100000 0.000000
vn 0.000000 -0.100000 0.000000
vn 0.000000 -0.100000 0.000000
vn 0.000000 -0.100000 0.000000
vn 0.000000 -0.100000 0.000000
vn 0.000000 -0.100000 0.000000
vn 0.000000 -0.100000 0.000000
vn 0.000000 -0.100000 0.000000
vn 0.000000 -0.100000 0.000000
vn 0.000000 -0.100000 0.000000
vn 0.000000 -0.100000 0.000000
vn 0.000000 -0.100000 0.000000
vn 0.000000 -0.100000 0.000000
vn 0.000000 -0.100000 0.000000
vn 0.000000 -0.100000 0.000000
vn 0.000000 -0.100000 0.000000
vn 0.000000 -0.100000 0.000000
vn 0.000000 -0.100000 0.000000
vn 0.000000 -0.100000 0.000000
vn 0.000000 -0.100000 0.000000
vn 0.000000 -0.100000 0.000000
vn 0.000000 -0.100000 0.000000
vn 0.000000 -0.100000 0.000000
vn 0.000000 -0.100000 0.000000
vn 0.000000 -0.100000 0.000000
vn 0.000000 -0.100000 0.000000
vn 0.000000 -0.100000 0.000000
vn 0.000000 -0.100000 0.000000
vn 0.000000 -0.100000 0.000000
vn 0.000000 -0.100000 0.000000
vn 0.000000 -0.100000 0.000000
vn 0.000000 -0.100000 0.000000
vn 0.000000 -0.100000 0.000000
vn 0.000000 -0.100000 0.000000
vn 0.000000 -0.100000 0.000000
vn 0.000000 -0.100000 0.000000
vn 0.000000 -0.100000 0.000000
vn 0.000000 -0.100000 0.000000
vn 0.000000 -0.100000 0.000000
vn 0.000000 -0.100000 0.000000
vn 0.000000 -0.100000 0.000000
vn 0.000000 -0.100000 0.000000
vn 0.000000 -0.100000 0.000000
vn 0.000000 -0.100000 0.000000
vn 0.000000 -0.100000 0.000000
vn 0.000000 -0.100000 0.000000
vn 0.000000 -0.100000 0.000000
vn 0.000000 -0.100000 0.000000
vn 0.000000 -0.100000 0.000000
vn 0.000000 -0.100000 0.000000
vn 0.000000 -0.100000 0.000000
vn 0.000000 -0.100000 0.000000
vn 0.000000 -0.100000 0.000000
vn 0.000000 -0.100000 0.000000
vn 0.000000 -0.100000 0.000000
vn 0.000000 -0.100000 0.000000
vn 0.000000 -0.100000 0.000000
vn 0.000000 -0.100000 0.000000
vn 0.000000 -0.100000 0.000000
vn 0.000000 -0.100000 0.000000
vn 0.000000 -0.100000 0.000000
vn 0.000000 -0.100000 0.000000
vn 0.000000 -0.100000 0.000000
vn 0.000000 -0.100000 0.000000
vn 0.000000 -0.100000 0.000000
vn 0.000000 -0.100000 0.000000
vn 0.000000 -0.100000 0.000000
vn 0.000000 -0.100000 0.000000
vn 0.000000 -0.100000 0.000000
vn 0.000000 -0.100000 0.000000
vn 0.000000 -0.100000 0.000000
vn 0.000000 -0.100000 0.000000
vn 0.000000 -0.100000 0.000000
vn 0.000000 -0.100000 0.000000
vn 0.000000 -0.100000 0.000000
vn 0.000000 -0.100000 0.000000
vn 0.000000 -0.100000 0.000000
vn 0.000000 -0.100000 0.000000
vn 0.000000 -0.100000 0.000000
vn 0.000000 -0.100000 0.000000
vn 0.000000 -0.100000 0.000000
vn 0.000000 -0.100000 0.000000
vn 0.000000 -0.100000 0.000000
vn 0.000000 -0.100000 0.000000
vn 0.000000 -0.100000 0.000000
vn 0.000000 -0.100000 0.000000
vn 0.000000 -0.100000 0.000000
vn 0.000000 -0.100000 0.000000
vn 0.000000 -0.100000 0.000000
vn 0.000000 -0.100000 0.000000
vn 0.000000 -0.100000 0.000000
vn 0.000000 -0.100000 0.000000
vn 0.000000 -0.100000 0.000000
vn 0.000000 -0.100000 0.000000
vn 0.000000 -0.100000 0.000000
vn 0.000000 -0.100000 0.000000
vn 0.000000 -0.100000 0.000000
vn 0.000000 -0.100000 0.000000
vn 0.000000 -0.100000 0.000000
vn 0.000000 -0.100000 0.000000
vn 0.000000 -0.100000 0.000000
vn 0.000000 -0.100000 0.000000
vn 0.000000 -0.100000 0.000000
vn 0.000000 -0.100000 0.000000
vn 0.000000 -0.100000 0.000000
vn 0.000000 -0.100000 0.000000
vn 0.000000 -0.100000 0.000000
vn 0.000000 -0.100000 0.000000
vn 0.000000 -0.100000 0.000000
vn 0.000000 -0.100000 0.000000
vn 0.000000 -0.100000 0.000000
vn 0.000000 -0.100000 0.000000
vn 0.000000 -0.100000 0.000000
vn 0.000000 -0.100000 0.000000
vn 0.000000 -0.100000 0.000000
vn 0.000000 -0.100000 0.000000
vn 0.000000 -0.100000 0.000000
vn 0.000000 -0.100000 0.000000
vn 0.000000 -0.100000 0.000000
vn 0.000000 -0.100000 0.000000
vn 0.000000 -0.100000 0.000000
vn 0.000000 -0.100000 0.000000
vn 0.000000 -0.100000 0.000000
vn 0.000000 -0.100000 0.000000
vn 0.000000 -0.100000 0.000000
vn 0.000000 -0.100000 0.000000
vn 0.000000 -0.100000 0.000000
vn 0.000000 -0.100000 0.000000
vn 0.000000 -0.100000 0.000000
vn 0.000000 -0.100000 0.000000
vn 0.000000 -0.100000 0.000000
vn 0.000000 -0.100000 0.000000
vn 0.000000 -0.100000 0.000000
vn 0.000000 -0.100000 0.000000
vn 0.000000 -0.100000 0.000000
vn 0.000000 -0.100000 0.000000
vn 0.000000 -0.100000 0.000000
vn 0.000000 -0.100000 0.000000
vn 0.000000 -0.100000 0.000000
vn 0.000000 -0.100000 0.000000
vn 0.000000 -0.100000 0.000000
vn 0.000000 -0.100000 0.000000
vn 0.000000 -0.100000 0.000000
vn 0.000000 -0.100000 0.000000
vn 0.000000 -0.100000 0.000000
vn 0.000000 -0.100000 0.000000
vn 0.000000 -0.100000 0.000000
vn 0.000000 -0.100000 0.000000
vn 0.000000 -0.100000 0.000000
vn 0.000000 -0.100000 0.000000
vn 0.000000 -0.100000 0.000000
vn 0.000000 -0.100000 0.000000
vn 0.000000 -0.100000 0.000000
vn 0.000000 -0.100000 0.000000
vn 0.000000 -0.100000 0.000000
vn 0.000000 -0.100000 0.000000
vn 0.000000 -0.100000 0.000000
vn 0.000000 -0.100000 0.000000
vn 0.000000 -0.100000 0.000000
vn 0.000000 -0.100000 0.000000
vn 0.000000 -0.100000 0.000000
vn 0.000000 -0.100000 0.000000
vn 0.000000 -0.100000 0.000000
vn 0.000000 -0.100000 0.000000
vn 0.000000 -0.100000 0.000000
vn 0.000000 -0.100000 0.000000
vn 0.000000 -0.100000 0.000000
vn 0.000000 -0.100000 0.000000
vn 0.000000 -0.100000 0.000000
vn 0.000000 -0.100000 0.000000
vn 0.000000 -0.100000 0.000000
vn 0.000000 -0.100000 0.000000
vn 0.000000 -0.100000 0.000000
vn 0.000000 -0.100000 0.000000
vn 0.000000 -0.100000 0.000000
vn 0.000000 -0.100000 0.000000
vn 0.000000 -0.100000 0.000000
vn 0.000000 -0.100000 0.000000
vn 0.000000 -0.100000 0.000000
vn 0.000000 -0.100000 0.000000
vn 0.000000 -0.100000 0.000000
vn 0.000000 -0.100000 0.000000
vn 0.000000 -0.100000 0.000000
vn 0.000000 -0.100000 0.000000
vn 0.000000 -0.100000 0.000000
vn 0.000000 -0.100000 0.000000
vn 0.000000 -0.100000 0.000000
vn 0.000000 -0.100000 0.000000
vn 0.000000 -0.100000 0.000000
vn 0.000000 -0.100000 0.000000
vn 0.000000 -0.100000 0.000000
vn 0.000000 -0.100000 0.000000
vn 0.000000 -0.100000 0.000000
vn 0.000000 -0.100000 0.000000
vn 0.000000 -0.100000 0.000000
vn 0.000000 -0.100000 0.000000
vn 0.000000 -0.100000 0.000000
vn 0.000000 -0.100000 0.000000
vn 0.000000 -0.100000 0.000000
vn 0.000000 -0.100000 0.000000
vn 0.000000 -0.100000 0.000000
vn 0.000000 -0.100000 0.000000
vn 0.000000 -0.100000 0.000000
vn 0.000000 -0.100000 0.000000
vn 0.100000 0.000000 0.000000
vn 0.086603 0.000000 0.050000
vn 0.050000 0.000000 0.086603
vn 0.000000 0.000000 0.100000
vn 0.000000 0.000000 0.100000
vn 0.050000 0.000000 0.086603
vn 0.086603 0.000000 0.050000
vn 0.100000 0.000000 0.000000
vn 0.000000 0.000000 0.100000
vn 0.000000 0.000000 0.100000
vn 0.000000 0.000000 0.100000
vn 0.000000 0.000000 0.100000
vn 0.100000 0.000000 0.000000
vn 0.086603 0.000000 0.050000
vn 0.050000 0.000000 0.086603
vn 0.000000 0.000000 0.100000
vn 0.000000 0.000000 0.100000
vn 0.050000 0.000000 0.086603
vn 0.086603 0.000000 0.050000
vn 0.100000 0.000000 0.000000
vn 0.100000 0.000000 0.000000
vn 0.086603 0.000000 0.050000
vn 0.050000 0.000000 0.086603
vn 0.000000 0.000000 0.100000
vn 0.000000 0.000000 0.100000
vn 0.050000 0.000000 0.086603
vn 0.086603 0.000000 0.050000
vn 0.100000 0.000000 0.000000
vn 0.100000 0.000000 0.000000
vn 0.100000 0.000000 0.000000
vn 0.100000 0.000000 0.000000
vn 0.100000 0.000000 0.000000
vn 0.100000 0.000000 0.000000
vn 0.086603 0.000000 0.050000
vn 0.050000 0.000000 0.086603
vn 0.000000 0.000000 0.100000
vn 0.000000 0.000000 0.100000
vn 0.050000 0.000000 0.086603
vn 0.086603 0.000000 0.050000
vn 0.100000 0.000000 0.000000
vn 0.000000 0.000000 0.100000
vn 0.000000 0.000000 0.100000
vn 0.000000 0.000000 0.100000
vn 0.000000 0.000000 0.100000
vn 0.000000 0.000000 0.100000
vn -0.050000 0.000000 0.086603
vn -0.086603 0.000000 0.050000
vn -0.100000 0.000000 0.000000
vn -0.100000 0.000000 0.000000
vn -0.086603 0.000000 0.050000
vn -0.050000 0.000000 0.086603
vn 0.000000 0.000000 0.100000
vn -0.100000 0.000000 0.000000
vn -0.100000 0.000000 0.000000
vn -0.100000 0.000000 0.000000
vn -0.100000 0.000000 0.000000
vn 0.000000 0.000000 0.100000
vn -0.050000 0.000000 0.086603
vn -0.086603 0.000000 0.050000
vn -0.100000 0.000000 0.000000
vn -0.100000 0.000000 0.000000
vn -0.086603 0.000000 0.050000
vn -0.050000 0.000000 0.086603
vn 0.000000 0.000000 0.100000
vn 0.000000 0.000000 0.100000
vn 0.000000 0.000000 0.100000
vn 0.000000 0.000000 0.100000
vn 0.000000 0.000000 0.100000
vn -0.100000 0.000000 0.000000
vn -0.095106 0.000000 -0.030902
vn -0.080902 0.000000 -0.058779
vn -0.058779 0.000000 -0.080902
vn -0.030902 0.000000 -0.095106
vn 0.000000 0.000000 -0.100000
vn 0.000000 0.000000 -0.100000
vn -0.030902 0.000000 -0.095106
vn -0.058779 0.000000 -0.080902
vn -0.080902 0.000000 -0.058779
vn -0.095106 0.000000 -0.030902
vn -0.100000 0.000000 0.000000
vn 0.000000 0.000000 -0.100000
vn 0.000000 0.000000 -0.100000
vn 0.000000 0.000000 -0.100000
vn 0.000000 0.000000 -0.100000
vn 0.000000 0.000000 -0.100000
vn 0.030902 0.000000 -0.095106
vn 0.058779 0.000000 -0.080902
vn 0.080902 0.000000 -0.058779
vn 0.095106 0.000000 -0.030902
vn 0.100000 0.000000 0.000000
vn 0.100000 0.000000 0.000000
vn 0.095106 0.000000 -0.030902
vn 0.080902 0.000000 -0.058779
vn 0.058779 0.000000 -0.080902
vn 0.030902 0.000000 -0.095106
vn 0.000000 0.000000 -0.100000
vn 0.000000 0.000000 0.100000
vn -0.030902 0.000000 0.095106
vn -0.058779 0.000000 0.080902
vn -0.080902 0.000000 0.058779
vn -0.095106 0.000000 0.030902
vn -0.100000 0.000000 0.000000
vn -0.100000 0.000000 0.000000
vn -0.095106 0.000000 0.030902
vn -0.080902 0.000000 0.058779
vn -0.058779 0.000000 0.080902
vn -0.030902 0.000000 0.095106
vn 0.000000 0.000000 0.100000
vn 0.000000 0.000000 0.100000
vn 0.000000 0.000000 0.100000
vn 0.000000 0.000000 0.100000
vn 0.000000 0.000000 0.100000
vn 0.100000 0.000000 0.000000
vn 0.095106 0.000000 0.030902
vn 0.080902 0.000000 0.058779
vn 0.058779 0.000000 0.080902
vn 0.030902 0.000000 0.095106
vn 0.000000 0.000000 0.100000
vn 0.000000 0.000000 0.100000
vn 0.030902 0.000000 0.095106
vn 0.058779 0.000000 0.080902
vn 0.080902 0.000000 0.058779
vn 0.095106 0.000000 0.030902
vn 0.100000 0.000000 0.000000
vn 0.100000 0.000000 0.000000
vn 0.086603 0.000000 -0.050000
vn 0.050000 0.000000 -0.086603
vn 0.000000 0.000000 -0.100000
vn -0.050000 0.000000 -0.086603
vn -0.086603 0.000000 -0.050000
vn -0.100000 0.000000 0.000000
vn -0.086603 0.000000 0.050000
vn -0.050000 0.000000 0.086603
vn 0.000000 0.000000 0.100000
vn 0.050000 0.000000 0.086603
vn 0.086603 0.000000 0.050000
vn 0.100000 0.000000 0.000000
vn 0.086603 0.000000 0.050000
vn 0.050000 0.000000 0.086603
vn 0.000000 0.000000 0.100000
vn -0.050000 0.000000 0.086603
vn -0.086603 0.000000 0.050000
vn -0.100000 0.000000 0.000000
vn -0.086603 0.000000 -0.050000
vn -0.050000 0.000000 -0.086603
vn 0.000000 0.000000 -0.100000
vn 0.050000 0.000000 -0.086603
vn 0.086603 0.000000 -0.050000
vn 0.100000 0.000000 0.000000
vn 0.100000 0.000000 0.000000
vn 0.100000 0.000000 0.000000
vn 0.091355 0.000000 -0.040674
vn 0.066913 0.000000 -0.074314
vn 0.030902 0.000000 -0.095106
vn -0.010453 0.000000 -0.099452
vn -0.050000 0.000000 -0.086603
vn -0.080902 0.000000 -0.058779
vn -0.097815 0.000000 -0.020791
vn -0.097815 0.000000 0.020791
vn -0.080902 0.000000 0.058779
vn -0.050000 0.000000 0.086603
vn -0.010453 0.000000 0.099452
vn 0.030902 0.000000 0.095106
vn 0.066913 0.000000 0.074314
vn 0.091355 0.000000 0.040674
vn 0.100000 0.000000 0.000000
vn 0.091355 0.000000 0.040674
vn 0.066913 0.000000 0.074314
vn 0.030902 0.000000 0.095106
vn -0.010453 0.000000 0.099452
vn -0.050000 0.000000 0.086603
vn -0.080902 0.000000 0.058779
vn -0.097815 0.000000 0.020791
vn -0.097815 0.000000 -0.020791
vn -0.080902 0.000000 -0.058779
vn -0.050000 0.000000 -0.086603
vn -0.010453 0.000000 -0.099452
vn 0.030902 0.000000 -0.095106
vn 0.066913 0.000000 -0.074314
vn 0.091355 0.000000 -0.040674
vn 0.100000 0.000000 0.000000
vn 0.100000 0.000000 0.000000
vn 0.100000 0.000000 0.000000
vn 0.090097 0.000000 -0.043388
vn 0.062349 0.000000 -0.078183
vn 0.022252 0.000000 -0.097493
vn -0.022252 0.000000 -0.097493
vn -0.062349 0.000000 -0.078183
vn -0.090097 0.000000 -0.043388
vn -0.100000 0.000000 0.000000
vn -0.090097 0.000000 0.043388
vn -0.062349 0.000000 0.078183
vn -0.022252 0.000000 0.097493
vn 0.022252 0.000000 0.097493
vn 0.062349 0.000000 0.078183
vn 0.090097 0.000000 0.043388
vn 0.100000 0.000000 0.000000
vn 0.090097 0.000000 0.043388
vn 0.062349 0.000000 0.078183
vn 0.022252 0.000000 0.097493
vn -0.022252 0.000000 0.097493
vn -0.062349 0.000000 0.078183
vn -0.090097 0.000000 0.043388
vn -0.100000 0.000000 0.000000
vn -0.090097 0.000000 -0.043388
vn -0.062349 0.000000 -0.078183
vn -0.022252 0.000000 -0.097493
vn 0.022252 0.000000 -0.097493
vn 0.062349 0.000000 -0.078183
vn 0.090097 0.000000 -0.043388
vn 0.100000 0.000000 0.000000
vn 0.100000 0.000000 0.000000
vn 0.100000 0.000000 0.000000
vn 0.090097 0.000000 -0.043388
vn 0.062349 0.000000 -0.078183
vn 0.022252 0.000000 -0.097493
vn -0.022252 0.000000 -0.097493
vn -0.062349 0.000000 -0.078183
vn -0.090097 0.000000 -0.043388
vn -0.100000 0.000000 0.000000
vn -0.090097 0.000000 0.043388
vn -0.062349 0.000000 0.078183
vn -0.022252 0.000000 0.097493
vn 0.022252 0.000000 0.097493
vn 0.062349 0.000000 0.078183
vn 0.090097 0.000000 0.043388
vn 0.100000 0.000000 0.000000
vn 0.090097 0.000000 0.043388
vn 0.062349 0.000000 0.078183
vn 0.022252 0.000000 0.097493
vn -0.022252 0.000000 0.097493
vn -0.062349 0.000000 0.078183
vn -0.090097 0.000000 0.043388
vn -0.100000 0.000000 0.000000
vn -0.090097 0.000000 -0.043388
vn -0.062349 0.000000 -0.078183
vn -0.022252 0.000000 -0.097493
vn 0.022252 0.000000 -0.097493
vn 0.062349 0.000000 -0.078183
vn 0.090097 0.000000 -0.043388
vn 0.100000 0.000000 0.000000
vn 0.100000 0.000000 0.000000
vn 0.100000 0.000000 0.000000
vn 0.091355 0.000000 -0.040674
vn 0.066913 0.000000 -0.074314
vn 0.030902 0.000000 -0.095106
vn -0.010453 0.000000 -0.099452
vn -0.050000 0.000000 -0.086603
vn -0.080902 0.000000 -0.058779
vn -0.097815 0.000000 -0.020791
vn -0.097815 0.000000 0.020791
vn -0.080902 0.000000 0.058779
vn -0.050000 0.000000 0.086603
vn -0.010453 0.000000 0.099452
vn 0.030902 0.000000 0.095106
vn 0.066913 0.000000 0.074314
vn 0.091355 0.000000 0.040674
vn 0.100000 0.000000 0.000000
vn 0.091355 0.000000 0.040674
vn 0.066913 0.000000 0.074314
vn 0.030902 0.000000 0.095106
vn -0.010453 0.000000 0.099452
vn -0.050000 0.000000 0.086603
vn -0.080902 0.000000 0.058779
vn -0.097815 0.000000 0.020791
vn -0.097815 0.000000 -0.020791
vn -0.080902 0.000000 -0.058779
vn -0.050000 0.000000 -0.086603
vn -0.010453 0.000000 -0.099452
vn 0.030902 0.000000 -0.095106
vn 0.066913 0.000000 -0.074314
vn 0.091355 0.000000 -0.040674
vn 0.100000 0.000000 0.000000
vn 0.100000 0.000000 0.000000
vn 0.100000 0.000000 0.000000
vn 0.086603 0.000000 -0.050000
vn 0.050000 0.000000 -0.086603
vn 0.000000 0.000000 -0.100000
vn -0.050000 0.000000 -0.086603
vn -0.086603 0.000000 -0.050000
vn -0.100000 0.000000 0.000000
vn -0.086603 0.000000 0.050000
vn -0.050000 0.000000 0.086603
vn 0.000000 0.000000 0.100000
vn 0.050000 0.000000 0.086603
vn 0.086603 0.000000 0.050000
vn 0.100000 0.000000 0.000000
vn 0.086603 0.000000 0.050000
vn 0.050000 0.000000 0.086603
vn 0.000000 0.000000 0.100000
vn -0.050000 0.000000 0.086603
vn -0.086603 0.000000 0.050000
vn -0.100000 0.000000 0.000000
vn -0.086603 0.000000 -0.050000
vn -0.050000 0.000000 -0.086603
vn 0.000000 0.000000 -0.100000
vn 0.050000 0.000000 -0.086603
vn 0.086603 0.000000 -0.050000
vn 0.100000 0.000000 0.000000
vn 0.100000 0.000000 0.000000
vn 0.100000 0.000000 0.000000
vn 0.086603 0.000000 -0.050000
vn 0.050000 0.000000 -0.086603
vn 0.000000 0.000000 -0.100000
vn -0.050000 0.000000 -0.086603
vn -0.086603 0.000000 -0.050000
vn -0.100000 0.000000 0.000000
vn -0.086603 0.000000 0.050000
vn -0.050000 0.000000 0.086603
vn 0.000000 0.000000 0.100000
vn 0.050000 0.000000 0.086603
vn 0.086603 0.000000 0.050000
vn 0.100000 0.000000 0.000000
vn 0.086603 0.000000 0.050000
vn 0.050000 0.000000 0.086603
vn 0.000000 0.000000 0.100000
vn -0.050000 0.000000 0.086603
vn -0.086603 0.000000 0.050000
vn -0.100000 0.000000 0.000000
vn -0.086603 0.000000 -0.050000
vn -0.050000 0.000000 -0.086603
vn 0.000000 0.000000 -0.100000
vn 0.050000 0.000000 -0.086603
vn 0.086603 0.000000 -0.050000
vn 0.100000 0.000000 0.000000
vn 0.100000 0.000000 0.000000
vn 0.100000 0.000000 0.000000
vn 0.086603 0.000000 -0.050000
vn 0.050000 0.000000 -0.086603
vn 0.000000 0.000000 -0.100000
vn -0.050000 0.000000 -0.086603
vn -0.086603 0.000000 -0.050000
vn -0.100000 0.000000 0.000000
vn -0.086603 0.000000 0.050000
vn -0.050000 0.000000 0.086603
vn 0.000000 0.000000 0.100000
vn 0.050000 0.000000 0.086603
vn 0.086603 0.000000 0.050000
vn 0.100000 0.000000 0.000000
vn 0.086603 0.000000 0.050000
vn 0.050000 0.000000 0.086603
vn 0.000000 0.000000 0.100000
vn -0.050000 0.000000 0.086603
vn -0.086603 0.000000 0.050000
vn -0.100000 0.000000 0.000000
vn -0.086603 0.000000 -0.050000
vn -0.050000 0.000000 -0.086603
vn 0.000000 0.000000 -0.100000
vn 0.050000 0.000000 -0.086603
vn 0.086603 0.000000 -0.050000
vn 0.100000 0.000000 0.000000
vn 0.100000 0.000000 0.000000
vn -0.100000 0.000000 0.000000
vn -0.100000 0.000000 0.000000
vn -0.100000 0.000000 0.000000
vn -0.100000 0.000000 0.000000
vn 0.100000 0.000000 0.000000
vn 0.100000 0.000000 0.000000
vn 0.100000 0.000000 0.000000
vn 0.100000 0.000000 0.000000
vn 0.100000 0.000000 0.000000
vn 0.100000 0.000000 0.000000
vn 0.100000 0.000000 0.000000
vn 0.100000 0.000000 0.000000
vn 0.000000 0.100000 0.000000
vn 0.000000 0.100000 0.000000
vn 0.000000 0.100000 0.000000
vn 0.000000 0.100000 0.000000
vn 0.000000 0.100000 0.000000
vn 0.000000 0.100000 0.000000
vn 0.000000 0.100000 0.000000
vn 0.000000 0.100000 0.000000
vn 0.000000 0.100000 0.000000
vn 0.000000 0.100000 0.000000
vn 0.000000 0.100000 0.000000
vn 0.000000 0.100000 0.000000
vn 0.000000 0.100000 0.000000
vn 0.000000 0.100000 0.000000
vn 0.000000 0.100000 0.000000
vn 0.000000 0.100000 0.000000
vn 0.000000 0.100000 0.000000
vn 0.000000 0.100000 0.000000
vn 0.000000 0.100000 0.000000
vn 0.000000 0.100000 0.000000
vn 0.000000 0.100000 0.000000
vn 0.000000 0.100000 0.000000
vn 0.000000 0.100000 0.000000
vn 0.000000 0.100000 0.000000
vn 0.000000 0.100000 0.000000
vn 0.000000 0.100000 0.000000
vn 0.000000 0.100000 0.000000
vn 0.000000 0.100000 0.000000
vn 0.000000 0.100000 0.000000
vn 0.000000 0.100000 0.000000
vn 0.000000 0.100000 0.000000
vn 0.000000 0.100000 0.000000
vn 0.000000 0.100000 0.000000
vn 0.000000 0.100000 0.000000
vn 0.000000 0.100000 0.000000
vn 0.000000 0.100000 0.000000
vn 0.000000 0.100000 0.000000
vn 0.000000 0.100000 0.000000
vn 0.000000 0.100000 0.000000
vn 0.000000 0.100000 0.000000
vn 0.000000 0.100000 0.000000
vn 0.000000 0.100000 0.000000
vn 0.000000 0.100000 0.000000
vn 0.000000 0.100000 0.000000
vn 0.000000 0.100000 0.000000
vn 0.000000 0.100000 0.000000
vn 0.000000 0.100000 0.000000
vn 0.000000 0.100000 0.000000
vn 0.000000 0.100000 0.000000
vn 0.000000 0.100000 0.000000
vn 0.000000 0.100000 0.000000
vn 0.000000 0.100000 0.000000
vn 0.000000 0.100000 0.000000
vn 0.000000 0.100000 0.000000
vn 0.000000 0.100000 0.000000
vn 0.000000 0.100000 0.000000
vn 0.000000 0.100000 0.000000
vn 0.000000 0.100000 0.000000
vn 0.000000 0.100000 0.000000
vn 0.000000 0.100000 0.000000
vn 0.000000 0.100000 0.000000
vn 0.000000 0.100000 0.000000
vn 0.000000 0.100000 0.000000
vn 0.000000 0.100000 0.000000
vn 0.000000 0.100000 0.000000
vn 0.000000 0.100000 0.000000
vn 0.000000 0.100000 0.000000
vn 0.000000 0.100000 0.000000
vn 0.000000 0.100000 0.000000
vn 0.000000 0.100000 0.000000
vn 0.000000 0.100000 0.000000
vn 0.000000 0.100000 0.000000
vn 0.000000 0.100000 0.000000
vn 0.000000 0.100000 0.000000
vn 0.000000 0.100000 0.000000
vn 0.000000 0.100000 0.000000
vn 0.000000 0.100000 0.000000
vn 0.000000 0.100000 0.000000
vn 0.000000 0.100000 0.000000
vn 0.000000 0.100000 0.000000
vn 0.000000 0.100000 0.000000
vn 0.000000 0.100000 0.000000
vn 0.000000 0.100000 0.000000
vn 0.000000 0.100000 0.000000
vn 0.000000 0.100000 0.000000
vn 0.000000 0.100000 0.000000
vn 0.000000 0.100000 0.000000
vn 0.000000 0.100000 0.000000
vn 0.000000 0.100000 0.000000
vn 0.000000 0.100000 0.000000
vn 0.000000 0.100000 0.000000
vn 0.000000 0.100000 0.000000
vn 0.000000 0.100000 0.000000
vn 0.000000 0.100000 0.000000
vn 0.000000 0.100000 0.000000
vn 0.000000 0.100000 0.000000
vn 0.000000 0.100000 0.000000
vn 0.000000 0.100000 0.000000
vn 0.000000 0.100000 0.000000
vn 0.000000 0.100000 0.000000
vn 0.000000 0.100000 0.000000
vn 0.000000 0.100000 0.000000
vn 0.000000 0.100000 0.000000
vn 0.000000 0.100000 0.000000
vn 0.000000 0.100000 0.000000
vn 0.000000 0.100000 0.000000
vn 0.000000 0.100000 0.000000
vn 0.000000 0.100000 0.000000
vn 0.000000 0.100000 0.000000
vn 0.000000 0.100000 0.000000
vn 0.000000 0.100000 0.000000
vn 0.000000 0.100000 0.000000
vn 0.000000 0.100000 0.000000
vn 0.000000 0.100000 0.000000
vn 0.000000 0.100000 0.000000
vn 0.000000 0.100000 0.000000
vn 0.000000 0.100000 0.000000
vn 0.000000 0.100000 0.000000
vn 0.000000 0.100000 0.000000
vn 0.000000 0.100000 0.000000
vn 0.000000 0.100000 0.000000
vn 0.000000 0.100000 0.000000
vn 0.000000 0.100000 0.000000
vn 0.000000 0.100000 0.000000
vn 0.000000 0.100000 0.000000
vn 0.000000 0.100000 0.000000
vn 0.000000 0.100000 0.000000
vn 0.000000 0.100000 0.000000
vn 0.000000 0.100000 0.000000
vn 0.000000 0.100000 0.000000
vn 0.000000 0.100000 0.000000
vn 0.000000 0.100000 0.000000
vn 0.000000 0.100000 0.000000
vn 0.000000 0.100000 0.000000
vn 0.000000 0.100000 0.000000
vn 0.000000 0.100000 0.000000
vn 0.000000 0.100000 0.000000
vn 0.000000 0.100000 0.000000
vn 0.000000 0.100000 0.000000
vn 0.000000 0.100000 0.000000
vn 0.000000 0.100000 0.000000
vn 0.000000 0.100000 0.000000
vn 0.000000 0.100000 0.000000
vn 0.000000 0.100000 0.000000
vn 0.000000 0.100000 0.000000
vn 0.000000 0.100000 0.000000
vn 0.000000 0.100000 0.000000
vn 0.000000 0.100000 0.000000
vn 0.000000 0.100000 0.000000
vn 0.000000 0.100000 0.000000
vn 0.000000 0.100000 0.000000
vn 0.000000 0.100000 0.000000
vn 0.000000 0.100000 0.000000
vn 0.000000 0.100000 0.000000
vn 0.000000 0.100000 0.000000
vn 0.000000 0.100000 0.000000
vn 0.000000 0.100000 0.000000
vn 0.000000 0.100000 0.000000
vn 0.000000 0.100000 0.000000
vn 0.000000 0.100000 0.000000
vn 0.000000 0.100000 0.000000
vn 0.000000 0.100000 0.000000
vn 0.000000 0.100000 0.000000
vn 0.000000 0.100000 0.000000
vn 0.000000 0.100000 0.000000
vn 0.000000 0.100000 0.000000
vn 0.000000 0.100000 0.000000
vn 0.000000 0.100000 0.000000
vn 0.000000 0.100000 0.000000
vn 0.000000 0.100000 0.000000
vn 0.000000 0.100000 0.000000
vn 0.000000 0.100000 0.000000
vn 0.000000 0.100000 0.000000
vn 0.000000 0.100000 0.000000
vn 0.000000 0.100000 0.000000
vn 0.000000 0.100000 0.000000
vn 0.000000 0.100000 0.000000
vn 0.000000 0.100000 0.000000
vn 0.000000 0.100000 0.000000
vn 0.000000 0.100000 0.000000
vn 0.000000 0.100000 0.000000
vn 0.000000 0.100000 0.000000
vn 0.000000 0.100000 0.000000
vn 0.000000 0.100000 0.000000
vn 0.000000 0.100000 0.000000
vn 0.000000 0.100000 0.000000
vn 0.000000 0.100000 0.000000
vn 0.000000 0.100000 0.000000
vn 0.000000 0.100000 0.000000
vn 0.000000 0.100000 0.000000
vn 0.000000 0.100000 0.000000
vn 0.000000 0.100000 0.000000
vn 0.000000 0.100000 0.000000
vn 0.000000 0.100000 0.000000
vn 0.000000 0.100000 0.000000
vn 0.000000 0.100000 0.000000
vn 0.000000 0.100000 0.000000
vn 0.000000 0.100000 0.000000
vn 0.000000 0.100000 0.000000
vn 0.000000 0.100000 0.000000
vn 0.000000 0.100000 0.000000
vn 0.000000 0.100000 0.000000
vn 0.000000 0.100000 0.000000
vn 0.000000 0.100000 0.000000
vn 0.000000 0.100000 0.000000
vn 0.000000 0.100000 0.000000
vn 0.000000 0.100000 0.000000
vn 0.000000 0.100000 0.000000
vn 0.000000 0.100000 0.000000
vn 0.000000 0.100000 0.000000
vn 0.000000 0.100000 0.000000
vn 0.000000 0.100000 0.000000
vn 0.000000 0.100000 0.000000
vn 0.000000 0.100000 0.000000
vn 0.000000 0.100000 0.000000
vn 0.000000 0.100000 0.000000
vn 0.000000 0.100000 0.000000
vn 0.000000 0.100000 0.000000
vn 0.000000 0.100000 0.000000
vn 0.000000 0.100000 0.000000
vn 0.000000 0.100000 0.000000
vn 0.000000 0.100000 0.000000
vn 0.000000 0.100000 0.000000
vn 0.000000 0.100000 0.000000
vn 0.000000 0.100000 0.000000
vn 0.000000 0.100000 0.000000
vn 0.000000 0.100000 0.000000
vn 0.000000 0.100000 0.000000
vn 0.000000 0.100000 0.000000
vn 0.000000 0.100000 0.000000
vn 0.000000 0.100000 0.000000
vn 0.000000 0.100000 0.000000
vn 0.000000 0.100000 0.000000
vn 0.000000 0.100000 0.000000
vn 0.000000 0.100000 0.000000
vn 0.000000 0.100000 0.000000
vn 0.000000 0.100000 0.000000
vn 0.000000 0.100000 0.000000
vn 0.000000 0.100000 0.000000
vn 0.000000 0.100000 0.000000
vn 0.000000 0.100000 0.000000
vn 0.000000 0.100000 0.000000
vn 0.000000 0.100000 0.000000
vn 0.000000 0.100000 0.000000
vn 0.000000 0.100000 0.000000
vn 0.000000 0.100000 0.000000
vn 0.000000 0.100000 0.000000
vn 0.000000 0.100000 0.000000
vn 0.000000 0.100000 0.000000
vn 0.000000 0.100000 0.000000
vn 0.000000 0.100000 0.000000
vn 0.000000 0.100000 0.000000
vn 0.000000 0.100000 0.000000
vn 0.000000 0.100000 0.000000
vn 0.000000 0.100000 0.000000
vn 0.000000 0.100000 0.000000
vn 0.000000 0.100000 0.000000
vn 0.000000 0.100000 0.000000
vn 0.000000 0.100000 0.000000
vn 0.000000 0.100000 0.000000
vn 0.000000 0.100000 0.000000
vn 0.000000 0.100000 0.000000
vn 0.000000 0.100000 0.000000
vn 0.000000 0.100000 0.000000
vn 0.000000 0.100000 0.000000
vn 0.000000 0.100000 0.000000
vn 0.000000 0.100000 0.000000
vn 0.000000 0.100000 0.000000
vn 0.000000 0.100000 0.000000
vn 0.000000 0.100000 0.000000
vn 0.000000 0.100000 0.000000
vn 0.000000 0.100000 0.000000
vn 0.000000 0.100000 0.000000
vn 0.000000 0.100000 0.000000
vn 0.000000 0.100000 0.000000
vn 0.000000 0.100000 0.000000
vn 0.000000 0.100000 0.000000
vn 0.000000 0.100000 0.000000
vn 0.000000 0.100000 0.000000
vn 0.000000 0.100000 0.000000
vn 0.000000 0.100000 0.000000
vn 0.000000 0.100000 0.000000
vn 0.000000 0.100000 0.000000
vn 0.000000 0.100000 0.000000
vn 0.000000 0.100000 0.000000
vn 0.000000 0.100000 0.000000
vn 0.000000 0.100000 0.000000
vn 0.000000 0.100000 0.000000
vn 0.000000 0.100000 0.000000
vn 0.000000 0.100000 0.000000
vn 0.000000 0.100000 0.000000
vn 0.000000 0.100000 0.000000
vn 0.000000 0.100000 0.000000
vn 0.000000 0.100000 0.000000
vn 0.000000 0.100000 0.000000
vn 0.000000 0.100000 0.000000
vn 0.000000 0.100000 0.000000
vn 0.000000 0.100000 0.000000
vn 0.000000 0.100000 0.000000
vn 0.000000 0.100000 0.000000
vn 0.000000 0.100000 0.000000
vn 0.000000 0.100000 0.000000
vn 0.000000 0.100000 0.000000
vn 0.000000 0.100000 0.000000
vn 0.000000 0.100000 0.000000
vn 0.000000 0.100000 0.000000
vn 0.000000 0.100000 0.000000
vn 0.000000 0.100000 0.000000
vn 0.000000 0.100000 0.000000
vn 0.000000 0.100000 0.000000
vn 0.000000 0.100000 0.000000
vn 0.000000 0.100000 0.000000
vn 0.000000 0.100000 0.000000
vn 0.000000 0.100000 0.000000
vn 0.000000 0.100000 0.000000
vn 0.000000 0.100000 0.000000
vn 0.000000 0.100000 0.000000
vn 0.000000 0.100000 0.000000
vn 0.000000 0.100000 0.000000
vn 0.000000 0.100000 0.000000
vn 0.000000 0.100000 0.000000
vn 0.000000 0.100000 0.000000
vn 0.000000 0.100000 0.000000
vn 0.000000 0.100000 0.000000
vn 0.000000 0.100000 0.000000
vn 0.000000 0.100000 0.000000
vn 0.000000 0.100000 0.000000
vn 0.000000 0.100000 0.000000
vn 0.000000 0.100000 0.000000
vn 0.000000 0.100000 0.000000
vn 0.000000 0.100000 0.000000
vn 0.000000 0.100000 0.000000
vn 0.000000 0.100000 0.000000
vn 0.000000 0.100000 0.000000
vn 0.000000 0.100000 0.000000
vn 0.000000 0.100000 0.000000
vn 0.000000 0.100000 0.000000
vn 0.000000 0.100000 0.000000
vn 0.000000 0.100000 0.000000
vn 0.000000 0.100000 0.000000
vn 0.000000 0.100000 0.000000
vn 0.000000 0.100000 0.000000
vn 0.000000 0.100000 0.000000
vn 0.000000 0.100000 0.000000
vn 0.000000 0.100000 0.000000
vn 0.000000 0.100000 0.000000
vn 0.000000 0.100000 0.000000
vn 0.000000 0.100000 0.000000
vn 0.000000 0.100000 0.000000
vn 0.000000 0.100000 0.000000
vn 0.000000 0.100000 0.000000
vn 0.000000 0.100000 0.000000
vn 0.000000 0.100000 0.000000
vn 0.000000 0.100000 0.000000
vn 0.000000 0.100000 0.000000
vn 0.000000 0.100000 0.000000
vn 0.000000 0.100000 0.000000
vn 0.000000 0.100000 0.000000
vn 0.000000 0.100000 0.000000
vn 0.000000 0.100000 0.000000
vn 0.000000 0.100000 0.000000
vn 0.000000 0.100000 0.000000
vn 0.000000 0.100000 0.000000
vn 0.000000 0.100000 0.000000
vn 0.000000 0.100000 0.000000
vn 0.000000 0.100000 0.000000
vn 0.000000 0.100000 0.000000
vn 0.000000 0.100000 0.000000
vn 0.000000 0.100000 0.000000
vn 0.000000 0.100000 0.000000
vn 0.000000 0.100000 0.000000
vn 0.000000 0.100000 0.000000
vn 0.000000 0.100000 0.000000
vn 0.000000 0.100000 0.000000
vn 0.000000 0.100000 0.000000
vn 0.000000 0.100000 0.000000
vn 0.000000 0.100000 0.000000
vn 0.000000 0.100000 0.000000
vn 0.000000 0.100000 0.000000
vn 0.000000 0.100000 0.000000
vn 0.000000 0.100000 0.000000
vn 0.000000 0.100000 0.000000
vn 0.000000 0.100000 0.000000
vn 0.000000 0.100000 0.000000
vn 0.000000 0.100000 0.000000
vn 0.000000 0.100000 0.000000
vn 0.000000 0.100000 0.000000
vn 0.000000 0.100000 0.000000
vn 0.000000 0.100000 0.000000
vn 0.000000 0.100000 0.000000
vn 0.000000 0.100000 0.000000
vn 0.000000 0.100000 0.000000
vn 0.000000 0.100000 0.000000
vn 0.000000 0.100000 0.000000
vn 0.000000 0.100000 0.000000
vn 0.000000 0.100000 0.000000
vn 0.000000 0.100000 0.000000
vn 0.000000 0.100000 0.000000
vn 0.000000 0.100000 0.000000
vn 0.000000 0.100000 0.000000
vn 0.000000 0.100000 0.000000
vn 0.000000 0.100000 0.000000
vn 0.000000 0.100000 0.000000
vn 0.000000 0.100000 0.000000
vn 0.000000 0.100000 0.000000
vn 0.000000 0.100000 0.000000
vn 0.000000 0.100000 0.000000
vn 0.000000 0.100000 0.000000
vn 0.000000 0.100000 0.000000
vn 0.000000 0.100000 0.000000
vn 0.000000 0.100000 0.000000
vn 0.000000 0.100000 0.000000
vn 0.000000 0.100000 0.000000
vn 0.000000 0.100000 0.000000
vn 0.000000 0.100000 0.000000
vn 0.000000 0.100000 0.000000
vn 0.000000 0.100000 0.000000
vn 0.000000 0.100000 0.000000
vn 0.000000 0.100000 0.000000
vn 0.000000 0.100000 0.000000
vn 0.000000 0.100000 0.000000
vn 0.000000 0.100000 0.000000
vn 0.000000 0.100000 0.000000
vn 0.000000 0.100000 0.000000
vn 0.000000 0.100000 0.000000
vn 0.000000 0.100000 0.000000
vn 0.000000 0.100000 0.000000
vn 0.000000 0.100000 0.000000
vn 0.000000 0.100000 0.000000
vn 0.000000 0.100000 0.000000
vn 0.000000 0.100000 0.000000
vn 0.000000 0.100000 0.000000
vn 0.000000 0.100000 0.000000
vn 0.000000 0.100000 0.000000
vn 0.000000 0.100000 0.000000
vn 0.000000 0.100000 0.000000
vn 0.000000 0.100000 0.000000
vn 0.000000 0.100000 0.000000
vn 0.000000 0.100000 0.000000
vn 0.000000 0.100000 0.000000
vn 0.000000 0.100000 0.000000
vn 0.000000 0.100000 0.000000
vn 0.000000 0.100000 0.000000
vn 0.000000 0.100000 0.000000
vn 0.000000 0.100000 0.000000
vn 0.000000 0.100000 0.000000
vn 0.000000 0.100000 0.000000
vn 0.000000 0.100000 0.000000
vn 0.000000 0.100000 0.000000
vn 0.000000 0.100000 0.000000
vn 0.000000 0.100000 0.000000
vn 0.000000 0.100000 0.000000
vn 0.000000 0.100000 0.000000
vn 0.000000 0.100000 0.000000
vn 0.000000 0.100000 0.000000
vn 0.000000 0.100000 0.000000
vn 0.000000 0.100000 0.000000
vn 0.000000 0.100000 0.000000
vn 0.000000 0.100000 0.000000
vn 0.000000 0.100000 0.000000
vn 0.000000 0.100000 0.000000
vn 0.000000 0.100000 0.000000
vn 0.000000 0.100000 0.000000
vn 0.000000 0.100000 0.000000
vn 0.000000 0.100000 0.000000
vn 0.000000 0.100000 0.000000
vn 0.000000 0.100000 0.000000
vn 0.000000 0.100000 0.000000
vn 0.000000 0.100000 0.000000
vn 0.000000 0.100000 0.000000
vn 0.000000 0.100000 0.000000
vn 0.000000 0.100000 0.000000
vn 0.000000 0.100000 0.000000
vn 0.000000 0.100000 0.000000
vn 0.000000 0.100000 0.000000
vn 0.000000 0.100000 0.000000
vn 0.000000 0.100000 0.000000
vn 0.000000 0.100000 0.000000
vn 0.000000 0.100000 0.000000
vn 0.000000 0.100000 0.000000
vn 0.000000 0.100000 0.000000
vn 0.000000 0.100000 0.000000
vn 0.000000 0.100000 0.000000
vn 0.000000 0.100000 0.000000
vn 0.000000 0.100000 0.000000
vn 0.000000 0.100000 0.000000
vn 0.000000 0.100000 0.000000
vn 0.000000 0.100000 0.000000
vn 0.000000 0.100000 0.000000
vn 0.000000 0.100000 0.000000
vn 0.000000 0.100000 0.000000
vn 0.000000 0.100000 0.000000
vn 0.000000 0.100000 0.000000
vn 0.000000 0.100000 0.000000
vn 0.000000 0.100000 0.000000
vn 0.000000 0.100000 0.000000
vn 0.000000 0.100000 0.000000
vn 0.000000 0.100000 0.000000
vn 0.000000 0.100000 0.000000
vn 0.000000 0.100000 0.000000
vn 0.000000 0.100000 0.000000
vn 0.000000 0.100000 0.000000
vn 0.000000 0.100000 0.000000
vn 0.000000 0.100000 0.000000
vn 0.000000 0.100000 0.000000
vn 0.000000 0.100000 0.000000
vn 0.000000 0.100000 0.000000
vn 0.000000 0.100000 0.000000
vn 0.000000 0.100000 0.000000
vn 0.000000 0.100000 0.000000
vn 0.000000 0.100000 0.000000
vn 0.000000 0.100000 0.000000
vn 0.000000 0.100000 0.000000
vn 0.000000 0.100000 0.000000
vn 0.000000 0.100000 0.000000
vn 0.000000 0.100000 0.000000
vn 0.000000 0.100000 0.000000
vn 0.000000 0.100000 0.000000
vn 0.000000 0.100000 0.000000
vn 0.000000 0.100000 0.000000
vn 0.000000 0.100000 0.000000
vn 0.000000 0.100000 0.000000
vn 0.000000 0.100000 0.000000
vn 0.000000 0.100000 0.000000
vn 0.000000 0.100000 0.000000
vn 0.000000 0.100000 0.000000
vn 0.000000 0.100000 0.000000
vn 0.000000 0.100000 0.000000
vn 0.000000 0.100000 0.000000
vn 0.000000 0.100000 0.000000
vn 0.000000 0.100000 0.000000
vn 0.000000 0.100000 0.000000
vn 0.000000 0.100000 0.000000
vn 0.000000 0.100000 0.000000
vn 0.000000 0.100000 0.000000
vn 0.000000 0.100000 0.000000
vn 0.000000 0.100000 0.000000
vn 0.000000 0.100000 0.000000
vn 0.000000 0.100000 0.000000
vn 0.000000 0.100000 0.000000
vn 0.000000 0.100000 0.000000
vn 0.000000 0.100000 0.000000
vn 0.000000 0.100000 0.000000
vn 0.000000 0.100000 0.000000
vn 0.000000 0.100000 0.000000
vn 0.000000 0.100000 0.000000
vn 0.000000 0.100000 0.000000
vn 0.000000 0.100000 0.000000
vn 0.000000 0.100000 0.000000
vn 0.000000 0.100000 0.000000
vn 0.000000 0.100000 0.000000
vn 0.000000 0.100000 0.000000
vn 0.000000 0.100000 0.000000
vn 0.000000 0.100000 0.000000
vn 0.000000 0.100000 0.000000
vn 0.000000 0.100000 0.000000
vn 0.000000 0.100000 0.000000
vn 0.000000 0.100000 0.000000
vn 0.000000 0.100000 0.000000
vn 0.000000 0.100000 0.000000
vn 0.000000 0.100000 0.000000
vn 0.000000 0.100000 0.000000
vn 0.000000 0.100000 0.000000
vn 0.000000 0.100000 0.000000
vn 0.000000 0.100000 0.000000
vn 0.000000 0.100000 0.000000
vn 0.000000 0.100000 0.000000
vn 0.000000 0.100000 0.000000
vn 0.000000 0.100000 0.000000
vn 0.000000 0.100000 0.000000
usemtl 138,59,59
f 943/10/10 945/1/1 947/9/9
f 947/9/9 945/1/1 949/2/2
f 947/9/9 949/2/2 951/8/8
f 951/8/8 949/2/2 953/3/3
f 951/8/8 953/3/3 955/7/7
f 955/7/7 953/3/3 957/4/4
f 955/7/7 957/4/4 959/6/6
f 959/6/6 957/4/4 961/5/5
f 961/12/12 981/13/13 959/11/11
f 959/11/11 981/13/13 978/14/14
usemtl 191,191,191
f 957/16/16 953/17/17 961/15/15
f 961/15/15 953/17/17 949/18/18
f 961/15/15 949/18/18 945/19/19
f 945/19/19 946/20/20 961/15/15
f 961/15/15 946/20/20 981/34/34
f 981/34/34 946/20/20 962/24/24
f 981/34/34 962/24/24 997/30/30
f 997/30/30 962/24/24 982/25/25
f 997/30/30 982/25/25 998/29/29
f 998/29/29 982/25/25 986/26/26
f 998/29/29 986/26/26 990/27/27
f 946/20/20 950/21/21 962/24/24
f 962/24/24 950/21/21 954/22/22
f 962/24/24 954/22/22 958/23/23
f 990/27/27 994/28/28 998/29/29
f 993/31/31 989/32/32 997/30/30
f 997/30/30 989/32/32 985/33/33
f 997/30/30 985/33/33 981/34/34
usemtl 138,59,59
f 960/44/44 962/35/35 956/43/43
f 956/43/43 962/35/35 958/36/36
f 956/43/43 958/36/36 952/42/42
f 952/42/42 958/36/36 954/37/37
f 952/42/42 954/37/37 948/41/41
f 948/41/41 954/37/37 950/38/38
f 948/41/41 950/38/38 944/40/40
f 944/40/40 950/38/38 946/39/39
f 960/46/46 979/47/47 962/45/45
f 962/45/45 979/47/47 982/48/48
f 978/58/58 981/49/49 983/57/57
f 983/57/57 981/49/49 985/50/50
f 983/57/57 985/50/50 987/56/56
f 987/56/56 985/50/50 989/51/51
f 987/56/56 989/51/51 991/55/55
f 991/55/55 989/51/51 993/52/52
f 991/55/55 993/52/52 995/54/54
f 995/54/54 993/52/52 997/53/53
f 996/68/68 998/59/59 992/67/67
f 992/67/67 998/59/59 994/60/60
f 992/67/67 994/60/60 988/66/66
f 988/66/66 994/60/60 990/61/61
f 988/66/66 990/61/61 984/65/65
f 984/65/65 990/61/61 986/62/62
f 984/65/65 986/62/62 979/64/64
f 979/64/64 986/62/62 982/63/63
f 997/70/70 998/71/71 995/69/69
f 995/69/69 998/71/71 996/72/72
f 943/74/74 944/75/75 945/73/73
f 945/73/73 944/75/75 946/76/76
usemtl 255,227,181
f 105/78/78 86/95/95 41/77/77
f 41/96/96 86/91/91 61/92/92
f 41/97/97 61/92/92 106/85/85
f 106/85/85 61/92/92 145/93/93
f 106/85/85 145/93/93 186/84/84
f 186/84/84 145/93/93 229/94/94
f 186/84/84 229/94/94 290/83/83
f 290/83/83 229/94/94 329/86/86
f 290/83/83 329/86/86 378/82/82
f 378/82/82 329/86/86 417/87/87
f 378/82/82 417/87/87 377/81/81
f 377/81/81 417/87/87 350/88/88
f 377/81/81 350/88/88 289/80/80
f 289/80/80 350/88/88 258/89/89
f 289/80/80 258/89/89 185/79/79
f 185/79/79 258/89/89 166/90/90
f 185/79/79 166/90/90 105/78/78
f 105/78/78 166/90/90 86/98/98
f 521/100/100 501/117/117 453/99/99
f 453/118/118 501/113/113 473/114/114
f 453/119/119 473/114/114 522/107/107
f 522/107/107 473/114/114 569/115/115
f 522/107/107 569/115/115 618/106/106
f 618/106/106 569/115/115 661/116/116
f 618/106/106 661/116/116 702/105/105
f 702/105/105 661/116/116 749/108/108
f 702/105/105 749/108/108 790/104/104
f 790/104/104 749/108/108 829/109/109
f 790/104/104 829/109/109 789/103/103
f 789/103/103 829/109/109 769/110/110
f 789/103/103 769/110/110 701/102/102
f 701/102/102 769/110/110 681/111/111
f 701/102/102 681/111/111 617/101/101
f 617/101/101 681/111/111 589/112/112
f 617/101/101 589/112/112 521/100/100
f 521/100/100 589/112/112 501/120/120
f 523/122/122 502/139/139 454/121/121
f 454/140/140 502/135/135 474/136/136
f 454/141/141 474/136/136 524/129/129
f 524/129/129 474/136/136 570/137/137
f 524/129/129 570/137/137 620/128/128
f 620/128/128 570/137/137 662/138/138
f 620/128/128 662/138/138 704/127/127
f 704/127/127 662/138/138 750/130/130
f 704/127/127 750/130/130 792/126/126
f 792/126/126 750/130/130 830/131/131
f 792/126/126 830/131/131 791/125/125
f 791/125/125 830/131/131 770/132/132
f 791/125/125 770/132/132 703/124/124
f 703/124/124 770/132/132 682/133/133
f 703/124/124 682/133/133 619/123/123
f 619/123/123 682/133/133 590/134/134
f 619/123/123 590/134/134 523/122/122
f 523/122/122 590/134/134 502/142/142
f 107/144/144 87/161/161 42/143/143
f 42/162/162 87/157/157 62/158/158
f 42/163/163 62/158/158 108/151/151
f 108/151/151 62/158/158 146/159/159
f 108/151/151 146/159/159 188/150/150
f 188/150/150 146/159/159 230/160/160
f 188/150/150 230/160/160 292/149/149
f 292/149/149 230/160/160 330/152/152
f 292/149/149 330/152/152 380/148/148
f 380/148/148 330/152/152 418/153/153
f 380/148/148 418/153/153 379/147/147
f 379/147/147 418/153/153 351/154/154
f 379/147/147 351/154/154 291/146/146
f 291/146/146 351/154/154 259/155/155
f 291/146/146 259/155/155 187/145/145
f 187/145/145 259/155/155 167/156/156
f 187/145/145 167/156/156 107/144/144
f 107/144/144 167/156/156 87/164/164
f 109/166/166 88/183/183 43/165/165
f 43/184/184 88/179/179 63/180/180
f 43/185/185 63/180/180 110/173/173
f 110/173/173 63/180/180 147/181/181
f 110/173/173 147/181/181 190/172/172
f 190/172/172 147/181/181 231/182/182
f 190/172/172 231/182/182 294/171/171
f 294/171/171 231/182/182 331/174/174
f 294/171/171 331/174/174 382/170/170
f 382/170/170 331/174/174 419/175/175
f 382/170/170 419/175/175 381/169/169
f 381/169/169 419/175/175 352/176/176
f 381/169/169 352/176/176 293/168/168
f 293/168/168 352/176/176 260/177/177
f 293/168/168 260/177/177 189/167/167
f 189/167/167 260/177/177 168/178/178
f 189/167/167 168/178/178 109/166/166
f 109/166/166 168/178/178 88/186/186
f 525/188/188 503/205/205 455/187/187
f 455/206/206 503/201/201 475/202/202
f 455/207/207 475/202/202 526/195/195
f 526/195/195 475/202/202 571/203/203
f 526/195/195 571/203/203 622/194/194
f 622/194/194 571/203/203 663/204/204
f 622/194/194 663/204/204 706/193/193
f 706/193/193 663/204/204 751/196/196
f 706/193/193 751/196/196 794/192/192
f 794/192/192 751/196/196 831/197/197
f 794/192/192 831/197/197 793/191/191
f 793/191/191 831/197/197 771/198/198
f 793/191/191 771/198/198 705/190/190
f 705/190/190 771/198/198 683/199/199
f 705/190/190 683/199/199 621/189/189
f 621/189/189 683/199/199 591/200/200
f 621/189/189 591/200/200 525/188/188
f 525/188/188 591/200/200 503/208/208
f 527/210/210 504/227/227 456/209/209
f 456/228/228 504/223/223 476/224/224
f 456/229/229 476/224/224 528/217/217
f 528/217/217 476/224/224 572/225/225
f 528/217/217 572/225/225 624/216/216
f 624/216/216 572/225/225 664/226/226
f 624/216/216 664/226/226 708/215/215
f 708/215/215 664/226/226 752/218/218
f 708/215/215 752/218/218 796/214/214
f 796/214/214 752/218/218 832/219/219
f 796/214/214 832/219/219 795/213/213
f 795/213/213 832/219/219 772/220/220
f 795/213/213 772/220/220 707/212/212
f 707/212/212 772/220/220 684/221/221
f 707/212/212 684/221/221 623/211/211
f 623/211/211 684/221/221 592/222/222
f 623/211/211 592/222/222 527/210/210
f 527/210/210 592/222/222 504/230/230
f 111/232/232 89/249/249 44/231/231
f 44/250/250 89/245/245 64/246/246
f 44/251/251 64/246/246 112/239/239
f 112/239/239 64/246/246 148/247/247
f 112/239/239 148/247/247 192/238/238
f 192/238/238 148/247/247 232/248/248
f 192/238/238 232/248/248 296/237/237
f 296/237/237 232/248/248 332/240/240
f 296/237/237 332/240/240 384/236/236
f 384/236/236 332/240/240 420/241/241
f 384/236/236 420/241/241 383/235/235
f 383/235/235 420/241/241 353/242/242
f 383/235/235 353/242/242 295/234/234
f 295/234/234 353/242/242 261/243/243
f 295/234/234 261/243/243 191/233/233
f 191/233/233 261/243/243 169/244/244
f 191/233/233 169/244/244 111/232/232
f 111/232/232 169/244/244 89/252/252
f 113/254/254 90/271/271 45/253/253
f 45/272/272 90/267/267 65/268/268
f 45/273/273 65/268/268 114/261/261
f 114/261/261 65/268/268 149/269/269
f 114/261/261 149/269/269 194/260/260
f 194/260/260 149/269/269 233/270/270
f 194/260/260 233/270/270 298/259/259
f 298/259/259 233/270/270 333/262/262
f 298/259/259 333/262/262 386/258/258
f 386/258/258 333/262/262 421/263/263
f 386/258/258 421/263/263 385/257/257
f 385/257/257 421/263/263 354/264/264
f 385/257/257 354/264/264 297/256/256
f 297/256/256 354/264/264 262/265/265
f 297/256/256 262/265/265 193/255/255
f 193/255/255 262/265/265 170/266/266
f 193/255/255 170/266/266 113/254/254
f 113/254/254 170/266/266 90/274/274
f 529/276/276 505/293/293 457/275/275
f 457/294/294 505/289/289 477/290/290
f 457/295/295 477/290/290 530/283/283
f 530/283/283 477/290/290 573/291/291
f 530/283/283 573/291/291 626/282/282
f 626/282/282 573/291/291 665/292/292
f 626/282/282 665/292/292 710/281/281
f 710/281/281 665/292/292 753/284/284
f 710/281/281 753/284/284 798/280/280
f 798/280/280 753/284/284 833/285/285
f 798/280/280 833/285/285 797/279/279
f 797/279/279 833/285/285 773/286/286
f 797/279/279 773/286/286 709/278/278
f 709/278/278 773/286/286 685/287/287
f 709/278/278 685/287/287 625/277/277
f 625/277/277 685/287/287 593/288/288
f 625/277/277 593/288/288 529/276/276
f 529/276/276 593/288/288 505/296/296
f 531/298/298 506/315/315 458/297/297
f 458/316/316 506/311/311 478/312/312
f 458/317/317 478/312/312 532/305/305
f 532/305/305 478/312/312 574/313/313
f 532/305/305 574/313/313 628/304/304
f 628/304/304 574/313/313 666/314/314
f 628/304/304 666/314/314 712/303/303
f 712/303/303 666/314/314 754/306/306
f 712/303/303 754/306/306 800/302/302
f 800/302/302 754/306/306 834/307/307
f 800/302/302 834/307/307 799/301/301
f 799/301/301 834/307/307 774/308/308
f 799/301/301 774/308/308 711/300/300
f 711/300/300 774/308/308 686/309/309
f 711/300/300 686/309/309 627/299/299
f 627/299/299 686/309/309 594/310/310
f 627/299/299 594/310/310 531/298/298
f 531/298/298 594/310/310 506/318/318
f 115/320/320 91/337/337 46/319/319
f 46/338/338 91/333/333 66/334/334
f 46/339/339 66/334/334 116/327/327
f 116/327/327 66/334/334 150/335/335
f 116/327/327 150/335/335 196/326/326
f 196/326/326 150/335/335 234/336/336
f 196/326/326 234/336/336 300/325/325
f 300/325/325 234/336/336 334/328/328
f 300/325/325 334/328/328 388/324/324
f 388/324/324 334/328/328 422/329/329
f 388/324/324 422/329/329 387/323/323
f 387/323/323 422/329/329 355/330/330
f 387/323/323 355/330/330 299/322/322
f 299/322/322 355/330/330 263/331/331
f 299/322/322 263/331/331 195/321/321
f 195/321/321 263/331/331 171/332/332
f 195/321/321 171/332/332 115/320/320
f 115/320/320 171/332/332 91/340/340
f 117/342/342 92/359/359 47/341/341
f 47/360/360 92/355/355 67/356/356
f 47/361/361 67/356/356 118/349/349
f 118/349/349 67/356/356 151/357/357
f 118/349/349 151/357/357 198/348/348
f 198/348/348 151/357/357 235/358/358
f 198/348/348 235/358/358 302/347/347
f 302/347/347 235/358/358 335/350/350
f 302/347/347 335/350/350 390/346/346
f 390/346/346 335/350/350 423/351/351
f 390/346/346 423/351/351 389/345/345
f 389/345/345 423/351/351 356/352/352
f 389/345/345 356/352/352 301/344/344
f 301/344/344 356/352/352 264/353/353
f 301/344/344 264/353/353 197/343/343
f 197/343/343 264/353/353 172/354/354
f 197/343/343 172/354/354 117/342/342
f 117/342/342 172/354/354 92/362/362
f 533/364/364 507/381/381 459/363/363
f 459/382/382 507/377/377 479/378/378
f 459/383/383 479/378/378 534/371/371
f 534/371/371 479/378/378 575/379/379
f 534/371/371 575/379/379 630/370/370
f 630/370/370 575/379/379 667/380/380
f 630/370/370 667/380/380 714/369/369
f 714/369/369 667/380/380 755/372/372
f 714/369/369 755/372/372 802/368/368
f 802/368/368 755/372/372 835/373/373
f 802/368/368 835/373/373 801/367/367
f 801/367/367 835/373/373 775/374/374
f 801/367/367 775/374/374 713/366/366
f 713/366/366 775/374/374 687/375/375
f 713/366/366 687/375/375 629/365/365
f 629/365/365 687/375/375 595/376/376
f 629/365/365 595/376/376 533/364/364
f 533/364/364 595/376/376 507/384/384
f 535/386/386 508/403/403 460/385/385
f 460/404/404 508/399/399 480/400/400
f 460/405/405 480/400/400 536/393/393
f 536/393/393 480/400/400 576/401/401
f 536/393/393 576/401/401 632/392/392
f 632/392/392 576/401/401 668/402/402
f 632/392/392 668/402/402 716/391/391
f 716/391/391 668/402/402 756/394/394
f 716/391/391 756/394/394 804/390/390
f 804/390/390 756/394/394 836/395/395
f 804/390/390 836/395/395 803/389/389
f 803/389/389 836/395/395 776/396/396
f 803/389/389 776/396/396 715/388/388
f 715/388/388 776/396/396 688/397/397
f 715/388/388 688/397/397 631/387/387
f 631/387/387 688/397/397 596/398/398
f 631/387/387 596/398/398 535/386/386
f 535/386/386 596/398/398 508/406/406
f 119/408/408 93/425/425 48/407/407
f 48/426/426 93/421/421 68/422/422
f 48/427/427 68/422/422 120/415/415
f 120/415/415 68/422/422 152/423/423
f 120/415/415 152/423/423 200/414/414
f 200/414/414 152/423/423 236/424/424
f 200/414/414 236/424/424 304/413/413
f 304/413/413 236/424/424 336/416/416
f 304/413/413 336/416/416 392/412/412
f 392/412/412 336/416/416 424/417/417
f 392/412/412 424/417/417 391/411/411
f 391/411/411 424/417/417 357/418/418
f 391/411/411 357/418/418 303/410/410
f 303/410/410 357/418/418 265/419/419
f 303/410/410 265/419/419 199/409/409
f 199/409/409 265/419/419 173/420/420
f 199/409/409 173/420/420 119/408/408
f 119/408/408 173/420/420 93/428/428
f 121/430/430 94/447/447 49/429/429
f 49/448/448 94/443/443 69/444/444
f 49/449/449 69/444/444 122/437/437
f 122/437/437 69/444/444 153/445/445
f 122/437/437 153/445/445 202/436/436
f 202/436/436 153/445/445 237/446/446
f 202/436/436 237/446/446 306/435/435
f 306/435/435 237/446/446 337/438/438
f 306/435/435 337/438/438 394/434/434
f 394/434/434 337/438/438 425/439/439
f 394/434/434 425/439/439 393/433/433
f 393/433/433 425/439/439 358/440/440
f 393/433/433 358/440/440 305/432/432
f 305/432/432 358/440/440 266/441/441
f 305/432/432 266/441/441 201/431/431
f 201/431/431 266/441/441 174/442/442
f 201/431/431 174/442/442 121/430/430
f 121/430/430 174/442/442 94/450/450
f 537/452/452 509/469/469 461/451/451
f 461/470/470 509/465/465 481/466/466
f 461/471/471 481/466/466 538/459/459
f 538/459/459 481/466/466 577/467/467
f 538/459/459 577/467/467 634/458/458
f 634/458/458 577/467/467 669/468/468
f 634/458/458 669/468/468 718/457/457
f 718/457/457 669/468/468 757/460/460
f 718/457/457 757/460/460 806/456/456
f 806/456/456 757/460/460 837/461/461
f 806/456/456 837/461/461 805/455/455
f 805/455/455 837/461/461 777/462/462
f 805/455/455 777/462/462 717/454/454
f 717/454/454 777/462/462 689/463/463
f 717/454/454 689/463/463 633/453/453
f 633/453/453 689/463/463 597/464/464
f 633/453/453 597/464/464 537/452/452
f 537/452/452 597/464/464 509/472/472
f 123/474/474 95/491/491 50/473/473
f 50/492/492 95/487/487 70/488/488
f 50/493/493 70/488/488 124/481/481
f 124/481/481 70/488/488 154/489/489
f 124/481/481 154/489/489 204/480/480
f 204/480/480 154/489/489 238/490/490
f 204/480/480 238/490/490 308/479/479
f 308/479/479 238/490/490 338/482/482
f 308/479/479 338/482/482 396/478/478
f 396/478/478 338/482/482 426/483/483
f 396/478/478 426/483/483 395/477/477
f 395/477/477 426/483/483 359/484/484
f 395/477/477 359/484/484 307/476/476
f 307/476/476 359/484/484 267/485/485
f 307/476/476 267/485/485 203/475/475
f 203/475/475 267/485/485 175/486/486
f 203/475/475 175/486/486 123/474/474
f 123/474/474 175/486/486 95/494/494
f 539/496/496 510/513/513 462/495/495
f 462/514/514 510/509/509 482/510/510
f 462/515/515 482/510/510 540/503/503
f 540/503/503 482/510/510 578/511/511
f 540/503/503 578/511/511 636/502/502
f 636/502/502 578/511/511 670/512/512
f 636/502/502 670/512/512 720/501/501
f 720/501/501 670/512/512 758/504/504
f 720/501/501 758/504/504 808/500/500
f 808/500/500 758/504/504 838/505/505
f 808/500/500 838/505/505 807/499/499
f 807/499/499 838/505/505 778/506/506
f 807/499/499 778/506/506 719/498/498
f 719/498/498 778/506/506 690/507/507
f 719/498/498 690/507/507 635/497/497
f 635/497/497 690/507/507 598/508/508
f 635/497/497 598/508/508 539/496/496
f 539/496/496 598/508/508 510/516/516
f 541/518/518 511/535/535 463/517/517
f 463/536/536 511/531/531 483/532/532
f 463/537/537 483/532/532 542/525/525
f 542/525/525 483/532/532 579/533/533
f 542/525/525 579/533/533 638/524/524
f 638/524/524 579/533/533 671/534/534
f 638/524/524 671/534/534 722/523/523
f 722/523/523 671/534/534 759/526/526
f 722/523/523 759/526/526 810/522/522
f 810/522/522 759/526/526 839/527/527
f 810/522/522 839/527/527 809/521/521
f 809/521/521 839/527/527 779/528/528
f 809/521/521 779/528/528 721/520/520
f 721/520/520 779/528/528 691/529/529
f 721/520/520 691/529/529 637/519/519
f 637/519/519 691/529/529 599/530/530
f 637/519/519 599/530/530 541/518/518
f 541/518/518 599/530/530 511/538/538
f 125/540/540 96/557/557 51/539/539
f 51/558/558 96/553/553 71/554/554
f 51/559/559 71/554/554 126/547/547
f 126/547/547 71/554/554 155/555/555
f 126/547/547 155/555/555 206/546/546
f 206/546/546 155/555/555 239/556/556
f 206/546/546 239/556/556 310/545/545
f 310/545/545 239/556/556 339/548/548
f 310/545/545 339/548/548 398/544/544
f 398/544/544 339/548/548 427/549/549
f 398/544/544 427/549/549 397/543/543
f 397/543/543 427/549/549 360/550/550
f 397/543/543 360/550/550 309/542/542
f 309/542/542 360/550/550 268/551/551
f 309/542/542 268/551/551 205/541/541
f 205/541/541 268/551/551 176/552/552
f 205/541/541 176/552/552 125/540/540
f 125/540/540 176/552/552 96/560/560
f 127/562/562 97/579/579 52/561/561
f 52/580/580 97/575/575 72/576/576
f 52/581/581 72/576/576 128/569/569
f 128/569/569 72/576/576 156/577/577
f 128/569/569 156/577/577 208/568/568
f 208/568/568 156/577/577 240/578/578
f 208/568/568 240/578/578 312/567/567
f 312/567/567 240/578/578 340/570/570
f 312/567/567 340/570/570 400/566/566
f 400/566/566 340/570/570 428/571/571
f 400/566/566 428/571/571 399/565/565
f 399/565/565 428/571/571 361/572/572
f 399/565/565 361/572/572 311/564/564
f 311/564/564 361/572/572 269/573/573
f 311/564/564 269/573/573 207/563/563
f 207/563/563 269/573/573 177/574/574
f 207/563/563 177/574/574 127/562/562
f 127/562/562 177/574/574 97/582/582
f 543/584/584 512/601/601 464/583/583
f 464/602/602 512/597/597 484/598/598
f 464/603/603 484/598/598 544/591/591
f 544/591/591 484/598/598 580/599/599
f 544/591/591 580/599/599 640/590/590
f 640/590/590 580/599/599 672/600/600
f 640/590/590 672/600/600 724/589/589
f 724/589/589 672/600/600 760/592/592
f 724/589/589 760/592/592 812/588/588
f 812/588/588 760/592/592 840/593/593
f 812/588/588 840/593/593 811/587/587
f 811/587/587 840/593/593 780/594/594
f 811/587/587 780/594/594 723/586/586
f 723/586/586 780/594/594 692/595/595
f 723/586/586 692/595/595 639/585/585
f 639/585/585 692/595/595 600/596/596
f 639/585/585 600/596/596 543/584/584
f 543/584/584 600/596/596 512/604/604
f 129/606/606 98/623/623 53/605/605
f 53/624/624 98/619/619 73/620/620
f 53/625/625 73/620/620 130/613/613
f 130/613/613 73/620/620 157/621/621
f 130/613/613 157/621/621 210/612/612
f 210/612/612 157/621/621 241/622/622
f 210/612/612 241/622/622 314/611/611
f 314/611/611 241/622/622 341/614/614
f 314/611/611 341/614/614 402/610/610
f 402/610/610 341/614/614 429/615/615
f 402/610/610 429/615/615 401/609/609
f 401/609/609 429/615/615 362/616/616
f 401/609/609 362/616/616 313/608/608
f 313/608/608 362/616/616 270/617/617
f 313/608/608 270/617/617 209/607/607
f 209/607/607 270/617/617 178/618/618
f 209/607/607 178/618/618 129/606/606
f 129/606/606 178/618/618 98/626/626
f 545/628/628 513/645/645 465/627/627
f 465/646/646 513/641/641 485/642/642
f 465/647/647 485/642/642 546/635/635
f 546/635/635 485/642/642 581/643/643
f 546/635/635 581/643/643 642/634/634
f 642/634/634 581/643/643 673/644/644
f 642/634/634 673/644/644 726/633/633
f 726/633/633 673/644/644 761/636/636
f 726/633/633 761/636/636 814/632/632
f 814/632/632 761/636/636 841/637/637
f 814/632/632 841/637/637 813/631/631
f 813/631/631 841/637/637 781/638/638
f 813/631/631 781/638/638 725/630/630
f 725/630/630 781/638/638 693/639/639
f 725/630/630 693/639/639 641/629/629
f 641/629/629 693/639/639 601/640/640
f 641/629/629 601/640/640 545/628/628
f 545/628/628 601/640/640 513/648/648
f 547/650/650 514/667/667 466/649/649
f 466/668/668 514/663/663 486/664/664
f 466/669/669 486/664/664 548/657/657
f 548/657/657 486/664/664 582/665/665
f 548/657/657 582/665/665 644/656/656
f 644/656/656 582/665/665 674/666/666
f 644/656/656 674/666/666 728/655/655
f 728/655/655 674/666/666 762/658/658
f 728/655/655 762/658/658 816/654/654
f 816/654/654 762/658/658 842/659/659
f 816/654/654 842/659/659 815/653/653
f 815/653/653 842/659/659 782/660/660
f 815/653/653 782/660/660 727/652/652
f 727/652/652 782/660/660 694/661/661
f 727/652/652 694/661/661 643/651/651
f 643/651/651 694/661/661 602/662/662
f 643/651/651 602/662/662 547/650/650
f 547/650/650 602/662/662 514/670/670
f 131/672/672 99/689/689 54/671/671
f 54/690/690 99/685/685 74/686/686
f 54/691/691 74/686/686 132/679/679
f 132/679/679 74/686/686 158/687/687
f 132/679/679 158/687/687 212/678/678
f 212/678/678 158/687/687 242/688/688
f 212/678/678 242/688/688 316/677/677
f 316/677/677 242/688/688 342/680/680
f 316/677/677 342/680/680 404/676/676
f 404/676/676 342/680/680 430/681/681
f 404/676/676 430/681/681 403/675/675
f 403/675/675 430/681/681 363/682/682
f 403/675/675 363/682/682 315/674/674
f 315/674/674 363/682/682 271/683/683
f 315/674/674 271/683/683 211/673/673
f 211/673/673 271/683/683 179/684/684
f 211/673/673 179/684/684 131/672/672
f 131/672/672 179/684/684 99/692/692
f 133/694/694 100/711/711 55/693/693
f 55/712/712 100/707/707 75/708/708
f 55/713/713 75/708/708 134/701/701
f 134/701/701 75/708/708 159/709/709
f 134/701/701 159/709/709 214/700/700
f 214/700/700 159/709/709 243/710/710
f 214/700/700 243/710/710 318/699/699
f 318/699/699 243/710/710 343/702/702
f 318/699/699 343/702/702 406/698/698
f 406/698/698 343/702/702 431/703/703
f 406/698/698 431/703/703 405/697/697
f 405/697/697 431/703/703 364/704/704
f 405/697/697 364/704/704 317/696/696
f 317/696/696 364/704/704 272/705/705
f 317/696/696 272/705/705 213/695/695
f 213/695/695 272/705/705 180/706/706
f 213/695/695 180/706/706 133/694/694
f 133/694/694 180/706/706 100/714/714
f 549/716/716 515/733/733 467/715/715
f 467/734/734 515/729/729 487/730/730
f 467/735/735 487/730/730 550/723/723
f 550/723/723 487/730/730 583/731/731
f 550/723/723 583/731/731 646/722/722
f 646/722/722 583/731/731 675/732/732
f 646/722/722 675/732/732 730/721/721
f 730/721/721 675/732/732 763/724/724
f 730/721/721 763/724/724 818/720/720
f 818/720/720 763/724/724 843/725/725
f 818/720/720 843/725/725 817/719/719
f 817/719/719 843/725/725 783/726/726
f 817/719/719 783/726/726 729/718/718
f 729/718/718 783/726/726 695/727/727
f 729/718/718 695/727/727 645/717/717
f 645/717/717 695/727/727 603/728/728
f 645/717/717 603/728/728 549/716/716
f 549/716/716 603/728/728 515/736/736
f 551/738/738 516/755/755 468/737/737
f 468/756/756 516/751/751 488/752/752
f 468/757/757 488/752/752 552/745/745
f 552/745/745 488/752/752 584/753/753
f 552/745/745 584/753/753 648/744/744
f 648/744/744 584/753/753 676/754/754
f 648/744/744 676/754/754 732/743/743
f 732/743/743 676/754/754 764/746/746
f 732/743/743 764/746/746 820/742/742
f 820/742/742 764/746/746 844/747/747
f 820/742/742 844/747/747 819/741/741
f 819/741/741 844/747/747 784/748/748
f 819/741/741 784/748/748 731/740/740
f 731/740/740 784/748/748 696/749/749
f 731/740/740 696/749/749 647/739/739
f 647/739/739 696/749/749 604/750/750
f 647/739/739 604/750/750 551/738/738
f 551/738/738 604/750/750 516/758/758
f 135/760/760 101/777/777 56/759/759
f 56/778/778 101/773/773 76/774/774
f 56/779/779 76/774/774 136/767/767
f 136/767/767 76/774/774 160/775/775
f 136/767/767 160/775/775 216/766/766
f 216/766/766 160/775/775 244/776/776
f 216/766/766 244/776/776 320/765/765
f 320/765/765 244/776/776 344/768/768
f 320/765/765 344/768/768 408/764/764
f 408/764/764 344/768/768 432/769/769
f 408/764/764 432/769/769 407/763/763
f 407/763/763 432/769/769 365/770/770
f 407/763/763 365/770/770 319/762/762
f 319/762/762 365/770/770 273/771/771
f 319/762/762 273/771/771 215/761/761
f 215/761/761 273/771/771 181/772/772
f 215/761/761 181/772/772 135/760/760
f 135/760/760 181/772/772 101/780/780
f 137/782/782 102/799/799 57/781/781
f 57/800/800 102/795/795 77/796/796
f 57/801/801 77/796/796 138/789/789
f 138/789/789 77/796/796 161/797/797
f 138/789/789 161/797/797 218/788/788
f 218/788/788 161/797/797 245/798/798
f 218/788/788 245/798/798 322/787/787
f 322/787/787 245/798/798 345/790/790
f 322/787/787 345/790/790 410/786/786
f 410/786/786 345/790/790 433/791/791
f 410/786/786 433/791/791 409/785/785
f 409/785/785 433/791/791 366/792/792
f 409/785/785 366/792/792 321/784/784
f 321/784/784 366/792/792 274/793/793
f 321/784/784 274/793/793 217/783/783
f 217/783/783 274/793/793 182/794/794
f 217/783/783 182/794/794 137/782/782
f 137/782/782 182/794/794 102/802/802
f 553/804/804 517/821/821 469/803/803
f 469/822/822 517/817/817 489/818/818
f 469/823/823 489/818/818 554/811/811
f 554/811/811 489/818/818 585/819/819
f 554/811/811 585/819/819 650/810/810
f 650/810/810 585/819/819 677/820/820
f 650/810/810 677/820/820 734/809/809
f 734/809/809 677/820/820 765/812/812
f 734/809/809 765/812/812 822/808/808
f 822/808/808 765/812/812 845/813/813
f 822/808/808 845/813/813 821/807/807
f 821/807/807 845/813/813 785/814/814
f 821/807/807 785/814/814 733/806/806
f 733/806/806 785/814/814 697/815/815
f 733/806/806 697/815/815 649/805/805
f 649/805/805 697/815/815 605/816/816
f 649/805/805 605/816/816 553/804/804
f 553/804/804 605/816/816 517/824/824
f 139/826/826 103/843/843 58/825/825
f 58/844/844 103/839/839 78/840/840
f 58/845/845 78/840/840 140/833/833
f 140/833/833 78/840/840 162/841/841
f 140/833/833 162/841/841 220/832/832
f 220/832/832 162/841/841 246/842/842
f 220/832/832 246/842/842 324/831/831
f 324/831/831 246/842/842 346/834/834
f 324/831/831 346/834/834 412/830/830
f 412/830/830 346/834/834 434/835/835
f 412/830/830 434/835/835 411/829/829
f 411/829/829 434/835/835 367/836/836
f 411/829/829 367/836/836 323/828/828
f 323/828/828 367/836/836 275/837/837
f 323/828/828 275/837/837 219/827/827
f 219/827/827 275/837/837 183/838/838
f 219/827/827 183/838/838 139/826/826
f 139/826/826 183/838/838 103/846/846
f 555/848/848 518/865/865 470/847/847
f 470/866/866 518/861/861 490/862/862
f 470/867/867 490/862/862 556/855/855
f 556/855/855 490/862/862 586/863/863
f 556/855/855 586/863/863 652/854/854
f 652/854/854 586/863/863 678/864/864
f 652/854/854 678/864/864 736/853/853
f 736/853/853 678/864/864 766/856/856
f 736/853/853 766/856/856 824/852/852
f 824/852/852 766/856/856 846/857/857
f 824/852/852 846/857/857 823/851/851
f 823/851/851 846/857/857 786/858/858
f 823/851/851 786/858/858 735/850/850
f 735/850/850 786/858/858 698/859/859
f 735/850/850 698/859/859 651/849/849
f 651/849/849 698/859/859 606/860/860
f 651/849/849 606/860/860 555/848/848
f 555/848/848 606/860/860 518/868/868
f 557/870/870 519/887/887 471/869/869
f 471/888/888 519/883/883 491/884/884
f 471/889/889 491/884/884 558/877/877
f 558/877/877 491/884/884 587/885/885
f 558/877/877 587/885/885 654/876/876
f 654/876/876 587/885/885 679/886/886
f 654/876/876 679/886/886 738/875/875
f 738/875/875 679/886/886 767/878/878
f 738/875/875 767/878/878 826/874/874
f 826/874/874 767/878/878 847/879/879
f 826/874/874 847/879/879 825/873/873
f 825/873/873 847/879/879 787/880/880
f 825/873/873 787/880/880 737/872/872
f 737/872/872 787/880/880 699/881/881
f 737/872/872 699/881/881 653/871/871
f 653/871/871 699/881/881 607/882/882
f 653/871/871 607/882/882 557/870/870
f 557/870/870 607/882/882 519/890/890
f 141/892/892 104/909/909 59/891/891
f 59/910/910 104/905/905 79/906/906
f 59/911/911 79/906/906 142/899/899
f 142/899/899 79/906/906 163/907/907
f 142/899/899 163/907/907 222/898/898
f 222/898/898 163/907/907 247/908/908
f 222/898/898 247/908/908 326/897/897
f 326/897/897 247/908/908 347/900/900
f 326/897/897 347/900/900 414/896/896
f 414/896/896 347/900/900 435/901/901
f 414/896/896 435/901/901 413/895/895
f 413/895/895 435/901/901 368/902/902
f 413/895/895 368/902/902 325/894/894
f 325/894/894 368/902/902 276/903/903
f 325/894/894 276/903/903 221/893/893
f 221/893/893 276/903/903 184/904/904
f 221/893/893 184/904/904 141/892/892
f 141/892/892 184/904/904 104/912/912
f 143/914/914 80/931/931 60/913/913
f 60/932/932 80/926/926 81/927/927
f 60/933/933 81/927/927 144/921/921
f 144/921/921 81/927/927 165/928/928
f 144/921/921 165/928/928 224/920/920
f 224/920/920 165/928/928 257/929/929
f 224/920/920 257/929/929 328/919/919
f 328/919/919 257/929/929 349/930/930
f 328/919/919 349/930/930 416/918/918
f 416/918/918 349/930/930 436/922/922
f 416/918/918 436/922/922 415/917/917
f 415/917/917 436/922/922 348/923/923
f 415/917/917 348/923/923 327/916/916
f 327/916/916 348/923/923 256/924/924
f 327/916/916 256/924/924 223/915/915
f 223/915/915 256/924/924 164/925/925
f 223/915/915 164/925/925 143/914/914
f 143/914/914 164/925/925 80/934/934
f 559/936/936 520/953/953 472/935/935
f 472/954/954 520/949/949 492/950/950
f 472/955/955 492/950/950 560/943/943
f 560/943/943 492/950/950 588/951/951
f 560/943/943 588/951/951 656/942/942
f 656/942/942 588/951/951 680/952/952
f 656/942/942 680/952/952 740/941/941
f 740/941/941 680/952/952 768/944/944
f 740/941/941 768/944/944 828/940/940
f 828/940/940 768/944/944 848/945/945
f 828/940/940 848/945/945 827/939/939
f 827/939/939 848/945/945 788/946/946
f 827/939/939 788/946/946 739/938/938
f 739/938/938 788/946/946 700/947/947
f 739/938/938 700/947/947 655/937/937
f 655/937/937 700/947/947 608/948/948
f 655/937/937 608/948/948 559/936/936
f 559/936/936 608/948/948 520/956/956
f 1110/958/958 1074/978/978 1097/957/957
f 1097/957/957 1074/978/978 1073/979/979
f 1097/957/957 1073/979/979 1109/968/968
f 1109/968/968 1073/979/979 1081/980/980
f 1109/968/968 1081/980/980 1089/981/981
f 1118/959/959 1090/976/976 1110/958/958
f 1110/958/958 1090/976/976 1082/977/977
f 1110/958/958 1082/977/977 1074/978/978
f 1090/976/976 1118/959/959 1102/975/975
f 1102/975/975 1118/959/959 1134/960/960
f 1102/975/975 1134/960/960 1126/974/974
f 1126/974/974 1134/960/960 1154/973/973
f 1154/973/973 1134/960/960 1146/961/961
f 1154/973/973 1146/961/961 1178/972/972
f 1178/972/972 1146/961/961 1190/971/971
f 1190/971/971 1146/961/961 1162/962/962
f 1190/971/971 1162/962/962 1202/970/970
f 1202/970/970 1162/962/962 1169/963/963
f 1202/970/970 1169/963/963 1213/969/969
f 1213/969/969 1169/963/963 1201/987/987
f 1201/987/987 1169/963/963 1161/964/964
f 1201/987/987 1161/964/964 1189/986/986
f 1189/986/986 1161/964/964 1145/965/965
f 1189/986/986 1145/965/965 1177/985/985
f 1177/985/985 1145/965/965 1153/984/984
f 1153/984/984 1145/965/965 1133/966/966
f 1153/984/984 1133/966/966 1125/983/983
f 1125/983/983 1133/966/966 1101/982/982
f 1101/982/982 1133/966/966 1117/967/967
f 1101/982/982 1117/967/967 1089/981/981
f 1089/981/981 1117/967/967 1109/968/968
f 1113/989/989 1077/1009/1009 1099/988/988
f 1099/988/988 1077/1009/1009 1078/1010/1010
f 1099/988/988 1078/1010/1010 1114/999/999
f 1114/999/999 1078/1010/1010 1086/1011/1011
f 1114/999/999 1086/1011/1011 1094/1012/1012
f 1121/990/990 1093/1007/1007 1113/989/989
f 1113/989/989 1093/1007/1007 1085/1008/1008
f 1113/989/989 1085/1008/1008 1077/1009/1009
f 1093/1007/1007 1121/990/990 1105/1006/1006
f 1105/1006/1006 1121/990/990 1137/991/991
f 1105/1006/1006 1137/991/991 1129/1005/1005
f 1129/1005/1005 1137/991/991 1157/1004/1004
f 1157/1004/1004 1137/991/991 1149/992/992
f 1157/1004/1004 1149/992/992 1181/1003/1003
f 1181/1003/1003 1149/992/992 1193/1002/1002
f 1193/1002/1002 1149/992/992 1165/993/993
f 1193/1002/1002 1165/993/993 1205/1001/1001
f 1205/1001/1001 1165/993/993 1171/994/994
f 1205/1001/1001 1171/994/994 1217/1000/1000
f 1217/1000/1000 1171/994/994 1206/1018/1018
f 1206/1018/1018 1171/994/994 1166/995/995
f 1206/1018/1018 1166/995/995 1194/1017/1017
f 1194/1017/1017 1166/995/995 1150/996/996
f 1194/1017/1017 1150/996/996 1182/1016/1016
f 1182/1016/1016 1150/996/996 1158/1015/1015
f 1158/1015/1015 1150/996/996 1138/997/997
f 1158/1015/1015 1138/997/997 1130/1014/1014
f 1130/1014/1014 1138/997/997 1106/1013/1013
f 1106/1013/1013 1138/997/997 1122/998/998
f 1106/1013/1013 1122/998/998 1094/1012/1012
f 1094/1012/1012 1122/998/998 1114/999/999
f 278/1020/1020 14/1040/1040 225/1019/1019
f 225/1019/1019 14/1040/1040 13/1041/1041
f 225/1019/1019 13/1041/1041 277/1030/1030
f 277/1030/1030 13/1041/1041 25/1042/1042
f 277/1030/1030 25/1042/1042 33/1043/1043
f 370/1021/1021 34/1038/1038 278/1020/1020
f 278/1020/1020 34/1038/1038 26/1039/1039
f 278/1020/1020 26/1039/1039 14/1040/1040
f 34/1038/1038 370/1021/1021 249/1037/1037
f 249/1037/1037 370/1021/1021 446/1022/1022
f 249/1037/1037 446/1022/1022 438/1036/1036
f 438/1036/1036 446/1022/1022 562/1035/1035
f 562/1035/1035 446/1022/1022 494/1023/1023
f 562/1035/1035 494/1023/1023 742/1034/1034
f 742/1034/1034 494/1023/1023 850/1033/1033
f 850/1033/1033 494/1023/1023 610/1024/1024
f 850/1033/1033 610/1024/1024 858/1032/1032
f 858/1032/1032 610/1024/1024 657/1025/1025
f 858/1032/1032 657/1025/1025 865/1031/1031
f 865/1031/1031 657/1025/1025 857/1049/1049
f 857/1049/1049 657/1025/1025 609/1026/1026
f 857/1049/1049 609/1026/1026 849/1048/1048
f 849/1048/1048 609/1026/1026 493/1027/1027
f 849/1048/1048 493/1027/1027 741/1047/1047
f 741/1047/1047 493/1027/1027 561/1046/1046
f 561/1046/1046 493/1027/1027 445/1028/1028
f 561/1046/1046 445/1028/1028 437/1045/1045
f 437/1045/1045 445/1028/1028 248/1044/1044
f 248/1044/1044 445/1028/1028 369/1029/1029
f 248/1044/1044 369/1029/1029 33/1043/1043
f 33/1043/1043 369/1029/1029 277/1030/1030
f 281/1051/1051 17/1071/1071 227/1050/1050
f 227/1050/1050 17/1071/1071 18/1072/1072
f 227/1050/1050 18/1072/1072 282/1061/1061
f 282/1061/1061 18/1072/1072 30/1073/1073
f 282/1061/1061 30/1073/1073 38/1074/1074
f 373/1052/1052 37/1069/1069 281/1051/1051
f 281/1051/1051 37/1069/1069 29/1070/1070
f 281/1051/1051 29/1070/1070 17/1071/1071
f 37/1069/1069 373/1052/1052 252/1068/1068
f 252/1068/1068 373/1052/1052 449/1053/1053
f 252/1068/1068 449/1053/1053 441/1067/1067
f 441/1067/1067 449/1053/1053 565/1066/1066
f 565/1066/1066 449/1053/1053 497/1054/1054
f 565/1066/1066 497/1054/1054 745/1065/1065
f 745/1065/1065 497/1054/1054 853/1064/1064
f 853/1064/1064 497/1054/1054 613/1055/1055
f 853/1064/1064 613/1055/1055 861/1063/1063
f 861/1063/1063 613/1055/1055 659/1056/1056
f 861/1063/1063 659/1056/1056 867/1062/1062
f 867/1062/1062 659/1056/1056 862/1080/1080
f 862/1080/1080 659/1056/1056 614/1057/1057
f 862/1080/1080 614/1057/1057 854/1079/1079
f 854/1079/1079 614/1057/1057 498/1058/1058
f 854/1079/1079 498/1058/1058 746/1078/1078
f 746/1078/1078 498/1058/1058 566/1077/1077
f 566/1077/1077 498/1058/1058 450/1059/1059
f 566/1077/1077 450/1059/1059 442/1076/1076
f 442/1076/1076 450/1059/1059 253/1075/1075
f 253/1075/1075 450/1059/1059 374/1060/1060
f 253/1075/1075 374/1060/1060 38/1074/1074
f 38/1074/1074 374/1060/1060 282/1061/1061
f 1112/1082/1082 1076/1102/1102 1098/1081/1081
f 1098/1081/1081 1076/1102/1102 1075/1103/1103
f 1098/1081/1081 1075/1103/1103 1111/1092/1092
f 1111/1092/1092 1075/1103/1103 1083/1104/1104
f 1111/1092/1092 1083/1104/1104 1091/1105/1105
f 1120/1083/1083 1092/1100/1100 1112/1082/1082
f 1112/1082/1082 1092/1100/1100 1084/1101/1101
f 1112/1082/1082 1084/1101/1101 1076/1102/1102
f 1092/1100/1100 1120/1083/1083 1104/1099/1099
f 1104/1099/1099 1120/1083/1083 1136/1084/1084
f 1104/1099/1099 1136/1084/1084 1128/1098/1098
f 1128/1098/1098 1136/1084/1084 1156/1097/1097
f 1156/1097/1097 1136/1084/1084 1148/1085/1085
f 1156/1097/1097 1148/1085/1085 1180/1096/1096
f 1180/1096/1096 1148/1085/1085 1192/1095/1095
f 1192/1095/1095 1148/1085/1085 1164/1086/1086
f 1192/1095/1095 1164/1086/1086 1204/1094/1094
f 1204/1094/1094 1164/1086/1086 1170/1087/1087
f 1204/1094/1094 1170/1087/1087 1216/1093/1093
f 1216/1093/1093 1170/1087/1087 1203/1111/1111
f 1203/1111/1111 1170/1087/1087 1163/1088/1088
f 1203/1111/1111 1163/1088/1088 1191/1110/1110
f 1191/1110/1110 1163/1088/1088 1147/1089/1089
f 1191/1110/1110 1147/1089/1089 1179/1109/1109
f 1179/1109/1109 1147/1089/1089 1155/1108/1108
f 1155/1108/1108 1147/1089/1089 1135/1090/1090
f 1155/1108/1108 1135/1090/1090 1127/1107/1107
f 1127/1107/1107 1135/1090/1090 1103/1106/1106
f 1103/1106/1106 1135/1090/1090 1119/1091/1091
f 1103/1106/1106 1119/1091/1091 1091/1105/1105
f 1091/1105/1105 1119/1091/1091 1111/1092/1092
f 1115/1113/1113 1079/1133/1133 1100/1112/1112
f 1100/1112/1112 1079/1133/1133 1080/1134/1134
f 1100/1112/1112 1080/1134/1134 1116/1123/1123
f 1116/1123/1123 1080/1134/1134 1088/1135/1135
f 1116/1123/1123 1088/1135/1135 1096/1136/1136
f 1123/1114/1114 1095/1131/1131 1115/1113/1113
f 1115/1113/1113 1095/1131/1131 1087/1132/1132
f 1115/1113/1113 1087/1132/1132 1079/1133/1133
f 1095/1131/1131 1123/1114/1114 1107/1130/1130
f 1107/1130/1130 1123/1114/1114 1139/1115/1115
f 1107/1130/1130 1139/1115/1115 1131/1129/1129
f 1131/1129/1129 1139/1115/1115 1159/1128/1128
f 1159/1128/1128 1139/1115/1115 1151/1116/1116
f 1159/1128/1128 1151/1116/1116 1183/1127/1127
f 1183/1127/1127 1151/1116/1116 1195/1126/1126
f 1195/1126/1126 1151/1116/1116 1167/1117/1117
f 1195/1126/1126 1167/1117/1117 1207/1125/1125
f 1207/1125/1125 1167/1117/1117 1172/1118/1118
f 1207/1125/1125 1172/1118/1118 1220/1124/1124
f 1220/1124/1124 1172/1118/1118 1208/1142/1142
f 1208/1142/1142 1172/1118/1118 1168/1119/1119
f 1208/1142/1142 1168/1119/1119 1196/1141/1141
f 1196/1141/1141 1168/1119/1119 1152/1120/1120
f 1196/1141/1141 1152/1120/1120 1184/1140/1140
f 1184/1140/1140 1152/1120/1120 1160/1139/1139
f 1160/1139/1139 1152/1120/1120 1140/1121/1121
f 1160/1139/1139 1140/1121/1121 1132/1138/1138
f 1132/1138/1138 1140/1121/1121 1108/1137/1137
f 1108/1137/1137 1140/1121/1121 1124/1122/1122
f 1108/1137/1137 1124/1122/1122 1096/1136/1136
f 1096/1136/1136 1124/1122/1122 1116/1123/1123
f 280/1144/1144 16/1164/1164 226/1143/1143
f 226/1143/1143 16/1164/1164 15/1165/1165
f 226/1143/1143 15/1165/1165 279/1154/1154
f 279/1154/1154 15/1165/1165 27/1166/1166
f 279/1154/1154 27/1166/1166 35/1167/1167
f 372/1145/1145 36/1162/1162 280/1144/1144
f 280/1144/1144 36/1162/1162 28/1163/1163
f 280/1144/1144 28/1163/1163 16/1164/1164
f 36/1162/1162 372/1145/1145 251/1161/1161
f 251/1161/1161 372/1145/1145 448/1146/1146
f 251/1161/1161 448/1146/1146 440/1160/1160
f 440/1160/1160 448/1146/1146 564/1159/1159
f 564/1159/1159 448/1146/1146 496/1147/1147
f 564/1159/1159 496/1147/1147 744/1158/1158
f 744/1158/1158 496/1147/1147 852/1157/1157
f 852/1157/1157 496/1147/1147 612/1148/1148
f 852/1157/1157 612/1148/1148 860/1156/1156
f 860/1156/1156 612/1148/1148 658/1149/1149
f 860/1156/1156 658/1149/1149 866/1155/1155
f 866/1155/1155 658/1149/1149 859/1173/1173
f 859/1173/1173 658/1149/1149 611/1150/1150
f 859/1173/1173 611/1150/1150 851/1172/1172
f 851/1172/1172 611/1150/1150 495/1151/1151
f 851/1172/1172 495/1151/1151 743/1171/1171
f 743/1171/1171 495/1151/1151 563/1170/1170
f 563/1170/1170 495/1151/1151 447/1152/1152
f 563/1170/1170 447/1152/1152 439/1169/1169
f 439/1169/1169 447/1152/1152 250/1168/1168
f 250/1168/1168 447/1152/1152 371/1153/1153
f 250/1168/1168 371/1153/1153 35/1167/1167
f 35/1167/1167 371/1153/1153 279/1154/1154
f 283/1175/1175 19/1195/1195 228/1174/1174
f 228/1174/1174 19/1195/1195 20/1196/1196
f 228/1174/1174 20/1196/1196 284/1185/1185
f 284/1185/1185 20/1196/1196 32/1197/1197
f 284/1185/1185 32/1197/1197 40/1198/1198
f 375/1176/1176 39/1193/1193 283/1175/1175
f 283/1175/1175 39/1193/1193 31/1194/1194
f 283/1175/1175 31/1194/1194 19/1195/1195
f 39/1193/1193 375/1176/1176 254/1192/1192
f 254/1192/1192 375/1176/1176 451/1177/1177
f 254/1192/1192 451/1177/1177 443/1191/1191
f 443/1191/1191 451/1177/1177 567/1190/1190
f 567/1190/1190 451/1177/1177 499/1178/1178
f 567/1190/1190 499/1178/1178 747/1189/1189
f 747/1189/1189 499/1178/1178 855/1188/1188
f 855/1188/1188 499/1178/1178 615/1179/1179
f 855/1188/1188 615/1179/1179 863/1187/1187
f 863/1187/1187 615/1179/1179 660/1180/1180
f 863/1187/1187 660/1180/1180 868/1186/1186
f 868/1186/1186 660/1180/1180 864/1204/1204
f 864/1204/1204 660/1180/1180 616/1181/1181
f 864/1204/1204 616/1181/1181 856/1203/1203
f 856/1203/1203 616/1181/1181 500/1182/1182
f 856/1203/1203 500/1182/1182 748/1202/1202
f 748/1202/1202 500/1182/1182 568/1201/1201
f 568/1201/1201 500/1182/1182 452/1183/1183
f 568/1201/1201 452/1183/1183 444/1200/1200
f 444/1200/1200 452/1183/1183 255/1199/1199
f 255/1199/1199 452/1183/1183 376/1184/1184
f 255/1199/1199 376/1184/1184 40/1198/1198
f 40/1198/1198 376/1184/1184 284/1185/1185
f 1014/1212/1212 1012/1205/1205 1010/1211/1211
f 1010/1211/1211 1012/1205/1205 1008/1206/1206
f 1010/1211/1211 1008/1206/1206 1006/1210/1210
f 1006/1210/1210 1008/1206/1206 1004/1207/1207
f 1006/1210/1210 1004/1207/1207 1002/1209/1209
f 1002/1209/1209 1004/1207/1207 1000/1208/1208
f 1000/1214/1214 999/1215/1215 1002/1213/1213
f 1002/1213/1213 999/1215/1215 1001/1216/1216
f 1198/1224/1224 1200/1217/1217 1215/1223/1223
f 1215/1223/1223 1200/1217/1217 1219/1218/1218
f 1215/1223/1223 1219/1218/1218 1226/1222/1222
f 1226/1222/1222 1219/1218/1218 1228/1219/1219
f 1226/1222/1222 1228/1219/1219 1231/1221/1221
f 1231/1221/1221 1228/1219/1219 1235/1220/1220
f 1014/1226/1226 1200/1227/1227 1012/1225/1225
f 1012/1225/1225 1200/1227/1227 1198/1228/1228
usemtl 13,157,13
f 522/1230/1230 378/1413/1413 453/1229/1229
f 453/1229/1229 378/1413/1413 377/1414/1414
f 453/1229/1229 377/1414/1414 521/1237/1237
f 521/1237/1237 377/1414/1414 438/1622/1622
f 521/1237/1237 438/1622/1622 562/1623/1623
f 618/1231/1231 619/1245/1245 522/1230/1230
f 522/1230/1230 619/1245/1245 523/1246/1246
f 522/1230/1230 523/1246/1246 378/1413/1413
f 378/1413/1413 523/1246/1246 290/1412/1412
f 290/1412/1412 523/1246/1246 291/1424/1424
f 290/1412/1412 291/1424/1424 186/1411/1411
f 186/1411/1411 291/1424/1424 187/1425/1425
f 186/1411/1411 187/1425/1425 106/1410/1410
f 106/1410/1410 187/1425/1425 107/1426/1426
f 106/1410/1410 107/1426/1426 41/1409/1409
f 41/1409/1409 107/1426/1426 42/1418/1418
f 41/1409/1409 42/1418/1418 1/1697/1697
f 1/1697/1697 42/1418/1418 43/1427/1427
f 1/1697/1697 43/1427/1427 44/1436/1436
f 44/1436/1436 43/1427/1427 111/1444/1444
f 111/1444/1444 43/1427/1427 110/1428/1428
f 111/1444/1444 110/1428/1428 191/1443/1443
f 191/1443/1443 110/1428/1428 190/1429/1429
f 191/1443/1443 190/1429/1429 295/1442/1442
f 295/1442/1442 190/1429/1429 294/1430/1430
f 295/1442/1442 294/1430/1430 527/1264/1264
f 527/1264/1264 294/1430/1430 382/1431/1431
f 527/1264/1264 382/1431/1431 526/1248/1248
f 526/1248/1248 382/1431/1431 455/1247/1247
f 455/1247/1247 382/1431/1431 381/1432/1432
f 455/1247/1247 381/1432/1432 525/1255/1255
f 525/1255/1255 381/1432/1432 293/1433/1433
f 525/1255/1255 293/1433/1433 292/1421/1421
f 292/1421/1421 293/1433/1433 188/1420/1420
f 188/1420/1420 293/1433/1433 189/1434/1434
f 188/1420/1420 189/1434/1434 108/1419/1419
f 108/1419/1419 189/1434/1434 109/1435/1435
f 108/1419/1419 109/1435/1435 42/1418/1418
f 42/1418/1418 109/1435/1435 43/1427/1427
f 619/1245/1245 618/1231/1231 703/1244/1244
f 703/1244/1244 618/1231/1231 702/1232/1232
f 703/1244/1244 702/1232/1232 791/1243/1243
f 791/1243/1243 702/1232/1232 790/1233/1233
f 791/1243/1243 790/1233/1233 884/1725/1725
f 884/1725/1725 790/1233/1233 880/1724/1724
f 880/1724/1724 790/1233/1233 789/1234/1234
f 880/1724/1724 789/1234/1234 876/1723/1723
f 876/1723/1723 789/1234/1234 850/1625/1625
f 876/1723/1723 850/1625/1625 858/1626/1626
f 850/1625/1625 789/1234/1234 742/1624/1624
f 742/1624/1624 789/1234/1234 701/1235/1235
f 742/1624/1624 701/1235/1235 617/1236/1236
f 742/1624/1624 617/1236/1236 562/1623/1623
f 562/1623/1623 617/1236/1236 521/1237/1237
f 524/1239/1239 380/1422/1422 454/1238/1238
f 454/1238/1238 380/1422/1422 379/1423/1423
f 454/1238/1238 379/1423/1423 523/1246/1246
f 523/1246/1246 379/1423/1423 291/1424/1424
f 620/1240/1240 621/1254/1254 524/1239/1239
f 524/1239/1239 621/1254/1254 525/1255/1255
f 524/1239/1239 525/1255/1255 380/1422/1422
f 380/1422/1422 525/1255/1255 292/1421/1421
f 621/1254/1254 620/1240/1240 705/1253/1253
f 705/1253/1253 620/1240/1240 704/1241/1241
f 705/1253/1253 704/1241/1241 793/1252/1252
f 793/1252/1252 704/1241/1241 792/1242/1242
f 793/1252/1252 792/1242/1242 884/1725/1725
f 884/1725/1725 792/1242/1242 791/1243/1243
f 527/1264/1264 526/1248/1248 623/1263/1263
f 623/1263/1263 526/1248/1248 622/1249/1249
f 623/1263/1263 622/1249/1249 707/1262/1262
f 707/1262/1262 622/1249/1249 706/1250/1250
f 707/1262/1262 706/1250/1250 795/1261/1261
f 795/1261/1261 706/1250/1250 794/1251/1251
f 795/1261/1261 794/1251/1251 909/1748/1748
f 909/1748/1748 794/1251/1251 793/1252/1252
f 909/1748/1748 793/1252/1252 888/1726/1726
f 888/1726/1726 793/1252/1252 884/1725/1725
f 528/1257/1257 384/1440/1440 456/1256/1256
f 456/1256/1256 384/1440/1440 383/1441/1441
f 456/1256/1256 383/1441/1441 527/1264/1264
f 527/1264/1264 383/1441/1441 295/1442/1442
f 624/1258/1258 625/1272/1272 528/1257/1257
f 528/1257/1257 625/1272/1272 529/1273/1273
f 528/1257/1257 529/1273/1273 384/1440/1440
f 384/1440/1440 529/1273/1273 296/1439/1439
f 296/1439/1439 529/1273/1273 297/1451/1451
f 296/1439/1439 297/1451/1451 192/1438/1438
f 192/1438/1438 297/1451/1451 193/1452/1452
f 192/1438/1438 193/1452/1452 112/1437/1437
f 112/1437/1437 193/1452/1452 113/1453/1453
f 112/1437/1437 113/1453/1453 44/1436/1436
f 44/1436/1436 113/1453/1453 45/1445/1445
f 44/1436/1436 45/1445/1445 1/1697/1697
f 1/1697/1697 45/1445/1445 46/1454/1454
f 1/1697/1697 46/1454/1454 47/1463/1463
f 47/1463/1463 46/1454/1454 117/1471/1471
f 117/1471/1471 46/1454/1454 116/1455/1455
f 117/1471/1471 116/1455/1455 197/1470/1470
f 197/1470/1470 116/1455/1455 196/1456/1456
f 197/1470/1470 196/1456/1456 301/1469/1469
f 301/1469/1469 196/1456/1456 300/1457/1457
f 301/1469/1469 300/1457/1457 533/1291/1291
f 533/1291/1291 300/1457/1457 388/1458/1458
f 533/1291/1291 388/1458/1458 532/1275/1275
f 532/1275/1275 388/1458/1458 458/1274/1274
f 458/1274/1274 388/1458/1458 387/1459/1459
f 458/1274/1274 387/1459/1459 531/1282/1282
f 531/1282/1282 387/1459/1459 299/1460/1460
f 531/1282/1282 299/1460/1460 298/1448/1448
f 298/1448/1448 299/1460/1460 194/1447/1447
f 194/1447/1447 299/1460/1460 195/1461/1461
f 194/1447/1447 195/1461/1461 114/1446/1446
f 114/1446/1446 195/1461/1461 115/1462/1462
f 114/1446/1446 115/1462/1462 45/1445/1445
f 45/1445/1445 115/1462/1462 46/1454/1454
f 625/1272/1272 624/1258/1258 709/1271/1271
f 709/1271/1271 624/1258/1258 708/1259/1259
f 709/1271/1271 708/1259/1259 797/1270/1270
f 797/1270/1270 708/1259/1259 796/1260/1260
f 797/1270/1270 796/1260/1260 903/1749/1749
f 903/1749/1749 796/1260/1260 909/1748/1748
f 909/1748/1748 796/1260/1260 795/1261/1261
f 530/1266/1266 386/1449/1449 457/1265/1265
f 457/1265/1265 386/1449/1449 385/1450/1450
f 457/1265/1265 385/1450/1450 529/1273/1273
f 529/1273/1273 385/1450/1450 297/1451/1451
f 626/1267/1267 627/1281/1281 530/1266/1266
f 530/1266/1266 627/1281/1281 531/1282/1282
f 530/1266/1266 531/1282/1282 386/1449/1449
f 386/1449/1449 531/1282/1282 298/1448/1448
f 627/1281/1281 626/1267/1267 711/1280/1280
f 711/1280/1280 626/1267/1267 710/1268/1268
f 711/1280/1280 710/1268/1268 799/1279/1279
f 799/1279/1279 710/1268/1268 798/1269/1269
f 799/1279/1279 798/1269/1269 903/1749/1749
f 903/1749/1749 798/1269/1269 797/1270/1270
f 533/1291/1291 532/1275/1275 629/1290/1290
f 629/1290/1290 532/1275/1275 628/1276/1276
f 629/1290/1290 628/1276/1276 713/1289/1289
f 713/1289/1289 628/1276/1276 712/1277/1277
f 713/1289/1289 712/1277/1277 801/1288/1288
f 801/1288/1288 712/1277/1277 800/1278/1278
f 801/1288/1288 800/1278/1278 899/1736/1736
f 899/1736/1736 800/1278/1278 799/1279/1279
f 899/1736/1736 799/1279/1279 903/1749/1749
f 534/1284/1284 390/1467/1467 459/1283/1283
f 459/1283/1283 390/1467/1467 389/1468/1468
f 459/1283/1283 389/1468/1468 533/1291/1291
f 533/1291/1291 389/1468/1468 301/1469/1469
f 630/1285/1285 631/1299/1299 534/1284/1284
f 534/1284/1284 631/1299/1299 535/1300/1300
f 534/1284/1284 535/1300/1300 390/1467/1467
f 390/1467/1467 535/1300/1300 302/1466/1466
f 302/1466/1466 535/1300/1300 303/1478/1478
f 302/1466/1466 303/1478/1478 198/1465/1465
f 198/1465/1465 303/1478/1478 199/1479/1479
f 198/1465/1465 199/1479/1479 118/1464/1464
f 118/1464/1464 199/1479/1479 119/1480/1480
f 118/1464/1464 119/1480/1480 47/1463/1463
f 47/1463/1463 119/1480/1480 48/1472/1472
f 47/1463/1463 48/1472/1472 1/1697/1697
f 1/1697/1697 48/1472/1472 49/1481/1481
f 1/1697/1697 49/1481/1481 50/1490/1490
f 50/1490/1490 49/1481/1481 123/1498/1498
f 123/1498/1498 49/1481/1481 122/1482/1482
f 123/1498/1498 122/1482/1482 203/1497/1497
f 203/1497/1497 122/1482/1482 202/1483/1483
f 203/1497/1497 202/1483/1483 307/1496/1496
f 307/1496/1496 202/1483/1483 306/1484/1484
f 307/1496/1496 306/1484/1484 539/1318/1318
f 539/1318/1318 306/1484/1484 394/1485/1485
f 539/1318/1318 394/1485/1485 538/1302/1302
f 538/1302/1302 394/1485/1485 461/1301/1301
f 461/1301/1301 394/1485/1485 393/1486/1486
f 461/1301/1301 393/1486/1486 537/1309/1309
f 537/1309/1309 393/1486/1486 305/1487/1487
f 537/1309/1309 305/1487/1487 304/1475/1475
f 304/1475/1475 305/1487/1487 200/1474/1474
f 200/1474/1474 305/1487/1487 201/1488/1488
f 200/1474/1474 201/1488/1488 120/1473/1473
f 120/1473/1473 201/1488/1488 121/1489/1489
f 120/1473/1473 121/1489/1489 48/1472/1472
f 48/1472/1472 121/1489/1489 49/1481/1481
f 631/1299/1299 630/1285/1285 715/1298/1298
f 715/1298/1298 630/1285/1285 714/1286/1286
f 715/1298/1298 714/1286/1286 803/1297/1297
f 803/1297/1297 714/1286/1286 802/1287/1287
f 803/1297/1297 802/1287/1287 904/1737/1737
f 904/1737/1737 802/1287/1287 899/1736/1736
f 899/1736/1736 802/1287/1287 801/1288/1288
f 536/1293/1293 392/1476/1476 460/1292/1292
f 460/1292/1292 392/1476/1476 391/1477/1477
f 460/1292/1292 391/1477/1477 535/1300/1300
f 535/1300/1300 391/1477/1477 303/1478/1478
f 632/1294/1294 633/1308/1308 536/1293/1293
f 536/1293/1293 633/1308/1308 537/1309/1309
f 536/1293/1293 537/1309/1309 392/1476/1476
f 392/1476/1476 537/1309/1309 304/1475/1475
f 633/1308/1308 632/1294/1294 717/1307/1307
f 717/1307/1307 632/1294/1294 716/1295/1295
f 717/1307/1307 716/1295/1295 805/1306/1306
f 805/1306/1306 716/1295/1295 804/1296/1296
f 805/1306/1306 804/1296/1296 904/1737/1737
f 904/1737/1737 804/1296/1296 803/1297/1297
f 539/1318/1318 538/1302/1302 635/1317/1317
f 635/1317/1317 538/1302/1302 634/1303/1303
f 635/1317/1317 634/1303/1303 719/1316/1316
f 719/1316/1316 634/1303/1303 718/1304/1304
f 719/1316/1316 718/1304/1304 807/1315/1315
f 807/1315/1315 718/1304/1304 806/1305/1305
f 807/1315/1315 806/1305/1305 910/1738/1738
f 910/1738/1738 806/1305/1305 805/1306/1306
f 910/1738/1738 805/1306/1306 904/1737/1737
f 540/1311/1311 396/1494/1494 462/1310/1310
f 462/1310/1310 396/1494/1494 395/1495/1495
f 462/1310/1310 395/1495/1495 539/1318/1318
f 539/1318/1318 395/1495/1495 307/1496/1496
f 636/1312/1312 637/1326/1326 540/1311/1311
f 540/1311/1311 637/1326/1326 541/1327/1327
f 540/1311/1311 541/1327/1327 396/1494/1494
f 396/1494/1494 541/1327/1327 308/1493/1493
f 308/1493/1493 541/1327/1327 309/1505/1505
f 308/1493/1493 309/1505/1505 204/1492/1492
f 204/1492/1492 309/1505/1505 205/1506/1506
f 204/1492/1492 205/1506/1506 124/1491/1491
f 124/1491/1491 205/1506/1506 125/1507/1507
f 124/1491/1491 125/1507/1507 50/1490/1490
f 50/1490/1490 125/1507/1507 51/1499/1499
f 50/1490/1490 51/1499/1499 1/1697/1697
f 1/1697/1697 51/1499/1499 2/1696/1696
f 2/1696/1696 51/1499/1499 52/1508/1508
f 2/1696/1696 52/1508/1508 53/1517/1517
f 53/1517/1517 52/1508/1508 129/1525/1525
f 129/1525/1525 52/1508/1508 128/1509/1509
f 129/1525/1525 128/1509/1509 209/1524/1524
f 209/1524/1524 128/1509/1509 208/1510/1510
f 209/1524/1524 208/1510/1510 313/1523/1523
f 313/1523/1523 208/1510/1510 312/1511/1511
f 313/1523/1523 312/1511/1511 545/1345/1345
f 545/1345/1345 312/1511/1511 400/1512/1512
f 545/1345/1345 400/1512/1512 544/1329/1329
f 544/1329/1329 400/1512/1512 464/1328/1328
f 464/1328/1328 400/1512/1512 399/1513/1513
f 464/1328/1328 399/1513/1513 543/1336/1336
f 543/1336/1336 399/1513/1513 311/1514/1514
f 543/1336/1336 311/1514/1514 310/1502/1502
f 310/1502/1502 311/1514/1514 206/1501/1501
f 206/1501/1501 311/1514/1514 207/1515/1515
f 206/1501/1501 207/1515/1515 126/1500/1500
f 126/1500/1500 207/1515/1515 127/1516/1516
f 126/1500/1500 127/1516/1516 51/1499/1499
f 51/1499/1499 127/1516/1516 52/1508/1508
f 637/1326/1326 636/1312/1312 721/1325/1325
f 721/1325/1325 636/1312/1312 720/1313/1313
f 721/1325/1325 720/1313/1313 809/1324/1324
f 809/1324/1324 720/1313/1313 808/1314/1314
f 809/1324/1324 808/1314/1314 910/1738/1738
f 910/1738/1738 808/1314/1314 807/1315/1315
f 542/1320/1320 398/1503/1503 463/1319/1319
f 463/1319/1319 398/1503/1503 397/1504/1504
f 463/1319/1319 397/1504/1504 541/1327/1327
f 541/1327/1327 397/1504/1504 309/1505/1505
f 638/1321/1321 639/1335/1335 542/1320/1320
f 542/1320/1320 639/1335/1335 543/1336/1336
f 542/1320/1320 543/1336/1336 398/1503/1503
f 398/1503/1503 543/1336/1336 310/1502/1502
f 639/1335/1335 638/1321/1321 723/1334/1334
f 723/1334/1334 638/1321/1321 722/1322/1322
f 723/1334/1334 722/1322/1322 811/1333/1333
f 811/1333/1333 722/1322/1322 810/1323/1323
f 811/1333/1333 810/1323/1323 922/1739/1739
f 922/1739/1739 810/1323/1323 809/1324/1324
f 922/1739/1739 809/1324/1324 910/1738/1738
f 545/1345/1345 544/1329/1329 641/1344/1344
f 641/1344/1344 544/1329/1329 640/1330/1330
f 641/1344/1344 640/1330/1330 725/1343/1343
f 725/1343/1343 640/1330/1330 724/1331/1331
f 725/1343/1343 724/1331/1331 813/1342/1342
f 813/1342/1342 724/1331/1331 812/1332/1332
f 813/1342/1342 812/1332/1332 922/1739/1739
f 922/1739/1739 812/1332/1332 811/1333/1333
f 546/1338/1338 402/1521/1521 465/1337/1337
f 465/1337/1337 402/1521/1521 401/1522/1522
f 465/1337/1337 401/1522/1522 545/1345/1345
f 545/1345/1345 401/1522/1522 313/1523/1523
f 642/1339/1339 643/1353/1353 546/1338/1338
f 546/1338/1338 643/1353/1353 547/1354/1354
f 546/1338/1338 547/1354/1354 402/1521/1521
f 402/1521/1521 547/1354/1354 314/1520/1520
f 314/1520/1520 547/1354/1354 315/1532/1532
f 314/1520/1520 315/1532/1532 210/1519/1519
f 210/1519/1519 315/1532/1532 211/1533/1533
f 210/1519/1519 211/1533/1533 130/1518/1518
f 130/1518/1518 211/1533/1533 131/1534/1534
f 130/1518/1518 131/1534/1534 53/1517/1517
f 53/1517/1517 131/1534/1534 54/1526/1526
f 53/1517/1517 54/1526/1526 2/1696/1696
f 2/1696/1696 54/1526/1526 55/1535/1535
f 2/1696/1696 55/1535/1535 56/1544/1544
f 56/1544/1544 55/1535/1535 135/1552/1552
f 135/1552/1552 55/1535/1535 134/1536/1536
f 135/1552/1552 134/1536/1536 215/1551/1551
f 215/1551/1551 134/1536/1536 214/1537/1537
f 215/1551/1551 214/1537/1537 319/1550/1550
f 319/1550/1550 214/1537/1537 318/1538/1538
f 319/1550/1550 318/1538/1538 551/1372/1372
f 551/1372/1372 318/1538/1538 406/1539/1539
f 551/1372/1372 406/1539/1539 550/1356/1356
f 550/1356/1356 406/1539/1539 467/1355/1355
f 467/1355/1355 406/1539/1539 405/1540/1540
f 467/1355/1355 405/1540/1540 549/1363/1363
f 549/1363/1363 405/1540/1540 317/1541/1541
f 549/1363/1363 317/1541/1541 316/1529/1529
f 316/1529/1529 317/1541/1541 212/1528/1528
f 212/1528/1528 317/1541/1541 213/1542/1542
f 212/1528/1528 213/1542/1542 132/1527/1527
f 132/1527/1527 213/1542/1542 133/1543/1543
f 132/1527/1527 133/1543/1543 54/1526/1526
f 54/1526/1526 133/1543/1543 55/1535/1535
f 643/1353/1353 642/1339/1339 727/1352/1352
f 727/1352/1352 642/1339/1339 726/1340/1340
f 727/1352/1352 726/1340/1340 815/1351/1351
f 815/1351/1351 726/1340/1340 814/1341/1341
f 815/1351/1351 814/1341/1341 928/1740/1740
f 928/1740/1740 814/1341/1341 813/1342/1342
f 928/1740/1740 813/1342/1342 922/1739/1739
f 548/1347/1347 404/1530/1530 466/1346/1346
f 466/1346/1346 404/1530/1530 403/1531/1531
f 466/1346/1346 403/1531/1531 547/1354/1354
f 547/1354/1354 403/1531/1531 315/1532/1532
f 644/1348/1348 645/1362/1362 548/1347/1347
f 548/1347/1347 645/1362/1362 549/1363/1363
f 548/1347/1347 549/1363/1363 404/1530/1530
f 404/1530/1530 549/1363/1363 316/1529/1529
f 645/1362/1362 644/1348/1348 729/1361/1361
f 729/1361/1361 644/1348/1348 728/1349/1349
f 729/1361/1361 728/1349/1349 817/1360/1360
f 817/1360/1360 728/1349/1349 816/1350/1350
f 817/1360/1360 816/1350/1350 931/1683/1683
f 931/1683/1683 816/1350/1350 1015/1750/1750
f 931/1683/1683 1015/1750/1750 963/1682/1682
f 963/1682/1682 1015/1750/1750 1018/1751/1751
f 963/1682/1682 1018/1751/1751 1022/1752/1752
f 1015/1750/1750 816/1350/1350 928/1740/1740
f 928/1740/1740 816/1350/1350 815/1351/1351
f 551/1372/1372 550/1356/1356 647/1371/1371
f 647/1371/1371 550/1356/1356 646/1357/1357
f 647/1371/1371 646/1357/1357 731/1370/1370
f 731/1370/1370 646/1357/1357 730/1358/1358
f 731/1370/1370 730/1358/1358 819/1369/1369
f 819/1369/1369 730/1358/1358 818/1359/1359
f 819/1369/1369 818/1359/1359 931/1683/1683
f 931/1683/1683 818/1359/1359 817/1360/1360
f 552/1365/1365 408/1548/1548 468/1364/1364
f 468/1364/1364 408/1548/1548 407/1549/1549
f 468/1364/1364 407/1549/1549 551/1372/1372
f 551/1372/1372 407/1549/1549 319/1550/1550
f 648/1366/1366 649/1380/1380 552/1365/1365
f 552/1365/1365 649/1380/1380 553/1381/1381
f 552/1365/1365 553/1381/1381 408/1548/1548
f 408/1548/1548 553/1381/1381 320/1547/1547
f 320/1547/1547 553/1381/1381 321/1559/1559
f 320/1547/1547 321/1559/1559 216/1546/1546
f 216/1546/1546 321/1559/1559 217/1560/1560
f 216/1546/1546 217/1560/1560 136/1545/1545
f 136/1545/1545 217/1560/1560 137/1561/1561
f 136/1545/1545 137/1561/1561 56/1544/1544
f 56/1544/1544 137/1561/1561 57/1553/1553
f 56/1544/1544 57/1553/1553 2/1696/1696
f 2/1696/1696 57/1553/1553 58/1562/1562
f 2/1696/1696 58/1562/1562 59/1571/1571
f 59/1571/1571 58/1562/1562 141/1579/1579
f 141/1579/1579 58/1562/1562 140/1563/1563
f 141/1579/1579 140/1563/1563 221/1578/1578
f 221/1578/1578 140/1563/1563 220/1564/1564
f 221/1578/1578 220/1564/1564 325/1577/1577
f 325/1577/1577 220/1564/1564 324/1565/1565
f 325/1577/1577 324/1565/1565 557/1399/1399
f 557/1399/1399 324/1565/1565 412/1566/1566
f 557/1399/1399 412/1566/1566 556/1383/1383
f 556/1383/1383 412/1566/1566 470/1382/1382
f 470/1382/1382 412/1566/1566 411/1567/1567
f 470/1382/1382 411/1567/1567 555/1390/1390
f 555/1390/1390 411/1567/1567 323/1568/1568
f 555/1390/1390 323/1568/1568 322/1556/1556
f 322/1556/1556 323/1568/1568 218/1555/1555
f 218/1555/1555 323/1568/1568 219/1569/1569
f 218/1555/1555 219/1569/1569 138/1554/1554
f 138/1554/1554 219/1569/1569 139/1570/1570
f 138/1554/1554 139/1570/1570 57/1553/1553
f 57/1553/1553 139/1570/1570 58/1562/1562
f 649/1380/1380 648/1366/1366 733/1379/1379
f 733/1379/1379 648/1366/1366 732/1367/1367
f 733/1379/1379 732/1367/1367 821/1378/1378
f 821/1378/1378 732/1367/1367 820/1368/1368
f 821/1378/1378 820/1368/1368 931/1683/1683
f 931/1683/1683 820/1368/1368 819/1369/1369
f 554/1374/1374 410/1557/1557 469/1373/1373
f 469/1373/1373 410/1557/1557 409/1558/1558
f 469/1373/1373 409/1558/1558 553/1381/1381
f 553/1381/1381 409/1558/1558 321/1559/1559
f 650/1375/1375 651/1389/1389 554/1374/1374
f 554/1374/1374 651/1389/1389 555/1390/1390
f 554/1374/1374 555/1390/1390 410/1557/1557
f 410/1557/1557 555/1390/1390 322/1556/1556
f 651/1389/1389 650/1375/1375 735/1388/1388
f 735/1388/1388 650/1375/1375 734/1376/1376
f 735/1388/1388 734/1376/1376 823/1387/1387
f 823/1387/1387 734/1376/1376 822/1377/1377
f 823/1387/1387 822/1377/1377 925/1684/1684
f 925/1684/1684 822/1377/1377 821/1378/1378
f 925/1684/1684 821/1378/1378 931/1683/1683
f 557/1399/1399 556/1383/1383 653/1398/1398
f 653/1398/1398 556/1383/1383 652/1384/1384
f 653/1398/1398 652/1384/1384 737/1397/1397
f 737/1397/1397 652/1384/1384 736/1385/1385
f 737/1397/1397 736/1385/1385 825/1396/1396
f 825/1396/1396 736/1385/1385 824/1386/1386
f 825/1396/1396 824/1386/1386 925/1684/1684
f 925/1684/1684 824/1386/1386 823/1387/1387
f 558/1392/1392 414/1575/1575 471/1391/1391
f 471/1391/1391 414/1575/1575 413/1576/1576
f 471/1391/1391 413/1576/1576 557/1399/1399
f 557/1399/1399 413/1576/1576 325/1577/1577
f 654/1393/1393 655/1407/1407 558/1392/1392
f 558/1392/1392 655/1407/1407 559/1408/1408
f 558/1392/1392 559/1408/1408 414/1575/1575
f 414/1575/1575 559/1408/1408 326/1574/1574
f 326/1574/1574 559/1408/1408 327/1586/1586
f 326/1574/1574 327/1586/1586 222/1573/1573
f 222/1573/1573 327/1586/1586 223/1587/1587
f 222/1573/1573 223/1587/1587 142/1572/1572
f 142/1572/1572 223/1587/1587 143/1588/1588
f 142/1572/1572 143/1588/1588 59/1571/1571
f 59/1571/1571 143/1588/1588 60/1580/1580
f 59/1571/1571 60/1580/1580 2/1696/1696
f 2/1696/1696 60/1580/1580 27/1654/1654
f 2/1696/1696 27/1654/1654 15/1655/1655
f 655/1407/1407 654/1393/1393 739/1406/1406
f 739/1406/1406 654/1393/1393 738/1394/1394
f 739/1406/1406 738/1394/1394 827/1405/1405
f 827/1405/1405 738/1394/1394 826/1395/1395
f 827/1405/1405 826/1395/1395 919/1685/1685
f 919/1685/1685 826/1395/1395 925/1684/1684
f 925/1684/1684 826/1395/1395 825/1396/1396
f 560/1401/1401 416/1584/1584 472/1400/1400
f 472/1400/1400 416/1584/1584 415/1585/1585
f 472/1400/1400 415/1585/1585 559/1408/1408
f 559/1408/1408 415/1585/1585 327/1586/1586
f 656/1402/1402 563/1650/1650 560/1401/1401
f 560/1401/1401 563/1650/1650 439/1651/1651
f 560/1401/1401 439/1651/1651 416/1584/1584
f 416/1584/1584 439/1651/1651 328/1583/1583
f 328/1583/1583 439/1651/1651 250/1652/1652
f 328/1583/1583 250/1652/1652 224/1582/1582
f 224/1582/1582 250/1652/1652 35/1653/1653
f 224/1582/1582 35/1653/1653 144/1581/1581
f 144/1581/1581 35/1653/1653 27/1654/1654
f 144/1581/1581 27/1654/1654 60/1580/1580
f 563/1650/1650 656/1402/1402 743/1649/1649
f 743/1649/1649 656/1402/1402 740/1403/1403
f 743/1649/1649 740/1403/1403 828/1404/1404
f 827/1405/1405 919/1685/1685 828/1404/1404
f 828/1404/1404 919/1685/1685 859/1647/1647
f 828/1404/1404 859/1647/1647 851/1648/1648
f 377/1414/1414 289/1415/1415 438/1622/1622
f 438/1622/1622 289/1415/1415 249/1621/1621
f 249/1621/1621 289/1415/1415 185/1416/1416
f 249/1621/1621 185/1416/1416 34/1620/1620
f 34/1620/1620 185/1416/1416 105/1417/1417
f 34/1620/1620 105/1417/1417 26/1619/1619
f 26/1619/1619 105/1417/1417 41/1409/1409
f 26/1619/1619 41/1409/1409 1/1697/1697
f 1202/1607/1607 1213/1589/1589 1229/1708/1708
f 1229/1708/1708 1213/1589/1589 1201/1590/1590
f 1229/1708/1708 1201/1590/1590 1221/1707/1707
f 1221/1707/1707 1201/1590/1590 1189/1591/1591
f 1221/1707/1707 1189/1591/1591 1209/1706/1706
f 1209/1706/1706 1189/1591/1591 1185/1705/1705
f 1185/1705/1705 1189/1591/1591 1177/1592/1592
f 1185/1705/1705 1177/1592/1592 1173/1704/1704
f 1173/1704/1704 1177/1592/1592 1153/1593/1593
f 1173/1704/1704 1153/1593/1593 1141/1703/1703
f 1141/1703/1703 1153/1593/1593 1125/1594/1594
f 1141/1703/1703 1125/1594/1594 1101/1595/1595
f 1141/1703/1703 1101/1595/1595 887/1731/1731
f 887/1731/1731 1101/1595/1595 1089/1596/1596
f 887/1731/1731 1089/1596/1596 1007/1714/1714
f 1007/1714/1714 1089/1596/1596 1011/1713/1713
f 1011/1713/1713 1089/1596/1596 1081/1597/1597
f 1011/1713/1713 1081/1597/1597 1073/1598/1598
f 1073/1598/1598 1074/1599/1599 1011/1713/1713
f 1011/1713/1713 1074/1599/1599 1082/1600/1600
f 1011/1713/1713 1082/1600/1600 1090/1601/1601
f 1090/1601/1601 1102/1602/1602 1011/1713/1713
f 1011/1713/1713 1102/1602/1602 1197/1712/1712
f 1197/1712/1712 1102/1602/1602 1126/1603/1603
f 1197/1712/1712 1126/1603/1603 1154/1604/1604
f 1154/1604/1604 1178/1605/1605 1197/1712/1712
f 1197/1712/1712 1178/1605/1605 1190/1606/1606
f 1197/1712/1712 1190/1606/1606 1214/1711/1711
f 1214/1711/1711 1190/1606/1606 1225/1710/1710
f 1225/1710/1710 1190/1606/1606 1230/1709/1709
f 1230/1709/1709 1190/1606/1606 1202/1607/1607
f 1230/1709/1709 1202/1607/1607 1229/1708/1708
f 857/1609/1609 871/1735/1735 865/1608/1608
f 865/1608/1608 871/1735/1735 869/1721/1721
f 865/1608/1608 869/1721/1721 872/1722/1722
f 871/1735/1735 857/1609/1609 875/1734/1734
f 875/1734/1734 857/1609/1609 849/1610/1610
f 875/1734/1734 849/1610/1610 879/1733/1733
f 879/1733/1733 849/1610/1610 741/1611/1611
f 879/1733/1733 741/1611/1611 883/1732/1732
f 883/1732/1732 741/1611/1611 561/1612/1612
f 883/1732/1732 561/1612/1612 285/1702/1702
f 285/1702/1702 561/1612/1612 437/1613/1613
f 285/1702/1702 437/1613/1613 248/1614/1614
f 285/1702/1702 248/1614/1614 82/1701/1701
f 82/1701/1701 248/1614/1614 33/1615/1615
f 82/1701/1701 33/1615/1615 21/1700/1700
f 21/1700/1700 33/1615/1615 25/1616/1616
f 21/1700/1700 25/1616/1616 9/1699/1699
f 9/1699/1699 25/1616/1616 5/1698/1698
f 5/1698/1698 25/1616/1616 13/1617/1617
f 5/1698/1698 13/1617/1617 1/1697/1697
f 1/1697/1697 13/1617/1617 14/1618/1618
f 1/1697/1697 14/1618/1618 26/1619/1619
f 876/1723/1723 858/1626/1626 872/1722/1722
f 872/1722/1722 858/1626/1626 865/1608/1608
f 1204/1645/1645 1216/1627/1627 1232/1669/1669
f 1232/1669/1669 1216/1627/1627 1203/1628/1628
f 1232/1669/1669 1203/1628/1628 1231/1668/1668
f 1231/1668/1668 1203/1628/1628 1191/1629/1629
f 1231/1668/1668 1191/1629/1629 1179/1630/1630
f 1179/1630/1630 1155/1631/1631 1231/1668/1668
f 1231/1668/1668 1155/1631/1631 1037/1758/1758
f 1231/1668/1668 1037/1758/1758 1033/1759/1759
f 1037/1758/1758 1155/1631/1631 1041/1757/1757
f 1041/1757/1757 1155/1631/1631 1127/1632/1632
f 1041/1757/1757 1127/1632/1632 1038/1756/1756
f 1038/1756/1756 1127/1632/1632 1103/1633/1633
f 1038/1756/1756 1103/1633/1633 1057/1775/1775
f 1057/1775/1775 1103/1633/1633 1091/1634/1634
f 1057/1775/1775 1091/1634/1634 1061/1774/1774
f 1061/1774/1774 1091/1634/1634 1083/1635/1635
f 1061/1774/1774 1083/1635/1635 1065/1773/1773
f 1065/1773/1773 1083/1635/1635 1075/1636/1636
f 1065/1773/1773 1075/1636/1636 1069/1772/1772
f 1069/1772/1772 1075/1636/1636 1076/1637/1637
f 1069/1772/1772 1076/1637/1637 1070/1771/1771
f 1070/1771/1771 1076/1637/1637 1066/1770/1770
f 1066/1770/1770 1076/1637/1637 1084/1638/1638
f 1066/1770/1770 1084/1638/1638 1062/1769/1769
f 1062/1769/1769 1084/1638/1638 1092/1639/1639
f 1062/1769/1769 1092/1639/1639 1058/1768/1768
f 1058/1768/1768 1092/1639/1639 1104/1640/1640
f 1058/1768/1768 1104/1640/1640 1142/1674/1674
f 1142/1674/1674 1104/1640/1640 1128/1641/1641
f 1142/1674/1674 1128/1641/1641 1156/1642/1642
f 1142/1674/1674 1156/1642/1642 1174/1673/1673
f 1174/1673/1673 1156/1642/1642 1180/1643/1643
f 1174/1673/1673 1180/1643/1643 1186/1672/1672
f 1186/1672/1672 1180/1643/1643 1192/1644/1644
f 1186/1672/1672 1192/1644/1644 1210/1671/1671
f 1210/1671/1671 1192/1644/1644 1222/1670/1670
f 1222/1670/1670 1192/1644/1644 1204/1645/1645
f 1222/1670/1670 1204/1645/1645 1232/1669/1669
f 859/1647/1647 915/1686/1686 866/1646/1646
f 866/1646/1646 915/1686/1686 900/1690/1690
f 866/1646/1646 900/1690/1690 860/1664/1664
f 860/1664/1664 900/1690/1690 852/1663/1663
f 852/1663/1663 900/1690/1690 744/1662/1662
f 744/1662/1662 900/1690/1690 564/1661/1661
f 564/1661/1661 900/1690/1690 286/1691/1691
f 564/1661/1661 286/1691/1691 440/1660/1660
f 440/1660/1660 286/1691/1691 251/1659/1659
f 251/1659/1659 286/1691/1691 83/1692/1692
f 251/1659/1659 83/1692/1692 36/1658/1658
f 36/1658/1658 83/1692/1692 22/1693/1693
f 36/1658/1658 22/1693/1693 28/1657/1657
f 28/1657/1657 22/1693/1693 10/1694/1694
f 28/1657/1657 10/1694/1694 6/1695/1695
f 851/1648/1648 743/1649/1649 828/1404/1404
f 15/1655/1655 16/1656/1656 2/1696/1696
f 2/1696/1696 16/1656/1656 6/1695/1695
f 6/1695/1695 16/1656/1656 28/1657/1657
f 1012/1720/1720 1198/1665/1665 1231/1668/1668
f 1231/1668/1668 1198/1665/1665 1215/1666/1666
f 1231/1668/1668 1215/1666/1666 1226/1667/1667
f 1142/1674/1674 977/1675/1675 1058/1768/1768
f 1058/1768/1768 977/1675/1675 1054/1767/1767
f 1054/1767/1767 977/1675/1675 1050/1766/1766
f 1050/1766/1766 977/1675/1675 1046/1765/1765
f 1046/1765/1765 977/1675/1675 1043/1764/1764
f 1043/1764/1764 977/1675/1675 969/1679/1679
f 1043/1764/1764 969/1679/1679 1045/1778/1778
f 1045/1778/1778 969/1679/1679 967/1680/1680
f 1045/1778/1778 967/1680/1680 1049/1777/1777
f 1049/1777/1777 967/1680/1680 1026/1753/1753
f 1049/1777/1777 1026/1753/1753 1030/1754/1754
f 969/1679/1679 977/1675/1675 970/1678/1678
f 970/1678/1678 977/1675/1675 975/1676/1676
f 970/1678/1678 975/1676/1676 973/1677/1677
f 967/1680/1680 965/1681/1681 1026/1753/1753
f 1026/1753/1753 965/1681/1681 1022/1752/1752
f 1022/1752/1752 965/1681/1681 963/1682/1682
f 919/1685/1685 915/1686/1686 859/1647/1647
f 915/1686/1686 916/1687/1687 900/1690/1690
f 900/1690/1690 916/1687/1687 907/1689/1689
f 907/1689/1689 916/1687/1687 913/1688/1688
f 285/1702/1702 1141/1703/1703 883/1732/1732
f 883/1732/1732 1141/1703/1703 887/1731/1731
f 887/1731/1731 1007/1714/1714 891/1730/1730
f 891/1730/1730 1007/1714/1714 1003/1715/1715
f 891/1730/1730 1003/1715/1715 895/1729/1729
f 895/1729/1729 1003/1715/1715 896/1728/1728
f 896/1728/1728 1003/1715/1715 999/1716/1716
f 896/1728/1728 999/1716/1716 933/1745/1745
f 933/1745/1745 999/1716/1716 1000/1717/1717
f 933/1745/1745 1000/1717/1717 937/1744/1744
f 937/1744/1744 1000/1717/1717 941/1743/1743
f 941/1743/1743 1000/1717/1717 1004/1718/1718
f 941/1743/1743 1004/1718/1718 938/1742/1742
f 938/1742/1742 1004/1718/1718 1008/1719/1719
f 938/1742/1742 1008/1719/1719 1021/1762/1762
f 1021/1762/1762 1008/1719/1719 1025/1761/1761
f 1025/1761/1761 1008/1719/1719 1012/1720/1720
f 1025/1761/1761 1012/1720/1720 1029/1760/1760
f 1029/1760/1760 1012/1720/1720 1033/1759/1759
f 1033/1759/1759 1012/1720/1720 1231/1668/1668
f 909/1748/1748 888/1726/1726 921/1747/1747
f 921/1747/1747 888/1726/1726 892/1727/1727
f 921/1747/1747 892/1727/1727 927/1746/1746
f 927/1746/1746 892/1727/1727 896/1728/1728
f 927/1746/1746 896/1728/1728 933/1745/1745
f 1015/1750/1750 928/1740/1740 1017/1763/1763
f 1017/1763/1763 928/1740/1740 934/1741/1741
f 1017/1763/1763 934/1741/1741 938/1742/1742
f 1049/1777/1777 1030/1754/1754 1053/1776/1776
f 1053/1776/1776 1030/1754/1754 1034/1755/1755
f 1053/1776/1776 1034/1755/1755 1057/1775/1775
f 1057/1775/1775 1034/1755/1755 1038/1756/1756
f 1021/1762/1762 1017/1763/1763 938/1742/1742
usemtl 255,227,181
f 1230/1786/1786 1234/1779/1779 1225/1785/1785
f 1225/1785/1785 1234/1779/1779 1227/1780/1780
f 1225/1785/1785 1227/1780/1780 1214/1784/1784
f 1214/1784/1784 1227/1780/1780 1218/1781/1781
f 1214/1784/1784 1218/1781/1781 1197/1783/1783
f 1197/1783/1783 1218/1781/1781 1199/1782/1782
f 1199/1788/1788 1013/1789/1789 1197/1787/1787
f 1197/1787/1787 1013/1789/1789 1011/1790/1790
f 1001/1798/1798 999/1791/1791 1005/1797/1797
f 1005/1797/1797 999/1791/1791 1003/1792/1792
f 1005/1797/1797 1003/1792/1792 1009/1796/1796
f 1009/1796/1796 1003/1792/1792 1007/1793/1793
f 1009/1796/1796 1007/1793/1793 1013/1795/1795
f 1013/1795/1795 1007/1793/1793 1011/1794/1794
f 916/1806/1806 918/1799/1799 913/1805/1805
f 913/1805/1805 918/1799/1799 914/1800/1800
f 913/1805/1805 914/1800/1800 907/1804/1804
f 907/1804/1804 914/1800/1800 908/1801/1801
f 907/1804/1804 908/1801/1801 900/1803/1803
f 900/1803/1803 908/1801/1801 902/1802/1802
f 916/1808/1808 915/1809/1809 918/1807/1807
f 918/1807/1807 915/1809/1809 917/1810/1810
f 917/1818/1818 915/1811/1811 920/1817/1817
f 920/1817/1817 915/1811/1811 919/1812/1812
f 920/1817/1817 919/1812/1812 926/1816/1816
f 926/1816/1816 919/1812/1812 925/1813/1813
f 926/1816/1816 925/1813/1813 932/1815/1815
f 932/1815/1815 925/1813/1813 931/1814/1814
f 931/1820/1820 963/1821/1821 932/1819/1819
f 932/1819/1819 963/1821/1821 964/1822/1822
f 964/1830/1830 963/1823/1823 966/1829/1829
f 966/1829/1829 963/1823/1823 965/1824/1824
f 966/1829/1829 965/1824/1824 968/1828/1828
f 968/1828/1828 965/1824/1824 967/1825/1825
f 968/1828/1828 967/1825/1825 971/1827/1827
f 971/1827/1827 967/1825/1825 969/1826/1826
f 969/1832/1832 970/1833/1833 971/1831/1831
f 971/1831/1831 970/1833/1833 972/1834/1834
f 977/1842/1842 980/1835/1835 975/1841/1841
f 975/1841/1841 980/1835/1835 976/1836/1836
f 975/1841/1841 976/1836/1836 973/1840/1840
f 973/1840/1840 976/1836/1836 974/1837/1837
f 973/1840/1840 974/1837/1837 970/1839/1839
f 970/1839/1839 974/1837/1837 972/1838/1838
f 977/1844/1844 1142/1845/1845 980/1843/1843
f 980/1843/1843 1142/1845/1845 1144/1846/1846
f 1/1858/1858 3/1847/1847 5/1857/1857
f 5/1857/1857 3/1847/1847 7/1848/1848
f 5/1857/1857 7/1848/1848 9/1856/1856
f 9/1856/1856 7/1848/1848 11/1849/1849
f 9/1856/1856 11/1849/1849 21/1855/1855
f 21/1855/1855 11/1849/1849 23/1850/1850
f 21/1855/1855 23/1850/1850 82/1854/1854
f 82/1854/1854 23/1850/1850 84/1851/1851
f 82/1854/1854 84/1851/1851 285/1853/1853
f 285/1853/1853 84/1851/1851 287/1852/1852
f 287/1860/1860 1143/1861/1861 285/1859/1859
f 285/1859/1859 1143/1861/1861 1141/1862/1862
f 1141/1874/1874 1143/1863/1863 1173/1873/1873
f 1173/1873/1873 1143/1863/1863 1175/1864/1864
f 1173/1873/1873 1175/1864/1864 1185/1872/1872
f 1185/1872/1872 1175/1864/1864 1187/1865/1865
f 1185/1872/1872 1187/1865/1865 1209/1871/1871
f 1209/1871/1871 1187/1865/1865 1211/1866/1866
f 1209/1871/1871 1211/1866/1866 1221/1870/1870
f 1221/1870/1870 1211/1866/1866 1223/1867/1867
f 1221/1870/1870 1223/1867/1867 1229/1869/1869
f 1229/1869/1869 1223/1867/1867 1233/1868/1868
f 286/1886/1886 288/1875/1875 83/1885/1885
f 83/1885/1885 288/1875/1875 85/1876/1876
f 83/1885/1885 85/1876/1876 22/1884/1884
f 22/1884/1884 85/1876/1876 24/1877/1877
f 22/1884/1884 24/1877/1877 10/1883/1883
f 10/1883/1883 24/1877/1877 12/1878/1878
f 10/1883/1883 12/1878/1878 6/1882/1882
f 6/1882/1882 12/1878/1878 8/1879/1879
f 6/1882/1882 8/1879/1879 2/1881/1881
f 2/1881/1881 8/1879/1879 4/1880/1880
f 902/1888/1888 288/1889/1889 900/1887/1887
f 900/1887/1887 288/1889/1889 286/1890/1890
f 1232/1902/1902 1236/1891/1891 1222/1901/1901
f 1222/1901/1901 1236/1891/1891 1224/1892/1892
f 1222/1901/1901 1224/1892/1892 1210/1900/1900
f 1210/1900/1900 1224/1892/1892 1212/1893/1893
f 1210/1900/1900 1212/1893/1893 1186/1899/1899
f 1186/1899/1899 1212/1893/1893 1188/1894/1894
f 1186/1899/1899 1188/1894/1894 1174/1898/1898
f 1174/1898/1898 1188/1894/1894 1176/1895/1895
f 1174/1898/1898 1176/1895/1895 1142/1897/1897
f 1142/1897/1897 1176/1895/1895 1144/1896/1896
f 284/1904/1904 280/1926/1926 228/1903/1903
f 228/1903/1903 280/1926/1926 226/1927/1927
f 228/1928/1928 226/1915/1915 283/1914/1914
f 283/1914/1914 226/1915/1915 279/1916/1916
f 283/1914/1914 279/1916/1916 375/1913/1913
f 375/1913/1913 279/1916/1916 371/1917/1917
f 375/1913/1913 371/1917/1917 451/1912/1912
f 451/1912/1912 371/1917/1917 447/1918/1918
f 451/1912/1912 447/1918/1918 499/1911/1911
f 499/1911/1911 447/1918/1918 495/1919/1919
f 499/1911/1911 495/1919/1919 615/1910/1910
f 615/1910/1910 495/1919/1919 611/1920/1920
f 615/1910/1910 611/1920/1920 660/1909/1909
f 660/1909/1909 611/1920/1920 658/1921/1921
f 660/1909/1909 658/1921/1921 616/1908/1908
f 616/1908/1908 658/1921/1921 612/1922/1922
f 616/1908/1908 612/1922/1922 500/1907/1907
f 500/1907/1907 612/1922/1922 496/1923/1923
f 500/1907/1907 496/1923/1923 452/1906/1906
f 452/1906/1906 496/1923/1923 448/1924/1924
f 452/1906/1906 448/1924/1924 376/1905/1905
f 376/1905/1905 448/1924/1924 372/1925/1925
f 376/1905/1905 372/1925/1925 284/1904/1904
f 284/1904/1904 372/1925/1925 280/1926/1926
f 1048/1930/1930 1046/1958/1958 1044/1929/1929
f 1044/1929/1929 1046/1958/1958 1043/1959/1959
f 1044/1960/1960 1043/1944/1944 1047/1943/1943
f 1047/1943/1943 1043/1944/1944 1045/1945/1945
f 1047/1943/1943 1045/1945/1945 1051/1942/1942
f 1051/1942/1942 1045/1945/1945 1049/1946/1946
f 1051/1942/1942 1049/1946/1946 1055/1941/1941
f 1055/1941/1941 1049/1946/1946 1053/1947/1947
f 1055/1941/1941 1053/1947/1947 1059/1940/1940
f 1059/1940/1940 1053/1947/1947 1057/1948/1948
f 1059/1940/1940 1057/1948/1948 1063/1939/1939
f 1063/1939/1939 1057/1948/1948 1061/1949/1949
f 1063/1939/1939 1061/1949/1949 1067/1938/1938
f 1067/1938/1938 1061/1949/1949 1065/1950/1950
f 1067/1938/1938 1065/1950/1950 1071/1937/1937
f 1071/1937/1937 1065/1950/1950 1069/1951/1951
f 1071/1937/1937 1069/1951/1951 1072/1936/1936
f 1072/1936/1936 1069/1951/1951 1070/1952/1952
f 1072/1936/1936 1070/1952/1952 1068/1935/1935
f 1068/1935/1935 1070/1952/1952 1066/1953/1953
f 1068/1935/1935 1066/1953/1953 1064/1934/1934
f 1064/1934/1934 1066/1953/1953 1062/1954/1954
f 1064/1934/1934 1062/1954/1954 1060/1933/1933
f 1060/1933/1933 1062/1954/1954 1058/1955/1955
f 1060/1933/1933 1058/1955/1955 1056/1932/1932
f 1056/1932/1932 1058/1955/1955 1054/1956/1956
f 1056/1932/1932 1054/1956/1956 1052/1931/1931
f 1052/1931/1931 1054/1956/1956 1050/1957/1957
f 1052/1931/1931 1050/1957/1957 1048/1930/1930
f 1048/1930/1930 1050/1957/1957 1046/1958/1958
f 1020/1962/1962 1018/1988/1988 1016/1961/1961
f 1016/1961/1961 1018/1988/1988 1015/1989/1989
f 1016/1990/1990 1015/1975/1975 1019/1974/1974
f 1019/1974/1974 1015/1975/1975 1017/1976/1976
f 1019/1974/1974 1017/1976/1976 1021/1977/1977
f 1020/1962/1962 1024/1963/1963 1018/1988/1988
f 1018/1988/1988 1024/1963/1963 1022/1987/1987
f 1022/1987/1987 1024/1963/1963 1028/1964/1964
f 1022/1987/1987 1028/1964/1964 1026/1986/1986
f 1026/1986/1986 1028/1964/1964 1032/1965/1965
f 1026/1986/1986 1032/1965/1965 1030/1985/1985
f 1030/1985/1985 1032/1965/1965 1036/1966/1966
f 1030/1985/1985 1036/1966/1966 1034/1984/1984
f 1034/1984/1984 1036/1966/1966 1040/1967/1967
f 1034/1984/1984 1040/1967/1967 1038/1983/1983
f 1038/1983/1983 1040/1967/1967 1042/1968/1968
f 1038/1983/1983 1042/1968/1968 1041/1982/1982
f 1041/1982/1982 1042/1968/1968 1039/1969/1969
f 1041/1982/1982 1039/1969/1969 1037/1981/1981
f 1037/1981/1981 1039/1969/1969 1035/1970/1970
f 1037/1981/1981 1035/1970/1970 1033/1980/1980
f 1033/1980/1980 1035/1970/1970 1031/1971/1971
f 1033/1980/1980 1031/1971/1971 1029/1979/1979
f 1029/1979/1979 1031/1971/1971 1027/1972/1972
f 1029/1979/1979 1027/1972/1972 1025/1978/1978
f 1025/1978/1978 1027/1972/1972 1023/1973/1973
f 1025/1978/1978 1023/1973/1973 1021/1977/1977
f 1021/1977/1977 1023/1973/1973 1019/1974/1974
f 906/1992/1992 904/2018/2018 901/1991/1991
f 901/1991/1991 904/2018/2018 899/2019/2019
f 901/2020/2020 899/2005/2005 905/2004/2004
f 905/2004/2004 899/2005/2005 903/2006/2006
f 905/2004/2004 903/2006/2006 909/2007/2007
f 906/1992/1992 912/1993/1993 904/2018/2018
f 904/2018/2018 912/1993/1993 910/2017/2017
f 910/2017/2017 912/1993/1993 924/1994/1994
f 910/2017/2017 924/1994/1994 922/2016/2016
f 922/2016/2016 924/1994/1994 930/1995/1995
f 922/2016/2016 930/1995/1995 928/2015/2015
f 928/2015/2015 930/1995/1995 936/1996/1996
f 928/2015/2015 936/1996/1996 934/2014/2014
f 934/2014/2014 936/1996/1996 940/1997/1997
f 934/2014/2014 940/1997/1997 938/2013/2013
f 938/2013/2013 940/1997/1997 942/1998/1998
f 938/2013/2013 942/1998/1998 941/2012/2012
f 941/2012/2012 942/1998/1998 939/1999/1999
f 941/2012/2012 939/1999/1999 937/2011/2011
f 937/2011/2011 939/1999/1999 935/2000/2000
f 937/2011/2011 935/2000/2000 933/2010/2010
f 933/2010/2010 935/2000/2000 929/2001/2001
f 933/2010/2010 929/2001/2001 927/2009/2009
f 927/2009/2009 929/2001/2001 923/2002/2002
f 927/2009/2009 923/2002/2002 921/2008/2008
f 921/2008/2008 923/2002/2002 911/2003/2003
f 921/2008/2008 911/2003/2003 909/2007/2007
f 909/2007/2007 911/2003/2003 905/2004/2004
f 874/2022/2022 872/2050/2050 870/2021/2021
f 870/2021/2021 872/2050/2050 869/2051/2051
f 870/2052/2052 869/2036/2036 873/2035/2035
f 873/2035/2035 869/2036/2036 871/2037/2037
f 873/2035/2035 871/2037/2037 877/2034/2034
f 877/2034/2034 871/2037/2037 875/2038/2038
f 877/2034/2034 875/2038/2038 881/2033/2033
f 881/2033/2033 875/2038/2038 879/2039/2039
f 881/2033/2033 879/2039/2039 885/2032/2032
f 885/2032/2032 879/2039/2039 883/2040/2040
f 885/2032/2032 883/2040/2040 889/2031/2031
f 889/2031/2031 883/2040/2040 887/2041/2041
f 889/2031/2031 887/2041/2041 893/2030/2030
f 893/2030/2030 887/2041/2041 891/2042/2042
f 893/2030/2030 891/2042/2042 897/2029/2029
f 897/2029/2029 891/2042/2042 895/2043/2043
f 897/2029/2029 895/2043/2043 898/2028/2028
f 898/2028/2028 895/2043/2043 896/2044/2044
f 898/2028/2028 896/2044/2044 894/2027/2027
f 894/2027/2027 896/2044/2044 892/2045/2045
f 894/2027/2027 892/2045/2045 890/2026/2026
f 890/2026/2026 892/2045/2045 888/2046/2046
f 890/2026/2026 888/2046/2046 886/2025/2025
f 886/2025/2025 888/2046/2046 884/2047/2047
f 886/2025/2025 884/2047/2047 882/2024/2024
f 882/2024/2024 884/2047/2047 880/2048/2048
f 882/2024/2024 880/2048/2048 878/2023/2023
f 878/2023/2023 880/2048/2048 876/2049/2049
f 878/2023/2023 876/2049/2049 874/2022/2022
f 874/2022/2022 876/2049/2049 872/2050/2050
f 282/2054/2054 278/2076/2076 227/2053/2053
f 227/2053/2053 278/2076/2076 225/2077/2077
f 227/2078/2078 225/2065/2065 281/2064/2064
f 281/2064/2064 225/2065/2065 277/2066/2066
f 281/2064/2064 277/2066/2066 373/2063/2063
f 373/2063/2063 277/2066/2066 369/2067/2067
f 373/2063/2063 369/2067/2067 449/2062/2062
f 449/2062/2062 369/2067/2067 445/2068/2068
f 449/2062/2062 445/2068/2068 497/2061/2061
f 497/2061/2061 445/2068/2068 493/2069/2069
f 497/2061/2061 493/2069/2069 613/2060/2060
f 613/2060/2060 493/2069/2069 609/2070/2070
f 613/2060/2060 609/2070/2070 659/2059/2059
f 659/2059/2059 609/2070/2070 657/2071/2071
f 659/2059/2059 657/2071/2071 614/2058/2058
f 614/2058/2058 657/2071/2071 610/2072/2072
f 614/2058/2058 610/2072/2072 498/2057/2057
f 498/2057/2057 610/2072/2072 494/2073/2073
f 498/2057/2057 494/2073/2073 450/2056/2056
f 450/2056/2056 494/2073/2073 446/2074/2074
f 450/2056/2056 446/2074/2074 374/2055/2055
f 374/2055/2055 446/2074/2074 370/2075/2075
f 374/2055/2055 370/2075/2075 282/2054/2054
f 282/2054/2054 370/2075/2075 278/2076/2076
f 1114/2080/2080 1110/2102/2102 1099/2079/2079
f 1099/2079/2079 1110/2102/2102 1097/2103/2103
f 1099/2104/2104 1097/2091/2091 1113/2090/2090
f 1113/2090/2090 1097/2091/2091 1109/2092/2092
f 1113/2090/2090 1109/2092/2092 1121/2089/2089
f 1121/2089/2089 1109/2092/2092 1117/2093/2093
f 1121/2089/2089 1117/2093/2093 1137/2088/2088
f 1137/2088/2088 1117/2093/2093 1133/2094/2094
f 1137/2088/2088 1133/2094/2094 1149/2087/2087
f 1149/2087/2087 1133/2094/2094 1145/2095/2095
f 1149/2087/2087 1145/2095/2095 1165/2086/2086
f 1165/2086/2086 1145/2095/2095 1161/2096/2096
f 1165/2086/2086 1161/2096/2096 1171/2085/2085
f 1171/2085/2085 1161/2096/2096 1169/2097/2097
f 1171/2085/2085 1169/2097/2097 1166/2084/2084
f 1166/2084/2084 1169/2097/2097 1162/2098/2098
f 1166/2084/2084 1162/2098/2098 1150/2083/2083
f 1150/2083/2083 1162/2098/2098 1146/2099/2099
f 1150/2083/2083 1146/2099/2099 1138/2082/2082
f 1138/2082/2082 1146/2099/2099 1134/2100/2100
f 1138/2082/2082 1134/2100/2100 1122/2081/2081
f 1122/2081/2081 1134/2100/2100 1118/2101/2101
f 1122/2081/2081 1118/2101/2101 1114/2080/2080
f 1114/2080/2080 1118/2101/2101 1110/2102/2102
f 1116/2106/2106 1112/2128/2128 1100/2105/2105
f 1100/2105/2105 1112/2128/2128 1098/2129/2129
f 1100/2130/2130 1098/2117/2117 1115/2116/2116
f 1115/2116/2116 1098/2117/2117 1111/2118/2118
f 1115/2116/2116 1111/2118/2118 1123/2115/2115
f 1123/2115/2115 1111/2118/2118 1119/2119/2119
f 1123/2115/2115 1119/2119/2119 1139/2114/2114
f 1139/2114/2114 1119/2119/2119 1135/2120/2120
f 1139/2114/2114 1135/2120/2120 1151/2113/2113
f 1151/2113/2113 1135/2120/2120 1147/2121/2121
f 1151/2113/2113 1147/2121/2121 1167/2112/2112
f 1167/2112/2112 1147/2121/2121 1163/2122/2122
f 1167/2112/2112 1163/2122/2122 1172/2111/2111
f 1172/2111/2111 1163/2122/2122 1170/2123/2123
f 1172/2111/2111 1170/2123/2123 1168/2110/2110
f 1168/2110/2110 1170/2123/2123 1164/2124/2124
f 1168/2110/2110 1164/2124/2124 1152/2109/2109
f 1152/2109/2109 1164/2124/2124 1148/2125/2125
f 1152/2109/2109 1148/2125/2125 1140/2108/2108
f 1140/2108/2108 1148/2125/2125 1136/2126/2126
f 1140/2108/2108 1136/2126/2126 1124/2107/2107
f 1124/2107/2107 1136/2126/2126 1120/2127/2127
f 1124/2107/2107 1120/2127/2127 1116/2106/2106
f 1116/2106/2106 1120/2127/2127 1112/2128/2128
f 1/2132/2132 2/2133/2133 3/2131/2131
f 3/2131/2131 2/2133/2133 4/2134/2134
f 1230/2136/2136 1229/2137/2137 1234/2135/2135
f 1234/2135/2135 1229/2137/2137 1233/2138/2138
f 1235/2140/2140 1236/2141/2141 1231/2139/2139
f 1231/2139/2139 1236/2141/2141 1232/2142/2142
usemtl 13,157,13
f 960/2144/2144 964/2641/2641 979/2143/2143
f 979/2143/2143 964/2641/2641 1020/2697/2697
f 979/2143/2143 1020/2697/2697 1016/2684/2684
f 964/2641/2641 960/2144/2144 932/2640/2640
f 932/2640/2640 960/2144/2144 956/2145/2145
f 932/2640/2640 956/2145/2145 952/2146/2146
f 948/2147/2147 845/2315/2315 952/2146/2146
f 952/2146/2146 845/2315/2315 926/2639/2639
f 952/2146/2146 926/2639/2639 932/2640/2640
f 944/2148/2148 843/2297/2297 948/2147/2147
f 948/2147/2147 843/2297/2297 844/2306/2306
f 948/2147/2147 844/2306/2306 845/2315/2315
f 845/2315/2315 844/2306/2306 785/2314/2314
f 785/2314/2314 844/2306/2306 764/2298/2298
f 785/2314/2314 764/2298/2298 697/2313/2313
f 697/2313/2313 764/2298/2298 676/2299/2299
f 697/2313/2313 676/2299/2299 605/2312/2312
f 605/2312/2312 676/2299/2299 584/2300/2300
f 605/2312/2312 584/2300/2300 517/2311/2311
f 517/2311/2311 584/2300/2300 366/2494/2494
f 517/2311/2311 366/2494/2494 433/2495/2495
f 943/2149/2149 839/2261/2261 944/2148/2148
f 944/2148/2148 839/2261/2261 840/2270/2270
f 944/2148/2148 840/2270/2270 841/2279/2279
f 841/2279/2279 840/2270/2270 781/2278/2278
f 781/2278/2278 840/2270/2270 760/2262/2262
f 781/2278/2278 760/2262/2262 693/2277/2277
f 693/2277/2277 760/2262/2262 672/2263/2263
f 693/2277/2277 672/2263/2263 601/2276/2276
f 601/2276/2276 672/2263/2263 580/2264/2264
f 601/2276/2276 580/2264/2264 513/2275/2275
f 513/2275/2275 580/2264/2264 362/2458/2458
f 513/2275/2275 362/2458/2458 429/2459/2459
f 947/2150/2150 930/2680/2680 943/2149/2149
f 943/2149/2149 930/2680/2680 924/2681/2681
f 943/2149/2149 924/2681/2681 839/2261/2261
f 839/2261/2261 924/2681/2681 912/2682/2682
f 839/2261/2261 912/2682/2682 838/2252/2252
f 838/2252/2252 912/2682/2682 837/2243/2243
f 838/2252/2252 837/2243/2243 778/2251/2251
f 778/2251/2251 837/2243/2243 757/2235/2235
f 778/2251/2251 757/2235/2235 690/2250/2250
f 690/2250/2250 757/2235/2235 669/2236/2236
f 690/2250/2250 669/2236/2236 598/2249/2249
f 598/2249/2249 669/2236/2236 577/2237/2237
f 598/2249/2249 577/2237/2237 510/2248/2248
f 510/2248/2248 577/2237/2237 359/2431/2431
f 510/2248/2248 359/2431/2431 426/2432/2432
f 930/2680/2680 947/2150/2150 936/2679/2679
f 936/2679/2679 947/2150/2150 951/2151/2151
f 936/2679/2679 951/2151/2151 940/2678/2678
f 940/2678/2678 951/2151/2151 955/2152/2152
f 940/2678/2678 955/2152/2152 942/2677/2677
f 942/2677/2677 955/2152/2152 959/2153/2153
f 942/2677/2677 959/2153/2153 939/2676/2676
f 939/2676/2676 959/2153/2153 1002/2606/2606
f 939/2676/2676 1002/2606/2606 935/2675/2675
f 935/2675/2675 1002/2606/2606 1001/2607/2607
f 935/2675/2675 1001/2607/2607 898/2663/2663
f 898/2663/2663 1001/2607/2607 1005/2608/2608
f 898/2663/2663 1005/2608/2608 897/2662/2662
f 897/2662/2662 1005/2608/2608 893/2661/2661
f 893/2661/2661 1005/2608/2608 1009/2609/2609
f 893/2661/2661 1009/2609/2609 889/2660/2660
f 889/2660/2660 1009/2609/2609 1093/2535/2535
f 889/2660/2660 1093/2535/2535 1105/2536/2536
f 959/2153/2153 978/2154/2154 1002/2606/2606
f 1002/2606/2606 978/2154/2154 1006/2605/2605
f 1006/2605/2605 978/2154/2154 1010/2604/2604
f 1010/2604/2604 978/2154/2154 983/2155/2155
f 1010/2604/2604 983/2155/2155 1014/2603/2603
f 1014/2603/2603 983/2155/2155 987/2156/2156
f 1014/2603/2603 987/2156/2156 991/2157/2157
f 1014/2603/2603 991/2157/2157 1200/2602/2602
f 1200/2602/2602 991/2157/2157 995/2158/2158
f 1200/2602/2602 995/2158/2158 1235/2599/2599
f 1235/2599/2599 995/2158/2158 1035/2689/2689
f 1235/2599/2599 1035/2689/2689 1039/2690/2690
f 995/2158/2158 996/2159/2159 1035/2689/2689
f 1035/2689/2689 996/2159/2159 1031/2688/2688
f 1031/2688/2688 996/2159/2159 1027/2687/2687
f 1027/2687/2687 996/2159/2159 992/2160/2160
f 1027/2687/2687 992/2160/2160 1023/2686/2686
f 1023/2686/2686 992/2160/2160 988/2161/2161
f 1023/2686/2686 988/2161/2161 1019/2685/2685
f 1019/2685/2685 988/2161/2161 984/2162/2162
f 1019/2685/2685 984/2162/2162 1016/2684/2684
f 1016/2684/2684 984/2162/2162 979/2143/2143
f 661/2164/2164 682/2178/2178 749/2163/2163
f 749/2163/2163 682/2178/2178 770/2179/2179
f 749/2163/2163 770/2179/2179 829/2171/2171
f 829/2171/2171 770/2179/2179 830/2180/2180
f 829/2171/2171 830/2180/2180 886/2666/2666
f 886/2666/2666 830/2180/2180 831/2189/2189
f 886/2666/2666 831/2189/2189 890/2665/2665
f 890/2665/2665 831/2189/2189 911/2672/2672
f 890/2665/2665 911/2672/2672 923/2673/2673
f 682/2178/2178 661/2164/2164 590/2177/2177
f 590/2177/2177 661/2164/2164 569/2165/2165
f 590/2177/2177 569/2165/2165 502/2176/2176
f 502/2176/2176 569/2165/2165 351/2359/2359
f 502/2176/2176 351/2359/2359 418/2360/2360
f 351/2359/2359 569/2165/2165 329/2343/2343
f 329/2343/2343 569/2165/2165 473/2166/2166
f 329/2343/2343 473/2166/2166 417/2351/2351
f 417/2351/2351 473/2166/2166 501/2167/2167
f 417/2351/2351 501/2167/2167 350/2350/2350
f 350/2350/2350 501/2167/2167 442/2547/2547
f 350/2350/2350 442/2547/2547 258/2349/2349
f 258/2349/2349 442/2547/2547 253/2548/2548
f 258/2349/2349 253/2548/2548 166/2348/2348
f 166/2348/2348 253/2548/2548 38/2549/2549
f 166/2348/2348 38/2549/2549 86/2347/2347
f 86/2347/2347 38/2549/2549 30/2550/2550
f 86/2347/2347 30/2550/2550 61/2346/2346
f 61/2346/2346 30/2550/2550 3/2626/2626
f 61/2346/2346 3/2626/2626 87/2356/2356
f 87/2356/2356 3/2626/2626 62/2355/2355
f 62/2355/2355 3/2626/2626 63/2364/2364
f 62/2355/2355 63/2364/2364 88/2365/2365
f 501/2167/2167 589/2168/2168 442/2547/2547
f 442/2547/2547 589/2168/2168 566/2546/2546
f 566/2546/2546 589/2168/2168 681/2169/2169
f 566/2546/2546 681/2169/2169 746/2545/2545
f 746/2545/2545 681/2169/2169 769/2170/2170
f 746/2545/2545 769/2170/2170 854/2544/2544
f 854/2544/2544 769/2170/2170 878/2668/2668
f 854/2544/2544 878/2668/2668 862/2543/2543
f 862/2543/2543 878/2668/2668 874/2669/2669
f 862/2543/2543 874/2669/2669 867/2542/2542
f 867/2542/2542 874/2669/2669 870/2655/2655
f 867/2542/2542 870/2655/2655 873/2656/2656
f 878/2668/2668 769/2170/2170 882/2667/2667
f 882/2667/2667 769/2170/2170 829/2171/2171
f 882/2667/2667 829/2171/2171 886/2666/2666
f 662/2173/2173 683/2187/2187 750/2172/2172
f 750/2172/2172 683/2187/2187 771/2188/2188
f 750/2172/2172 771/2188/2188 830/2180/2180
f 830/2180/2180 771/2188/2188 831/2189/2189
f 683/2187/2187 662/2173/2173 591/2186/2186
f 591/2186/2186 662/2173/2173 570/2174/2174
f 591/2186/2186 570/2174/2174 503/2185/2185
f 503/2185/2185 570/2174/2174 352/2368/2368
f 503/2185/2185 352/2368/2368 419/2369/2369
f 352/2368/2368 570/2174/2174 330/2352/2352
f 330/2352/2352 570/2174/2174 474/2175/2175
f 330/2352/2352 474/2175/2175 418/2360/2360
f 418/2360/2360 474/2175/2175 502/2176/2176
f 663/2182/2182 684/2196/2196 751/2181/2181
f 751/2181/2181 684/2196/2196 772/2197/2197
f 751/2181/2181 772/2197/2197 831/2189/2189
f 831/2189/2189 772/2197/2197 832/2198/2198
f 831/2189/2189 832/2198/2198 911/2672/2672
f 911/2672/2672 832/2198/2198 905/2671/2671
f 905/2671/2671 832/2198/2198 833/2207/2207
f 905/2671/2671 833/2207/2207 834/2216/2216
f 834/2216/2216 833/2207/2207 774/2215/2215
f 774/2215/2215 833/2207/2207 753/2199/2199
f 774/2215/2215 753/2199/2199 686/2214/2214
f 686/2214/2214 753/2199/2199 665/2200/2200
f 686/2214/2214 665/2200/2200 594/2213/2213
f 594/2213/2213 665/2200/2200 573/2201/2201
f 594/2213/2213 573/2201/2201 506/2212/2212
f 506/2212/2212 573/2201/2201 355/2395/2395
f 506/2212/2212 355/2395/2395 422/2396/2396
f 684/2196/2196 663/2182/2182 592/2195/2195
f 592/2195/2195 663/2182/2182 571/2183/2183
f 592/2195/2195 571/2183/2183 504/2194/2194
f 504/2194/2194 571/2183/2183 353/2377/2377
f 504/2194/2194 353/2377/2377 420/2378/2378
f 353/2377/2377 571/2183/2183 331/2361/2361
f 331/2361/2361 571/2183/2183 475/2184/2184
f 331/2361/2361 475/2184/2184 419/2369/2369
f 419/2369/2369 475/2184/2184 503/2185/2185
f 664/2191/2191 685/2205/2205 752/2190/2190
f 752/2190/2190 685/2205/2205 773/2206/2206
f 752/2190/2190 773/2206/2206 832/2198/2198
f 832/2198/2198 773/2206/2206 833/2207/2207
f 685/2205/2205 664/2191/2191 593/2204/2204
f 593/2204/2204 664/2191/2191 572/2192/2192
f 593/2204/2204 572/2192/2192 505/2203/2203
f 505/2203/2203 572/2192/2192 354/2386/2386
f 505/2203/2203 354/2386/2386 421/2387/2387
f 354/2386/2386 572/2192/2192 332/2370/2370
f 332/2370/2370 572/2192/2192 476/2193/2193
f 332/2370/2370 476/2193/2193 420/2378/2378
f 420/2378/2378 476/2193/2193 504/2194/2194
f 355/2395/2395 573/2201/2201 333/2379/2379
f 333/2379/2379 573/2201/2201 477/2202/2202
f 333/2379/2379 477/2202/2202 421/2387/2387
f 421/2387/2387 477/2202/2202 505/2203/2203
f 666/2209/2209 687/2223/2223 754/2208/2208
f 754/2208/2208 687/2223/2223 775/2224/2224
f 754/2208/2208 775/2224/2224 834/2216/2216
f 834/2216/2216 775/2224/2224 835/2225/2225
f 834/2216/2216 835/2225/2225 901/2670/2670
f 901/2670/2670 835/2225/2225 906/2683/2683
f 906/2683/2683 835/2225/2225 836/2234/2234
f 906/2683/2683 836/2234/2234 837/2243/2243
f 837/2243/2243 836/2234/2234 777/2242/2242
f 777/2242/2242 836/2234/2234 756/2226/2226
f 777/2242/2242 756/2226/2226 689/2241/2241
f 689/2241/2241 756/2226/2226 668/2227/2227
f 689/2241/2241 668/2227/2227 597/2240/2240
f 597/2240/2240 668/2227/2227 576/2228/2228
f 597/2240/2240 576/2228/2228 509/2239/2239
f 509/2239/2239 576/2228/2228 358/2422/2422
f 509/2239/2239 358/2422/2422 425/2423/2423
f 687/2223/2223 666/2209/2209 595/2222/2222
f 595/2222/2222 666/2209/2209 574/2210/2210
f 595/2222/2222 574/2210/2210 507/2221/2221
f 507/2221/2221 574/2210/2210 356/2404/2404
f 507/2221/2221 356/2404/2404 423/2405/2405
f 356/2404/2404 574/2210/2210 334/2388/2388
f 334/2388/2388 574/2210/2210 478/2211/2211
f 334/2388/2388 478/2211/2211 422/2396/2396
f 422/2396/2396 478/2211/2211 506/2212/2212
f 667/2218/2218 688/2232/2232 755/2217/2217
f 755/2217/2217 688/2232/2232 776/2233/2233
f 755/2217/2217 776/2233/2233 835/2225/2225
f 835/2225/2225 776/2233/2233 836/2234/2234
f 688/2232/2232 667/2218/2218 596/2231/2231
f 596/2231/2231 667/2218/2218 575/2219/2219
f 596/2231/2231 575/2219/2219 508/2230/2230
f 508/2230/2230 575/2219/2219 357/2413/2413
f 508/2230/2230 357/2413/2413 424/2414/2414
f 357/2413/2413 575/2219/2219 335/2397/2397
f 335/2397/2397 575/2219/2219 479/2220/2220
f 335/2397/2397 479/2220/2220 423/2405/2405
f 423/2405/2405 479/2220/2220 507/2221/2221
f 358/2422/2422 576/2228/2228 336/2406/2406
f 336/2406/2406 576/2228/2228 480/2229/2229
f 336/2406/2406 480/2229/2229 424/2414/2414
f 424/2414/2414 480/2229/2229 508/2230/2230
f 359/2431/2431 577/2237/2237 337/2415/2415
f 337/2415/2415 577/2237/2237 481/2238/2238
f 337/2415/2415 481/2238/2238 425/2423/2423
f 425/2423/2423 481/2238/2238 509/2239/2239
f 670/2245/2245 691/2259/2259 758/2244/2244
f 758/2244/2244 691/2259/2259 779/2260/2260
f 758/2244/2244 779/2260/2260 838/2252/2252
f 838/2252/2252 779/2260/2260 839/2261/2261
f 691/2259/2259 670/2245/2245 599/2258/2258
f 599/2258/2258 670/2245/2245 578/2246/2246
f 599/2258/2258 578/2246/2246 511/2257/2257
f 511/2257/2257 578/2246/2246 360/2440/2440
f 511/2257/2257 360/2440/2440 427/2441/2441
f 360/2440/2440 578/2246/2246 338/2424/2424
f 338/2424/2424 578/2246/2246 482/2247/2247
f 338/2424/2424 482/2247/2247 426/2432/2432
f 426/2432/2432 482/2247/2247 510/2248/2248
f 671/2254/2254 692/2268/2268 759/2253/2253
f 759/2253/2253 692/2268/2268 780/2269/2269
f 759/2253/2253 780/2269/2269 839/2261/2261
f 839/2261/2261 780/2269/2269 840/2270/2270
f 692/2268/2268 671/2254/2254 600/2267/2267
f 600/2267/2267 671/2254/2254 579/2255/2255
f 600/2267/2267 579/2255/2255 512/2266/2266
f 512/2266/2266 579/2255/2255 361/2449/2449
f 512/2266/2266 361/2449/2449 428/2450/2450
f 361/2449/2449 579/2255/2255 339/2433/2433
f 339/2433/2433 579/2255/2255 483/2256/2256
f 339/2433/2433 483/2256/2256 427/2441/2441
f 427/2441/2441 483/2256/2256 511/2257/2257
f 362/2458/2458 580/2264/2264 340/2442/2442
f 340/2442/2442 580/2264/2264 484/2265/2265
f 340/2442/2442 484/2265/2265 428/2450/2450
f 428/2450/2450 484/2265/2265 512/2266/2266
f 673/2272/2272 694/2286/2286 761/2271/2271
f 761/2271/2271 694/2286/2286 782/2287/2287
f 761/2271/2271 782/2287/2287 841/2279/2279
f 841/2279/2279 782/2287/2287 842/2288/2288
f 841/2279/2279 842/2288/2288 944/2148/2148
f 944/2148/2148 842/2288/2288 843/2297/2297
f 694/2286/2286 673/2272/2272 602/2285/2285
f 602/2285/2285 673/2272/2272 581/2273/2273
f 602/2285/2285 581/2273/2273 514/2284/2284
f 514/2284/2284 581/2273/2273 363/2467/2467
f 514/2284/2284 363/2467/2467 430/2468/2468
f 363/2467/2467 581/2273/2273 341/2451/2451
f 341/2451/2451 581/2273/2273 485/2274/2274
f 341/2451/2451 485/2274/2274 429/2459/2459
f 429/2459/2459 485/2274/2274 513/2275/2275
f 674/2281/2281 695/2295/2295 762/2280/2280
f 762/2280/2280 695/2295/2295 783/2296/2296
f 762/2280/2280 783/2296/2296 842/2288/2288
f 842/2288/2288 783/2296/2296 843/2297/2297
f 695/2295/2295 674/2281/2281 603/2294/2294
f 603/2294/2294 674/2281/2281 582/2282/2282
f 603/2294/2294 582/2282/2282 515/2293/2293
f 515/2293/2293 582/2282/2282 364/2476/2476
f 515/2293/2293 364/2476/2476 431/2477/2477
f 364/2476/2476 582/2282/2282 342/2460/2460
f 342/2460/2460 582/2282/2282 486/2283/2283
f 342/2460/2460 486/2283/2283 430/2468/2468
f 430/2468/2468 486/2283/2283 514/2284/2284
f 675/2290/2290 696/2304/2304 763/2289/2289
f 763/2289/2289 696/2304/2304 784/2305/2305
f 763/2289/2289 784/2305/2305 843/2297/2297
f 843/2297/2297 784/2305/2305 844/2306/2306
f 696/2304/2304 675/2290/2290 604/2303/2303
f 604/2303/2303 675/2290/2290 583/2291/2291
f 604/2303/2303 583/2291/2291 516/2302/2302
f 516/2302/2302 583/2291/2291 365/2485/2485
f 516/2302/2302 365/2485/2485 432/2486/2486
f 365/2485/2485 583/2291/2291 343/2469/2469
f 343/2469/2469 583/2291/2291 487/2292/2292
f 343/2469/2469 487/2292/2292 431/2477/2477
f 431/2477/2477 487/2292/2292 515/2293/2293
f 366/2494/2494 584/2300/2300 344/2478/2478
f 344/2478/2478 584/2300/2300 488/2301/2301
f 344/2478/2478 488/2301/2301 432/2486/2486
f 432/2486/2486 488/2301/2301 516/2302/2302
f 677/2308/2308 698/2322/2322 765/2307/2307
f 765/2307/2307 698/2322/2322 786/2323/2323
f 765/2307/2307 786/2323/2323 845/2315/2315
f 845/2315/2315 786/2323/2323 846/2324/2324
f 845/2315/2315 846/2324/2324 926/2639/2639
f 926/2639/2639 846/2324/2324 847/2333/2333
f 926/2639/2639 847/2333/2333 920/2638/2638
f 920/2638/2638 847/2333/2333 848/2342/2342
f 920/2638/2638 848/2342/2342 863/2598/2598
f 863/2598/2598 848/2342/2342 855/2597/2597
f 855/2597/2597 848/2342/2342 768/2334/2334
f 855/2597/2597 768/2334/2334 747/2596/2596
f 747/2596/2596 768/2334/2334 680/2335/2335
f 747/2596/2596 680/2335/2335 567/2595/2595
f 567/2595/2595 680/2335/2335 588/2336/2336
f 567/2595/2595 588/2336/2336 443/2594/2594
f 443/2594/2594 588/2336/2336 492/2337/2337
f 443/2594/2594 492/2337/2337 349/2515/2515
f 349/2515/2515 492/2337/2337 436/2514/2514
f 436/2514/2514 492/2337/2337 520/2338/2338
f 436/2514/2514 520/2338/2338 348/2522/2522
f 348/2522/2522 520/2338/2338 587/2327/2327
f 348/2522/2522 587/2327/2327 347/2505/2505
f 347/2505/2505 587/2327/2327 491/2328/2328
f 347/2505/2505 491/2328/2328 435/2513/2513
f 435/2513/2513 491/2328/2328 519/2329/2329
f 435/2513/2513 519/2329/2329 368/2512/2512
f 368/2512/2512 519/2329/2329 586/2318/2318
f 368/2512/2512 586/2318/2318 346/2496/2496
f 346/2496/2496 586/2318/2318 490/2319/2319
f 346/2496/2496 490/2319/2319 434/2504/2504
f 434/2504/2504 490/2319/2319 518/2320/2320
f 434/2504/2504 518/2320/2320 367/2503/2503
f 367/2503/2503 518/2320/2320 585/2309/2309
f 367/2503/2503 585/2309/2309 345/2487/2487
f 345/2487/2487 585/2309/2309 489/2310/2310
f 345/2487/2487 489/2310/2310 433/2495/2495
f 433/2495/2495 489/2310/2310 517/2311/2311
f 698/2322/2322 677/2308/2308 606/2321/2321
f 606/2321/2321 677/2308/2308 585/2309/2309
f 606/2321/2321 585/2309/2309 518/2320/2320
f 678/2317/2317 699/2331/2331 766/2316/2316
f 766/2316/2316 699/2331/2331 787/2332/2332
f 766/2316/2316 787/2332/2332 846/2324/2324
f 846/2324/2324 787/2332/2332 847/2333/2333
f 699/2331/2331 678/2317/2317 607/2330/2330
f 607/2330/2330 678/2317/2317 586/2318/2318
f 607/2330/2330 586/2318/2318 519/2329/2329
f 679/2326/2326 700/2340/2340 767/2325/2325
f 767/2325/2325 700/2340/2340 788/2341/2341
f 767/2325/2325 788/2341/2341 847/2333/2333
f 847/2333/2333 788/2341/2341 848/2342/2342
f 700/2340/2340 679/2326/2326 608/2339/2339
f 608/2339/2339 679/2326/2326 587/2327/2327
f 608/2339/2339 587/2327/2327 520/2338/2338
f 351/2359/2359 329/2343/2343 259/2358/2358
f 259/2358/2358 329/2343/2343 229/2344/2344
f 259/2358/2358 229/2344/2344 167/2357/2357
f 167/2357/2357 229/2344/2344 145/2345/2345
f 167/2357/2357 145/2345/2345 87/2356/2356
f 87/2356/2356 145/2345/2345 61/2346/2346
f 352/2368/2368 330/2352/2352 260/2367/2367
f 260/2367/2367 330/2352/2352 230/2353/2353
f 260/2367/2367 230/2353/2353 168/2366/2366
f 168/2366/2366 230/2353/2353 146/2354/2354
f 168/2366/2366 146/2354/2354 88/2365/2365
f 88/2365/2365 146/2354/2354 62/2355/2355
f 353/2377/2377 331/2361/2361 261/2376/2376
f 261/2376/2376 331/2361/2361 231/2362/2362
f 261/2376/2376 231/2362/2362 169/2375/2375
f 169/2375/2375 231/2362/2362 147/2363/2363
f 169/2375/2375 147/2363/2363 89/2374/2374
f 89/2374/2374 147/2363/2363 63/2364/2364
f 89/2374/2374 63/2364/2364 64/2373/2373
f 64/2373/2373 63/2364/2364 3/2626/2626
f 64/2373/2373 3/2626/2626 65/2382/2382
f 65/2382/2382 3/2626/2626 66/2391/2391
f 65/2382/2382 66/2391/2391 91/2392/2392
f 354/2386/2386 332/2370/2370 262/2385/2385
f 262/2385/2385 332/2370/2370 232/2371/2371
f 262/2385/2385 232/2371/2371 170/2384/2384
f 170/2384/2384 232/2371/2371 148/2372/2372
f 170/2384/2384 148/2372/2372 90/2383/2383
f 90/2383/2383 148/2372/2372 64/2373/2373
f 90/2383/2383 64/2373/2373 65/2382/2382
f 355/2395/2395 333/2379/2379 263/2394/2394
f 263/2394/2394 333/2379/2379 233/2380/2380
f 263/2394/2394 233/2380/2380 171/2393/2393
f 171/2393/2393 233/2380/2380 149/2381/2381
f 171/2393/2393 149/2381/2381 91/2392/2392
f 91/2392/2392 149/2381/2381 65/2382/2382
f 356/2404/2404 334/2388/2388 264/2403/2403
f 264/2403/2403 334/2388/2388 234/2389/2389
f 264/2403/2403 234/2389/2389 172/2402/2402
f 172/2402/2402 234/2389/2389 150/2390/2390
f 172/2402/2402 150/2390/2390 92/2401/2401
f 92/2401/2401 150/2390/2390 66/2391/2391
f 92/2401/2401 66/2391/2391 67/2400/2400
f 67/2400/2400 66/2391/2391 3/2626/2626
f 67/2400/2400 3/2626/2626 68/2409/2409
f 68/2409/2409 3/2626/2626 69/2418/2418
f 68/2409/2409 69/2418/2418 94/2419/2419
f 357/2413/2413 335/2397/2397 265/2412/2412
f 265/2412/2412 335/2397/2397 235/2398/2398
f 265/2412/2412 235/2398/2398 173/2411/2411
f 173/2411/2411 235/2398/2398 151/2399/2399
f 173/2411/2411 151/2399/2399 93/2410/2410
f 93/2410/2410 151/2399/2399 67/2400/2400
f 93/2410/2410 67/2400/2400 68/2409/2409
f 358/2422/2422 336/2406/2406 266/2421/2421
f 266/2421/2421 336/2406/2406 236/2407/2407
f 266/2421/2421 236/2407/2407 174/2420/2420
f 174/2420/2420 236/2407/2407 152/2408/2408
f 174/2420/2420 152/2408/2408 94/2419/2419
f 94/2419/2419 152/2408/2408 68/2409/2409
f 359/2431/2431 337/2415/2415 267/2430/2430
f 267/2430/2430 337/2415/2415 237/2416/2416
f 267/2430/2430 237/2416/2416 175/2429/2429
f 175/2429/2429 237/2416/2416 153/2417/2417
f 175/2429/2429 153/2417/2417 95/2428/2428
f 95/2428/2428 153/2417/2417 69/2418/2418
f 95/2428/2428 69/2418/2418 70/2427/2427
f 70/2427/2427 69/2418/2418 3/2626/2626
f 70/2427/2427 3/2626/2626 4/2627/2627
f 360/2440/2440 338/2424/2424 268/2439/2439
f 268/2439/2439 338/2424/2424 238/2425/2425
f 268/2439/2439 238/2425/2425 176/2438/2438
f 176/2438/2438 238/2425/2425 154/2426/2426
f 176/2438/2438 154/2426/2426 96/2437/2437
f 96/2437/2437 154/2426/2426 70/2427/2427
f 96/2437/2437 70/2427/2427 71/2436/2436
f 71/2436/2436 70/2427/2427 4/2627/2627
f 71/2436/2436 4/2627/2627 72/2445/2445
f 72/2445/2445 4/2627/2627 73/2454/2454
f 72/2445/2445 73/2454/2454 98/2455/2455
f 361/2449/2449 339/2433/2433 269/2448/2448
f 269/2448/2448 339/2433/2433 239/2434/2434
f 269/2448/2448 239/2434/2434 177/2447/2447
f 177/2447/2447 239/2434/2434 155/2435/2435
f 177/2447/2447 155/2435/2435 97/2446/2446
f 97/2446/2446 155/2435/2435 71/2436/2436
f 97/2446/2446 71/2436/2436 72/2445/2445
f 362/2458/2458 340/2442/2442 270/2457/2457
f 270/2457/2457 340/2442/2442 240/2443/2443
f 270/2457/2457 240/2443/2443 178/2456/2456
f 178/2456/2456 240/2443/2443 156/2444/2444
f 178/2456/2456 156/2444/2444 98/2455/2455
f 98/2455/2455 156/2444/2444 72/2445/2445
f 363/2467/2467 341/2451/2451 271/2466/2466
f 271/2466/2466 341/2451/2451 241/2452/2452
f 271/2466/2466 241/2452/2452 179/2465/2465
f 179/2465/2465 241/2452/2452 157/2453/2453
f 179/2465/2465 157/2453/2453 99/2464/2464
f 99/2464/2464 157/2453/2453 73/2454/2454
f 99/2464/2464 73/2454/2454 74/2463/2463
f 74/2463/2463 73/2454/2454 4/2627/2627
f 74/2463/2463 4/2627/2627 75/2472/2472
f 75/2472/2472 4/2627/2627 76/2481/2481
f 75/2472/2472 76/2481/2481 101/2482/2482
f 364/2476/2476 342/2460/2460 272/2475/2475
f 272/2475/2475 342/2460/2460 242/2461/2461
f 272/2475/2475 242/2461/2461 180/2474/2474
f 180/2474/2474 242/2461/2461 158/2462/2462
f 180/2474/2474 158/2462/2462 100/2473/2473
f 100/2473/2473 158/2462/2462 74/2463/2463
f 100/2473/2473 74/2463/2463 75/2472/2472
f 365/2485/2485 343/2469/2469 273/2484/2484
f 273/2484/2484 343/2469/2469 243/2470/2470
f 273/2484/2484 243/2470/2470 181/2483/2483
f 181/2483/2483 243/2470/2470 159/2471/2471
f 181/2483/2483 159/2471/2471 101/2482/2482
f 101/2482/2482 159/2471/2471 75/2472/2472
f 366/2494/2494 344/2478/2478 274/2493/2493
f 274/2493/2493 344/2478/2478 244/2479/2479
f 274/2493/2493 244/2479/2479 182/2492/2492
f 182/2492/2492 244/2479/2479 160/2480/2480
f 182/2492/2492 160/2480/2480 102/2491/2491
f 102/2491/2491 160/2480/2480 76/2481/2481
f 102/2491/2491 76/2481/2481 77/2490/2490
f 77/2490/2490 76/2481/2481 4/2627/2627
f 77/2490/2490 4/2627/2627 78/2499/2499
f 78/2499/2499 4/2627/2627 79/2508/2508
f 78/2499/2499 79/2508/2508 104/2509/2509
f 367/2503/2503 345/2487/2487 275/2502/2502
f 275/2502/2502 345/2487/2487 245/2488/2488
f 275/2502/2502 245/2488/2488 183/2501/2501
f 183/2501/2501 245/2488/2488 161/2489/2489
f 183/2501/2501 161/2489/2489 103/2500/2500
f 103/2500/2500 161/2489/2489 77/2490/2490
f 103/2500/2500 77/2490/2490 78/2499/2499
f 368/2512/2512 346/2496/2496 276/2511/2511
f 276/2511/2511 346/2496/2496 246/2497/2497
f 276/2511/2511 246/2497/2497 184/2510/2510
f 184/2510/2510 246/2497/2497 162/2498/2498
f 184/2510/2510 162/2498/2498 104/2509/2509
f 104/2509/2509 162/2498/2498 78/2499/2499
f 348/2522/2522 347/2505/2505 256/2521/2521
f 256/2521/2521 347/2505/2505 247/2506/2506
f 256/2521/2521 247/2506/2506 164/2520/2520
f 164/2520/2520 247/2506/2506 163/2507/2507
f 164/2520/2520 163/2507/2507 80/2519/2519
f 80/2519/2519 163/2507/2507 79/2508/2508
f 80/2519/2519 79/2508/2508 4/2627/2627
f 349/2515/2515 257/2516/2516 443/2594/2594
f 443/2594/2594 257/2516/2516 254/2593/2593
f 254/2593/2593 257/2516/2516 165/2517/2517
f 254/2593/2593 165/2517/2517 39/2592/2592
f 39/2592/2592 165/2517/2517 81/2518/2518
f 39/2592/2592 81/2518/2518 31/2591/2591
f 31/2591/2591 81/2518/2518 4/2627/2627
f 31/2591/2591 4/2627/2627 19/2590/2590
f 19/2590/2590 4/2627/2627 20/2589/2589
f 20/2589/2589 4/2627/2627 8/2628/2628
f 20/2589/2589 8/2628/2628 32/2588/2588
f 32/2588/2588 8/2628/2628 12/2629/2629
f 32/2588/2588 12/2629/2629 24/2630/2630
f 81/2518/2518 80/2519/2519 4/2627/2627
f 1205/2541/2541 1217/2523/2523 1233/2615/2615
f 1233/2615/2615 1217/2523/2523 1206/2524/2524
f 1233/2615/2615 1206/2524/2524 1234/2614/2614
f 1234/2614/2614 1206/2524/2524 1194/2525/2525
f 1234/2614/2614 1194/2525/2525 1227/2613/2613
f 1227/2613/2613 1194/2525/2525 1218/2612/2612
f 1218/2612/2612 1194/2525/2525 1199/2611/2611
f 1199/2611/2611 1194/2525/2525 1182/2526/2526
f 1199/2611/2611 1182/2526/2526 1158/2527/2527
f 1158/2527/2527 1130/2528/2528 1199/2611/2611
f 1199/2611/2611 1130/2528/2528 1106/2529/2529
f 1199/2611/2611 1106/2529/2529 1013/2610/2610
f 1013/2610/2610 1106/2529/2529 1094/2530/2530
f 1013/2610/2610 1094/2530/2530 1086/2531/2531
f 1086/2531/2531 1078/2532/2532 1013/2610/2610
f 1013/2610/2610 1078/2532/2532 1077/2533/2533
f 1013/2610/2610 1077/2533/2533 1085/2534/2534
f 1085/2534/2534 1093/2535/2535 1013/2610/2610
f 1013/2610/2610 1093/2535/2535 1009/2609/2609
f 889/2660/2660 1105/2536/2536 1143/2620/2620
f 1143/2620/2620 1105/2536/2536 1129/2537/2537
f 1143/2620/2620 1129/2537/2537 1157/2538/2538
f 1143/2620/2620 1157/2538/2538 1175/2619/2619
f 1175/2619/2619 1157/2538/2538 1181/2539/2539
f 1175/2619/2619 1181/2539/2539 1187/2618/2618
f 1187/2618/2618 1181/2539/2539 1193/2540/2540
f 1187/2618/2618 1193/2540/2540 1211/2617/2617
f 1211/2617/2617 1193/2540/2540 1223/2616/2616
f 1223/2616/2616 1193/2540/2540 1205/2541/2541
f 1223/2616/2616 1205/2541/2541 1233/2615/2615
f 30/2550/2550 18/2551/2551 3/2626/2626
f 3/2626/2626 18/2551/2551 17/2552/2552
f 3/2626/2626 17/2552/2552 7/2625/2625
f 7/2625/2625 17/2552/2552 29/2553/2553
f 7/2625/2625 29/2553/2553 11/2624/2624
f 11/2624/2624 29/2553/2553 23/2623/2623
f 23/2623/2623 29/2553/2553 37/2554/2554
f 23/2623/2623 37/2554/2554 84/2622/2622
f 84/2622/2622 37/2554/2554 252/2555/2555
f 84/2622/2622 252/2555/2555 287/2621/2621
f 287/2621/2621 252/2555/2555 441/2556/2556
f 287/2621/2621 441/2556/2556 565/2557/2557
f 287/2621/2621 565/2557/2557 885/2659/2659
f 885/2659/2659 565/2557/2557 745/2558/2558
f 885/2659/2659 745/2558/2558 881/2658/2658
f 881/2658/2658 745/2558/2558 853/2559/2559
f 881/2658/2658 853/2559/2559 877/2657/2657
f 877/2657/2657 853/2559/2559 861/2560/2560
f 877/2657/2657 861/2560/2560 873/2656/2656
f 873/2656/2656 861/2560/2560 867/2542/2542
f 1207/2579/2579 1220/2561/2561 1236/2654/2654
f 1236/2654/2654 1220/2561/2561 1208/2562/2562
f 1236/2654/2654 1208/2562/2562 1224/2653/2653
f 1224/2653/2653 1208/2562/2562 1196/2563/2563
f 1224/2653/2653 1196/2563/2563 1212/2652/2652
f 1212/2652/2652 1196/2563/2563 1188/2651/2651
f 1188/2651/2651 1196/2563/2563 1184/2564/2564
f 1188/2651/2651 1184/2564/2564 1176/2650/2650
f 1176/2650/2650 1184/2564/2564 1160/2565/2565
f 1176/2650/2650 1160/2565/2565 1144/2649/2649
f 1144/2649/2649 1160/2565/2565 1132/2566/2566
f 1144/2649/2649 1132/2566/2566 1108/2567/2567
f 1144/2649/2649 1108/2567/2567 1060/2709/2709
f 1060/2709/2709 1108/2567/2567 1096/2568/2568
f 1060/2709/2709 1096/2568/2568 1064/2708/2708
f 1064/2708/2708 1096/2568/2568 1088/2569/2569
f 1064/2708/2708 1088/2569/2569 1068/2707/2707
f 1068/2707/2707 1088/2569/2569 1080/2570/2570
f 1068/2707/2707 1080/2570/2570 1072/2706/2706
f 1072/2706/2706 1080/2570/2570 1079/2571/2571
f 1072/2706/2706 1079/2571/2571 1071/2705/2705
f 1071/2705/2705 1079/2571/2571 1067/2704/2704
f 1067/2704/2704 1079/2571/2571 1087/2572/2572
f 1067/2704/2704 1087/2572/2572 1063/2703/2703
f 1063/2703/2703 1087/2572/2572 1095/2573/2573
f 1063/2703/2703 1095/2573/2573 1059/2702/2702
f 1059/2702/2702 1095/2573/2573 1107/2574/2574
f 1059/2702/2702 1107/2574/2574 1040/2692/2692
f 1040/2692/2692 1107/2574/2574 1131/2575/2575
f 1040/2692/2692 1131/2575/2575 1042/2691/2691
f 1042/2691/2691 1131/2575/2575 1159/2576/2576
f 1042/2691/2691 1159/2576/2576 1039/2690/2690
f 1039/2690/2690 1159/2576/2576 1235/2599/2599
f 1159/2576/2576 1183/2577/2577 1235/2599/2599
f 1235/2599/2599 1183/2577/2577 1195/2578/2578
f 1235/2599/2599 1195/2578/2578 1207/2579/2579
f 1235/2599/2599 1207/2579/2579 1236/2654/2654
f 864/2581/2581 902/2633/2633 868/2580/2580
f 868/2580/2580 902/2633/2633 917/2637/2637
f 868/2580/2580 917/2637/2637 863/2598/2598
f 863/2598/2598 917/2637/2637 920/2638/2638
f 864/2581/2581 856/2582/2582 902/2633/2633
f 902/2633/2633 856/2582/2582 748/2583/2583
f 902/2633/2633 748/2583/2583 568/2584/2584
f 902/2633/2633 568/2584/2584 288/2632/2632
f 288/2632/2632 568/2584/2584 444/2585/2585
f 288/2632/2632 444/2585/2585 255/2586/2586
f 288/2632/2632 255/2586/2586 85/2631/2631
f 85/2631/2631 255/2586/2586 40/2587/2587
f 85/2631/2631 40/2587/2587 24/2630/2630
f 24/2630/2630 40/2587/2587 32/2588/2588
f 1228/2600/2600 1219/2601/2601 1235/2599/2599
f 1235/2599/2599 1219/2601/2601 1200/2602/2602
f 889/2660/2660 1143/2620/2620 885/2659/2659
f 885/2659/2659 1143/2620/2620 287/2621/2621
f 917/2637/2637 902/2633/2633 918/2636/2636
f 918/2636/2636 902/2633/2633 908/2634/2634
f 918/2636/2636 908/2634/2634 914/2635/2635
f 1020/2697/2697 964/2641/2641 1024/2696/2696
f 1024/2696/2696 964/2641/2641 966/2642/2642
f 1024/2696/2696 966/2642/2642 1028/2695/2695
f 1028/2695/2695 966/2642/2642 968/2643/2643
f 1028/2695/2695 968/2643/2643 1051/2700/2700
f 1051/2700/2700 968/2643/2643 1047/2699/2699
f 1047/2699/2699 968/2643/2643 971/2644/2644
f 1047/2699/2699 971/2644/2644 1044/2698/2698
f 1044/2698/2698 971/2644/2644 980/2648/2648
f 1044/2698/2698 980/2648/2648 1048/2712/2712
f 1048/2712/2712 980/2648/2648 1052/2711/2711
f 1052/2711/2711 980/2648/2648 1056/2710/2710
f 1056/2710/2710 980/2648/2648 1060/2709/2709
f 1060/2709/2709 980/2648/2648 1144/2649/2649
f 971/2644/2644 972/2645/2645 980/2648/2648
f 980/2648/2648 972/2645/2645 976/2647/2647
f 976/2647/2647 972/2645/2645 974/2646/2646
f 935/2675/2675 898/2663/2663 929/2674/2674
f 929/2674/2674 898/2663/2663 894/2664/2664
f 929/2674/2674 894/2664/2664 923/2673/2673
f 923/2673/2673 894/2664/2664 890/2665/2665
f 901/2670/2670 905/2671/2671 834/2216/2216
f 912/2682/2682 906/2683/2683 837/2243/2243
f 1040/2692/2692 1036/2693/2693 1059/2702/2702
f 1059/2702/2702 1036/2693/2693 1055/2701/2701
f 1055/2701/2701 1036/2693/2693 1032/2694/2694
f 1055/2701/2701 1032/2694/2694 1051/2700/2700
f 1051/2700/2700 1032/2694/2694 1028/2695/2695
g Solid2

v -26.750000 1.550000 -25.360000
v -26.750000 1.550000 25.360000
v -26.750000 6.050000 -25.360000
v -26.750000 6.050000 25.360000
v -26.020000 1.550000 -24.630001
v -26.020000 1.550000 -23.629999
v -26.020000 1.550000 -22.090001
v -26.020000 1.550000 -21.090000
v -26.020000 1.550000 -19.550000
v -26.020000 1.550000 -18.550000
v -26.020000 1.550000 -17.010000
v -26.020000 1.550000 -16.010000
v -26.020000 1.550000 -14.470000
v -26.020000 1.550000 -13.470000
v -26.020000 1.550000 -11.930000
v -26.020000 1.550000 -10.930001
v -26.020000 1.550000 -9.390000
v -26.020000 1.550000 -8.390000
v -26.020000 1.550000 -6.850000
v -26.020000 1.550000 -5.850000
v -26.020000 1.550000 -4.310000
v -26.020000 1.550000 -3.310000
v -26.020000 1.550000 -1.770000
v -26.020000 1.550000 -0.770000
v -26.020000 1.550000 0.770000
v -26.020000 1.550000 1.770000
v -26.020000 1.550000 3.310000
v -26.020000 1.550000 4.310000
v -26.020000 1.550000 5.850000
v -26.020000 1.550000 6.850000
v -26.020000 1.550000 8.390000
v -26.020000 1.550000 9.390000
v -26.020000 1.550000 10.930001
v -26.020000 1.550000 11.930000
v -26.020000 1.550000 13.470000
v -26.020000 1.550000 14.470000
v -26.020000 1.550000 16.010000
v -26.020000 1.550000 17.010000
v -26.020000 1.550000 18.550000
v -26.020000 1.550000 19.550000
v -26.020000 1.550000 21.090000
v -26.020000 1.550000 22.090001
v -26.020000 1.550000 23.629999
v -26.020000 1.550000 24.630001
v -26.020000 6.050000 -24.630001
v -26.020000 6.050000 -23.629999
v -26.020000 6.050000 -22.090001
v -26.020000 6.050000 -21.090000
v -26.020000 6.050000 -19.550000
v -26.020000 6.050000 -18.550000
v -26.020000 6.050000 -17.010000
v -26.020000 6.050000 -16.010000
v -26.020000 6.050000 -14.470000
v -26.020000 6.050000 -13.470000
v -26.020000 6.050000 -11.930000
v -26.020000 6.050000 -10.930001
v -26.020000 6.050000 -9.390000
v -26.020000 6.050000 -8.390000
v -26.020000 6.050000 -6.850000
v -26.020000 6.050000 -5.850000
v -26.020000 6.050000 -4.310000
v -26.020000 6.050000 -3.310000
v -26.020000 6.050000 -1.770000
v -26.020000 6.050000 -0.770000
v -26.020000 6.050000 0.770000
v -26.020000 6.050000 1.770000
v -26.020000 6.050000 3.310000
v -26.020000 6.050000 4.310000
v -26.020000 6.050000 5.850000
v -26.020000 6.050000 6.850000
v -26.020000 6.050000 8.390000
v -26.020000 6.050000 9.390000
v -26.020000 6.050000 10.930001
v -26.020000 6.050000 11.930000
v -26.020000 6.050000 13.470000
v -26.020000 6.050000 14.470000
v -26.020000 6.050000 16.010000
v -26.020000 6.050000 17.010000
v -26.020000 6.050000 18.550000
v -26.020000 6.050000 19.550000
v -26.020000 6.050000 21.090000
v -26.020000 6.050000 22.090001
v -26.020000 6.050000 23.629999
v -26.020000 6.050000 24.630001
v -25.020001 1.550000 -24.630001
v -25.020001 1.550000 -23.629999
v -25.020001 1.550000 -22.090001
v -25.020001 1.550000 -21.090000
v -25.020001 1.550000 -19.550000
v -25.020001 1.550000 -18.550000
v -25.020001 1.550000 -17.010000
v -25.020001 1.550000 -16.010000
v -25.020001 1.550000 -14.470000
v -25.020001 1.550000 -13.470000
v -25.020001 1.550000 -11.930000
v -25.020001 1.550000 -10.930001
v -25.020001 1.550000 -9.390000
v -25.020001 1.550000 -8.390000
v -25.020001 1.550000 -6.850000
v -25.020001 1.550000 -5.850000
v -25.020001 1.550000 -4.310000
v -25.020001 1.550000 -3.310000
v -25.020001 1.550000 -1.770000
v -25.020001 1.550000 -0.770000
v -25.020001 1.550000 0.770000
v -25.020001 1.550000 1.770000
v -25.020001 1.550000 3.310000
v -25.020001 1.550000 4.310000
v -25.020001 1.550000 5.850000
v -25.020001 1.550000 6.850000
v -25.020001 1.550000 8.390000
v -25.020001 1.550000 9.390000
v -25.020001 1.550000 10.930001
v -25.020001 1.550000 11.930000
v -25.020001 1.550000 13.470000
v -25.020001 1.550000 14.470000
v -25.020001 1.550000 16.010000
v -25.020001 1.550000 17.010000
v -25.020001 1.550000 18.550000
v -25.020001 1.550000 19.550000
v -25.020001 1.550000 21.090000
v -25.020001 1.550000 22.090001
v -25.020001 1.550000 23.629999
v -25.020001 1.550000 24.630001
v -25.020001 6.050000 -24.630001
v -25.020001 6.050000 -23.629999
v -25.020001 6.050000 -22.090001
v -25.020001 6.050000 -21.090000
v -25.020001 6.050000 -19.550000
v -25.020001 6.050000 -18.550000
v -25.020001 6.050000 -17.010000
v -25.020001 6.050000 -16.010000
v -25.020001 6.050000 -14.470000
v -25.020001 6.050000 -13.470000
v -25.020001 6.050000 -11.930000
v -25.020001 6.050000 -10.930001
v -25.020001 6.050000 -9.390000
v -25.020001 6.050000 -8.390000
v -25.020001 6.050000 -6.850000
v -25.020001 6.050000 -5.850000
v -25.020001 6.050000 -4.310000
v -25.020001 6.050000 -3.310000
v -25.020001 6.050000 -1.770000
v -25.020001 6.050000 -0.770000
v -25.020001 6.050000 0.770000
v -25.020001 6.050000 1.770000
v -25.020001 6.050000 3.310000
v -25.020001 6.050000 4.310000
v -25.020001 6.050000 5.850000
v -25.020001 6.050000 6.850000
v -25.020001 6.050000 8.390000
v -25.020001 6.050000 9.390000
v -25.020001 6.050000 10.930001
v -25.020001 6.050000 11.930000
v -25.020001 6.050000 13.470000
v -25.020001 6.050000 14.470000
v -25.020001 6.050000 16.010000
v -25.020001 6.050000 17.010000
v -25.020001 6.050000 18.550000
v -25.020001 6.050000 19.550000
v -25.020001 6.050000 21.090000
v -25.020001 6.050000 22.090001
v -25.020001 6.050000 23.629999
v -25.020001 6.050000 24.630001
v -23.480000 1.550000 -24.630001
v -23.480000 1.550000 -23.629999
v -23.480000 1.550000 -22.090001
v -23.480000 1.550000 -21.090000
v -23.480000 1.550000 -19.550000
v -23.480000 1.550000 -18.550000
v -23.480000 1.550000 -17.010000
v -23.480000 1.550000 -16.010000
v -23.480000 1.550000 -14.470000
v -23.480000 1.550000 -13.470000
v -23.480000 1.550000 -11.930000
v -23.480000 1.550000 -10.930001
v -23.480000 1.550000 -9.390000
v -23.480000 1.550000 -8.390000
v -23.480000 1.550000 -6.850000
v -23.480000 1.550000 -5.850000
v -23.480000 1.550000 -4.310000
v -23.480000 1.550000 -3.310000
v -23.480000 1.550000 -1.770000
v -23.480000 1.550000 -0.770000
v -23.480000 1.550000 0.770000
v -23.480000 1.550000 1.770000
v -23.480000 1.550000 3.310000
v -23.480000 1.550000 4.310000
v -23.480000 1.550000 5.850000
v -23.480000 1.550000 6.850000
v -23.480000 1.550000 8.390000
v -23.480000 1.550000 9.390000
v -23.480000 1.550000 10.930001
v -23.480000 1.550000 11.930000
v -23.480000 1.550000 13.470000
v -23.480000 1.550000 14.470000
v -23.480000 1.550000 16.010000
v -23.480000 1.550000 17.010000
v -23.480000 1.550000 18.550000
v -23.480000 1.550000 19.550000
v -23.480000 1.550000 21.090000
v -23.480000 1.550000 22.090001
v -23.480000 1.550000 23.629999
v -23.480000 1.550000 24.630001
v -23.480000 6.050000 -24.630001
v -23.480000 6.050000 -23.629999
v -23.480000 6.050000 -22.090001
v -23.480000 6.050000 -21.090000
v -23.480000 6.050000 -19.550000
v -23.480000 6.050000 -18.550000
v -23.480000 6.050000 -17.010000
v -23.480000 6.050000 -16.010000
v -23.480000 6.050000 -14.470000
v -23.480000 6.050000 -13.470000
v -23.480000 6.050000 -11.930000
v -23.480000 6.050000 -10.930001
v -23.480000 6.050000 -9.390000
v -23.480000 6.050000 -8.390000
v -23.480000 6.050000 -6.850000
v -23.480000 6.050000 -5.850000
v -23.480000 6.050000 -4.310000
v -23.480000 6.050000 -3.310000
v -23.480000 6.050000 -1.770000
v -23.480000 6.050000 -0.770000
v -23.480000 6.050000 0.770000
v -23.480000 6.050000 1.770000
v -23.480000 6.050000 3.310000
v -23.480000 6.050000 4.310000
v -23.480000 6.050000 5.850000
v -23.480000 6.050000 6.850000
v -23.480000 6.050000 8.390000
v -23.480000 6.050000 9.390000
v -23.480000 6.050000 10.930001
v -23.480000 6.050000 11.930000
v -23.480000 6.050000 13.470000
v -23.480000 6.050000 14.470000
v -23.480000 6.050000 16.010000
v -23.480000 6.050000 17.010000
v -23.480000 6.050000 18.550000
v -23.480000 6.050000 19.550000
v -23.480000 6.050000 21.090000
v -23.480000 6.050000 22.090001
v -23.480000 6.050000 23.629999
v -23.480000 6.050000 24.630001
v -22.479999 1.550000 -24.630001
v -22.479999 1.550000 -23.629999
v -22.479999 1.550000 -22.090001
v -22.479999 1.550000 -21.090000
v -22.479999 1.550000 -19.550000
v -22.479999 1.550000 -18.550000
v -22.479999 1.550000 -17.010000
v -22.479999 1.550000 -16.010000
v -22.479999 1.550000 -14.470000
v -22.479999 1.550000 -13.470000
v -22.479999 1.550000 -11.930000
v -22.479999 1.550000 -10.930001
v -22.479999 1.550000 -9.390000
v -22.479999 1.550000 -8.390000
v -22.479999 1.550000 -6.850000
v -22.479999 1.550000 -5.850000
v -22.479999 1.550000 -4.310000
v -22.479999 1.550000 -3.310000
v -22.479999 1.550000 -1.770000
v -22.479999 1.550000 -0.770000
v -22.479999 1.550000 0.770000
v -22.479999 1.550000 1.770000
v -22.479999 1.550000 3.310000
v -22.479999 1.550000 4.310000
v -22.479999 1.550000 5.850000
v -22.479999 1.550000 6.850000
v -22.479999 1.550000 8.390000
v -22.479999 1.550000 9.390000
v -22.479999 1.550000 10.930001
v -22.479999 1.550000 11.930000
v -22.479999 1.550000 13.470000
v -22.479999 1.550000 14.470000
v -22.479999 1.550000 16.010000
v -22.479999 1.550000 17.010000
v -22.479999 1.550000 18.550000
v -22.479999 1.550000 19.550000
v -22.479999 1.550000 21.090000
v -22.479999 1.550000 22.090001
v -22.479999 1.550000 23.629999
v -22.479999 1.550000 24.630001
v -22.479999 6.050000 -24.630001
v -22.479999 6.050000 -23.629999
v -22.479999 6.050000 -22.090001
v -22.479999 6.050000 -21.090000
v -22.479999 6.050000 -19.550000
v -22.479999 6.050000 -18.550000
v -22.479999 6.050000 -17.010000
v -22.479999 6.050000 -16.010000
v -22.479999 6.050000 -14.470000
v -22.479999 6.050000 -13.470000
v -22.479999 6.050000 -11.930000
v -22.479999 6.050000 -10.930001
v -22.479999 6.050000 -9.390000
v -22.479999 6.050000 -8.390000
v -22.479999 6.050000 -6.850000
v -22.479999 6.050000 -5.850000
v -22.479999 6.050000 -4.310000
v -22.479999 6.050000 -3.310000
v -22.479999 6.050000 -1.770000
v -22.479999 6.050000 -0.770000
v -22.479999 6.050000 0.770000
v -22.479999 6.050000 1.770000
v -22.479999 6.050000 3.310000
v -22.479999 6.050000 4.310000
v -22.479999 6.050000 5.850000
v -22.479999 6.050000 6.850000
v -22.479999 6.050000 8.390000
v -22.479999 6.050000 9.390000
v -22.479999 6.050000 10.930001
v -22.479999 6.050000 11.930000
v -22.479999 6.050000 13.470000
v -22.479999 6.050000 14.470000
v -22.479999 6.050000 16.010000
v -22.479999 6.050000 17.010000
v -22.479999 6.050000 18.550000
v -22.479999 6.050000 19.550000
v -22.479999 6.050000 21.090000
v -22.479999 6.050000 22.090001
v -22.479999 6.050000 23.629999
v -22.479999 6.050000 24.630001
v -21.750000 1.550000 -25.360000
v -21.750000 1.550000 25.360000
v -21.750000 6.050000 -25.360000
v -21.750000 6.050000 25.360000
vt -0.000000 0.450000 0.000000
vt -0.100000 0.450000 0.000000
vt -0.100000 0.000000 0.000000
vt -0.000000 0.000000 0.000000
vt -0.000000 0.450000 0.000000
vt -0.100000 0.450000 0.000000
vt -0.100000 0.000000 0.000000
vt -0.000000 0.000000 0.000000
vt -0.000000 0.450000 0.000000
vt -0.100000 0.450000 0.000000
vt -0.100000 0.000000 0.000000
vt -0.000000 0.000000 0.000000
vt -0.000000 0.450000 0.000000
vt -0.100000 0.450000 0.000000
vt -0.100000 0.000000 0.000000
vt -0.000000 0.000000 0.000000
vt -0.000000 0.450000 0.000000
vt -0.100000 0.450000 0.000000
vt -0.100000 0.000000 0.000000
vt -0.000000 0.000000 0.000000
vt -0.000000 0.450000 0.000000
vt -0.100000 0.450000 0.000000
vt -0.100000 0.000000 0.000000
vt -0.000000 0.000000 0.000000
vt -0.000000 0.450000 0.000000
vt -0.100000 0.450000 0.000000
vt -0.100000 0.000000 0.000000
vt -0.000000 0.000000 0.000000
vt -0.000000 0.450000 0.000000
vt -0.100000 0.450000 0.000000
vt -0.100000 0.000000 0.000000
vt -0.000000 0.000000 0.000000
vt -0.000000 0.450000 0.000000
vt -0.100000 0.450000 0.000000
vt -0.100000 0.000000 0.000000
vt -0.000000 0.000000 0.000000
vt -0.000000 0.450000 0.000000
vt -0.100000 0.450000 0.000000
vt -0.100000 0.000000 0.000000
vt -0.000000 0.000000 0.000000
vt -0.000000 0.450000 0.000000
vt -0.100000 0.450000 0.000000
vt -0.100000 0.000000 0.000000
vt -0.000000 0.000000 0.000000
vt -0.000000 0.450000 0.000000
vt -0.100000 0.450000 0.000000
vt -0.100000 0.000000 0.000000
vt -0.000000 0.000000 0.000000
vt -0.000000 0.450000 0.000000
vt -0.100000 0.450000 0.000000
vt -0.100000 0.000000 0.000000
vt -0.000000 0.000000 0.000000
vt -0.000000 0.450000 0.000000
vt -0.100000 0.450000 0.000000
vt -0.100000 0.000000 0.000000
vt -0.000000 0.000000 0.000000
vt -0.000000 0.450000 0.000000
vt -0.100000 0.450000 0.000000
vt -0.100000 0.000000 0.000000
vt -0.000000 0.000000 0.000000
vt -0.000000 0.450000 0.000000
vt -0.100000 0.450000 0.000000
vt -0.100000 0.000000 0.000000
vt -0.000000 0.000000 0.000000
vt -0.000000 0.450000 0.000000
vt -0.100000 0.450000 0.000000
vt -0.100000 0.000000 0.000000
vt -0.000000 0.000000 0.000000
vt -0.000000 0.450000 0.000000
vt -0.100000 0.450000 0.000000
vt -0.100000 0.000000 0.000000
vt -0.000000 0.000000 0.000000
vt -0.000000 0.450000 0.000000
vt -0.100000 0.450000 0.000000
vt -0.100000 0.000000 0.000000
vt -0.000000 0.000000 0.000000
vt -0.000000 0.450000 0.000000
vt -0.100000 0.450000 0.000000
vt -0.100000 0.000000 0.000000
vt -0.000000 0.000000 0.000000
vt -0.000000 0.450000 0.000000
vt -0.100000 0.450000 0.000000
vt -0.100000 0.000000 0.000000
vt -0.000000 0.000000 0.000000
vt -0.000000 0.450000 0.000000
vt -0.100000 0.450000 0.000000
vt -0.100000 0.000000 0.000000
vt -0.000000 0.000000 0.000000
vt -0.000000 0.450000 0.000000
vt -0.100000 0.450000 0.000000
vt -0.100000 0.000000 0.000000
vt -0.000000 0.000000 0.000000
vt -0.000000 0.450000 0.000000
vt -0.100000 0.450000 0.000000
vt -0.100000 0.000000 0.000000
vt -0.000000 0.000000 0.000000
vt -0.000000 0.450000 0.000000
vt -0.100000 0.450000 0.000000
vt -0.100000 0.000000 0.000000
vt -0.000000 0.000000 0.000000
vt -0.000000 0.450000 0.000000
vt -0.100000 0.450000 0.000000
vt -0.100000 0.000000 0.000000
vt -0.000000 0.000000 0.000000
vt -0.000000 0.450000 0.000000
vt -0.100000 0.450000 0.000000
vt -0.100000 0.000000 0.000000
vt -0.000000 0.000000 0.000000
vt -0.000000 0.450000 0.000000
vt -0.100000 0.450000 0.000000
vt -0.100000 0.000000 0.000000
vt -0.000000 0.000000 0.000000
vt -0.000000 0.450000 0.000000
vt -0.100000 0.450000 0.000000
vt -0.100000 0.000000 0.000000
vt -0.000000 0.000000 0.000000
vt -0.000000 0.450000 0.000000
vt -0.100000 0.450000 0.000000
vt -0.100000 0.000000 0.000000
vt -0.000000 0.000000 0.000000
vt -0.000000 0.450000 0.000000
vt -0.100000 0.450000 0.000000
vt -0.100000 0.000000 0.000000
vt -0.000000 0.000000 0.000000
vt -0.000000 0.450000 0.000000
vt -0.100000 0.450000 0.000000
vt -0.100000 0.000000 0.000000
vt -0.000000 0.000000 0.000000
vt -0.000000 0.450000 0.000000
vt -0.100000 0.450000 0.000000
vt -0.100000 0.000000 0.000000
vt -0.000000 0.000000 0.000000
vt -0.000000 0.450000 0.000000
vt -0.100000 0.450000 0.000000
vt -0.100000 0.000000 0.000000
vt -0.000000 0.000000 0.000000
vt -0.000000 0.450000 0.000000
vt -0.100000 0.450000 0.000000
vt -0.100000 0.000000 0.000000
vt -0.000000 0.000000 0.000000
vt -0.000000 0.450000 0.000000
vt -0.100000 0.450000 0.000000
vt -0.100000 0.000000 0.000000
vt -0.000000 0.000000 0.000000
vt -0.000000 0.450000 0.000000
vt -0.100000 0.450000 0.000000
vt -0.100000 0.000000 0.000000
vt -0.000000 0.000000 0.000000
vt -0.000000 0.450000 0.000000
vt -0.100000 0.450000 0.000000
vt -0.100000 0.000000 0.000000
vt -0.000000 0.000000 0.000000
vt -0.000000 0.450000 0.000000
vt -0.100000 0.450000 0.000000
vt -0.100000 0.000000 0.000000
vt -0.000000 0.000000 0.000000
vt -0.000000 0.450000 0.000000
vt -0.100000 0.450000 0.000000
vt -0.100000 0.000000 0.000000
vt -0.000000 0.000000 0.000000
vt -0.000000 0.450000 0.000000
vt -0.100000 0.450000 0.000000
vt -0.100000 0.000000 0.000000
vt -0.000000 0.000000 0.000000
vt -0.000000 0.450000 0.000000
vt -0.100000 0.450000 0.000000
vt -0.100000 0.000000 0.000000
vt -0.000000 0.000000 0.000000
vt -0.000000 0.450000 0.000000
vt -0.100000 0.450000 0.000000
vt -0.100000 0.000000 0.000000
vt -0.000000 0.000000 0.000000
vt -0.000000 0.450000 0.000000
vt -0.100000 0.450000 0.000000
vt -0.100000 0.000000 0.000000
vt -0.000000 0.000000 0.000000
vt -0.000000 0.450000 0.000000
vt -0.100000 0.450000 0.000000
vt -0.100000 0.000000 0.000000
vt -0.000000 0.000000 0.000000
vt -0.000000 0.450000 0.000000
vt -0.100000 0.450000 0.000000
vt -0.100000 0.000000 0.000000
vt -0.000000 0.000000 0.000000
vt -0.000000 0.450000 0.000000
vt -0.100000 0.450000 0.000000
vt -0.100000 0.000000 0.000000
vt -0.000000 0.000000 0.000000
vt -0.000000 0.450000 0.000000
vt -0.100000 0.450000 0.000000
vt -0.100000 0.000000 0.000000
vt -0.000000 0.000000 0.000000
vt -0.000000 0.450000 0.000000
vt -0.100000 0.450000 0.000000
vt -0.100000 0.000000 0.000000
vt -0.000000 0.000000 0.000000
vt -0.000000 0.450000 0.000000
vt -0.100000 0.450000 0.000000
vt -0.100000 0.000000 0.000000
vt -0.000000 0.000000 0.000000
vt -0.000000 0.450000 0.000000
vt -0.100000 0.450000 0.000000
vt -0.100000 0.000000 0.000000
vt -0.000000 0.000000 0.000000
vt -0.000000 0.450000 0.000000
vt -0.100000 0.450000 0.000000
vt -0.100000 0.000000 0.000000
vt -0.000000 0.000000 0.000000
vt -0.000000 0.450000 0.000000
vt -0.100000 0.450000 0.000000
vt -0.100000 0.000000 0.000000
vt -0.000000 0.000000 0.000000
vt -0.000000 0.450000 0.000000
vt -0.100000 0.450000 0.000000
vt -0.100000 0.000000 0.000000
vt -0.000000 0.000000 0.000000
vt -0.000000 0.450000 0.000000
vt -0.100000 0.450000 0.000000
vt -0.100000 0.000000 0.000000
vt -0.000000 0.000000 0.000000
vt -0.000000 0.450000 0.000000
vt -0.100000 0.450000 0.000000
vt -0.100000 0.000000 0.000000
vt -0.000000 0.000000 0.000000
vt -0.000000 0.450000 0.000000
vt -0.100000 0.450000 0.000000
vt -0.100000 0.000000 0.000000
vt -0.000000 0.000000 0.000000
vt -0.000000 0.450000 0.000000
vt -0.100000 0.450000 0.000000
vt -0.100000 0.000000 0.000000
vt -0.000000 0.000000 0.000000
vt -0.000000 0.450000 0.000000
vt -0.100000 0.450000 0.000000
vt -0.100000 0.000000 0.000000
vt -0.000000 0.000000 0.000000
vt -0.000000 0.450000 0.000000
vt -0.100000 0.450000 0.000000
vt -0.100000 0.000000 0.000000
vt -0.000000 0.000000 0.000000
vt -0.000000 0.450000 0.000000
vt -0.100000 0.450000 0.000000
vt -0.100000 0.000000 0.000000
vt -0.000000 0.000000 0.000000
vt -0.000000 0.450000 0.000000
vt -0.100000 0.450000 0.000000
vt -0.100000 0.000000 0.000000
vt -0.000000 0.000000 0.000000
vt -0.000000 0.450000 0.000000
vt -0.100000 0.450000 0.000000
vt -0.100000 0.000000 0.000000
vt -0.000000 0.000000 0.000000
vt -0.000000 0.450000 0.000000
vt -0.100000 0.450000 0.000000
vt -0.100000 0.000000 0.000000
vt -0.000000 0.000000 0.000000
vt -0.000000 0.450000 0.000000
vt -0.100000 0.450000 0.000000
vt -0.100000 0.000000 0.000000
vt -0.000000 0.000000 0.000000
vt -0.000000 0.450000 0.000000
vt -0.100000 0.450000 0.000000
vt -0.100000 0.000000 0.000000
vt -0.000000 0.000000 0.000000
vt -0.000000 0.450000 0.000000
vt -0.100000 0.450000 0.000000
vt -0.100000 0.000000 0.000000
vt -0.000000 0.000000 0.000000
vt -0.000000 0.450000 0.000000
vt -0.100000 0.450000 0.000000
vt -0.100000 0.000000 0.000000
vt -0.000000 0.000000 0.000000
vt -0.000000 0.450000 0.000000
vt -0.100000 0.450000 0.000000
vt -0.100000 0.000000 0.000000
vt -0.000000 0.000000 0.000000
vt -0.000000 0.450000 0.000000
vt -0.100000 0.450000 0.000000
vt -0.100000 0.000000 0.000000
vt -0.000000 0.000000 0.000000
vt -0.000000 0.450000 0.000000
vt -0.100000 0.450000 0.000000
vt -0.100000 0.000000 0.000000
vt -0.000000 0.000000 0.000000
vt -0.000000 0.450000 0.000000
vt -0.100000 0.450000 0.000000
vt -0.100000 0.000000 0.000000
vt -0.000000 0.000000 0.000000
vt -0.000000 0.450000 0.000000
vt -0.100000 0.450000 0.000000
vt -0.100000 0.000000 0.000000
vt -0.000000 0.000000 0.000000
vt -0.000000 0.450000 0.000000
vt -0.100000 0.450000 0.000000
vt -0.100000 0.000000 0.000000
vt -0.000000 0.000000 0.000000
vt -0.000000 0.450000 0.000000
vt -0.100000 0.450000 0.000000
vt -0.100000 0.000000 0.000000
vt -0.000000 0.000000 0.000000
vt -0.000000 0.450000 0.000000
vt -0.100000 0.450000 0.000000
vt -0.100000 0.000000 0.000000
vt -0.000000 0.000000 0.000000
vt -0.000000 0.450000 0.000000
vt -0.100000 0.450000 0.000000
vt -0.100000 0.000000 0.000000
vt -0.000000 0.000000 0.000000
vt -0.000000 0.450000 0.000000
vt -0.100000 0.450000 0.000000
vt -0.100000 0.000000 0.000000
vt -0.000000 0.000000 0.000000
vt -0.000000 0.450000 0.000000
vt -0.100000 0.450000 0.000000
vt -0.100000 0.000000 0.000000
vt -0.000000 0.000000 0.000000
vt -0.000000 0.450000 0.000000
vt -0.100000 0.450000 0.000000
vt -0.100000 0.000000 0.000000
vt -0.000000 0.000000 0.000000
vt -0.000000 0.450000 0.000000
vt -0.100000 0.450000 0.000000
vt -0.100000 0.000000 0.000000
vt -0.000000 0.000000 0.000000
vt -0.000000 0.450000 0.000000
vt -0.100000 0.450000 0.000000
vt -0.100000 0.000000 0.000000
vt -0.000000 0.000000 0.000000
vt -0.000000 0.450000 0.000000
vt -0.100000 0.450000 0.000000
vt -0.100000 0.000000 0.000000
vt -0.000000 0.000000 0.000000
vt -0.000000 0.450000 0.000000
vt -0.100000 0.450000 0.000000
vt -0.100000 0.000000 0.000000
vt -0.000000 0.000000 0.000000
vt -0.000000 0.450000 0.000000
vt -0.100000 0.450000 0.000000
vt -0.100000 0.000000 0.000000
vt -0.000000 0.000000 0.000000
vt -0.000000 0.450000 0.000000
vt -0.100000 0.450000 0.000000
vt -0.100000 0.000000 0.000000
vt -0.000000 0.000000 0.000000
vt -0.000000 0.450000 0.000000
vt -0.100000 0.450000 0.000000
vt -0.100000 0.000000 0.000000
vt -0.000000 0.000000 0.000000
vt -0.000000 0.450000 0.000000
vt -0.100000 0.450000 0.000000
vt -0.100000 0.000000 0.000000
vt -0.000000 0.000000 0.000000
vt -0.000000 0.450000 0.000000
vt -0.100000 0.450000 0.000000
vt -0.100000 0.000000 0.000000
vt -0.000000 0.000000 0.000000
vt -0.000000 0.450000 0.000000
vt -0.100000 0.450000 0.000000
vt -0.100000 0.000000 0.000000
vt -0.000000 0.000000 0.000000
vt -0.000000 0.450000 0.000000
vt -0.100000 0.450000 0.000000
vt -0.100000 0.000000 0.000000
vt -0.000000 0.000000 0.000000
vt -0.000000 0.450000 0.000000
vt -0.100000 0.450000 0.000000
vt -0.100000 0.000000 0.000000
vt -0.000000 0.000000 0.000000
vt -0.000000 0.450000 0.000000
vt -0.100000 0.450000 0.000000
vt -0.100000 0.000000 0.000000
vt -0.000000 0.000000 0.000000
vt -0.000000 0.450000 0.000000
vt -0.100000 0.450000 0.000000
vt -0.100000 0.000000 0.000000
vt -0.000000 0.000000 0.000000
vt -0.000000 0.450000 0.000000
vt -0.100000 0.450000 0.000000
vt -0.100000 0.000000 0.000000
vt -0.000000 0.000000 0.000000
vt -0.000000 0.450000 0.000000
vt -0.100000 0.450000 0.000000
vt -0.100000 0.000000 0.000000
vt -0.000000 0.000000 0.000000
vt -0.000000 0.450000 0.000000
vt -0.100000 0.450000 0.000000
vt -0.100000 0.000000 0.000000
vt -0.000000 0.000000 0.000000
vt -0.000000 0.450000 0.000000
vt -0.100000 0.450000 0.000000
vt -0.100000 0.000000 0.000000
vt -0.000000 0.000000 0.000000
vt -0.000000 0.450000 0.000000
vt -0.100000 0.450000 0.000000
vt -0.100000 0.000000 0.000000
vt -0.000000 0.000000 0.000000
vt -0.000000 0.450000 0.000000
vt -0.100000 0.450000 0.000000
vt -0.100000 0.000000 0.000000
vt -0.000000 0.000000 0.000000
vt -0.000000 0.450000 0.000000
vt -0.100000 0.450000 0.000000
vt -0.100000 0.000000 0.000000
vt -0.000000 0.000000 0.000000
vt -0.000000 0.450000 0.000000
vt -0.100000 0.450000 0.000000
vt -0.100000 0.000000 0.000000
vt -0.000000 0.000000 0.000000
vt -0.000000 0.450000 0.000000
vt -0.100000 0.450000 0.000000
vt -0.100000 0.000000 0.000000
vt -0.000000 0.000000 0.000000
vt -0.000000 0.450000 0.000000
vt -0.100000 0.450000 0.000000
vt -0.100000 0.000000 0.000000
vt -0.000000 0.000000 0.000000
vt -0.000000 0.450000 0.000000
vt -0.100000 0.450000 0.000000
vt -0.100000 0.000000 0.000000
vt -0.000000 0.000000 0.000000
vt -0.000000 0.450000 0.000000
vt -0.100000 0.450000 0.000000
vt -0.100000 0.000000 0.000000
vt -0.000000 0.000000 0.000000
vt -0.000000 0.450000 0.000000
vt -0.100000 0.450000 0.000000
vt -0.100000 0.000000 0.000000
vt -0.000000 0.000000 0.000000
vt -0.000000 0.450000 0.000000
vt -0.100000 0.450000 0.000000
vt -0.100000 0.000000 0.000000
vt -0.000000 0.000000 0.000000
vt -0.000000 0.450000 0.000000
vt -0.100000 0.450000 0.000000
vt -0.100000 0.000000 0.000000
vt -0.000000 0.000000 0.000000
vt -0.000000 0.450000 0.000000
vt -0.100000 0.450000 0.000000
vt -0.100000 0.000000 0.000000
vt -0.000000 0.000000 0.000000
vt -0.000000 0.450000 0.000000
vt -0.100000 0.450000 0.000000
vt -0.100000 0.000000 0.000000
vt -0.000000 0.000000 0.000000
vt -0.000000 0.450000 0.000000
vt -0.100000 0.450000 0.000000
vt -0.100000 0.000000 0.000000
vt -0.000000 0.000000 0.000000
vt -0.000000 0.450000 0.000000
vt -0.100000 0.450000 0.000000
vt -0.100000 0.000000 0.000000
vt -0.000000 0.000000 0.000000
vt -0.000000 0.450000 0.000000
vt -0.100000 0.450000 0.000000
vt -0.100000 0.000000 0.000000
vt -0.000000 0.000000 0.000000
vt -0.000000 0.450000 0.000000
vt -0.100000 0.450000 0.000000
vt -0.100000 0.000000 0.000000
vt -0.000000 0.000000 0.000000
vt -0.000000 0.450000 0.000000
vt -0.100000 0.450000 0.000000
vt -0.100000 0.000000 0.000000
vt -0.000000 0.000000 0.000000
vt -0.000000 0.450000 0.000000
vt -0.100000 0.450000 0.000000
vt -0.100000 0.000000 0.000000
vt -0.000000 0.000000 0.000000
vt -0.000000 0.450000 0.000000
vt -0.100000 0.450000 0.000000
vt -0.100000 0.000000 0.000000
vt -0.000000 0.000000 0.000000
vt -0.000000 0.450000 0.000000
vt -0.100000 0.450000 0.000000
vt -0.100000 0.000000 0.000000
vt -0.000000 0.000000 0.000000
vt -0.000000 0.450000 0.000000
vt -0.100000 0.450000 0.000000
vt -0.100000 0.000000 0.000000
vt -0.000000 0.000000 0.000000
vt -0.000000 0.450000 0.000000
vt -0.100000 0.450000 0.000000
vt -0.100000 0.000000 0.000000
vt -0.000000 0.000000 0.000000
vt -0.000000 0.450000 0.000000
vt -0.100000 0.450000 0.000000
vt -0.100000 0.000000 0.000000
vt -0.000000 0.000000 0.000000
vt -0.000000 0.450000 0.000000
vt -0.100000 0.450000 0.000000
vt -0.100000 0.000000 0.000000
vt -0.000000 0.000000 0.000000
vt -0.000000 0.450000 0.000000
vt -0.100000 0.450000 0.000000
vt -0.100000 0.000000 0.000000
vt -0.000000 0.000000 0.000000
vt -0.000000 0.450000 0.000000
vt -0.100000 0.450000 0.000000
vt -0.100000 0.000000 0.000000
vt -0.000000 0.000000 0.000000
vt -0.000000 0.450000 0.000000
vt -0.100000 0.450000 0.000000
vt -0.100000 0.000000 0.000000
vt -0.000000 0.000000 0.000000
vt -0.000000 0.450000 0.000000
vt -0.100000 0.450000 0.000000
vt -0.100000 0.000000 0.000000
vt -0.000000 0.000000 0.000000
vt -0.000000 0.450000 0.000000
vt -0.100000 0.450000 0.000000
vt -0.100000 0.000000 0.000000
vt -0.000000 0.000000 0.000000
vt -0.000000 0.450000 0.000000
vt -0.100000 0.450000 0.000000
vt -0.100000 0.000000 0.000000
vt -0.000000 0.000000 0.000000
vt -0.000000 0.450000 0.000000
vt -0.100000 0.450000 0.000000
vt -0.100000 0.000000 0.000000
vt -0.000000 0.000000 0.000000
vt -0.000000 0.450000 0.000000
vt -0.100000 0.450000 0.000000
vt -0.100000 0.000000 0.000000
vt -0.000000 0.000000 0.000000
vt -0.000000 0.450000 0.000000
vt -0.100000 0.450000 0.000000
vt -0.100000 0.000000 0.000000
vt -0.000000 0.000000 0.000000
vt -0.000000 0.450000 0.000000
vt -0.100000 0.450000 0.000000
vt -0.100000 0.000000 0.000000
vt -0.000000 0.000000 0.000000
vt -0.000000 0.450000 0.000000
vt -0.100000 0.450000 0.000000
vt -0.100000 0.000000 0.000000
vt -0.000000 0.000000 0.000000
vt -0.000000 0.450000 0.000000
vt -0.100000 0.450000 0.000000
vt -0.100000 0.000000 0.000000
vt -0.000000 0.000000 0.000000
vt -0.000000 0.450000 0.000000
vt -0.100000 0.450000 0.000000
vt -0.100000 0.000000 0.000000
vt -0.000000 0.000000 0.000000
vt -0.000000 0.450000 0.000000
vt -0.100000 0.450000 0.000000
vt -0.100000 0.000000 0.000000
vt -0.000000 0.000000 0.000000
vt -0.000000 0.450000 0.000000
vt -0.100000 0.450000 0.000000
vt -0.100000 0.000000 0.000000
vt -0.000000 0.000000 0.000000
vt -0.000000 0.450000 0.000000
vt -0.100000 0.450000 0.000000
vt -0.100000 0.000000 0.000000
vt -0.000000 0.000000 0.000000
vt -0.000000 0.450000 0.000000
vt -0.100000 0.450000 0.000000
vt -0.100000 0.000000 0.000000
vt -0.000000 0.000000 0.000000
vt -0.000000 0.450000 0.000000
vt -0.100000 0.450000 0.000000
vt -0.100000 0.000000 0.000000
vt -0.000000 0.000000 0.000000
vt -0.000000 0.450000 0.000000
vt -0.100000 0.450000 0.000000
vt -0.100000 0.000000 0.000000
vt -0.000000 0.000000 0.000000
vt -0.000000 0.450000 0.000000
vt -0.100000 0.450000 0.000000
vt -0.100000 0.000000 0.000000
vt -0.000000 0.000000 0.000000
vt -0.000000 0.450000 0.000000
vt -0.100000 0.450000 0.000000
vt -0.100000 0.000000 0.000000
vt -0.000000 0.000000 0.000000
vt -0.000000 0.450000 0.000000
vt -0.100000 0.450000 0.000000
vt -0.100000 0.000000 0.000000
vt -0.000000 0.000000 0.000000
vt -0.000000 0.450000 0.000000
vt -0.100000 0.450000 0.000000
vt -0.100000 0.000000 0.000000
vt -0.000000 0.000000 0.000000
vt -0.000000 0.450000 0.000000
vt -0.100000 0.450000 0.000000
vt -0.100000 0.000000 0.000000
vt -0.000000 0.000000 0.000000
vt -0.000000 0.450000 0.000000
vt -0.100000 0.450000 0.000000
vt -0.100000 0.000000 0.000000
vt -0.000000 0.000000 0.000000
vt -0.000000 0.450000 0.000000
vt -0.100000 0.450000 0.000000
vt -0.100000 0.000000 0.000000
vt -0.000000 0.000000 0.000000
vt -0.000000 0.450000 0.000000
vt -0.100000 0.450000 0.000000
vt -0.100000 0.000000 0.000000
vt -0.000000 0.000000 0.000000
vt -0.000000 0.450000 0.000000
vt -0.100000 0.450000 0.000000
vt -0.100000 0.000000 0.000000
vt -0.000000 0.000000 0.000000
vt -0.000000 0.450000 0.000000
vt -0.100000 0.450000 0.000000
vt -0.100000 0.000000 0.000000
vt -0.000000 0.000000 0.000000
vt -0.000000 0.450000 0.000000
vt -0.100000 0.450000 0.000000
vt -0.100000 0.000000 0.000000
vt -0.000000 0.000000 0.000000
vt -0.000000 0.450000 0.000000
vt -0.100000 0.450000 0.000000
vt -0.100000 0.000000 0.000000
vt -0.000000 0.000000 0.000000
vt -0.000000 0.450000 0.000000
vt -0.100000 0.450000 0.000000
vt -0.100000 0.000000 0.000000
vt -0.000000 0.000000 0.000000
vt -0.000000 0.450000 0.000000
vt -0.100000 0.450000 0.000000
vt -0.100000 0.000000 0.000000
vt -0.000000 0.000000 0.000000
vt -0.000000 0.450000 0.000000
vt -0.100000 0.450000 0.000000
vt -0.100000 0.000000 0.000000
vt -0.000000 0.000000 0.000000
vt -0.000000 0.450000 0.000000
vt -0.100000 0.450000 0.000000
vt -0.100000 0.000000 0.000000
vt -0.000000 0.000000 0.000000
vt -0.000000 0.450000 0.000000
vt -0.100000 0.450000 0.000000
vt -0.100000 0.000000 0.000000
vt -0.000000 0.000000 0.000000
vt -0.000000 0.450000 0.000000
vt -0.100000 0.450000 0.000000
vt -0.100000 0.000000 0.000000
vt -0.000000 0.000000 0.000000
vt 0.000000 0.000000 0.000000
vt 0.500000 0.000000 0.000000
vt 0.500000 0.450000 0.000000
vt 0.000000 0.450000 0.000000
vt 0.000000 0.000000 0.000000
vt 5.072000 0.000000 0.000000
vt 5.072000 0.450000 0.000000
vt 0.000000 0.450000 0.000000
vt 0.000000 0.000000 0.000000
vt 0.500000 0.000000 0.000000
vt 0.500000 0.450000 0.000000
vt 0.000000 0.450000 0.000000
vt 0.000000 0.000000 0.000000
vt 5.072000 0.000000 0.000000
vt 5.072000 0.450000 0.000000
vt 0.000000 0.450000 0.000000
vt -2.363000 0.177000 0.000000
vt -2.363000 0.077000 0.000000
vt -2.463000 0.077000 0.000000
vt -2.463000 0.177000 0.000000
vt -2.109000 0.177000 0.000000
vt -2.109000 0.077000 0.000000
vt -2.209000 0.077000 0.000000
vt -2.209000 0.177000 0.000000
vt -1.855000 0.177000 0.000000
vt -1.855000 0.077000 0.000000
vt -1.955000 0.077000 0.000000
vt -1.955000 0.177000 0.000000
vt -1.601000 0.177000 0.000000
vt -1.601000 0.077000 0.000000
vt -1.701000 0.077000 0.000000
vt -1.701000 0.177000 0.000000
vt -1.347000 0.177000 0.000000
vt -1.347000 0.077000 0.000000
vt -1.447000 0.077000 0.000000
vt -1.447000 0.177000 0.000000
vt -1.093000 0.177000 0.000000
vt -1.093000 0.077000 0.000000
vt -1.193000 0.077000 0.000000
vt -1.193000 0.177000 0.000000
vt -0.839000 0.177000 0.000000
vt -0.839000 0.077000 0.000000
vt -0.939000 0.077000 0.000000
vt -0.939000 0.177000 0.000000
vt -0.585000 0.177000 0.000000
vt -0.585000 0.077000 0.000000
vt -0.685000 0.077000 0.000000
vt -0.685000 0.177000 0.000000
vt -0.331000 0.177000 0.000000
vt -0.331000 0.077000 0.000000
vt -0.431000 0.077000 0.000000
vt -0.431000 0.177000 0.000000
vt -0.077000 0.177000 0.000000
vt -0.077000 0.077000 0.000000
vt -0.177000 0.077000 0.000000
vt -0.177000 0.177000 0.000000
vt 0.177000 0.177000 0.000000
vt 0.177000 0.077000 0.000000
vt 0.077000 0.077000 0.000000
vt 0.077000 0.177000 0.000000
vt 0.431000 0.177000 0.000000
vt 0.431000 0.077000 0.000000
vt 0.331000 0.077000 0.000000
vt 0.331000 0.177000 0.000000
vt 0.685000 0.177000 0.000000
vt 0.685000 0.077000 0.000000
vt 0.585000 0.077000 0.000000
vt 0.585000 0.177000 0.000000
vt 0.939000 0.177000 0.000000
vt 0.939000 0.077000 0.000000
vt 0.839000 0.077000 0.000000
vt 0.839000 0.177000 0.000000
vt 1.193000 0.177000 0.000000
vt 1.193000 0.077000 0.000000
vt 1.093000 0.077000 0.000000
vt 1.093000 0.177000 0.000000
vt 1.447000 0.177000 0.000000
vt 1.447000 0.077000 0.000000
vt 1.347000 0.077000 0.000000
vt 1.347000 0.177000 0.000000
vt 1.701000 0.177000 0.000000
vt 1.701000 0.077000 0.000000
vt 1.601000 0.077000 0.000000
vt 1.601000 0.177000 0.000000
vt 1.955000 0.177000 0.000000
vt 1.955000 0.077000 0.000000
vt 1.855000 0.077000 0.000000
vt 1.855000 0.177000 0.000000
vt 2.209000 0.177000 0.000000
vt 2.209000 0.077000 0.000000
vt 2.109000 0.077000 0.000000
vt 2.109000 0.177000 0.000000
vt 2.463000 0.177000 0.000000
vt 2.463000 0.077000 0.000000
vt 2.363000 0.077000 0.000000
vt 2.363000 0.177000 0.000000
vt -2.363000 -0.077000 0.000000
vt -2.363000 -0.177000 0.000000
vt -2.463000 -0.177000 0.000000
vt -2.463000 -0.077000 0.000000
vt -2.109000 -0.077000 0.000000
vt -2.109000 -0.177000 0.000000
vt -2.209000 -0.177000 0.000000
vt -2.209000 -0.077000 0.000000
vt -1.855000 -0.077000 0.000000
vt -1.855000 -0.177000 0.000000
vt -1.955000 -0.177000 0.000000
vt -1.955000 -0.077000 0.000000
vt -1.601000 -0.077000 0.000000
vt -1.601000 -0.177000 0.000000
vt -1.701000 -0.177000 0.000000
vt -1.701000 -0.077000 0.000000
vt -1.347000 -0.077000 0.000000
vt -1.347000 -0.177000 0.000000
vt -1.447000 -0.177000 0.000000
vt -1.447000 -0.077000 0.000000
vt -1.093000 -0.077000 0.000000
vt -1.093000 -0.177000 0.000000
vt -1.193000 -0.177000 0.000000
vt -1.193000 -0.077000 0.000000
vt -0.839000 -0.077000 0.000000
vt -0.839000 -0.177000 0.000000
vt -0.939000 -0.177000 0.000000
vt -0.939000 -0.077000 0.000000
vt -0.585000 -0.077000 0.000000
vt -0.585000 -0.177000 0.000000
vt -0.685000 -0.177000 0.000000
vt -0.685000 -0.077000 0.000000
vt -0.331000 -0.077000 0.000000
vt -0.331000 -0.177000 0.000000
vt -0.431000 -0.177000 0.000000
vt -0.431000 -0.077000 0.000000
vt -0.077000 -0.077000 0.000000
vt -0.077000 -0.177000 0.000000
vt -0.177000 -0.177000 0.000000
vt -0.177000 -0.077000 0.000000
vt 0.177000 -0.077000 0.000000
vt 0.177000 -0.177000 0.000000
vt 0.077000 -0.177000 0.000000
vt 0.077000 -0.077000 0.000000
vt 0.431000 -0.077000 0.000000
vt 0.431000 -0.177000 0.000000
vt 0.331000 -0.177000 0.000000
vt 0.331000 -0.077000 0.000000
vt 0.685000 -0.077000 0.000000
vt 0.685000 -0.177000 0.000000
vt 0.585000 -0.177000 0.000000
vt 0.585000 -0.077000 0.000000
vt 0.939000 -0.077000 0.000000
vt 0.939000 -0.177000 0.000000
vt 0.839000 -0.177000 0.000000
vt 0.839000 -0.077000 0.000000
vt 1.193000 -0.077000 0.000000
vt 1.193000 -0.177000 0.000000
vt 1.093000 -0.177000 0.000000
vt 1.093000 -0.077000 0.000000
vt 1.447000 -0.077000 0.000000
vt 1.447000 -0.177000 0.000000
vt 1.347000 -0.177000 0.000000
vt 1.347000 -0.077000 0.000000
vt 1.701000 -0.077000 0.000000
vt 1.701000 -0.177000 0.000000
vt 1.601000 -0.177000 0.000000
vt 1.601000 -0.077000 0.000000
vt 1.955000 -0.077000 0.000000
vt 1.955000 -0.177000 0.000000
vt 1.855000 -0.177000 0.000000
vt 1.855000 -0.077000 0.000000
vt 2.209000 -0.077000 0.000000
vt 2.209000 -0.177000 0.000000
vt 2.109000 -0.177000 0.000000
vt 2.109000 -0.077000 0.000000
vt 2.363000 -0.177000 0.000000
vt 2.363000 -0.077000 0.000000
vt 2.463000 -0.077000 0.000000
vt 2.463000 -0.177000 0.000000
vt 2.536000 0.250000 0.000000
vt -2.536000 0.250000 0.000000
vt -2.536000 -0.250000 0.000000
vt 2.536000 -0.250000 0.000000
vt 2.463000 0.077000 0.000000
vt 2.363000 0.077000 0.000000
vt 2.363000 0.177000 0.000000
vt 2.463000 0.177000 0.000000
vt 2.209000 0.077000 0.000000
vt 2.109000 0.077000 0.000000
vt 2.109000 0.177000 0.000000
vt 2.209000 0.177000 0.000000
vt 1.955000 0.077000 0.000000
vt 1.855000 0.077000 0.000000
vt 1.855000 0.177000 0.000000
vt 1.955000 0.177000 0.000000
vt 1.701000 0.077000 0.000000
vt 1.601000 0.077000 0.000000
vt 1.601000 0.177000 0.000000
vt 1.701000 0.177000 0.000000
vt 1.447000 0.077000 0.000000
vt 1.347000 0.077000 0.000000
vt 1.347000 0.177000 0.000000
vt 1.447000 0.177000 0.000000
vt 1.193000 0.077000 0.000000
vt 1.093000 0.077000 0.000000
vt 1.093000 0.177000 0.000000
vt 1.193000 0.177000 0.000000
vt 0.939000 0.077000 0.000000
vt 0.839000 0.077000 0.000000
vt 0.839000 0.177000 0.000000
vt 0.939000 0.177000 0.000000
vt 0.685000 0.077000 0.000000
vt 0.585000 0.077000 0.000000
vt 0.585000 0.177000 0.000000
vt 0.685000 0.177000 0.000000
vt 0.431000 0.077000 0.000000
vt 0.331000 0.077000 0.000000
vt 0.331000 0.177000 0.000000
vt 0.431000 0.177000 0.000000
vt 0.177000 0.077000 0.000000
vt 0.077000 0.077000 0.000000
vt 0.077000 0.177000 0.000000
vt 0.177000 0.177000 0.000000
vt -0.077000 0.077000 0.000000
vt -0.177000 0.077000 0.000000
vt -0.177000 0.177000 0.000000
vt -0.077000 0.177000 0.000000
vt -0.331000 0.077000 0.000000
vt -0.431000 0.077000 0.000000
vt -0.431000 0.177000 0.000000
vt -0.331000 0.177000 0.000000
vt -0.585000 0.077000 0.000000
vt -0.685000 0.077000 0.000000
vt -0.685000 0.177000 0.000000
vt -0.585000 0.177000 0.000000
vt -0.839000 0.077000 0.000000
vt -0.939000 0.077000 0.000000
vt -0.939000 0.177000 0.000000
vt -0.839000 0.177000 0.000000
vt -1.093000 0.077000 0.000000
vt -1.193000 0.077000 0.000000
vt -1.193000 0.177000 0.000000
vt -1.093000 0.177000 0.000000
vt -1.347000 0.077000 0.000000
vt -1.447000 0.077000 0.000000
vt -1.447000 0.177000 0.000000
vt -1.347000 0.177000 0.000000
vt -1.601000 0.077000 0.000000
vt -1.701000 0.077000 0.000000
vt -1.701000 0.177000 0.000000
vt -1.601000 0.177000 0.000000
vt -1.855000 0.077000 0.000000
vt -1.955000 0.077000 0.000000
vt -1.955000 0.177000 0.000000
vt -1.855000 0.177000 0.000000
vt -2.109000 0.077000 0.000000
vt -2.209000 0.077000 0.000000
vt -2.209000 0.177000 0.000000
vt -2.109000 0.177000 0.000000
vt -2.363000 0.077000 0.000000
vt -2.463000 0.077000 0.000000
vt -2.463000 0.177000 0.000000
vt -2.363000 0.177000 0.000000
vt 2.463000 -0.177000 0.000000
vt 2.363000 -0.177000 0.000000
vt 2.363000 -0.077000 0.000000
vt 2.463000 -0.077000 0.000000
vt 2.209000 -0.177000 0.000000
vt 2.109000 -0.177000 0.000000
vt 2.109000 -0.077000 0.000000
vt 2.209000 -0.077000 0.000000
vt 1.955000 -0.177000 0.000000
vt 1.855000 -0.177000 0.000000
vt 1.855000 -0.077000 0.000000
vt 1.955000 -0.077000 0.000000
vt 1.701000 -0.177000 0.000000
vt 1.601000 -0.177000 0.000000
vt 1.601000 -0.077000 0.000000
vt 1.701000 -0.077000 0.000000
vt 1.447000 -0.177000 0.000000
vt 1.347000 -0.177000 0.000000
vt 1.347000 -0.077000 0.000000
vt 1.447000 -0.077000 0.000000
vt 1.193000 -0.177000 0.000000
vt 1.093000 -0.177000 0.000000
vt 1.093000 -0.077000 0.000000
vt 1.193000 -0.077000 0.000000
vt 0.939000 -0.177000 0.000000
vt 0.839000 -0.177000 0.000000
vt 0.839000 -0.077000 0.000000
vt 0.939000 -0.077000 0.000000
vt 0.685000 -0.177000 0.000000
vt 0.585000 -0.177000 0.000000
vt 0.585000 -0.077000 0.000000
vt 0.685000 -0.077000 0.000000
vt 0.431000 -0.177000 0.000000
vt 0.331000 -0.177000 0.000000
vt 0.331000 -0.077000 0.000000
vt 0.431000 -0.077000 0.000000
vt 0.177000 -0.177000 0.000000
vt 0.077000 -0.177000 0.000000
vt 0.077000 -0.077000 0.000000
vt 0.177000 -0.077000 0.000000
vt -0.077000 -0.177000 0.000000
vt -0.177000 -0.177000 0.000000
vt -0.177000 -0.077000 0.000000
vt -0.077000 -0.077000 0.000000
vt -0.331000 -0.177000 0.000000
vt -0.431000 -0.177000 0.000000
vt -0.431000 -0.077000 0.000000
vt -0.331000 -0.077000 0.000000
vt -0.585000 -0.177000 0.000000
vt -0.685000 -0.177000 0.000000
vt -0.685000 -0.077000 0.000000
vt -0.585000 -0.077000 0.000000
vt -0.839000 -0.177000 0.000000
vt -0.939000 -0.177000 0.000000
vt -0.939000 -0.077000 0.000000
vt -0.839000 -0.077000 0.000000
vt -1.093000 -0.177000 0.000000
vt -1.193000 -0.177000 0.000000
vt -1.193000 -0.077000 0.000000
vt -1.093000 -0.077000 0.000000
vt -1.347000 -0.177000 0.000000
vt -1.447000 -0.177000 0.000000
vt -1.447000 -0.077000 0.000000
vt -1.347000 -0.077000 0.000000
vt -1.601000 -0.177000 0.000000
vt -1.701000 -0.177000 0.000000
vt -1.701000 -0.077000 0.000000
vt -1.601000 -0.077000 0.000000
vt -1.855000 -0.177000 0.000000
vt -1.955000 -0.177000 0.000000
vt -1.955000 -0.077000 0.000000
vt -1.855000 -0.077000 0.000000
vt -2.109000 -0.177000 0.000000
vt -2.209000 -0.177000 0.000000
vt -2.209000 -0.077000 0.000000
vt -2.109000 -0.077000 0.000000
vt -2.363000 -0.077000 0.000000
vt -2.363000 -0.177000 0.000000
vt -2.463000 -0.177000 0.000000
vt -2.463000 -0.077000 0.000000
vt 2.536000 0.250000 0.000000
vt -2.536000 0.250000 0.000000
vt -2.536000 -0.250000 0.000000
vt 2.536000 -0.250000 0.000000
vn 0.000000 0.000000 -0.100000
vn 0.000000 0.000000 -0.100000
vn 0.000000 0.000000 -0.100000
vn 0.000000 0.000000 -0.100000
vn -0.100000 0.000000 0.000000
vn -0.100000 0.000000 0.000000
vn -0.100000 0.000000 0.000000
vn -0.100000 0.000000 0.000000
vn 0.000000 0.000000 0.100000
vn 0.000000 0.000000 0.100000
vn 0.000000 0.000000 0.100000
vn 0.000000 0.000000 0.100000
vn 0.100000 0.000000 0.000000
vn 0.100000 0.000000 0.000000
vn 0.100000 0.000000 0.000000
vn 0.100000 0.000000 0.000000
vn 0.000000 0.000000 -0.100000
vn 0.000000 0.000000 -0.100000
vn 0.000000 0.000000 -0.100000
vn 0.000000 0.000000 -0.100000
vn -0.100000 0.000000 0.000000
vn -0.100000 0.000000 0.000000
vn -0.100000 0.000000 0.000000
vn -0.100000 0.000000 0.000000
vn 0.000000 0.000000 0.100000
vn 0.000000 0.000000 0.100000
vn 0.000000 0.000000 0.100000
vn 0.000000 0.000000 0.100000
vn 0.100000 0.000000 0.000000
vn 0.100000 0.000000 0.000000
vn 0.100000 0.000000 0.000000
vn 0.100000 0.000000 0.000000
vn 0.000000 0.000000 -0.100000
vn 0.000000 0.000000 -0.100000
vn 0.000000 0.000000 -0.100000
vn 0.000000 0.000000 -0.100000
vn -0.100000 0.000000 0.000000
vn -0.100000 0.000000 0.000000
vn -0.100000 0.000000 0.000000
vn -0.100000 0.000000 0.000000
vn 0.000000 0.000000 0.100000
vn 0.000000 0.000000 0.100000
vn 0.000000 0.000000 0.100000
vn 0.000000 0.000000 0.100000
vn 0.100000 0.000000 0.000000
vn 0.100000 0.000000 0.000000
vn 0.100000 0.000000 0.000000
vn 0.100000 0.000000 0.000000
vn 0.000000 0.000000 -0.100000
vn 0.000000 0.000000 -0.100000
vn 0.000000 0.000000 -0.100000
vn 0.000000 0.000000 -0.100000
vn -0.100000 0.000000 0.000000
vn -0.100000 0.000000 0.000000
vn -0.100000 0.000000 0.000000
vn -0.100000 0.000000 0.000000
vn 0.000000 0.000000 0.100000
vn 0.000000 0.000000 0.100000
vn 0.000000 0.000000 0.100000
vn 0.000000 0.000000 0.100000
vn 0.100000 0.000000 0.000000
vn 0.100000 0.000000 0.000000
vn 0.100000 0.000000 0.000000
vn 0.100000 0.000000 0.000000
vn 0.000000 0.000000 -0.100000
vn 0.000000 0.000000 -0.100000
vn 0.000000 0.000000 -0.100000
vn 0.000000 0.000000 -0.100000
vn -0.100000 0.000000 0.000000
vn -0.100000 0.000000 0.000000
vn -0.100000 0.000000 0.000000
vn -0.100000 0.000000 0.000000
vn 0.000000 0.000000 0.100000
vn 0.000000 0.000000 0.100000
vn 0.000000 0.000000 0.100000
vn 0.000000 0.000000 0.100000
vn 0.100000 0.000000 0.000000
vn 0.100000 0.000000 0.000000
vn 0.100000 0.000000 0.000000
vn 0.100000 0.000000 0.000000
vn 0.000000 0.000000 -0.100000
vn 0.000000 0.000000 -0.100000
vn 0.000000 0.000000 -0.100000
vn 0.000000 0.000000 -0.100000
vn -0.100000 0.000000 0.000000
vn -0.100000 0.000000 0.000000
vn -0.100000 0.000000 0.000000
vn -0.100000 0.000000 0.000000
vn 0.000000 0.000000 0.100000
vn 0.000000 0.000000 0.100000
vn 0.000000 0.000000 0.100000
vn 0.000000 0.000000 0.100000
vn 0.100000 0.000000 0.000000
vn 0.100000 0.000000 0.000000
vn 0.100000 0.000000 0.000000
vn 0.100000 0.000000 0.000000
vn 0.000000 0.000000 -0.100000
vn 0.000000 0.000000 -0.100000
vn 0.000000 0.000000 -0.100000
vn 0.000000 0.000000 -0.100000
vn -0.100000 0.000000 0.000000
vn -0.100000 0.000000 0.000000
vn -0.100000 0.000000 0.000000
vn -0.100000 0.000000 0.000000
vn 0.000000 0.000000 0.100000
vn 0.000000 0.000000 0.100000
vn 0.000000 0.000000 0.100000
vn 0.000000 0.000000 0.100000
vn 0.100000 0.000000 0.000000
vn 0.100000 0.000000 0.000000
vn 0.100000 0.000000 0.000000
vn 0.100000 0.000000 0.000000
vn 0.000000 0.000000 -0.100000
vn 0.000000 0.000000 -0.100000
vn 0.000000 0.000000 -0.100000
vn 0.000000 0.000000 -0.100000
vn -0.100000 0.000000 0.000000
vn -0.100000 0.000000 0.000000
vn -0.100000 0.000000 0.000000
vn -0.100000 0.000000 0.000000
vn 0.000000 0.000000 0.100000
vn 0.000000 0.000000 0.100000
vn 0.000000 0.000000 0.100000
vn 0.000000 0.000000 0.100000
vn 0.100000 0.000000 0.000000
vn 0.100000 0.000000 0.000000
vn 0.100000 0.000000 0.000000
vn 0.100000 0.000000 0.000000
vn 0.000000 0.000000 -0.100000
vn 0.000000 0.000000 -0.100000
vn 0.000000 0.000000 -0.100000
vn 0.000000 0.000000 -0.100000
vn -0.100000 0.000000 0.000000
vn -0.100000 0.000000 0.000000
vn -0.100000 0.000000 0.000000
vn -0.100000 0.000000 0.000000
vn 0.000000 0.000000 0.100000
vn 0.000000 0.000000 0.100000
vn 0.000000 0.000000 0.100000
vn 0.000000 0.000000 0.100000
vn 0.100000 0.000000 0.000000
vn 0.100000 0.000000 0.000000
vn 0.100000 0.000000 0.000000
vn 0.100000 0.000000 0.000000
vn 0.000000 0.000000 -0.100000
vn 0.000000 0.000000 -0.100000
vn 0.000000 0.000000 -0.100000
vn 0.000000 0.000000 -0.100000
vn -0.100000 0.000000 0.000000
vn -0.100000 0.000000 0.000000
vn -0.100000 0.000000 0.000000
vn -0.100000 0.000000 0.000000
vn 0.000000 0.000000 0.100000
vn 0.000000 0.000000 0.100000
vn 0.000000 0.000000 0.100000
vn 0.000000 0.000000 0.100000
vn 0.100000 0.000000 0.000000
vn 0.100000 0.000000 0.000000
vn 0.100000 0.000000 0.000000
vn 0.100000 0.000000 0.000000
vn 0.000000 0.000000 -0.100000
vn 0.000000 0.000000 -0.100000
vn 0.000000 0.000000 -0.100000
vn 0.000000 0.000000 -0.100000
vn -0.100000 0.000000 0.000000
vn -0.100000 0.000000 0.000000
vn -0.100000 0.000000 0.000000
vn -0.100000 0.000000 0.000000
vn 0.000000 0.000000 0.100000
vn 0.000000 0.000000 0.100000
vn 0.000000 0.000000 0.100000
vn 0.000000 0.000000 0.100000
vn 0.100000 0.000000 0.000000
vn 0.100000 0.000000 0.000000
vn 0.100000 0.000000 0.000000
vn 0.100000 0.000000 0.000000
vn 0.000000 0.000000 -0.100000
vn 0.000000 0.000000 -0.100000
vn 0.000000 0.000000 -0.100000
vn 0.000000 0.000000 -0.100000
vn -0.100000 0.000000 0.000000
vn -0.100000 0.000000 0.000000
vn -0.100000 0.000000 0.000000
vn -0.100000 0.000000 0.000000
vn 0.000000 0.000000 0.100000
vn 0.000000 0.000000 0.100000
vn 0.000000 0.000000 0.100000
vn 0.000000 0.000000 0.100000
vn 0.100000 0.000000 0.000000
vn 0.100000 0.000000 0.000000
vn 0.100000 0.000000 0.000000
vn 0.100000 0.000000 0.000000
vn 0.000000 0.000000 -0.100000
vn 0.000000 0.000000 -0.100000
vn 0.000000 0.000000 -0.100000
vn 0.000000 0.000000 -0.100000
vn -0.100000 0.000000 0.000000
vn -0.100000 0.000000 0.000000
vn -0.100000 0.000000 0.000000
vn -0.100000 0.000000 0.000000
vn 0.000000 0.000000 0.100000
vn 0.000000 0.000000 0.100000
vn 0.000000 0.000000 0.100000
vn 0.000000 0.000000 0.100000
vn 0.100000 0.000000 0.000000
vn 0.100000 0.000000 0.000000
vn 0.100000 0.000000 0.000000
vn 0.100000 0.000000 0.000000
vn 0.000000 0.000000 -0.100000
vn 0.000000 0.000000 -0.100000
vn 0.000000 0.000000 -0.100000
vn 0.000000 0.000000 -0.100000
vn -0.100000 0.000000 0.000000
vn -0.100000 0.000000 0.000000
vn -0.100000 0.000000 0.000000
vn -0.100000 0.000000 0.000000
vn 0.000000 0.000000 0.100000
vn 0.000000 0.000000 0.100000
vn 0.000000 0.000000 0.100000
vn 0.000000 0.000000 0.100000
vn 0.100000 0.000000 0.000000
vn 0.100000 0.000000 0.000000
vn 0.100000 0.000000 0.000000
vn 0.100000 0.000000 0.000000
vn 0.000000 0.000000 -0.100000
vn 0.000000 0.000000 -0.100000
vn 0.000000 0.000000 -0.100000
vn 0.000000 0.000000 -0.100000
vn -0.100000 0.000000 0.000000
vn -0.100000 0.000000 0.000000
vn -0.100000 0.000000 0.000000
vn -0.100000 0.000000 0.000000
vn 0.000000 0.000000 0.100000
vn 0.000000 0.000000 0.100000
vn 0.000000 0.000000 0.100000
vn 0.000000 0.000000 0.100000
vn 0.100000 0.000000 0.000000
vn 0.100000 0.000000 0.000000
vn 0.100000 0.000000 0.000000
vn 0.100000 0.000000 0.000000
vn 0.000000 0.000000 -0.100000
vn 0.000000 0.000000 -0.100000
vn 0.000000 0.000000 -0.100000
vn 0.000000 0.000000 -0.100000
vn -0.100000 0.000000 0.000000
vn -0.100000 0.000000 0.000000
vn -0.100000 0.000000 0.000000
vn -0.100000 0.000000 0.000000
vn 0.000000 0.000000 0.100000
vn 0.000000 0.000000 0.100000
vn 0.000000 0.000000 0.100000
vn 0.000000 0.000000 0.100000
vn 0.100000 0.000000 0.000000
vn 0.100000 0.000000 0.000000
vn 0.100000 0.000000 0.000000
vn 0.100000 0.000000 0.000000
vn 0.000000 0.000000 -0.100000
vn 0.000000 0.000000 -0.100000
vn 0.000000 0.000000 -0.100000
vn 0.000000 0.000000 -0.100000
vn -0.100000 0.000000 0.000000
vn -0.100000 0.000000 0.000000
vn -0.100000 0.000000 0.000000
vn -0.100000 0.000000 0.000000
vn 0.000000 0.000000 0.100000
vn 0.000000 0.000000 0.100000
vn 0.000000 0.000000 0.100000
vn 0.000000 0.000000 0.100000
vn 0.100000 0.000000 0.000000
vn 0.100000 0.000000 0.000000
vn 0.100000 0.000000 0.000000
vn 0.100000 0.000000 0.000000
vn 0.000000 0.000000 -0.100000
vn 0.000000 0.000000 -0.100000
vn 0.000000 0.000000 -0.100000
vn 0.000000 0.000000 -0.100000
vn -0.100000 0.000000 0.000000
vn -0.100000 0.000000 0.000000
vn -0.100000 0.000000 0.000000
vn -0.100000 0.000000 0.000000
vn 0.000000 0.000000 0.100000
vn 0.000000 0.000000 0.100000
vn 0.000000 0.000000 0.100000
vn 0.000000 0.000000 0.100000
vn 0.100000 0.000000 0.000000
vn 0.100000 0.000000 0.000000
vn 0.100000 0.000000 0.000000
vn 0.100000 0.000000 0.000000
vn 0.000000 0.000000 -0.100000
vn 0.000000 0.000000 -0.100000
vn 0.000000 0.000000 -0.100000
vn 0.000000 0.000000 -0.100000
vn -0.100000 0.000000 0.000000
vn -0.100000 0.000000 0.000000
vn -0.100000 0.000000 0.000000
vn -0.100000 0.000000 0.000000
vn 0.000000 0.000000 0.100000
vn 0.000000 0.000000 0.100000
vn 0.000000 0.000000 0.100000
vn 0.000000 0.000000 0.100000
vn 0.100000 0.000000 0.000000
vn 0.100000 0.000000 0.000000
vn 0.100000 0.000000 0.000000
vn 0.100000 0.000000 0.000000
vn 0.000000 0.000000 -0.100000
vn 0.000000 0.000000 -0.100000
vn 0.000000 0.000000 -0.100000
vn 0.000000 0.000000 -0.100000
vn -0.100000 0.000000 0.000000
vn -0.100000 0.000000 0.000000
vn -0.100000 0.000000 0.000000
vn -0.100000 0.000000 0.000000
vn 0.000000 0.000000 0.100000
vn 0.000000 0.000000 0.100000
vn 0.000000 0.000000 0.100000
vn 0.000000 0.000000 0.100000
vn 0.100000 0.000000 0.000000
vn 0.100000 0.000000 0.000000
vn 0.100000 0.000000 0.000000
vn 0.100000 0.000000 0.000000
vn 0.000000 0.000000 -0.100000
vn 0.000000 0.000000 -0.100000
vn 0.000000 0.000000 -0.100000
vn 0.000000 0.000000 -0.100000
vn -0.100000 0.000000 0.000000
vn -0.100000 0.000000 0.000000
vn -0.100000 0.000000 0.000000
vn -0.100000 0.000000 0.000000
vn 0.000000 0.000000 0.100000
vn 0.000000 0.000000 0.100000
vn 0.000000 0.000000 0.100000
vn 0.000000 0.000000 0.100000
vn 0.100000 0.000000 0.000000
vn 0.100000 0.000000 0.000000
vn 0.100000 0.000000 0.000000
vn 0.100000 0.000000 0.000000
vn 0.000000 0.000000 -0.100000
vn 0.000000 0.000000 -0.100000
vn 0.000000 0.000000 -0.100000
vn 0.000000 0.000000 -0.100000
vn -0.100000 0.000000 0.000000
vn -0.100000 0.000000 0.000000
vn -0.100000 0.000000 0.000000
vn -0.100000 0.000000 0.000000
vn 0.000000 0.000000 0.100000
vn 0.000000 0.000000 0.100000
vn 0.000000 0.000000 0.100000
vn 0.000000 0.000000 0.100000
vn 0.100000 0.000000 0.000000
vn 0.100000 0.000000 0.000000
vn 0.100000 0.000000 0.000000
vn 0.100000 0.000000 0.000000
vn 0.000000 0.000000 -0.100000
vn 0.000000 0.000000 -0.100000
vn 0.000000 0.000000 -0.100000
vn 0.000000 0.000000 -0.100000
vn -0.100000 0.000000 0.000000
vn -0.100000 0.000000 0.000000
vn -0.100000 0.000000 0.000000
vn -0.100000 0.000000 0.000000
vn 0.000000 0.000000 0.100000
vn 0.000000 0.000000 0.100000
vn 0.000000 0.000000 0.100000
vn 0.000000 0.000000 0.100000
vn 0.100000 0.000000 0.000000
vn 0.100000 0.000000 0.000000
vn 0.100000 0.000000 0.000000
vn 0.100000 0.000000 0.000000
vn 0.000000 0.000000 -0.100000
vn 0.000000 0.000000 -0.100000
vn 0.000000 0.000000 -0.100000
vn 0.000000 0.000000 -0.100000
vn -0.100000 0.000000 0.000000
vn -0.100000 0.000000 0.000000
vn -0.100000 0.000000 0.000000
vn -0.100000 0.000000 0.000000
vn 0.000000 0.000000 0.100000
vn 0.000000 0.000000 0.100000
vn 0.000000 0.000000 0.100000
vn 0.000000 0.000000 0.100000
vn 0.100000 0.000000 0.000000
vn 0.100000 0.000000 0.000000
vn 0.100000 0.000000 0.000000
vn 0.100000 0.000000 0.000000
vn 0.000000 0.000000 -0.100000
vn 0.000000 0.000000 -0.100000
vn 0.000000 0.000000 -0.100000
vn 0.000000 0.000000 -0.100000
vn -0.100000 0.000000 0.000000
vn -0.100000 0.000000 0.000000
vn -0.100000 0.000000 0.000000
vn -0.100000 0.000000 0.000000
vn 0.000000 0.000000 0.100000
vn 0.000000 0.000000 0.100000
vn 0.000000 0.000000 0.100000
vn 0.000000 0.000000 0.100000
vn 0.100000 0.000000 0.000000
vn 0.100000 0.000000 0.000000
vn 0.100000 0.000000 0.000000
vn 0.100000 0.000000 0.000000
vn 0.000000 0.000000 -0.100000
vn 0.000000 0.000000 -0.100000
vn 0.000000 0.000000 -0.100000
vn 0.000000 0.000000 -0.100000
vn -0.100000 0.000000 0.000000
vn -0.100000 0.000000 0.000000
vn -0.100000 0.000000 0.000000
vn -0.100000 0.000000 0.000000
vn 0.000000 0.000000 0.100000
vn 0.000000 0.000000 0.100000
vn 0.000000 0.000000 0.100000
vn 0.000000 0.000000 0.100000
vn 0.100000 0.000000 0.000000
vn 0.100000 0.000000 0.000000
vn 0.100000 0.000000 0.000000
vn 0.100000 0.000000 0.000000
vn 0.000000 0.000000 -0.100000
vn 0.000000 0.000000 -0.100000
vn 0.000000 0.000000 -0.100000
vn 0.000000 0.000000 -0.100000
vn -0.100000 0.000000 0.000000
vn -0.100000 0.000000 0.000000
vn -0.100000 0.000000 0.000000
vn -0.100000 0.000000 0.000000
vn 0.000000 0.000000 0.100000
vn 0.000000 0.000000 0.100000
vn 0.000000 0.000000 0.100000
vn 0.000000 0.000000 0.100000
vn 0.100000 0.000000 0.000000
vn 0.100000 0.000000 0.000000
vn 0.100000 0.000000 0.000000
vn 0.100000 0.000000 0.000000
vn 0.000000 0.000000 -0.100000
vn 0.000000 0.000000 -0.100000
vn 0.000000 0.000000 -0.100000
vn 0.000000 0.000000 -0.100000
vn -0.100000 0.000000 0.000000
vn -0.100000 0.000000 0.000000
vn -0.100000 0.000000 0.000000
vn -0.100000 0.000000 0.000000
vn 0.000000 0.000000 0.100000
vn 0.000000 0.000000 0.100000
vn 0.000000 0.000000 0.100000
vn 0.000000 0.000000 0.100000
vn 0.100000 0.000000 0.000000
vn 0.100000 0.000000 0.000000
vn 0.100000 0.000000 0.000000
vn 0.100000 0.000000 0.000000
vn 0.000000 0.000000 -0.100000
vn 0.000000 0.000000 -0.100000
vn 0.000000 0.000000 -0.100000
vn 0.000000 0.000000 -0.100000
vn -0.100000 0.000000 0.000000
vn -0.100000 0.000000 0.000000
vn -0.100000 0.000000 0.000000
vn -0.100000 0.000000 0.000000
vn 0.000000 0.000000 0.100000
vn 0.000000 0.000000 0.100000
vn 0.000000 0.000000 0.100000
vn 0.000000 0.000000 0.100000
vn 0.100000 0.000000 0.000000
vn 0.100000 0.000000 0.000000
vn 0.100000 0.000000 0.000000
vn 0.100000 0.000000 0.000000
vn 0.000000 0.000000 -0.100000
vn 0.000000 0.000000 -0.100000
vn 0.000000 0.000000 -0.100000
vn 0.000000 0.000000 -0.100000
vn -0.100000 0.000000 0.000000
vn -0.100000 0.000000 0.000000
vn -0.100000 0.000000 0.000000
vn -0.100000 0.000000 0.000000
vn 0.000000 0.000000 0.100000
vn 0.000000 0.000000 0.100000
vn 0.000000 0.000000 0.100000
vn 0.000000 0.000000 0.100000
vn 0.100000 0.000000 0.000000
vn 0.100000 0.000000 0.000000
vn 0.100000 0.000000 0.000000
vn 0.100000 0.000000 0.000000
vn 0.000000 0.000000 -0.100000
vn 0.000000 0.000000 -0.100000
vn 0.000000 0.000000 -0.100000
vn 0.000000 0.000000 -0.100000
vn -0.100000 0.000000 0.000000
vn -0.100000 0.000000 0.000000
vn -0.100000 0.000000 0.000000
vn -0.100000 0.000000 0.000000
vn 0.000000 0.000000 0.100000
vn 0.000000 0.000000 0.100000
vn 0.000000 0.000000 0.100000
vn 0.000000 0.000000 0.100000
vn 0.100000 0.000000 0.000000
vn 0.100000 0.000000 0.000000
vn 0.100000 0.000000 0.000000
vn 0.100000 0.000000 0.000000
vn 0.000000 0.000000 -0.100000
vn 0.000000 0.000000 -0.100000
vn 0.000000 0.000000 -0.100000
vn 0.000000 0.000000 -0.100000
vn -0.100000 0.000000 0.000000
vn -0.100000 0.000000 0.000000
vn -0.100000 0.000000 0.000000
vn -0.100000 0.000000 0.000000
vn 0.000000 0.000000 0.100000
vn 0.000000 0.000000 0.100000
vn 0.000000 0.000000 0.100000
vn 0.000000 0.000000 0.100000
vn 0.100000 0.000000 0.000000
vn 0.100000 0.000000 0.000000
vn 0.100000 0.000000 0.000000
vn 0.100000 0.000000 0.000000
vn 0.000000 0.000000 -0.100000
vn 0.000000 0.000000 -0.100000
vn 0.000000 0.000000 -0.100000
vn 0.000000 0.000000 -0.100000
vn -0.100000 0.000000 0.000000
vn -0.100000 0.000000 0.000000
vn -0.100000 0.000000 0.000000
vn -0.100000 0.000000 0.000000
vn 0.000000 0.000000 0.100000
vn 0.000000 0.000000 0.100000
vn 0.000000 0.000000 0.100000
vn 0.000000 0.000000 0.100000
vn 0.100000 0.000000 0.000000
vn 0.100000 0.000000 0.000000
vn 0.100000 0.000000 0.000000
vn 0.100000 0.000000 0.000000
vn 0.000000 0.000000 -0.100000
vn 0.000000 0.000000 -0.100000
vn 0.000000 0.000000 -0.100000
vn 0.000000 0.000000 -0.100000
vn -0.100000 0.000000 0.000000
vn -0.100000 0.000000 0.000000
vn -0.100000 0.000000 0.000000
vn -0.100000 0.000000 0.000000
vn 0.000000 0.000000 0.100000
vn 0.000000 0.000000 0.100000
vn 0.000000 0.000000 0.100000
vn 0.000000 0.000000 0.100000
vn 0.100000 0.000000 0.000000
vn 0.100000 0.000000 0.000000
vn 0.100000 0.000000 0.000000
vn 0.100000 0.000000 0.000000
vn 0.000000 0.000000 -0.100000
vn 0.000000 0.000000 -0.100000
vn 0.000000 0.000000 -0.100000
vn 0.000000 0.000000 -0.100000
vn -0.100000 0.000000 0.000000
vn -0.100000 0.000000 0.000000
vn -0.100000 0.000000 0.000000
vn -0.100000 0.000000 0.000000
vn 0.000000 0.000000 0.100000
vn 0.000000 0.000000 0.100000
vn 0.000000 0.000000 0.100000
vn 0.000000 0.000000 0.100000
vn 0.100000 0.000000 0.000000
vn 0.100000 0.000000 0.000000
vn 0.100000 0.000000 0.000000
vn 0.100000 0.000000 0.000000
vn 0.000000 0.000000 -0.100000
vn 0.000000 0.000000 -0.100000
vn 0.000000 0.000000 -0.100000
vn 0.000000 0.000000 -0.100000
vn -0.100000 0.000000 0.000000
vn -0.100000 0.000000 0.000000
vn -0.100000 0.000000 0.000000
vn -0.100000 0.000000 0.000000
vn 0.000000 0.000000 0.100000
vn 0.000000 0.000000 0.100000
vn 0.000000 0.000000 0.100000
vn 0.000000 0.000000 0.100000
vn 0.100000 0.000000 0.000000
vn 0.100000 0.000000 0.000000
vn 0.100000 0.000000 0.000000
vn 0.100000 0.000000 0.000000
vn 0.000000 0.000000 -0.100000
vn 0.000000 0.000000 -0.100000
vn 0.000000 0.000000 -0.100000
vn 0.000000 0.000000 -0.100000
vn -0.100000 0.000000 0.000000
vn -0.100000 0.000000 0.000000
vn -0.100000 0.000000 0.000000
vn -0.100000 0.000000 0.000000
vn 0.000000 0.000000 0.100000
vn 0.000000 0.000000 0.100000
vn 0.000000 0.000000 0.100000
vn 0.000000 0.000000 0.100000
vn 0.100000 0.000000 0.000000
vn 0.100000 0.000000 0.000000
vn 0.100000 0.000000 0.000000
vn 0.100000 0.000000 0.000000
vn 0.000000 0.000000 -0.100000
vn 0.000000 0.000000 -0.100000
vn 0.000000 0.000000 -0.100000
vn 0.000000 0.000000 -0.100000
vn -0.100000 0.000000 0.000000
vn -0.100000 0.000000 0.000000
vn -0.100000 0.000000 0.000000
vn -0.100000 0.000000 0.000000
vn 0.000000 0.000000 0.100000
vn 0.000000 0.000000 0.100000
vn 0.000000 0.000000 0.100000
vn 0.000000 0.000000 0.100000
vn 0.100000 0.000000 0.000000
vn 0.100000 0.000000 0.000000
vn 0.100000 0.000000 0.000000
vn 0.100000 0.000000 0.000000
vn 0.000000 0.000000 -0.100000
vn 0.000000 0.000000 -0.100000
vn 0.000000 0.000000 -0.100000
vn 0.000000 0.000000 -0.100000
vn -0.100000 0.000000 0.000000
vn -0.100000 0.000000 0.000000
vn -0.100000 0.000000 0.000000
vn -0.100000 0.000000 0.000000
vn 0.000000 0.000000 0.100000
vn 0.000000 0.000000 0.100000
vn 0.000000 0.000000 0.100000
vn 0.000000 0.000000 0.100000
vn 0.100000 0.000000 0.000000
vn 0.100000 0.000000 0.000000
vn 0.100000 0.000000 0.000000
vn 0.100000 0.000000 0.000000
vn 0.000000 0.000000 -0.100000
vn 0.000000 0.000000 -0.100000
vn 0.000000 0.000000 -0.100000
vn 0.000000 0.000000 -0.100000
vn -0.100000 0.000000 0.000000
vn -0.100000 0.000000 0.000000
vn -0.100000 0.000000 0.000000
vn -0.100000 0.000000 0.000000
vn 0.000000 0.000000 0.100000
vn 0.000000 0.000000 0.100000
vn 0.000000 0.000000 0.100000
vn 0.000000 0.000000 0.100000
vn 0.100000 0.000000 0.000000
vn 0.100000 0.000000 0.000000
vn 0.100000 0.000000 0.000000
vn 0.100000 0.000000 0.000000
vn 0.000000 0.000000 0.100000
vn 0.000000 0.000000 0.100000
vn 0.000000 0.000000 0.100000
vn 0.000000 0.000000 0.100000
vn -0.100000 0.000000 0.000000
vn -0.100000 0.000000 0.000000
vn -0.100000 0.000000 0.000000
vn -0.100000 0.000000 0.000000
vn 0.000000 0.000000 -0.100000
vn 0.000000 0.000000 -0.100000
vn 0.000000 0.000000 -0.100000
vn 0.000000 0.000000 -0.100000
vn 0.100000 0.000000 0.000000
vn 0.100000 0.000000 0.000000
vn 0.100000 0.000000 0.000000
vn 0.100000 0.000000 0.000000
vn 0.000000 0.100000 0.000000
vn 0.000000 0.100000 0.000000
vn 0.000000 0.100000 0.000000
vn 0.000000 0.100000 0.000000
vn 0.000000 0.100000 0.000000
vn 0.000000 0.100000 0.000000
vn 0.000000 0.100000 0.000000
vn 0.000000 0.100000 0.000000
vn 0.000000 0.100000 0.000000
vn 0.000000 0.100000 0.000000
vn 0.000000 0.100000 0.000000
vn 0.000000 0.100000 0.000000
vn 0.000000 0.100000 0.000000
vn 0.000000 0.100000 0.000000
vn 0.000000 0.100000 0.000000
vn 0.000000 0.100000 0.000000
vn 0.000000 0.100000 0.000000
vn 0.000000 0.100000 0.000000
vn 0.000000 0.100000 0.000000
vn 0.000000 0.100000 0.000000
vn 0.000000 0.100000 0.000000
vn 0.000000 0.100000 0.000000
vn 0.000000 0.100000 0.000000
vn 0.000000 0.100000 0.000000
vn 0.000000 0.100000 0.000000
vn 0.000000 0.100000 0.000000
vn 0.000000 0.100000 0.000000
vn 0.000000 0.100000 0.000000
vn 0.000000 0.100000 0.000000
vn 0.000000 0.100000 0.000000
vn 0.000000 0.100000 0.000000
vn 0.000000 0.100000 0.000000
vn 0.000000 0.100000 0.000000
vn 0.000000 0.100000 0.000000
vn 0.000000 0.100000 0.000000
vn 0.000000 0.100000 0.000000
vn 0.000000 0.100000 0.000000
vn 0.000000 0.100000 0.000000
vn 0.000000 0.100000 0.000000
vn 0.000000 0.100000 0.000000
vn 0.000000 0.100000 0.000000
vn 0.000000 0.100000 0.000000
vn 0.000000 0.100000 0.000000
vn 0.000000 0.100000 0.000000
vn 0.000000 0.100000 0.000000
vn 0.000000 0.100000 0.000000
vn 0.000000 0.100000 0.000000
vn 0.000000 0.100000 0.000000
vn 0.000000 0.100000 0.000000
vn 0.000000 0.100000 0.000000
vn 0.000000 0.100000 0.000000
vn 0.000000 0.100000 0.000000
vn 0.000000 0.100000 0.000000
vn 0.000000 0.100000 0.000000
vn 0.000000 0.100000 0.000000
vn 0.000000 0.100000 0.000000
vn 0.000000 0.100000 0.000000
vn 0.000000 0.100000 0.000000
vn 0.000000 0.100000 0.000000
vn 0.000000 0.100000 0.000000
vn 0.000000 0.100000 0.000000
vn 0.000000 0.100000 0.000000
vn 0.000000 0.100000 0.000000
vn 0.000000 0.100000 0.000000
vn 0.000000 0.100000 0.000000
vn 0.000000 0.100000 0.000000
vn 0.000000 0.100000 0.000000
vn 0.000000 0.100000 0.000000
vn 0.000000 0.100000 0.000000
vn 0.000000 0.100000 0.000000
vn 0.000000 0.100000 0.000000
vn 0.000000 0.100000 0.000000
vn 0.000000 0.100000 0.000000
vn 0.000000 0.100000 0.000000
vn 0.000000 0.100000 0.000000
vn 0.000000 0.100000 0.000000
vn 0.000000 0.100000 0.000000
vn 0.000000 0.100000 0.000000
vn 0.000000 0.100000 0.000000
vn 0.000000 0.100000 0.000000
vn 0.000000 0.100000 0.000000
vn 0.000000 0.100000 0.000000
vn 0.000000 0.100000 0.000000
vn 0.000000 0.100000 0.000000
vn 0.000000 0.100000 0.000000
vn 0.000000 0.100000 0.000000
vn 0.000000 0.100000 0.000000
vn 0.000000 0.100000 0.000000
vn 0.000000 0.100000 0.000000
vn 0.000000 0.100000 0.000000
vn 0.000000 0.100000 0.000000
vn 0.000000 0.100000 0.000000
vn 0.000000 0.100000 0.000000
vn 0.000000 0.100000 0.000000
vn 0.000000 0.100000 0.000000
vn 0.000000 0.100000 0.000000
vn 0.000000 0.100000 0.000000
vn 0.000000 0.100000 0.000000
vn 0.000000 0.100000 0.000000
vn 0.000000 0.100000 0.000000
vn 0.000000 0.100000 0.000000
vn 0.000000 0.100000 0.000000
vn 0.000000 0.100000 0.000000
vn 0.000000 0.100000 0.000000
vn 0.000000 0.100000 0.000000
vn 0.000000 0.100000 0.000000
vn 0.000000 0.100000 0.000000
vn 0.000000 0.100000 0.000000
vn 0.000000 0.100000 0.000000
vn 0.000000 0.100000 0.000000
vn 0.000000 0.100000 0.000000
vn 0.000000 0.100000 0.000000
vn 0.000000 0.100000 0.000000
vn 0.000000 0.100000 0.000000
vn 0.000000 0.100000 0.000000
vn 0.000000 0.100000 0.000000
vn 0.000000 0.100000 0.000000
vn 0.000000 0.100000 0.000000
vn 0.000000 0.100000 0.000000
vn 0.000000 0.100000 0.000000
vn 0.000000 0.100000 0.000000
vn 0.000000 0.100000 0.000000
vn 0.000000 0.100000 0.000000
vn 0.000000 0.100000 0.000000
vn 0.000000 0.100000 0.000000
vn 0.000000 0.100000 0.000000
vn 0.000000 0.100000 0.000000
vn 0.000000 0.100000 0.000000
vn 0.000000 0.100000 0.000000
vn 0.000000 0.100000 0.000000
vn 0.000000 0.100000 0.000000
vn 0.000000 0.100000 0.000000
vn 0.000000 0.100000 0.000000
vn 0.000000 0.100000 0.000000
vn 0.000000 0.100000 0.000000
vn 0.000000 0.100000 0.000000
vn 0.000000 0.100000 0.000000
vn 0.000000 0.100000 0.000000
vn 0.000000 0.100000 0.000000
vn 0.000000 0.100000 0.000000
vn 0.000000 0.100000 0.000000
vn 0.000000 0.100000 0.000000
vn 0.000000 0.100000 0.000000
vn 0.000000 0.100000 0.000000
vn 0.000000 0.100000 0.000000
vn 0.000000 0.100000 0.000000
vn 0.000000 0.100000 0.000000
vn 0.000000 0.100000 0.000000
vn 0.000000 0.100000 0.000000
vn 0.000000 0.100000 0.000000
vn 0.000000 0.100000 0.000000
vn 0.000000 0.100000 0.000000
vn 0.000000 0.100000 0.000000
vn 0.000000 0.100000 0.000000
vn 0.000000 0.100000 0.000000
vn 0.000000 0.100000 0.000000
vn 0.000000 0.100000 0.000000
vn 0.000000 0.100000 0.000000
vn 0.000000 0.100000 0.000000
vn 0.000000 0.100000 0.000000
vn 0.000000 0.100000 0.000000
vn 0.000000 0.100000 0.000000
vn 0.000000 0.100000 0.000000
vn 0.000000 0.100000 0.000000
vn 0.000000 -0.100000 0.000000
vn 0.000000 -0.100000 0.000000
vn 0.000000 -0.100000 0.000000
vn 0.000000 -0.100000 0.000000
vn 0.000000 -0.100000 0.000000
vn 0.000000 -0.100000 0.000000
vn 0.000000 -0.100000 0.000000
vn 0.000000 -0.100000 0.000000
vn 0.000000 -0.100000 0.000000
vn 0.000000 -0.100000 0.000000
vn 0.000000 -0.100000 0.000000
vn 0.000000 -0.100000 0.000000
vn 0.000000 -0.100000 0.000000
vn 0.000000 -0.100000 0.000000
vn 0.000000 -0.100000 0.000000
vn 0.000000 -0.100000 0.000000
vn 0.000000 -0.100000 0.000000
vn 0.000000 -0.100000 0.000000
vn 0.000000 -0.100000 0.000000
vn 0.000000 -0.100000 0.000000
vn 0.000000 -0.100000 0.000000
vn 0.000000 -0.100000 0.000000
vn 0.000000 -0.100000 0.000000
vn 0.000000 -0.100000 0.000000
vn 0.000000 -0.100000 0.000000
vn 0.000000 -0.100000 0.000000
vn 0.000000 -0.100000 0.000000
vn 0.000000 -0.100000 0.000000
vn 0.000000 -0.100000 0.000000
vn 0.000000 -0.100000 0.000000
vn 0.000000 -0.100000 0.000000
vn 0.000000 -0.100000 0.000000
vn 0.000000 -0.100000 0.000000
vn 0.000000 -0.100000 0.000000
vn 0.000000 -0.100000 0.000000
vn 0.000000 -0.100000 0.000000
vn 0.000000 -0.100000 0.000000
vn 0.000000 -0.100000 0.000000
vn 0.000000 -0.100000 0.000000
vn 0.000000 -0.100000 0.000000
vn 0.000000 -0.100000 0.000000
vn 0.000000 -0.100000 0.000000
vn 0.000000 -0.100000 0.000000
vn 0.000000 -0.100000 0.000000
vn 0.000000 -0.100000 0.000000
vn 0.000000 -0.100000 0.000000
vn 0.000000 -0.100000 0.000000
vn 0.000000 -0.100000 0.000000
vn 0.000000 -0.100000 0.000000
vn 0.000000 -0.100000 0.000000
vn 0.000000 -0.100000 0.000000
vn 0.000000 -0.100000 0.000000
vn 0.000000 -0.100000 0.000000
vn 0.000000 -0.100000 0.000000
vn 0.000000 -0.100000 0.000000
vn 0.000000 -0.100000 0.000000
vn 0.000000 -0.100000 0.000000
vn 0.000000 -0.100000 0.000000
vn 0.000000 -0.100000 0.000000
vn 0.000000 -0.100000 0.000000
vn 0.000000 -0.100000 0.000000
vn 0.000000 -0.100000 0.000000
vn 0.000000 -0.100000 0.000000
vn 0.000000 -0.100000 0.000000
vn 0.000000 -0.100000 0.000000
vn 0.000000 -0.100000 0.000000
vn 0.000000 -0.100000 0.000000
vn 0.000000 -0.100000 0.000000
vn 0.000000 -0.100000 0.000000
vn 0.000000 -0.100000 0.000000
vn 0.000000 -0.100000 0.000000
vn 0.000000 -0.100000 0.000000
vn 0.000000 -0.100000 0.000000
vn 0.000000 -0.100000 0.000000
vn 0.000000 -0.100000 0.000000
vn 0.000000 -0.100000 0.000000
vn 0.000000 -0.100000 0.000000
vn 0.000000 -0.100000 0.000000
vn 0.000000 -0.100000 0.000000
vn 0.000000 -0.100000 0.000000
vn 0.000000 -0.100000 0.000000
vn 0.000000 -0.100000 0.000000
vn 0.000000 -0.100000 0.000000
vn 0.000000 -0.100000 0.000000
vn 0.000000 -0.100000 0.000000
vn 0.000000 -0.100000 0.000000
vn 0.000000 -0.100000 0.000000
vn 0.000000 -0.100000 0.000000
vn 0.000000 -0.100000 0.000000
vn 0.000000 -0.100000 0.000000
vn 0.000000 -0.100000 0.000000
vn 0.000000 -0.100000 0.000000
vn 0.000000 -0.100000 0.000000
vn 0.000000 -0.100000 0.000000
vn 0.000000 -0.100000 0.000000
vn 0.000000 -0.100000 0.000000
vn 0.000000 -0.100000 0.000000
vn 0.000000 -0.100000 0.000000
vn 0.000000 -0.100000 0.000000
vn 0.000000 -0.100000 0.000000
vn 0.000000 -0.100000 0.000000
vn 0.000000 -0.100000 0.000000
vn 0.000000 -0.100000 0.000000
vn 0.000000 -0.100000 0.000000
vn 0.000000 -0.100000 0.000000
vn 0.000000 -0.100000 0.000000
vn 0.000000 -0.100000 0.000000
vn 0.000000 -0.100000 0.000000
vn 0.000000 -0.100000 0.000000
vn 0.000000 -0.100000 0.000000
vn 0.000000 -0.100000 0.000000
vn 0.000000 -0.100000 0.000000
vn 0.000000 -0.100000 0.000000
vn 0.000000 -0.100000 0.000000
vn 0.000000 -0.100000 0.000000
vn 0.000000 -0.100000 0.000000
vn 0.000000 -0.100000 0.000000
vn 0.000000 -0.100000 0.000000
vn 0.000000 -0.100000 0.000000
vn 0.000000 -0.100000 0.000000
vn 0.000000 -0.100000 0.000000
vn 0.000000 -0.100000 0.000000
vn 0.000000 -0.100000 0.000000
vn 0.000000 -0.100000 0.000000
vn 0.000000 -0.100000 0.000000
vn 0.000000 -0.100000 0.000000
vn 0.000000 -0.100000 0.000000
vn 0.000000 -0.100000 0.000000
vn 0.000000 -0.100000 0.000000
vn 0.000000 -0.100000 0.000000
vn 0.000000 -0.100000 0.000000
vn 0.000000 -0.100000 0.000000
vn 0.000000 -0.100000 0.000000
vn 0.000000 -0.100000 0.000000
vn 0.000000 -0.100000 0.000000
vn 0.000000 -0.100000 0.000000
vn 0.000000 -0.100000 0.000000
vn 0.000000 -0.100000 0.000000
vn 0.000000 -0.100000 0.000000
vn 0.000000 -0.100000 0.000000
vn 0.000000 -0.100000 0.000000
vn 0.000000 -0.100000 0.000000
vn 0.000000 -0.100000 0.000000
vn 0.000000 -0.100000 0.000000
vn 0.000000 -0.100000 0.000000
vn 0.000000 -0.100000 0.000000
vn 0.000000 -0.100000 0.000000
vn 0.000000 -0.100000 0.000000
vn 0.000000 -0.100000 0.000000
vn 0.000000 -0.100000 0.000000
vn 0.000000 -0.100000 0.000000
vn 0.000000 -0.100000 0.000000
vn 0.000000 -0.100000 0.000000
vn 0.000000 -0.100000 0.000000
vn 0.000000 -0.100000 0.000000
vn 0.000000 -0.100000 0.000000
vn 0.000000 -0.100000 0.000000
vn 0.000000 -0.100000 0.000000
vn 0.000000 -0.100000 0.000000
vn 0.000000 -0.100000 0.000000
vn 0.000000 -0.100000 0.000000
vn 0.000000 -0.100000 0.000000
vn 0.000000 -0.100000 0.000000
vn 0.000000 -0.100000 0.000000
usemtl 64,64,64
f 1482/2713/2713 1402/2714/2714 1522/2716/2716
f 1522/2716/2716 1402/2714/2714 1442/2715/2715
f 1481/2717/2717 1482/2718/2718 1521/2720/2720
f 1521/2720/2720 1482/2718/2718 1522/2719/2719
f 1401/2721/2721 1481/2722/2722 1441/2724/2724
f 1441/2724/2724 1481/2722/2722 1521/2723/2723
f 1402/2725/2725 1401/2726/2726 1442/2728/2728
f 1442/2728/2728 1401/2726/2726 1441/2727/2727
f 1484/2729/2729 1404/2730/2730 1524/2732/2732
f 1524/2732/2732 1404/2730/2730 1444/2731/2731
f 1483/2733/2733 1484/2734/2734 1523/2736/2736
f 1523/2736/2736 1484/2734/2734 1524/2735/2735
f 1403/2737/2737 1483/2738/2738 1443/2740/2740
f 1443/2740/2740 1483/2738/2738 1523/2739/2739
f 1404/2741/2741 1403/2742/2742 1444/2744/2744
f 1444/2744/2744 1403/2742/2742 1443/2743/2743
f 1486/2745/2745 1406/2746/2746 1526/2748/2748
f 1526/2748/2748 1406/2746/2746 1446/2747/2747
f 1485/2749/2749 1486/2750/2750 1525/2752/2752
f 1525/2752/2752 1486/2750/2750 1526/2751/2751
f 1405/2753/2753 1485/2754/2754 1445/2756/2756
f 1445/2756/2756 1485/2754/2754 1525/2755/2755
f 1406/2757/2757 1405/2758/2758 1446/2760/2760
f 1446/2760/2760 1405/2758/2758 1445/2759/2759
f 1488/2761/2761 1408/2762/2762 1528/2764/2764
f 1528/2764/2764 1408/2762/2762 1448/2763/2763
f 1487/2765/2765 1488/2766/2766 1527/2768/2768
f 1527/2768/2768 1488/2766/2766 1528/2767/2767
f 1407/2769/2769 1487/2770/2770 1447/2772/2772
f 1447/2772/2772 1487/2770/2770 1527/2771/2771
f 1408/2773/2773 1407/2774/2774 1448/2776/2776
f 1448/2776/2776 1407/2774/2774 1447/2775/2775
f 1490/2777/2777 1410/2778/2778 1530/2780/2780
f 1530/2780/2780 1410/2778/2778 1450/2779/2779
f 1489/2781/2781 1490/2782/2782 1529/2784/2784
f 1529/2784/2784 1490/2782/2782 1530/2783/2783
f 1409/2785/2785 1489/2786/2786 1449/2788/2788
f 1449/2788/2788 1489/2786/2786 1529/2787/2787
f 1410/2789/2789 1409/2790/2790 1450/2792/2792
f 1450/2792/2792 1409/2790/2790 1449/2791/2791
f 1492/2793/2793 1412/2794/2794 1532/2796/2796
f 1532/2796/2796 1412/2794/2794 1452/2795/2795
f 1491/2797/2797 1492/2798/2798 1531/2800/2800
f 1531/2800/2800 1492/2798/2798 1532/2799/2799
f 1411/2801/2801 1491/2802/2802 1451/2804/2804
f 1451/2804/2804 1491/2802/2802 1531/2803/2803
f 1412/2805/2805 1411/2806/2806 1452/2808/2808
f 1452/2808/2808 1411/2806/2806 1451/2807/2807
f 1494/2809/2809 1414/2810/2810 1534/2812/2812
f 1534/2812/2812 1414/2810/2810 1454/2811/2811
f 1493/2813/2813 1494/2814/2814 1533/2816/2816
f 1533/2816/2816 1494/2814/2814 1534/2815/2815
f 1413/2817/2817 1493/2818/2818 1453/2820/2820
f 1453/2820/2820 1493/2818/2818 1533/2819/2819
f 1414/2821/2821 1413/2822/2822 1454/2824/2824
f 1454/2824/2824 1413/2822/2822 1453/2823/2823
f 1496/2825/2825 1416/2826/2826 1536/2828/2828
f 1536/2828/2828 1416/2826/2826 1456/2827/2827
f 1495/2829/2829 1496/2830/2830 1535/2832/2832
f 1535/2832/2832 1496/2830/2830 1536/2831/2831
f 1415/2833/2833 1495/2834/2834 1455/2836/2836
f 1455/2836/2836 1495/2834/2834 1535/2835/2835
f 1416/2837/2837 1415/2838/2838 1456/2840/2840
f 1456/2840/2840 1415/2838/2838 1455/2839/2839
f 1498/2841/2841 1418/2842/2842 1538/2844/2844
f 1538/2844/2844 1418/2842/2842 1458/2843/2843
f 1497/2845/2845 1498/2846/2846 1537/2848/2848
f 1537/2848/2848 1498/2846/2846 1538/2847/2847
f 1417/2849/2849 1497/2850/2850 1457/2852/2852
f 1457/2852/2852 1497/2850/2850 1537/2851/2851
f 1418/2853/2853 1417/2854/2854 1458/2856/2856
f 1458/2856/2856 1417/2854/2854 1457/2855/2855
f 1500/2857/2857 1420/2858/2858 1540/2860/2860
f 1540/2860/2860 1420/2858/2858 1460/2859/2859
f 1499/2861/2861 1500/2862/2862 1539/2864/2864
f 1539/2864/2864 1500/2862/2862 1540/2863/2863
f 1419/2865/2865 1499/2866/2866 1459/2868/2868
f 1459/2868/2868 1499/2866/2866 1539/2867/2867
f 1420/2869/2869 1419/2870/2870 1460/2872/2872
f 1460/2872/2872 1419/2870/2870 1459/2871/2871
f 1502/2873/2873 1422/2874/2874 1542/2876/2876
f 1542/2876/2876 1422/2874/2874 1462/2875/2875
f 1501/2877/2877 1502/2878/2878 1541/2880/2880
f 1541/2880/2880 1502/2878/2878 1542/2879/2879
f 1421/2881/2881 1501/2882/2882 1461/2884/2884
f 1461/2884/2884 1501/2882/2882 1541/2883/2883
f 1422/2885/2885 1421/2886/2886 1462/2888/2888
f 1462/2888/2888 1421/2886/2886 1461/2887/2887
f 1504/2889/2889 1424/2890/2890 1544/2892/2892
f 1544/2892/2892 1424/2890/2890 1464/2891/2891
f 1503/2893/2893 1504/2894/2894 1543/2896/2896
f 1543/2896/2896 1504/2894/2894 1544/2895/2895
f 1423/2897/2897 1503/2898/2898 1463/2900/2900
f 1463/2900/2900 1503/2898/2898 1543/2899/2899
f 1424/2901/2901 1423/2902/2902 1464/2904/2904
f 1464/2904/2904 1423/2902/2902 1463/2903/2903
f 1506/2905/2905 1426/2906/2906 1546/2908/2908
f 1546/2908/2908 1426/2906/2906 1466/2907/2907
f 1505/2909/2909 1506/2910/2910 1545/2912/2912
f 1545/2912/2912 1506/2910/2910 1546/2911/2911
f 1425/2913/2913 1505/2914/2914 1465/2916/2916
f 1465/2916/2916 1505/2914/2914 1545/2915/2915
f 1426/2917/2917 1425/2918/2918 1466/2920/2920
f 1466/2920/2920 1425/2918/2918 1465/2919/2919
f 1508/2921/2921 1428/2922/2922 1548/2924/2924
f 1548/2924/2924 1428/2922/2922 1468/2923/2923
f 1507/2925/2925 1508/2926/2926 1547/2928/2928
f 1547/2928/2928 1508/2926/2926 1548/2927/2927
f 1427/2929/2929 1507/2930/2930 1467/2932/2932
f 1467/2932/2932 1507/2930/2930 1547/2931/2931
f 1428/2933/2933 1427/2934/2934 1468/2936/2936
f 1468/2936/2936 1427/2934/2934 1467/2935/2935
f 1510/2937/2937 1430/2938/2938 1550/2940/2940
f 1550/2940/2940 1430/2938/2938 1470/2939/2939
f 1509/2941/2941 1510/2942/2942 1549/2944/2944
f 1549/2944/2944 1510/2942/2942 1550/2943/2943
f 1429/2945/2945 1509/2946/2946 1469/2948/2948
f 1469/2948/2948 1509/2946/2946 1549/2947/2947
f 1430/2949/2949 1429/2950/2950 1470/2952/2952
f 1470/2952/2952 1429/2950/2950 1469/2951/2951
f 1512/2953/2953 1432/2954/2954 1552/2956/2956
f 1552/2956/2956 1432/2954/2954 1472/2955/2955
f 1511/2957/2957 1512/2958/2958 1551/2960/2960
f 1551/2960/2960 1512/2958/2958 1552/2959/2959
f 1431/2961/2961 1511/2962/2962 1471/2964/2964
f 1471/2964/2964 1511/2962/2962 1551/2963/2963
f 1432/2965/2965 1431/2966/2966 1472/2968/2968
f 1472/2968/2968 1431/2966/2966 1471/2967/2967
f 1514/2969/2969 1434/2970/2970 1554/2972/2972
f 1554/2972/2972 1434/2970/2970 1474/2971/2971
f 1513/2973/2973 1514/2974/2974 1553/2976/2976
f 1553/2976/2976 1514/2974/2974 1554/2975/2975
f 1433/2977/2977 1513/2978/2978 1473/2980/2980
f 1473/2980/2980 1513/2978/2978 1553/2979/2979
f 1434/2981/2981 1433/2982/2982 1474/2984/2984
f 1474/2984/2984 1433/2982/2982 1473/2983/2983
f 1516/2985/2985 1436/2986/2986 1556/2988/2988
f 1556/2988/2988 1436/2986/2986 1476/2987/2987
f 1515/2989/2989 1516/2990/2990 1555/2992/2992
f 1555/2992/2992 1516/2990/2990 1556/2991/2991
f 1435/2993/2993 1515/2994/2994 1475/2996/2996
f 1475/2996/2996 1515/2994/2994 1555/2995/2995
f 1436/2997/2997 1435/2998/2998 1476/3000/3000
f 1476/3000/3000 1435/2998/2998 1475/2999/2999
f 1518/3001/3001 1438/3002/3002 1558/3004/3004
f 1558/3004/3004 1438/3002/3002 1478/3003/3003
f 1517/3005/3005 1518/3006/3006 1557/3008/3008
f 1557/3008/3008 1518/3006/3006 1558/3007/3007
f 1437/3009/3009 1517/3010/3010 1477/3012/3012
f 1477/3012/3012 1517/3010/3010 1557/3011/3011
f 1438/3013/3013 1437/3014/3014 1478/3016/3016
f 1478/3016/3016 1437/3014/3014 1477/3015/3015
f 1520/3017/3017 1440/3018/3018 1560/3020/3020
f 1560/3020/3020 1440/3018/3018 1480/3019/3019
f 1519/3021/3021 1520/3022/3022 1559/3024/3024
f 1559/3024/3024 1520/3022/3022 1560/3023/3023
f 1439/3025/3025 1519/3026/3026 1479/3028/3028
f 1479/3028/3028 1519/3026/3026 1559/3027/3027
f 1440/3029/3029 1439/3030/3030 1480/3032/3032
f 1480/3032/3032 1439/3030/3030 1479/3031/3031
f 1322/3033/3033 1242/3034/3034 1362/3036/3036
f 1362/3036/3036 1242/3034/3034 1282/3035/3035
f 1321/3037/3037 1322/3038/3038 1361/3040/3040
f 1361/3040/3040 1322/3038/3038 1362/3039/3039
f 1241/3041/3041 1321/3042/3042 1281/3044/3044
f 1281/3044/3044 1321/3042/3042 1361/3043/3043
f 1242/3045/3045 1241/3046/3046 1282/3048/3048
f 1282/3048/3048 1241/3046/3046 1281/3047/3047
f 1324/3049/3049 1244/3050/3050 1364/3052/3052
f 1364/3052/3052 1244/3050/3050 1284/3051/3051
f 1323/3053/3053 1324/3054/3054 1363/3056/3056
f 1363/3056/3056 1324/3054/3054 1364/3055/3055
f 1243/3057/3057 1323/3058/3058 1283/3060/3060
f 1283/3060/3060 1323/3058/3058 1363/3059/3059
f 1244/3061/3061 1243/3062/3062 1284/3064/3064
f 1284/3064/3064 1243/3062/3062 1283/3063/3063
f 1326/3065/3065 1246/3066/3066 1366/3068/3068
f 1366/3068/3068 1246/3066/3066 1286/3067/3067
f 1325/3069/3069 1326/3070/3070 1365/3072/3072
f 1365/3072/3072 1326/3070/3070 1366/3071/3071
f 1245/3073/3073 1325/3074/3074 1285/3076/3076
f 1285/3076/3076 1325/3074/3074 1365/3075/3075
f 1246/3077/3077 1245/3078/3078 1286/3080/3080
f 1286/3080/3080 1245/3078/3078 1285/3079/3079
f 1328/3081/3081 1248/3082/3082 1368/3084/3084
f 1368/3084/3084 1248/3082/3082 1288/3083/3083
f 1327/3085/3085 1328/3086/3086 1367/3088/3088
f 1367/3088/3088 1328/3086/3086 1368/3087/3087
f 1247/3089/3089 1327/3090/3090 1287/3092/3092
f 1287/3092/3092 1327/3090/3090 1367/3091/3091
f 1248/3093/3093 1247/3094/3094 1288/3096/3096
f 1288/3096/3096 1247/3094/3094 1287/3095/3095
f 1330/3097/3097 1250/3098/3098 1370/3100/3100
f 1370/3100/3100 1250/3098/3098 1290/3099/3099
f 1329/3101/3101 1330/3102/3102 1369/3104/3104
f 1369/3104/3104 1330/3102/3102 1370/3103/3103
f 1249/3105/3105 1329/3106/3106 1289/3108/3108
f 1289/3108/3108 1329/3106/3106 1369/3107/3107
f 1250/3109/3109 1249/3110/3110 1290/3112/3112
f 1290/3112/3112 1249/3110/3110 1289/3111/3111
f 1332/3113/3113 1252/3114/3114 1372/3116/3116
f 1372/3116/3116 1252/3114/3114 1292/3115/3115
f 1331/3117/3117 1332/3118/3118 1371/3120/3120
f 1371/3120/3120 1332/3118/3118 1372/3119/3119
f 1251/3121/3121 1331/3122/3122 1291/3124/3124
f 1291/3124/3124 1331/3122/3122 1371/3123/3123
f 1252/3125/3125 1251/3126/3126 1292/3128/3128
f 1292/3128/3128 1251/3126/3126 1291/3127/3127
f 1334/3129/3129 1254/3130/3130 1374/3132/3132
f 1374/3132/3132 1254/3130/3130 1294/3131/3131
f 1333/3133/3133 1334/3134/3134 1373/3136/3136
f 1373/3136/3136 1334/3134/3134 1374/3135/3135
f 1253/3137/3137 1333/3138/3138 1293/3140/3140
f 1293/3140/3140 1333/3138/3138 1373/3139/3139
f 1254/3141/3141 1253/3142/3142 1294/3144/3144
f 1294/3144/3144 1253/3142/3142 1293/3143/3143
f 1336/3145/3145 1256/3146/3146 1376/3148/3148
f 1376/3148/3148 1256/3146/3146 1296/3147/3147
f 1335/3149/3149 1336/3150/3150 1375/3152/3152
f 1375/3152/3152 1336/3150/3150 1376/3151/3151
f 1255/3153/3153 1335/3154/3154 1295/3156/3156
f 1295/3156/3156 1335/3154/3154 1375/3155/3155
f 1256/3157/3157 1255/3158/3158 1296/3160/3160
f 1296/3160/3160 1255/3158/3158 1295/3159/3159
f 1338/3161/3161 1258/3162/3162 1378/3164/3164
f 1378/3164/3164 1258/3162/3162 1298/3163/3163
f 1337/3165/3165 1338/3166/3166 1377/3168/3168
f 1377/3168/3168 1338/3166/3166 1378/3167/3167
f 1257/3169/3169 1337/3170/3170 1297/3172/3172
f 1297/3172/3172 1337/3170/3170 1377/3171/3171
f 1258/3173/3173 1257/3174/3174 1298/3176/3176
f 1298/3176/3176 1257/3174/3174 1297/3175/3175
f 1340/3177/3177 1260/3178/3178 1380/3180/3180
f 1380/3180/3180 1260/3178/3178 1300/3179/3179
f 1339/3181/3181 1340/3182/3182 1379/3184/3184
f 1379/3184/3184 1340/3182/3182 1380/3183/3183
f 1259/3185/3185 1339/3186/3186 1299/3188/3188
f 1299/3188/3188 1339/3186/3186 1379/3187/3187
f 1260/3189/3189 1259/3190/3190 1300/3192/3192
f 1300/3192/3192 1259/3190/3190 1299/3191/3191
f 1342/3193/3193 1262/3194/3194 1382/3196/3196
f 1382/3196/3196 1262/3194/3194 1302/3195/3195
f 1341/3197/3197 1342/3198/3198 1381/3200/3200
f 1381/3200/3200 1342/3198/3198 1382/3199/3199
f 1261/3201/3201 1341/3202/3202 1301/3204/3204
f 1301/3204/3204 1341/3202/3202 1381/3203/3203
f 1262/3205/3205 1261/3206/3206 1302/3208/3208
f 1302/3208/3208 1261/3206/3206 1301/3207/3207
f 1344/3209/3209 1264/3210/3210 1384/3212/3212
f 1384/3212/3212 1264/3210/3210 1304/3211/3211
f 1343/3213/3213 1344/3214/3214 1383/3216/3216
f 1383/3216/3216 1344/3214/3214 1384/3215/3215
f 1263/3217/3217 1343/3218/3218 1303/3220/3220
f 1303/3220/3220 1343/3218/3218 1383/3219/3219
f 1264/3221/3221 1263/3222/3222 1304/3224/3224
f 1304/3224/3224 1263/3222/3222 1303/3223/3223
f 1346/3225/3225 1266/3226/3226 1386/3228/3228
f 1386/3228/3228 1266/3226/3226 1306/3227/3227
f 1345/3229/3229 1346/3230/3230 1385/3232/3232
f 1385/3232/3232 1346/3230/3230 1386/3231/3231
f 1265/3233/3233 1345/3234/3234 1305/3236/3236
f 1305/3236/3236 1345/3234/3234 1385/3235/3235
f 1266/3237/3237 1265/3238/3238 1306/3240/3240
f 1306/3240/3240 1265/3238/3238 1305/3239/3239
f 1348/3241/3241 1268/3242/3242 1388/3244/3244
f 1388/3244/3244 1268/3242/3242 1308/3243/3243
f 1347/3245/3245 1348/3246/3246 1387/3248/3248
f 1387/3248/3248 1348/3246/3246 1388/3247/3247
f 1267/3249/3249 1347/3250/3250 1307/3252/3252
f 1307/3252/3252 1347/3250/3250 1387/3251/3251
f 1268/3253/3253 1267/3254/3254 1308/3256/3256
f 1308/3256/3256 1267/3254/3254 1307/3255/3255
f 1350/3257/3257 1270/3258/3258 1390/3260/3260
f 1390/3260/3260 1270/3258/3258 1310/3259/3259
f 1349/3261/3261 1350/3262/3262 1389/3264/3264
f 1389/3264/3264 1350/3262/3262 1390/3263/3263
f 1269/3265/3265 1349/3266/3266 1309/3268/3268
f 1309/3268/3268 1349/3266/3266 1389/3267/3267
f 1270/3269/3269 1269/3270/3270 1310/3272/3272
f 1310/3272/3272 1269/3270/3270 1309/3271/3271
f 1352/3273/3273 1272/3274/3274 1392/3276/3276
f 1392/3276/3276 1272/3274/3274 1312/3275/3275
f 1351/3277/3277 1352/3278/3278 1391/3280/3280
f 1391/3280/3280 1352/3278/3278 1392/3279/3279
f 1271/3281/3281 1351/3282/3282 1311/3284/3284
f 1311/3284/3284 1351/3282/3282 1391/3283/3283
f 1272/3285/3285 1271/3286/3286 1312/3288/3288
f 1312/3288/3288 1271/3286/3286 1311/3287/3287
f 1354/3289/3289 1274/3290/3290 1394/3292/3292
f 1394/3292/3292 1274/3290/3290 1314/3291/3291
f 1353/3293/3293 1354/3294/3294 1393/3296/3296
f 1393/3296/3296 1354/3294/3294 1394/3295/3295
f 1273/3297/3297 1353/3298/3298 1313/3300/3300
f 1313/3300/3300 1353/3298/3298 1393/3299/3299
f 1274/3301/3301 1273/3302/3302 1314/3304/3304
f 1314/3304/3304 1273/3302/3302 1313/3303/3303
f 1356/3305/3305 1276/3306/3306 1396/3308/3308
f 1396/3308/3308 1276/3306/3306 1316/3307/3307
f 1355/3309/3309 1356/3310/3310 1395/3312/3312
f 1395/3312/3312 1356/3310/3310 1396/3311/3311
f 1275/3313/3313 1355/3314/3314 1315/3316/3316
f 1315/3316/3316 1355/3314/3314 1395/3315/3315
f 1276/3317/3317 1275/3318/3318 1316/3320/3320
f 1316/3320/3320 1275/3318/3318 1315/3319/3319
f 1358/3321/3321 1278/3322/3322 1398/3324/3324
f 1398/3324/3324 1278/3322/3322 1318/3323/3323
f 1357/3325/3325 1358/3326/3326 1397/3328/3328
f 1397/3328/3328 1358/3326/3326 1398/3327/3327
f 1277/3329/3329 1357/3330/3330 1317/3332/3332
f 1317/3332/3332 1357/3330/3330 1397/3331/3331
f 1278/3333/3333 1277/3334/3334 1318/3336/3336
f 1318/3336/3336 1277/3334/3334 1317/3335/3335
f 1360/3337/3337 1280/3338/3338 1400/3340/3340
f 1400/3340/3340 1280/3338/3338 1320/3339/3339
f 1359/3341/3341 1360/3342/3342 1399/3344/3344
f 1399/3344/3344 1360/3342/3342 1400/3343/3343
f 1279/3345/3345 1359/3346/3346 1319/3348/3348
f 1319/3348/3348 1359/3346/3346 1399/3347/3347
f 1280/3349/3349 1279/3350/3350 1320/3352/3352
f 1320/3352/3352 1279/3350/3350 1319/3351/3351
f 1238/3353/3353 1562/3354/3354 1240/3356/3356
f 1240/3356/3356 1562/3354/3354 1564/3355/3355
f 1237/3357/3357 1238/3358/3358 1239/3360/3360
f 1239/3360/3360 1238/3358/3358 1240/3359/3359
f 1561/3361/3361 1237/3362/3362 1563/3364/3364
f 1563/3364/3364 1237/3362/3362 1239/3363/3363
f 1562/3365/3365 1561/3366/3366 1564/3368/3368
f 1564/3368/3368 1561/3366/3366 1563/3367/3367
f 1442/3370/3370 1443/3375/3375 1522/3369/3369
f 1522/3369/3369 1443/3375/3375 1523/3376/3376
f 1522/3369/3369 1523/3376/3376 1563/3530/3530
f 1563/3530/3530 1523/3376/3376 1524/3373/3373
f 1563/3530/3530 1524/3373/3373 1525/3380/3380
f 1525/3380/3380 1524/3373/3373 1445/3379/3379
f 1445/3379/3379 1524/3373/3373 1444/3374/3374
f 1445/3379/3379 1444/3374/3374 1365/3460/3460
f 1365/3460/3460 1444/3374/3374 1364/3453/3453
f 1365/3460/3460 1364/3453/3453 1285/3459/3459
f 1285/3459/3459 1364/3453/3453 1284/3454/3454
f 1285/3459/3459 1284/3454/3454 1239/3531/3531
f 1239/3531/3531 1284/3454/3454 1283/3455/3455
f 1239/3531/3531 1283/3455/3455 1282/3450/3450
f 1282/3450/3450 1283/3455/3455 1362/3449/3449
f 1362/3449/3449 1283/3455/3455 1363/3456/3456
f 1362/3449/3449 1363/3456/3456 1442/3370/3370
f 1442/3370/3370 1363/3456/3456 1443/3375/3375
f 1442/3370/3370 1441/3371/3371 1362/3449/3449
f 1362/3449/3449 1441/3371/3371 1361/3452/3452
f 1361/3452/3452 1441/3371/3371 1239/3531/3531
f 1361/3452/3452 1239/3531/3531 1281/3451/3451
f 1281/3451/3451 1239/3531/3531 1282/3450/3450
f 1239/3531/3531 1441/3371/3371 1563/3530/3530
f 1563/3530/3530 1441/3371/3371 1521/3372/3372
f 1563/3530/3530 1521/3372/3372 1522/3369/3369
f 1444/3374/3374 1443/3375/3375 1364/3453/3453
f 1364/3453/3453 1443/3375/3375 1363/3456/3456
f 1446/3378/3378 1447/3383/3383 1526/3377/3377
f 1526/3377/3377 1447/3383/3383 1527/3384/3384
f 1526/3377/3377 1527/3384/3384 1563/3530/3530
f 1563/3530/3530 1527/3384/3384 1528/3381/3381
f 1563/3530/3530 1528/3381/3381 1529/3388/3388
f 1529/3388/3388 1528/3381/3381 1449/3387/3387
f 1449/3387/3387 1528/3381/3381 1448/3382/3382
f 1449/3387/3387 1448/3382/3382 1369/3468/3468
f 1369/3468/3468 1448/3382/3382 1368/3461/3461
f 1369/3468/3468 1368/3461/3461 1289/3467/3467
f 1289/3467/3467 1368/3461/3461 1288/3462/3462
f 1289/3467/3467 1288/3462/3462 1239/3531/3531
f 1239/3531/3531 1288/3462/3462 1287/3463/3463
f 1239/3531/3531 1287/3463/3463 1286/3458/3458
f 1286/3458/3458 1287/3463/3463 1366/3457/3457
f 1366/3457/3457 1287/3463/3463 1367/3464/3464
f 1366/3457/3457 1367/3464/3464 1446/3378/3378
f 1446/3378/3378 1367/3464/3464 1447/3383/3383
f 1446/3378/3378 1445/3379/3379 1366/3457/3457
f 1366/3457/3457 1445/3379/3379 1365/3460/3460
f 1525/3380/3380 1526/3377/3377 1563/3530/3530
f 1448/3382/3382 1447/3383/3383 1368/3461/3461
f 1368/3461/3461 1447/3383/3383 1367/3464/3464
f 1450/3386/3386 1451/3391/3391 1530/3385/3385
f 1530/3385/3385 1451/3391/3391 1531/3392/3392
f 1530/3385/3385 1531/3392/3392 1563/3530/3530
f 1563/3530/3530 1531/3392/3392 1532/3389/3389
f 1563/3530/3530 1532/3389/3389 1533/3396/3396
f 1533/3396/3396 1532/3389/3389 1453/3395/3395
f 1453/3395/3395 1532/3389/3389 1452/3390/3390
f 1453/3395/3395 1452/3390/3390 1373/3476/3476
f 1373/3476/3476 1452/3390/3390 1372/3469/3469
f 1373/3476/3476 1372/3469/3469 1293/3475/3475
f 1293/3475/3475 1372/3469/3469 1292/3470/3470
f 1293/3475/3475 1292/3470/3470 1239/3531/3531
f 1239/3531/3531 1292/3470/3470 1291/3471/3471
f 1239/3531/3531 1291/3471/3471 1290/3466/3466
f 1290/3466/3466 1291/3471/3471 1370/3465/3465
f 1370/3465/3465 1291/3471/3471 1371/3472/3472
f 1370/3465/3465 1371/3472/3472 1450/3386/3386
f 1450/3386/3386 1371/3472/3472 1451/3391/3391
f 1450/3386/3386 1449/3387/3387 1370/3465/3465
f 1370/3465/3465 1449/3387/3387 1369/3468/3468
f 1529/3388/3388 1530/3385/3385 1563/3530/3530
f 1452/3390/3390 1451/3391/3391 1372/3469/3469
f 1372/3469/3469 1451/3391/3391 1371/3472/3472
f 1454/3394/3394 1455/3399/3399 1534/3393/3393
f 1534/3393/3393 1455/3399/3399 1535/3400/3400
f 1534/3393/3393 1535/3400/3400 1563/3530/3530
f 1563/3530/3530 1535/3400/3400 1536/3397/3397
f 1563/3530/3530 1536/3397/3397 1537/3404/3404
f 1537/3404/3404 1536/3397/3397 1457/3403/3403
f 1457/3403/3403 1536/3397/3397 1456/3398/3398
f 1457/3403/3403 1456/3398/3398 1377/3484/3484
f 1377/3484/3484 1456/3398/3398 1376/3477/3477
f 1377/3484/3484 1376/3477/3477 1297/3483/3483
f 1297/3483/3483 1376/3477/3477 1296/3478/3478
f 1297/3483/3483 1296/3478/3478 1239/3531/3531
f 1239/3531/3531 1296/3478/3478 1295/3479/3479
f 1239/3531/3531 1295/3479/3479 1294/3474/3474
f 1294/3474/3474 1295/3479/3479 1374/3473/3473
f 1374/3473/3473 1295/3479/3479 1375/3480/3480
f 1374/3473/3473 1375/3480/3480 1454/3394/3394
f 1454/3394/3394 1375/3480/3480 1455/3399/3399
f 1454/3394/3394 1453/3395/3395 1374/3473/3473
f 1374/3473/3473 1453/3395/3395 1373/3476/3476
f 1533/3396/3396 1534/3393/3393 1563/3530/3530
f 1456/3398/3398 1455/3399/3399 1376/3477/3477
f 1376/3477/3477 1455/3399/3399 1375/3480/3480
f 1458/3402/3402 1459/3407/3407 1538/3401/3401
f 1538/3401/3401 1459/3407/3407 1539/3408/3408
f 1538/3401/3401 1539/3408/3408 1563/3530/3530
f 1563/3530/3530 1539/3408/3408 1540/3405/3405
f 1563/3530/3530 1540/3405/3405 1541/3412/3412
f 1541/3412/3412 1540/3405/3405 1461/3411/3411
f 1461/3411/3411 1540/3405/3405 1460/3406/3406
f 1461/3411/3411 1460/3406/3406 1382/3489/3489
f 1382/3489/3489 1460/3406/3406 1459/3407/3407
f 1382/3489/3489 1459/3407/3407 1458/3402/3402
f 1457/3403/3403 1378/3481/3481 1458/3402/3402
f 1458/3402/3402 1378/3481/3481 1379/3488/3488
f 1458/3402/3402 1379/3488/3488 1380/3485/3485
f 1537/3404/3404 1538/3401/3401 1563/3530/3530
f 1462/3410/3410 1463/3415/3415 1542/3409/3409
f 1542/3409/3409 1463/3415/3415 1543/3416/3416
f 1542/3409/3409 1543/3416/3416 1564/3529/3529
f 1564/3529/3529 1543/3416/3416 1544/3413/3413
f 1564/3529/3529 1544/3413/3413 1545/3420/3420
f 1545/3420/3420 1544/3413/3413 1465/3419/3419
f 1465/3419/3419 1544/3413/3413 1464/3414/3414
f 1465/3419/3419 1464/3414/3414 1385/3500/3500
f 1385/3500/3500 1464/3414/3414 1384/3493/3493
f 1385/3500/3500 1384/3493/3493 1305/3499/3499
f 1305/3499/3499 1384/3493/3493 1304/3494/3494
f 1305/3499/3499 1304/3494/3494 1240/3532/3532
f 1240/3532/3532 1304/3494/3494 1303/3495/3495
f 1240/3532/3532 1303/3495/3495 1302/3490/3490
f 1302/3490/3490 1303/3495/3495 1382/3489/3489
f 1382/3489/3489 1303/3495/3495 1383/3496/3496
f 1382/3489/3489 1383/3496/3496 1461/3411/3411
f 1461/3411/3411 1383/3496/3496 1462/3410/3410
f 1462/3410/3410 1383/3496/3496 1463/3415/3415
f 1563/3530/3530 1541/3412/3412 1564/3529/3529
f 1564/3529/3529 1541/3412/3412 1542/3409/3409
f 1464/3414/3414 1463/3415/3415 1384/3493/3493
f 1384/3493/3493 1463/3415/3415 1383/3496/3496
f 1466/3418/3418 1467/3423/3423 1546/3417/3417
f 1546/3417/3417 1467/3423/3423 1547/3424/3424
f 1546/3417/3417 1547/3424/3424 1564/3529/3529
f 1564/3529/3529 1547/3424/3424 1548/3421/3421
f 1564/3529/3529 1548/3421/3421 1549/3428/3428
f 1549/3428/3428 1548/3421/3421 1469/3427/3427
f 1469/3427/3427 1548/3421/3421 1468/3422/3422
f 1469/3427/3427 1468/3422/3422 1389/3508/3508
f 1389/3508/3508 1468/3422/3422 1388/3501/3501
f 1389/3508/3508 1388/3501/3501 1309/3507/3507
f 1309/3507/3507 1388/3501/3501 1308/3502/3502
f 1309/3507/3507 1308/3502/3502 1240/3532/3532
f 1240/3532/3532 1308/3502/3502 1307/3503/3503
f 1240/3532/3532 1307/3503/3503 1306/3498/3498
f 1306/3498/3498 1307/3503/3503 1386/3497/3497
f 1386/3497/3497 1307/3503/3503 1387/3504/3504
f 1386/3497/3497 1387/3504/3504 1466/3418/3418
f 1466/3418/3418 1387/3504/3504 1467/3423/3423
f 1466/3418/3418 1465/3419/3419 1386/3497/3497
f 1386/3497/3497 1465/3419/3419 1385/3500/3500
f 1545/3420/3420 1546/3417/3417 1564/3529/3529
f 1468/3422/3422 1467/3423/3423 1388/3501/3501
f 1388/3501/3501 1467/3423/3423 1387/3504/3504
f 1470/3426/3426 1471/3431/3431 1550/3425/3425
f 1550/3425/3425 1471/3431/3431 1551/3432/3432
f 1550/3425/3425 1551/3432/3432 1564/3529/3529
f 1564/3529/3529 1551/3432/3432 1552/3429/3429
f 1564/3529/3529 1552/3429/3429 1553/3436/3436
f 1553/3436/3436 1552/3429/3429 1473/3435/3435
f 1473/3435/3435 1552/3429/3429 1472/3430/3430
f 1473/3435/3435 1472/3430/3430 1393/3516/3516
f 1393/3516/3516 1472/3430/3430 1392/3509/3509
f 1393/3516/3516 1392/3509/3509 1313/3515/3515
f 1313/3515/3515 1392/3509/3509 1312/3510/3510
f 1313/3515/3515 1312/3510/3510 1240/3532/3532
f 1240/3532/3532 1312/3510/3510 1311/3511/3511
f 1240/3532/3532 1311/3511/3511 1310/3506/3506
f 1310/3506/3506 1311/3511/3511 1390/3505/3505
f 1390/3505/3505 1311/3511/3511 1391/3512/3512
f 1390/3505/3505 1391/3512/3512 1470/3426/3426
f 1470/3426/3426 1391/3512/3512 1471/3431/3431
f 1470/3426/3426 1469/3427/3427 1390/3505/3505
f 1390/3505/3505 1469/3427/3427 1389/3508/3508
f 1549/3428/3428 1550/3425/3425 1564/3529/3529
f 1472/3430/3430 1471/3431/3431 1392/3509/3509
f 1392/3509/3509 1471/3431/3431 1391/3512/3512
f 1474/3434/3434 1475/3439/3439 1554/3433/3433
f 1554/3433/3433 1475/3439/3439 1555/3440/3440
f 1554/3433/3433 1555/3440/3440 1564/3529/3529
f 1564/3529/3529 1555/3440/3440 1556/3437/3437
f 1564/3529/3529 1556/3437/3437 1557/3444/3444
f 1557/3444/3444 1556/3437/3437 1477/3443/3443
f 1477/3443/3443 1556/3437/3437 1476/3438/3438
f 1477/3443/3443 1476/3438/3438 1397/3524/3524
f 1397/3524/3524 1476/3438/3438 1396/3517/3517
f 1397/3524/3524 1396/3517/3517 1317/3523/3523
f 1317/3523/3523 1396/3517/3517 1316/3518/3518
f 1317/3523/3523 1316/3518/3518 1240/3532/3532
f 1240/3532/3532 1316/3518/3518 1315/3519/3519
f 1240/3532/3532 1315/3519/3519 1314/3514/3514
f 1314/3514/3514 1315/3519/3519 1394/3513/3513
f 1394/3513/3513 1315/3519/3519 1395/3520/3520
f 1394/3513/3513 1395/3520/3520 1474/3434/3434
f 1474/3434/3434 1395/3520/3520 1475/3439/3439
f 1474/3434/3434 1473/3435/3435 1394/3513/3513
f 1394/3513/3513 1473/3435/3435 1393/3516/3516
f 1553/3436/3436 1554/3433/3433 1564/3529/3529
f 1476/3438/3438 1475/3439/3439 1396/3517/3517
f 1396/3517/3517 1475/3439/3439 1395/3520/3520
f 1478/3442/3442 1479/3447/3447 1558/3441/3441
f 1558/3441/3441 1479/3447/3447 1559/3448/3448
f 1558/3441/3441 1559/3448/3448 1564/3529/3529
f 1564/3529/3529 1559/3448/3448 1560/3445/3445
f 1564/3529/3529 1560/3445/3445 1480/3446/3446
f 1477/3443/3443 1398/3521/3521 1478/3442/3442
f 1478/3442/3442 1398/3521/3521 1399/3526/3526
f 1478/3442/3442 1399/3526/3526 1479/3447/3447
f 1479/3447/3447 1399/3526/3526 1400/3527/3527
f 1479/3447/3447 1400/3527/3527 1480/3446/3446
f 1480/3446/3446 1400/3527/3527 1240/3532/3532
f 1480/3446/3446 1240/3532/3532 1564/3529/3529
f 1557/3444/3444 1558/3441/3441 1564/3529/3529
f 1286/3458/3458 1285/3459/3459 1239/3531/3531
f 1290/3466/3466 1289/3467/3467 1239/3531/3531
f 1294/3474/3474 1293/3475/3475 1239/3531/3531
f 1379/3488/3488 1378/3481/3481 1299/3487/3487
f 1299/3487/3487 1378/3481/3481 1298/3482/3482
f 1299/3487/3487 1298/3482/3482 1239/3531/3531
f 1239/3531/3531 1298/3482/3482 1297/3483/3483
f 1377/3484/3484 1378/3481/3481 1457/3403/3403
f 1300/3486/3486 1301/3491/3491 1380/3485/3485
f 1380/3485/3485 1301/3491/3491 1381/3492/3492
f 1380/3485/3485 1381/3492/3492 1458/3402/3402
f 1458/3402/3402 1381/3492/3492 1382/3489/3489
f 1299/3487/3487 1239/3531/3531 1300/3486/3486
f 1300/3486/3486 1239/3531/3531 1240/3532/3532
f 1300/3486/3486 1240/3532/3532 1301/3491/3491
f 1301/3491/3491 1240/3532/3532 1302/3490/3490
f 1306/3498/3498 1305/3499/3499 1240/3532/3532
f 1310/3506/3506 1309/3507/3507 1240/3532/3532
f 1314/3514/3514 1313/3515/3515 1240/3532/3532
f 1399/3526/3526 1398/3521/3521 1319/3525/3525
f 1319/3525/3525 1398/3521/3521 1318/3522/3522
f 1319/3525/3525 1318/3522/3522 1240/3532/3532
f 1240/3532/3532 1318/3522/3522 1317/3523/3523
f 1397/3524/3524 1398/3521/3521 1477/3443/3443
f 1400/3527/3527 1320/3528/3528 1240/3532/3532
f 1240/3532/3532 1320/3528/3528 1319/3525/3525
f 1402/3534/3534 1321/3616/3616 1401/3533/3533
f 1401/3533/3533 1321/3616/3616 1237/3696/3696
f 1401/3533/3533 1237/3696/3696 1561/3693/3693
f 1482/3535/3535 1483/3540/3540 1402/3534/3534
f 1402/3534/3534 1483/3540/3540 1403/3537/3537
f 1402/3534/3534 1403/3537/3537 1322/3615/3615
f 1322/3615/3615 1403/3537/3537 1323/3620/3620
f 1322/3615/3615 1323/3620/3620 1242/3614/3614
f 1242/3614/3614 1323/3620/3620 1243/3617/3617
f 1242/3614/3614 1243/3617/3617 1237/3696/3696
f 1237/3696/3696 1243/3617/3617 1244/3618/3618
f 1237/3696/3696 1244/3618/3618 1245/3621/3621
f 1245/3621/3621 1244/3618/3618 1325/3624/3624
f 1325/3624/3624 1244/3618/3618 1324/3619/3619
f 1325/3624/3624 1324/3619/3619 1405/3541/3541
f 1405/3541/3541 1324/3619/3619 1404/3538/3538
f 1405/3541/3541 1404/3538/3538 1485/3544/3544
f 1485/3544/3544 1404/3538/3538 1484/3539/3539
f 1485/3544/3544 1484/3539/3539 1561/3693/3693
f 1561/3693/3693 1484/3539/3539 1483/3540/3540
f 1561/3693/3693 1483/3540/3540 1482/3535/3535
f 1482/3535/3535 1481/3536/3536 1561/3693/3693
f 1561/3693/3693 1481/3536/3536 1401/3533/3533
f 1403/3537/3537 1404/3538/3538 1323/3620/3620
f 1323/3620/3620 1404/3538/3538 1324/3619/3619
f 1405/3541/3541 1406/3542/3542 1325/3624/3624
f 1325/3624/3624 1406/3542/3542 1326/3623/3623
f 1326/3623/3623 1406/3542/3542 1407/3545/3545
f 1326/3623/3623 1407/3545/3545 1327/3628/3628
f 1327/3628/3628 1407/3545/3545 1408/3546/3546
f 1327/3628/3628 1408/3546/3546 1328/3627/3627
f 1328/3627/3627 1408/3546/3546 1409/3549/3549
f 1328/3627/3627 1409/3549/3549 1329/3632/3632
f 1329/3632/3632 1409/3549/3549 1410/3550/3550
f 1329/3632/3632 1410/3550/3550 1330/3631/3631
f 1330/3631/3631 1410/3550/3550 1411/3553/3553
f 1330/3631/3631 1411/3553/3553 1331/3636/3636
f 1331/3636/3636 1411/3553/3553 1412/3554/3554
f 1331/3636/3636 1412/3554/3554 1332/3635/3635
f 1332/3635/3635 1412/3554/3554 1413/3557/3557
f 1332/3635/3635 1413/3557/3557 1333/3640/3640
f 1333/3640/3640 1413/3557/3557 1414/3558/3558
f 1333/3640/3640 1414/3558/3558 1334/3639/3639
f 1334/3639/3639 1414/3558/3558 1415/3561/3561
f 1334/3639/3639 1415/3561/3561 1335/3644/3644
f 1335/3644/3644 1415/3561/3561 1416/3562/3562
f 1335/3644/3644 1416/3562/3562 1336/3643/3643
f 1336/3643/3643 1416/3562/3562 1417/3565/3565
f 1336/3643/3643 1417/3565/3565 1337/3648/3648
f 1337/3648/3648 1417/3565/3565 1418/3566/3566
f 1337/3648/3648 1418/3566/3566 1338/3647/3647
f 1338/3647/3647 1418/3566/3566 1419/3569/3569
f 1338/3647/3647 1419/3569/3569 1420/3570/3570
f 1407/3545/3545 1406/3542/3542 1487/3548/3548
f 1487/3548/3548 1406/3542/3542 1486/3543/3543
f 1487/3548/3548 1486/3543/3543 1561/3693/3693
f 1561/3693/3693 1486/3543/3543 1485/3544/3544
f 1409/3549/3549 1408/3546/3546 1489/3552/3552
f 1489/3552/3552 1408/3546/3546 1488/3547/3547
f 1489/3552/3552 1488/3547/3547 1561/3693/3693
f 1561/3693/3693 1488/3547/3547 1487/3548/3548
f 1411/3553/3553 1410/3550/3550 1491/3556/3556
f 1491/3556/3556 1410/3550/3550 1490/3551/3551
f 1491/3556/3556 1490/3551/3551 1561/3693/3693
f 1561/3693/3693 1490/3551/3551 1489/3552/3552
f 1413/3557/3557 1412/3554/3554 1493/3560/3560
f 1493/3560/3560 1412/3554/3554 1492/3555/3555
f 1493/3560/3560 1492/3555/3555 1561/3693/3693
f 1561/3693/3693 1492/3555/3555 1491/3556/3556
f 1415/3561/3561 1414/3558/3558 1495/3564/3564
f 1495/3564/3564 1414/3558/3558 1494/3559/3559
f 1495/3564/3564 1494/3559/3559 1561/3693/3693
f 1561/3693/3693 1494/3559/3559 1493/3560/3560
f 1417/3565/3565 1416/3562/3562 1497/3568/3568
f 1497/3568/3568 1416/3562/3562 1496/3563/3563
f 1497/3568/3568 1496/3563/3563 1561/3693/3693
f 1561/3693/3693 1496/3563/3563 1495/3564/3564
f 1419/3569/3569 1418/3566/3566 1499/3572/3572
f 1499/3572/3572 1418/3566/3566 1498/3567/3567
f 1499/3572/3572 1498/3567/3567 1561/3693/3693
f 1561/3693/3693 1498/3567/3567 1497/3568/3568
f 1500/3571/3571 1501/3576/3576 1420/3570/3570
f 1420/3570/3570 1501/3576/3576 1421/3573/3573
f 1420/3570/3570 1421/3573/3573 1339/3652/3652
f 1339/3652/3652 1421/3573/3573 1422/3574/3574
f 1339/3652/3652 1422/3574/3574 1423/3577/3577
f 1423/3577/3577 1422/3574/3574 1503/3580/3580
f 1503/3580/3580 1422/3574/3574 1502/3575/3575
f 1503/3580/3580 1502/3575/3575 1562/3694/3694
f 1562/3694/3694 1502/3575/3575 1501/3576/3576
f 1562/3694/3694 1501/3576/3576 1500/3571/3571
f 1562/3694/3694 1500/3571/3571 1561/3693/3693
f 1561/3693/3693 1500/3571/3571 1499/3572/3572
f 1424/3578/3578 1343/3660/3660 1423/3577/3577
f 1423/3577/3577 1343/3660/3660 1342/3655/3655
f 1423/3577/3577 1342/3655/3655 1341/3656/3656
f 1504/3579/3579 1505/3584/3584 1424/3578/3578
f 1424/3578/3578 1505/3584/3584 1425/3581/3581
f 1424/3578/3578 1425/3581/3581 1344/3659/3659
f 1344/3659/3659 1425/3581/3581 1345/3664/3664
f 1344/3659/3659 1345/3664/3664 1264/3658/3658
f 1264/3658/3658 1345/3664/3664 1265/3661/3661
f 1264/3658/3658 1265/3661/3661 1238/3695/3695
f 1238/3695/3695 1265/3661/3661 1266/3662/3662
f 1238/3695/3695 1266/3662/3662 1267/3665/3665
f 1267/3665/3665 1266/3662/3662 1347/3668/3668
f 1347/3668/3668 1266/3662/3662 1346/3663/3663
f 1347/3668/3668 1346/3663/3663 1427/3585/3585
f 1427/3585/3585 1346/3663/3663 1426/3582/3582
f 1427/3585/3585 1426/3582/3582 1507/3588/3588
f 1507/3588/3588 1426/3582/3582 1506/3583/3583
f 1507/3588/3588 1506/3583/3583 1562/3694/3694
f 1562/3694/3694 1506/3583/3583 1505/3584/3584
f 1562/3694/3694 1505/3584/3584 1504/3579/3579
f 1504/3579/3579 1503/3580/3580 1562/3694/3694
f 1425/3581/3581 1426/3582/3582 1345/3664/3664
f 1345/3664/3664 1426/3582/3582 1346/3663/3663
f 1427/3585/3585 1428/3586/3586 1347/3668/3668
f 1347/3668/3668 1428/3586/3586 1348/3667/3667
f 1348/3667/3667 1428/3586/3586 1429/3589/3589
f 1348/3667/3667 1429/3589/3589 1349/3672/3672
f 1349/3672/3672 1429/3589/3589 1430/3590/3590
f 1349/3672/3672 1430/3590/3590 1350/3671/3671
f 1350/3671/3671 1430/3590/3590 1431/3593/3593
f 1350/3671/3671 1431/3593/3593 1351/3676/3676
f 1351/3676/3676 1431/3593/3593 1432/3594/3594
f 1351/3676/3676 1432/3594/3594 1352/3675/3675
f 1352/3675/3675 1432/3594/3594 1433/3597/3597
f 1352/3675/3675 1433/3597/3597 1353/3680/3680
f 1353/3680/3680 1433/3597/3597 1434/3598/3598
f 1353/3680/3680 1434/3598/3598 1354/3679/3679
f 1354/3679/3679 1434/3598/3598 1435/3601/3601
f 1354/3679/3679 1435/3601/3601 1355/3684/3684
f 1355/3684/3684 1435/3601/3601 1436/3602/3602
f 1355/3684/3684 1436/3602/3602 1356/3683/3683
f 1356/3683/3683 1436/3602/3602 1437/3605/3605
f 1356/3683/3683 1437/3605/3605 1357/3688/3688
f 1357/3688/3688 1437/3605/3605 1438/3606/3606
f 1357/3688/3688 1438/3606/3606 1358/3687/3687
f 1358/3687/3687 1438/3606/3606 1439/3609/3609
f 1358/3687/3687 1439/3609/3609 1359/3689/3689
f 1359/3689/3689 1439/3609/3609 1440/3610/3610
f 1359/3689/3689 1440/3610/3610 1360/3692/3692
f 1360/3692/3692 1440/3610/3610 1238/3695/3695
f 1360/3692/3692 1238/3695/3695 1280/3691/3691
f 1280/3691/3691 1238/3695/3695 1279/3690/3690
f 1279/3690/3690 1238/3695/3695 1278/3686/3686
f 1279/3690/3690 1278/3686/3686 1359/3689/3689
f 1359/3689/3689 1278/3686/3686 1358/3687/3687
f 1429/3589/3589 1428/3586/3586 1509/3592/3592
f 1509/3592/3592 1428/3586/3586 1508/3587/3587
f 1509/3592/3592 1508/3587/3587 1562/3694/3694
f 1562/3694/3694 1508/3587/3587 1507/3588/3588
f 1431/3593/3593 1430/3590/3590 1511/3596/3596
f 1511/3596/3596 1430/3590/3590 1510/3591/3591
f 1511/3596/3596 1510/3591/3591 1562/3694/3694
f 1562/3694/3694 1510/3591/3591 1509/3592/3592
f 1433/3597/3597 1432/3594/3594 1513/3600/3600
f 1513/3600/3600 1432/3594/3594 1512/3595/3595
f 1513/3600/3600 1512/3595/3595 1562/3694/3694
f 1562/3694/3694 1512/3595/3595 1511/3596/3596
f 1435/3601/3601 1434/3598/3598 1515/3604/3604
f 1515/3604/3604 1434/3598/3598 1514/3599/3599
f 1515/3604/3604 1514/3599/3599 1562/3694/3694
f 1562/3694/3694 1514/3599/3599 1513/3600/3600
f 1437/3605/3605 1436/3602/3602 1517/3608/3608
f 1517/3608/3608 1436/3602/3602 1516/3603/3603
f 1517/3608/3608 1516/3603/3603 1562/3694/3694
f 1562/3694/3694 1516/3603/3603 1515/3604/3604
f 1439/3609/3609 1438/3606/3606 1519/3612/3612
f 1519/3612/3612 1438/3606/3606 1518/3607/3607
f 1519/3612/3612 1518/3607/3607 1562/3694/3694
f 1562/3694/3694 1518/3607/3607 1517/3608/3608
f 1238/3695/3695 1440/3610/3610 1562/3694/3694
f 1562/3694/3694 1440/3610/3610 1520/3611/3611
f 1562/3694/3694 1520/3611/3611 1519/3612/3612
f 1321/3616/3616 1241/3613/3613 1237/3696/3696
f 1237/3696/3696 1241/3613/3613 1242/3614/3614
f 1322/3615/3615 1321/3616/3616 1402/3534/3534
f 1245/3621/3621 1246/3622/3622 1237/3696/3696
f 1237/3696/3696 1246/3622/3622 1247/3625/3625
f 1237/3696/3696 1247/3625/3625 1248/3626/3626
f 1247/3625/3625 1246/3622/3622 1327/3628/3628
f 1327/3628/3628 1246/3622/3622 1326/3623/3623
f 1328/3627/3627 1329/3632/3632 1248/3626/3626
f 1248/3626/3626 1329/3632/3632 1249/3629/3629
f 1248/3626/3626 1249/3629/3629 1237/3696/3696
f 1237/3696/3696 1249/3629/3629 1250/3630/3630
f 1237/3696/3696 1250/3630/3630 1251/3633/3633
f 1251/3633/3633 1250/3630/3630 1331/3636/3636
f 1331/3636/3636 1250/3630/3630 1330/3631/3631
f 1251/3633/3633 1252/3634/3634 1237/3696/3696
f 1237/3696/3696 1252/3634/3634 1253/3637/3637
f 1237/3696/3696 1253/3637/3637 1254/3638/3638
f 1253/3637/3637 1252/3634/3634 1333/3640/3640
f 1333/3640/3640 1252/3634/3634 1332/3635/3635
f 1334/3639/3639 1335/3644/3644 1254/3638/3638
f 1254/3638/3638 1335/3644/3644 1255/3641/3641
f 1254/3638/3638 1255/3641/3641 1237/3696/3696
f 1237/3696/3696 1255/3641/3641 1256/3642/3642
f 1237/3696/3696 1256/3642/3642 1257/3645/3645
f 1257/3645/3645 1256/3642/3642 1337/3648/3648
f 1337/3648/3648 1256/3642/3642 1336/3643/3643
f 1257/3645/3645 1258/3646/3646 1237/3696/3696
f 1237/3696/3696 1258/3646/3646 1259/3649/3649
f 1237/3696/3696 1259/3649/3649 1260/3650/3650
f 1259/3649/3649 1258/3646/3646 1339/3652/3652
f 1339/3652/3652 1258/3646/3646 1338/3647/3647
f 1339/3652/3652 1338/3647/3647 1420/3570/3570
f 1340/3651/3651 1341/3656/3656 1260/3650/3650
f 1260/3650/3650 1341/3656/3656 1261/3653/3653
f 1260/3650/3650 1261/3653/3653 1237/3696/3696
f 1237/3696/3696 1261/3653/3653 1238/3695/3695
f 1238/3695/3695 1261/3653/3653 1262/3654/3654
f 1238/3695/3695 1262/3654/3654 1263/3657/3657
f 1263/3657/3657 1262/3654/3654 1343/3660/3660
f 1343/3660/3660 1262/3654/3654 1342/3655/3655
f 1341/3656/3656 1340/3651/3651 1423/3577/3577
f 1423/3577/3577 1340/3651/3651 1339/3652/3652
f 1263/3657/3657 1264/3658/3658 1238/3695/3695
f 1344/3659/3659 1343/3660/3660 1424/3578/3578
f 1267/3665/3665 1268/3666/3666 1238/3695/3695
f 1238/3695/3695 1268/3666/3666 1269/3669/3669
f 1238/3695/3695 1269/3669/3669 1270/3670/3670
f 1269/3669/3669 1268/3666/3666 1349/3672/3672
f 1349/3672/3672 1268/3666/3666 1348/3667/3667
f 1350/3671/3671 1351/3676/3676 1270/3670/3670
f 1270/3670/3670 1351/3676/3676 1271/3673/3673
f 1270/3670/3670 1271/3673/3673 1238/3695/3695
f 1238/3695/3695 1271/3673/3673 1272/3674/3674
f 1238/3695/3695 1272/3674/3674 1273/3677/3677
f 1273/3677/3677 1272/3674/3674 1353/3680/3680
f 1353/3680/3680 1272/3674/3674 1352/3675/3675
f 1273/3677/3677 1274/3678/3678 1238/3695/3695
f 1238/3695/3695 1274/3678/3678 1275/3681/3681
f 1238/3695/3695 1275/3681/3681 1276/3682/3682
f 1275/3681/3681 1274/3678/3678 1355/3684/3684
f 1355/3684/3684 1274/3678/3678 1354/3679/3679
f 1356/3683/3683 1357/3688/3688 1276/3682/3682
f 1276/3682/3682 1357/3688/3688 1277/3685/3685
f 1276/3682/3682 1277/3685/3685 1238/3695/3695
f 1238/3695/3695 1277/3685/3685 1278/3686/3686
g Solid4

v -7.250000 2.550000 -5.500000
v -7.250000 2.550000 8.500000
v -7.250000 3.050000 -5.500000
v -7.250000 3.050000 8.500000
v -7.212392 2.550000 -5.833781
v -7.212392 2.550000 8.833781
v -7.212392 3.050000 -5.833781
v -7.212392 3.050000 8.833781
v -7.101454 2.550000 -6.150826
v -7.101454 2.550000 9.150826
v -7.101454 3.050000 -6.150826
v -7.101454 3.050000 9.150826
v -6.922747 2.550000 -6.435235
v -6.922747 2.550000 9.435235
v -6.922747 3.050000 -6.435235
v -6.922747 3.050000 9.435235
v -6.685235 2.550000 -6.672747
v -6.685235 2.550000 9.672747
v -6.685235 3.050000 -6.672747
v -6.685235 3.050000 9.672747
v -6.400825 2.550000 -6.851453
v -6.400825 2.550000 9.851453
v -6.400825 3.050000 -6.851453
v -6.400825 3.050000 9.851453
v -6.083781 2.550000 -6.962392
v -6.083781 2.550000 9.962392
v -6.083781 3.050000 -6.962392
v -6.083781 3.050000 9.962392
v -5.750000 2.550000 -7.000000
v -5.750000 2.550000 10.000000
v -5.750000 3.050000 -7.000000
v -5.750000 3.050000 10.000000
v -5.000000 3.050000 -3.750000
v -5.000000 3.050000 6.750000
v -5.000000 3.055218 -3.750000
v -5.000000 3.055218 6.750000
v -4.962392 3.050000 -4.083782
v -4.962392 3.050000 7.083781
v -4.962392 3.055218 -4.083782
v -4.962392 3.055218 7.083781
v -4.851453 3.050000 -4.400826
v -4.851453 3.050000 7.400826
v -4.851453 3.055218 -4.400826
v -4.851453 3.055218 7.400826
v -4.672747 3.050000 -4.685235
v -4.672747 3.050000 7.685235
v -4.672747 3.055218 -4.685235
v -4.672747 3.055218 7.685235
v -4.570000 3.800000 -3.750000
v -4.570000 3.800000 6.750000
v -4.533541 3.800000 -4.026936
v -4.533541 3.800000 7.026936
v -4.435235 3.050000 -4.922747
v -4.435235 3.050000 7.922747
v -4.435235 3.055218 -4.922747
v -4.435235 3.055218 7.922747
v -4.426647 3.800000 -4.285000
v -4.426647 3.800000 7.285000
v -4.256604 3.800000 -4.506604
v -4.256604 3.800000 7.506604
v -4.150826 3.050000 -5.101453
v -4.150826 3.050000 8.101453
v -4.150826 3.055218 -5.101453
v -4.150826 3.055218 8.101453
v -4.035000 3.800000 -4.676647
v -4.035000 3.800000 7.676647
v -3.833781 3.050000 -5.212392
v -3.833781 3.050000 8.212392
v -3.833781 3.055218 -5.212392
v -3.833781 3.055218 8.212392
v -3.776936 3.800000 -4.783541
v -3.776936 3.800000 7.783540
v -3.500000 3.050000 -5.250000
v -3.500000 3.050000 8.250000
v -3.500000 3.055218 -5.250000
v -3.500000 3.055218 8.250000
v -3.500000 3.800000 -4.820000
v -3.500000 3.800000 7.820000
v -2.638271 3.800000 4.195896
v -2.638271 3.810000 4.195896
v -2.624650 3.800000 4.002440
v -2.624650 3.810000 4.002440
v -2.613270 3.800000 4.452630
v -2.613270 3.810000 4.452630
v -2.583787 3.800000 3.827606
v -2.583787 3.810000 3.827606
v -2.538267 3.800000 4.673845
v -2.538267 3.810000 4.673845
v -2.515336 3.800000 3.672945
v -2.515336 3.810000 3.672945
v -2.418952 3.800000 3.540009
v -2.418952 3.810000 3.540009
v -2.414470 3.800000 4.854025
v -2.414470 3.810000 4.854025
v -2.296361 3.800000 3.432418
v -2.296361 3.810000 3.432418
v -2.279637 3.800000 4.198655
v -2.279637 3.810000 4.198655
v -2.264119 3.800000 4.377627
v -2.264119 3.810000 4.377627
v -2.262740 3.800000 4.007096
v -2.262740 3.810000 4.007096
v -2.243084 3.800000 4.987651
v -2.243084 3.810000 4.987651
v -2.217565 3.800000 4.531081
v -2.217565 3.810000 4.531081
v -2.212048 3.800000 3.848986
v -2.212048 3.810000 3.848986
v -2.149287 3.800000 3.353795
v -2.149287 3.810000 3.353795
v -2.142218 3.800000 4.654707
v -2.142218 3.810000 4.654707
v -2.132907 3.800000 3.725878
v -2.132907 3.810000 3.725878
v -2.040317 3.800000 4.744193
v -2.040317 3.810000 4.744193
v -2.030662 3.800000 3.639323
v -2.030662 3.810000 3.639323
v -2.028765 3.800000 5.070413
v -2.028765 3.810000 5.070413
v -1.978073 3.800000 3.305689
v -1.978073 3.810000 3.305689
v -1.916692 3.800000 4.798506
v -1.916692 3.810000 4.798506
v -1.911519 3.800000 3.588114
v -1.911519 3.810000 3.588114
v -1.783066 3.800000 3.289654
v -1.783066 3.810000 3.289654
v -1.781686 3.800000 3.571044
v -1.781686 3.810000 3.571044
v -1.776169 3.800000 4.816610
v -1.776169 3.800000 5.098000
v -1.776169 3.810000 4.816610
v -1.776169 3.810000 5.098000
v -1.589438 3.800000 3.306206
v -1.589438 3.810000 3.306206
v -1.586506 3.800000 3.610356
v -1.586851 3.800000 5.082310
v -1.586506 3.810000 3.610356
v -1.586851 3.810000 5.082310
v -1.580299 3.800000 4.776608
v -1.580299 3.810000 4.776608
v -1.428569 3.800000 3.728981
v -1.428569 3.810000 3.728981
v -1.425121 3.800000 4.660052
v -1.425121 3.810000 4.660052
v -1.418914 3.800000 5.035239
v -1.418914 3.810000 5.035239
v -1.416845 3.800000 3.355863
v -1.416845 3.810000 3.355863
v -1.367532 3.800000 3.818640
v -1.367532 3.810000 3.818640
v -1.366670 3.800000 4.572980
v -1.366670 3.810000 4.572980
v -1.322358 3.800000 3.928989
v -1.322358 3.800000 4.464872
v -1.322358 3.810000 3.928989
v -1.322358 3.810000 4.464872
v -1.285115 3.800000 4.198655
v -1.285115 3.810000 4.198655
v -1.273563 3.800000 4.958684
v -1.273563 3.810000 4.958684
v -1.268046 3.800000 3.435694
v -1.268046 3.810000 3.435694
v -1.152007 3.800000 4.854542
v -1.152007 3.810000 4.854542
v -1.145800 3.800000 3.542767
v -1.145800 3.810000 3.542767
v -1.055279 3.800000 4.724020
v -1.055279 3.810000 4.724020
v -1.050279 3.800000 3.675531
v -1.050279 3.810000 3.675531
v -0.984414 3.800000 4.568324
v -0.984414 3.810000 4.568324
v -0.981655 3.800000 3.832434
v -0.981655 3.810000 3.832434
v -0.940964 3.800000 4.391766
v -0.940964 3.810000 4.391766
v -0.940274 3.800000 4.008475
v -0.940274 3.810000 4.008475
v -0.926481 3.800000 4.198655
v -0.926481 3.810000 4.198655
v -0.773371 3.800000 3.464833
v -0.773371 3.810000 3.464833
v -0.761992 3.800000 3.406210
v -0.761992 3.800000 3.521904
v -0.761992 3.810000 3.406210
v -0.761992 3.810000 3.521904
v -0.727852 3.800000 3.360001
v -0.727852 3.800000 3.568975
v -0.727852 3.810000 3.360001
v -0.727852 3.810000 3.568975
v -0.671988 3.800000 3.330000
v -0.671988 3.800000 3.600528
v -0.671988 3.810000 3.330000
v -0.671988 3.810000 3.600528
v -0.595433 3.800000 3.320000
v -0.595433 3.800000 3.611046
v -0.595433 3.810000 3.320000
v -0.595433 3.810000 3.611046
v 0.121836 3.800000 3.611046
v 0.121836 3.800000 4.882819
v 0.121836 3.810000 3.611046
v 0.121836 3.810000 4.882819
v 0.134250 3.800000 4.977823
v 0.134250 3.810000 4.977823
v 0.171493 3.800000 5.044894
v 0.171493 3.810000 5.044894
v 0.228392 3.800000 5.084724
v 0.228392 3.810000 5.084724
v 0.258393 3.800000 3.320000
v 0.258393 3.810000 3.320000
v 0.299774 3.800000 5.098000
v 0.299774 3.810000 5.098000
v 0.357879 3.800000 3.332759
v 0.357879 3.810000 3.332759
v 0.370811 3.800000 5.084551
v 0.370811 3.810000 5.084551
v 0.424606 3.800000 3.371036
v 0.424606 3.810000 3.371036
v 0.426675 3.800000 5.044205
v 0.426675 3.810000 5.044205
v 0.462366 3.800000 3.437936
v 0.462366 3.810000 3.437936
v 0.462883 3.800000 4.976961
v 0.462883 3.810000 4.976961
v 0.474953 3.800000 3.536560
v 0.474953 3.800000 4.882819
v 0.474953 3.810000 3.536560
v 0.474953 3.810000 4.882819
v 0.863933 3.800000 3.506214
v 0.863933 3.800000 4.882819
v 0.863933 3.810000 3.506214
v 0.863933 3.810000 4.882819
v 0.876348 3.800000 3.411038
v 0.876348 3.800000 4.977823
v 0.876348 3.810000 3.411038
v 0.876348 3.810000 4.977823
v 0.913590 3.800000 3.343449
v 0.913590 3.800000 5.044894
v 0.913590 3.810000 3.343449
v 0.913590 3.810000 5.044894
v 0.970489 3.800000 3.303103
v 0.970489 3.800000 5.084724
v 0.970489 3.810000 3.303103
v 0.970489 3.810000 5.084724
v 1.041871 3.800000 3.289654
v 1.041871 3.800000 5.098000
v 1.041871 3.810000 3.289654
v 1.041871 3.810000 5.098000
v 1.111184 3.800000 3.303275
v 1.111184 3.810000 3.303275
v 1.112046 3.800000 5.084551
v 1.112046 3.810000 5.084551
v 1.167393 3.800000 3.344139
v 1.167393 3.810000 3.344139
v 1.168083 3.800000 5.044205
v 1.168083 3.810000 5.044205
v 1.204636 3.800000 3.411900
v 1.204809 3.800000 4.976961
v 1.204636 3.810000 3.411900
v 1.204809 3.810000 4.976961
v 1.217051 3.800000 3.506214
v 1.217051 3.800000 4.882819
v 1.217051 3.810000 3.506214
v 1.217051 3.810000 4.882819
v 1.491544 3.800000 3.452419
v 1.491544 3.810000 3.452419
v 1.504131 3.800000 3.394141
v 1.504131 3.810000 3.394141
v 1.504993 3.800000 3.527939
v 1.504993 3.810000 3.527939
v 1.541891 3.800000 3.340690
v 1.541891 3.810000 3.340690
v 1.545339 3.800000 3.638633
v 1.545339 3.810000 3.638633
v 1.597583 3.800000 3.302413
v 1.597583 3.810000 3.302413
v 1.663964 3.800000 3.289654
v 1.663964 3.810000 3.289654
v 1.736381 3.800000 3.304827
v 1.736381 3.810000 3.304827
v 1.786038 3.800000 3.345518
v 1.786038 3.810000 3.345518
v 1.829488 3.800000 3.424142
v 1.829488 3.810000 3.424142
v 1.869490 3.800000 3.518628
v 1.869490 3.810000 3.518628
v 1.952251 3.800000 3.737947
v 1.952251 3.810000 3.737947
v 2.001909 3.800000 4.766953
v 2.001909 3.810000 4.766953
v 2.047428 3.800000 4.002785
v 2.047428 3.810000 4.002785
v 2.054324 3.800000 4.902820
v 2.054324 3.810000 4.902820
v 2.105361 3.800000 4.997306
v 2.105361 3.810000 4.997306
v 2.185364 3.800000 5.069723
v 2.185364 3.810000 5.069723
v 2.309507 3.800000 5.098000
v 2.309507 3.810000 5.098000
v 2.310886 3.800000 4.724192
v 2.310886 3.810000 4.724192
v 2.430891 3.800000 5.069723
v 2.430891 3.810000 5.069723
v 2.510894 3.800000 4.996617
v 2.510894 3.810000 4.996617
v 2.568137 3.800000 4.882819
v 2.568137 3.810000 4.882819
v 2.570207 3.800000 4.002785
v 2.570207 3.810000 4.002785
v 2.614346 3.800000 4.765573
v 2.614346 3.810000 4.765573
v 2.662624 3.800000 3.737947
v 2.662624 3.810000 3.737947
v 2.746765 3.800000 3.513111
v 2.746765 3.810000 3.513111
v 2.791594 3.800000 3.403279
v 2.791594 3.810000 3.403279
v 2.829527 3.800000 3.335863
v 2.829527 3.810000 3.335863
v 2.875046 3.800000 3.301206
v 2.875046 3.810000 3.301206
v 2.942635 3.800000 3.289654
v 2.942635 3.810000 3.289654
v 3.006085 3.800000 3.301896
v 3.006085 3.810000 3.301896
v 3.061260 3.800000 3.338622
v 3.061260 3.800000 3.628978
v 3.061260 3.810000 3.338622
v 3.061260 3.810000 3.628978
v 3.084882 3.800000 3.568803
v 3.084882 3.810000 3.568803
v 3.099537 3.800000 3.390865
v 3.099537 3.810000 3.390865
v 3.100572 3.800000 3.523456
v 3.100572 3.810000 3.523456
v 3.109365 3.800000 3.486041
v 3.109365 3.810000 3.486041
v 3.112296 3.800000 3.449660
v 3.112296 3.810000 3.449660
v 3.368858 3.800000 3.506214
v 3.368858 3.800000 4.882819
v 3.368858 3.810000 3.506214
v 3.368858 3.810000 4.882819
v 3.381273 3.800000 3.411038
v 3.381273 3.800000 4.977823
v 3.381273 3.810000 3.411038
v 3.381273 3.810000 4.977823
v 3.418515 3.800000 3.343449
v 3.418515 3.800000 5.044894
v 3.418515 3.810000 3.343449
v 3.418515 3.810000 5.044894
v 3.475414 3.800000 3.303103
v 3.475414 3.800000 5.084724
v 3.475414 3.810000 3.303103
v 3.475414 3.810000 5.084724
v 3.546796 3.800000 3.289654
v 3.546796 3.800000 5.098000
v 3.546796 3.810000 3.289654
v 3.546796 3.810000 5.098000
v 3.617833 3.800000 5.084551
v 3.617833 3.810000 5.084551
v 3.618695 3.800000 3.303275
v 3.618695 3.810000 3.303275
v 3.674387 3.800000 3.344139
v 3.673697 3.800000 5.044205
v 3.674387 3.810000 3.344139
v 3.673697 3.810000 5.044205
v 3.710078 3.800000 3.411900
v 3.709906 3.800000 4.976961
v 3.710078 3.810000 3.411900
v 3.709906 3.810000 4.976961
v 3.721975 3.800000 3.506214
v 3.721975 3.800000 4.093823
v 3.721975 3.800000 4.382110
v 3.721975 3.800000 4.882819
v 3.721975 3.810000 3.506214
v 3.721975 3.810000 4.093823
v 3.721975 3.810000 4.382110
v 3.721975 3.810000 4.882819
v 4.487522 3.800000 3.506214
v 4.487522 3.800000 4.093823
v 4.487522 3.800000 4.382110
v 4.487522 3.800000 4.882819
v 4.487522 3.810000 3.506214
v 4.487522 3.810000 4.093823
v 4.487522 3.810000 4.382110
v 4.487522 3.810000 4.882819
v 4.499936 3.800000 3.411038
v 4.499936 3.800000 4.977823
v 4.499936 3.810000 3.411038
v 4.499936 3.810000 4.977823
v 4.537179 3.800000 3.343449
v 4.537179 3.800000 5.044894
v 4.537179 3.810000 3.343449
v 4.537179 3.810000 5.044894
v 4.594078 3.800000 3.303103
v 4.594078 3.800000 5.084724
v 4.594078 3.810000 3.303103
v 4.594078 3.810000 5.084724
v 4.665460 3.800000 3.289654
v 4.665460 3.800000 5.098000
v 4.665460 3.810000 3.289654
v 4.665460 3.810000 5.098000
v 4.737360 3.800000 3.303275
v 4.737360 3.810000 3.303275
v 4.738221 3.800000 5.084551
v 4.738221 3.810000 5.084551
v 4.793051 3.800000 3.344139
v 4.793051 3.810000 3.344139
v 4.793741 3.800000 5.044205
v 4.793741 3.810000 5.044205
v 4.828742 3.800000 3.411900
v 4.828915 3.800000 4.976961
v 4.828742 3.810000 3.411900
v 4.828915 3.810000 4.976961
v 4.840639 3.800000 3.506214
v 4.840639 3.800000 4.882819
v 4.840639 3.810000 3.506214
v 4.840639 3.810000 4.882819
v 6.000000 3.050000 -5.250000
v 6.000000 3.050000 8.250000
v 6.000000 3.055218 -5.250000
v 6.000000 3.055218 8.250000
v 6.000000 3.800000 -4.820000
v 6.000000 3.800000 7.820000
v 6.276937 3.800000 -4.783541
v 6.276937 3.800000 7.783540
v 6.333781 3.050000 -5.212392
v 6.333781 3.050000 8.212392
v 6.333781 3.055218 -5.212392
v 6.333781 3.055218 8.212392
v 6.535000 3.800000 -4.676647
v 6.535000 3.800000 7.676647
v 6.650826 3.050000 -5.101453
v 6.650826 3.050000 8.101453
v 6.650826 3.055218 -5.101453
v 6.650826 3.055218 8.101453
v 6.756604 3.800000 -4.506604
v 6.756604 3.800000 7.506604
v 6.926647 3.800000 -4.285000
v 6.926647 3.800000 7.285000
v 6.935235 3.050000 -4.922747
v 6.935235 3.050000 7.922747
v 6.935235 3.055218 -4.922747
v 6.935235 3.055218 7.922747
v 7.033541 3.800000 -4.026936
v 7.033541 3.800000 7.026936
v 7.070000 3.800000 -3.750000
v 7.070000 3.800000 6.750000
v 7.172747 3.050000 -4.685235
v 7.172747 3.050000 7.685235
v 7.172747 3.055218 -4.685235
v 7.172747 3.055218 7.685235
v 7.351453 3.050000 -4.400826
v 7.351453 3.050000 7.400826
v 7.351453 3.055218 -4.400826
v 7.351453 3.055218 7.400826
v 7.462392 3.050000 -4.083782
v 7.462392 3.050000 7.083781
v 7.462392 3.055218 -4.083782
v 7.462392 3.055218 7.083781
v 7.500000 3.050000 -3.750000
v 7.500000 3.050000 6.750000
v 7.500000 3.055218 -3.750000
v 7.500000 3.055218 6.750000
v 8.000000 2.550000 8.500000
v 8.010127 3.050000 8.429567
v 8.010127 3.050000 8.570433
v 8.039687 2.550000 8.364840
v 8.039687 2.550000 8.635160
v 8.086285 3.050000 8.311062
v 8.086285 3.050000 8.688937
v 8.146147 2.550000 8.272592
v 8.146147 2.550000 8.727408
v 8.214421 3.050000 8.252544
v 8.214421 3.050000 8.747455
v 8.250000 2.550000 -7.000000
v 8.250000 2.550000 10.000000
v 8.250000 3.050000 -7.000000
v 8.250000 3.050000 10.000000
v 8.285578 2.550000 8.252544
v 8.285578 2.550000 8.747455
v 8.353854 3.050000 8.272592
v 8.353854 3.050000 8.727408
v 8.413715 2.550000 8.311062
v 8.413715 2.550000 8.688937
v 8.460314 3.050000 8.364840
v 8.460314 3.050000 8.635160
v 8.489873 2.550000 8.429567
v 8.489873 2.550000 8.570433
v 8.500000 3.050000 8.500000
v 8.583781 2.550000 -6.962392
v 8.583781 2.550000 9.962392
v 8.583781 3.050000 -6.962392
v 8.583781 3.050000 9.962392
v 8.900825 2.550000 -6.851453
v 8.900825 2.550000 9.851453
v 8.900825 3.050000 -6.851453
v 8.900825 3.050000 9.851453
v 9.185235 2.550000 -6.672747
v 9.185235 2.550000 9.672747
v 9.185235 3.050000 -6.672747
v 9.185235 3.050000 9.672747
v 9.422747 2.550000 -6.435235
v 9.422747 2.550000 9.435235
v 9.422747 3.050000 -6.435235
v 9.422747 3.050000 9.435235
v 9.601454 2.550000 -6.150826
v 9.601454 2.550000 9.150826
v 9.601454 3.050000 -6.150826
v 9.601454 3.050000 9.150826
v 9.712392 2.550000 -5.833781
v 9.712392 2.550000 8.833781
v 9.712392 3.050000 -5.833781
v 9.712392 3.050000 8.833781
v 9.750000 2.550000 -5.500000
v 9.750000 2.550000 8.500000
v 9.750000 3.050000 -5.500000
v 9.750000 3.050000 8.500000
vt -0.083157 0.000000 0.000000
vt -0.069297 0.000000 0.000000
vt -0.055438 0.000000 0.000000
vt -0.041578 0.000000 0.000000
vt -0.027719 0.000000 0.000000
vt -0.013859 0.000000 0.000000
vt -0.000000 0.000000 0.000000
vt -0.000000 0.001000 0.000000
vt -0.013859 0.001000 0.000000
vt -0.027719 0.001000 0.000000
vt -0.041578 0.001000 0.000000
vt -0.055438 0.001000 0.000000
vt -0.069297 0.001000 0.000000
vt -0.083157 0.001000 0.000000
vt -0.080612 0.000000 0.000000
vt -0.060459 0.000000 0.000000
vt -0.050382 0.000000 0.000000
vt -0.040306 0.000000 0.000000
vt -0.020153 0.000000 0.000000
vt -0.000000 0.000000 0.000000
vt -0.000000 0.001000 0.000000
vt -0.020153 0.001000 0.000000
vt -0.040306 0.001000 0.000000
vt -0.050382 0.001000 0.000000
vt -0.060459 0.001000 0.000000
vt -0.080612 0.001000 0.000000
vt -0.084085 0.000000 0.000000
vt -0.063063 0.000000 0.000000
vt -0.042042 0.000000 0.000000
vt -0.031532 0.000000 0.000000
vt -0.021021 0.000000 0.000000
vt -0.000000 0.000000 0.000000
vt -0.000000 0.001000 0.000000
vt -0.021021 0.001000 0.000000
vt -0.031532 0.001000 0.000000
vt -0.042042 0.001000 0.000000
vt -0.063063 0.001000 0.000000
vt -0.084085 0.001000 0.000000
vt -0.083171 0.000000 0.000000
vt -0.069309 0.000000 0.000000
vt -0.055447 0.000000 0.000000
vt -0.041585 0.000000 0.000000
vt -0.027724 0.000000 0.000000
vt -0.013862 0.000000 0.000000
vt -0.000000 0.000000 0.000000
vt -0.000000 0.001000 0.000000
vt -0.013862 0.001000 0.000000
vt -0.027724 0.001000 0.000000
vt -0.041585 0.001000 0.000000
vt -0.055447 0.001000 0.000000
vt -0.069309 0.001000 0.000000
vt -0.083171 0.001000 0.000000
vt 0.331661 -0.302617 0.000000
vt 0.329851 -0.316669 0.000000
vt 0.324419 -0.329032 0.000000
vt 0.315471 -0.339222 0.000000
vt 0.303108 -0.346757 0.000000
vt 0.287763 -0.351412 0.000000
vt 0.269865 -0.352964 0.000000
vt 0.250710 -0.351274 0.000000
vt 0.234899 -0.346205 0.000000
vt 0.222588 -0.338291 0.000000
vt 0.213932 -0.328066 0.000000
vt 0.208811 -0.316152 0.000000
vt 0.207104 -0.303169 0.000000
vt 0.211036 -0.283651 0.000000
vt 0.222898 -0.267857 0.000000
vt 0.231864 -0.261753 0.000000
vt 0.242899 -0.257236 0.000000
vt 0.269865 -0.253512 0.000000
vt 0.296487 -0.257236 0.000000
vt 0.307298 -0.261667 0.000000
vt 0.316005 -0.267512 0.000000
vt 0.327661 -0.283030 0.000000
vt 0.269590 -0.388827 0.000000
vt 0.295263 -0.386327 0.000000
vt 0.317385 -0.378827 0.000000
vt 0.335402 -0.366447 0.000000
vt 0.348765 -0.349308 0.000000
vt 0.357041 -0.327877 0.000000
vt 0.359800 -0.302617 0.000000
vt 0.358231 -0.283685 0.000000
vt 0.353524 -0.266891 0.000000
vt 0.345868 -0.252356 0.000000
vt 0.335454 -0.240201 0.000000
vt 0.322402 -0.230528 0.000000
vt 0.306832 -0.223441 0.000000
vt 0.289177 -0.219096 0.000000
vt 0.269865 -0.217648 0.000000
vt 0.250847 -0.219027 0.000000
vt 0.233243 -0.223166 0.000000
vt 0.217553 -0.230028 0.000000
vt 0.204277 -0.239580 0.000000
vt 0.193569 -0.251805 0.000000
vt 0.185586 -0.266684 0.000000
vt 0.180621 -0.283944 0.000000
vt 0.178965 -0.303307 0.000000
vt 0.180569 -0.322807 0.000000
vt 0.185379 -0.339929 0.000000
vt 0.193242 -0.354636 0.000000
vt 0.204001 -0.366895 0.000000
vt 0.217294 -0.376534 0.000000
vt 0.232761 -0.383379 0.000000
vt 0.250244 -0.387465 0.000000
vt -0.129246 0.000000 0.000000
vt -0.107705 0.000000 0.000000
vt -0.086164 0.000000 0.000000
vt -0.064623 0.000000 0.000000
vt -0.043082 0.000000 0.000000
vt -0.021541 0.000000 0.000000
vt -0.000000 0.000000 0.000000
vt -0.000000 0.001000 0.000000
vt -0.021541 0.001000 0.000000
vt -0.043082 0.001000 0.000000
vt -0.064623 0.001000 0.000000
vt -0.086164 0.001000 0.000000
vt -0.107705 0.001000 0.000000
vt -0.129246 0.001000 0.000000
vt -0.128832 0.000000 0.000000
vt -0.112728 0.000000 0.000000
vt -0.096624 0.000000 0.000000
vt -0.080520 0.000000 0.000000
vt -0.064416 0.000000 0.000000
vt -0.048312 0.000000 0.000000
vt -0.032208 0.000000 0.000000
vt -0.016104 0.000000 0.000000
vt -0.000000 0.000000 0.000000
vt -0.000000 0.001000 0.000000
vt -0.016104 0.001000 0.000000
vt -0.032208 0.001000 0.000000
vt -0.048312 0.001000 0.000000
vt -0.064416 0.001000 0.000000
vt -0.080520 0.001000 0.000000
vt -0.096624 0.001000 0.000000
vt -0.112728 0.001000 0.000000
vt -0.128832 0.001000 0.000000
vt -0.130087 0.000000 0.000000
vt -0.113826 0.000000 0.000000
vt -0.097565 0.000000 0.000000
vt -0.081304 0.000000 0.000000
vt -0.065043 0.000000 0.000000
vt -0.048783 0.000000 0.000000
vt -0.032522 0.000000 0.000000
vt -0.016261 0.000000 0.000000
vt -0.000000 0.000000 0.000000
vt -0.000000 0.001000 0.000000
vt -0.016261 0.001000 0.000000
vt -0.032522 0.001000 0.000000
vt -0.048783 0.001000 0.000000
vt -0.065043 0.001000 0.000000
vt -0.081304 0.001000 0.000000
vt -0.097565 0.001000 0.000000
vt -0.113826 0.001000 0.000000
vt -0.130087 0.001000 0.000000
vt -0.131645 0.000000 0.000000
vt -0.115190 0.000000 0.000000
vt -0.098734 0.000000 0.000000
vt -0.082278 0.000000 0.000000
vt -0.065823 0.000000 0.000000
vt -0.049367 0.000000 0.000000
vt -0.032911 0.000000 0.000000
vt -0.016456 0.000000 0.000000
vt -0.000000 0.000000 0.000000
vt -0.000000 0.001000 0.000000
vt -0.016456 0.001000 0.000000
vt -0.032911 0.001000 0.000000
vt -0.049367 0.001000 0.000000
vt -0.065823 0.001000 0.000000
vt -0.082278 0.001000 0.000000
vt -0.098734 0.001000 0.000000
vt -0.115190 0.001000 0.000000
vt -0.131645 0.001000 0.000000
vt 0.338282 -0.003295 0.000000
vt 0.200621 -0.003295 0.000000
vt 0.191190 -0.004536 0.000000
vt 0.184414 -0.008261 0.000000
vt 0.180328 -0.013882 0.000000
vt 0.178965 -0.020813 0.000000
vt 0.180310 -0.027951 0.000000
vt 0.184345 -0.033641 0.000000
vt 0.191104 -0.037365 0.000000
vt 0.200621 -0.038607 0.000000
vt 0.338282 -0.038607 0.000000
vt 0.347782 -0.037365 0.000000
vt 0.354489 -0.033641 0.000000
vt 0.358472 -0.027951 0.000000
vt 0.359800 -0.020813 0.000000
vt 0.358455 -0.013795 0.000000
vt 0.354420 -0.008192 0.000000
vt 0.347696 -0.004519 0.000000
vt -0.068830 0.000000 0.000000
vt 0.068830 0.000000 0.000000
vt 0.068830 0.001000 0.000000
vt -0.068830 0.001000 0.000000
vt -0.029487 0.000000 0.000000
vt -0.022116 0.000000 0.000000
vt -0.014744 0.000000 0.000000
vt -0.007372 0.000000 0.000000
vt -0.000000 0.000000 0.000000
vt -0.000000 0.001000 0.000000
vt -0.007372 0.001000 0.000000
vt -0.014744 0.001000 0.000000
vt -0.022116 0.001000 0.000000
vt -0.029487 0.001000 0.000000
vt -0.029284 0.000000 0.000000
vt -0.021963 0.000000 0.000000
vt -0.014642 0.000000 0.000000
vt -0.007321 0.000000 0.000000
vt -0.000000 0.000000 0.000000
vt -0.000000 0.001000 0.000000
vt -0.007321 0.001000 0.000000
vt -0.014642 0.001000 0.000000
vt -0.021963 0.001000 0.000000
vt -0.029284 0.001000 0.000000
vt -0.068830 0.000000 0.000000
vt 0.068830 0.000000 0.000000
vt 0.068830 0.001000 0.000000
vt -0.068830 0.001000 0.000000
vt -0.029082 0.000000 0.000000
vt -0.021812 0.000000 0.000000
vt -0.014541 0.000000 0.000000
vt -0.007271 0.000000 0.000000
vt -0.000000 0.000000 0.000000
vt -0.000000 0.001000 0.000000
vt -0.007271 0.001000 0.000000
vt -0.014541 0.001000 0.000000
vt -0.021812 0.001000 0.000000
vt -0.029082 0.001000 0.000000
vt -0.029098 0.000000 0.000000
vt -0.021823 0.000000 0.000000
vt -0.014549 0.000000 0.000000
vt -0.007274 0.000000 0.000000
vt -0.000000 0.000000 0.000000
vt -0.000000 0.001000 0.000000
vt -0.007274 0.001000 0.000000
vt -0.014549 0.001000 0.000000
vt -0.021823 0.001000 0.000000
vt -0.029098 0.001000 0.000000
vt -0.026139 0.000000 0.000000
vt 0.026139 0.000000 0.000000
vt 0.026139 0.001000 0.000000
vt -0.026139 0.001000 0.000000
vt -0.038400 0.000000 0.000000
vt 0.038400 0.000000 0.000000
vt 0.038400 0.001000 0.000000
vt -0.038400 0.001000 0.000000
vt -0.038330 0.000000 0.000000
vt 0.038330 0.000000 0.000000
vt 0.038330 0.001000 0.000000
vt -0.038330 0.001000 0.000000
vt 0.250279 0.079743 0.000000
vt 0.250279 0.132021 0.000000
vt 0.322419 0.106089 0.000000
vt 0.223795 0.070225 0.000000
vt 0.201863 0.061949 0.000000
vt 0.192414 0.057949 0.000000
vt 0.184552 0.053604 0.000000
vt 0.180483 0.048638 0.000000
vt 0.178965 0.041396 0.000000
vt 0.180241 0.034758 0.000000
vt 0.184069 0.029189 0.000000
vt 0.189414 0.025413 0.000000
vt 0.195242 0.024154 0.000000
vt 0.202794 0.025499 0.000000
vt 0.213863 0.029534 0.000000
vt 0.326695 0.075191 0.000000
vt 0.340282 0.080432 0.000000
vt 0.349731 0.085536 0.000000
vt 0.356972 0.093536 0.000000
vt 0.359800 0.105951 0.000000
vt 0.356972 0.118089 0.000000
vt 0.349662 0.126089 0.000000
vt 0.338282 0.131814 0.000000
vt 0.326557 0.136435 0.000000
vt 0.212898 0.181126 0.000000
vt 0.206880 0.183488 0.000000
vt 0.202346 0.185057 0.000000
vt 0.198604 0.185937 0.000000
vt 0.194966 0.186230 0.000000
vt 0.189086 0.184954 0.000000
vt 0.183862 0.181126 0.000000
vt 0.180190 0.175609 0.000000
vt 0.178965 0.169263 0.000000
vt 0.180121 0.162505 0.000000
vt 0.183586 0.157953 0.000000
vt 0.190328 0.154159 0.000000
vt 0.201311 0.149677 0.000000
vt 0.223795 0.141262 0.000000
vt -0.011721 0.000000 0.000000
vt 0.011721 0.000000 0.000000
vt 0.011721 0.001000 0.000000
vt -0.011721 0.001000 0.000000
vt -0.025938 0.000000 0.000000
vt -0.019453 0.000000 0.000000
vt -0.012969 0.000000 0.000000
vt -0.006484 0.000000 0.000000
vt -0.000000 0.000000 0.000000
vt -0.000000 0.001000 0.000000
vt -0.006484 0.001000 0.000000
vt -0.012969 0.001000 0.000000
vt -0.019453 0.001000 0.000000
vt -0.025938 0.001000 0.000000
vt -0.028676 0.000000 0.000000
vt -0.021507 0.000000 0.000000
vt -0.014338 0.000000 0.000000
vt -0.007169 0.000000 0.000000
vt -0.000000 0.000000 0.000000
vt -0.000000 0.001000 0.000000
vt -0.007169 0.001000 0.000000
vt -0.014338 0.001000 0.000000
vt -0.021507 0.001000 0.000000
vt -0.028676 0.001000 0.000000
vt -0.019383 0.000000 0.000000
vt -0.009691 0.000000 0.000000
vt -0.000000 0.000000 0.000000
vt -0.000000 0.001000 0.000000
vt -0.009691 0.001000 0.000000
vt -0.019383 0.001000 0.000000
vt -0.060860 0.000000 0.000000
vt 0.060860 0.000000 0.000000
vt 0.060860 0.001000 0.000000
vt -0.060860 0.001000 0.000000
vt -0.042852 0.000000 0.000000
vt -0.032139 0.000000 0.000000
vt -0.021426 0.000000 0.000000
vt -0.010713 0.000000 0.000000
vt -0.000000 0.000000 0.000000
vt -0.000000 0.001000 0.000000
vt -0.010713 0.001000 0.000000
vt -0.021426 0.001000 0.000000
vt -0.032139 0.001000 0.000000
vt -0.042852 0.001000 0.000000
vt -0.043308 0.000000 0.000000
vt -0.032481 0.000000 0.000000
vt -0.021654 0.000000 0.000000
vt -0.010827 0.000000 0.000000
vt -0.000000 0.000000 0.000000
vt -0.000000 0.001000 0.000000
vt -0.010827 0.001000 0.000000
vt -0.021654 0.001000 0.000000
vt -0.032481 0.001000 0.000000
vt -0.043308 0.001000 0.000000
vt -0.061065 0.000000 0.000000
vt 0.061065 0.000000 0.000000
vt 0.061065 0.001000 0.000000
vt -0.061065 0.001000 0.000000
vt -0.015881 0.000000 0.000000
vt -0.011911 0.000000 0.000000
vt -0.007941 0.000000 0.000000
vt -0.003970 0.000000 0.000000
vt -0.000000 0.000000 0.000000
vt -0.000000 0.001000 0.000000
vt -0.003970 0.001000 0.000000
vt -0.007941 0.001000 0.000000
vt -0.011911 0.001000 0.000000
vt -0.015881 0.001000 0.000000
vt -0.028291 0.000000 0.000000
vt -0.021219 0.000000 0.000000
vt -0.014146 0.000000 0.000000
vt -0.007073 0.000000 0.000000
vt -0.000000 0.000000 0.000000
vt -0.000000 0.001000 0.000000
vt -0.007073 0.001000 0.000000
vt -0.014146 0.001000 0.000000
vt -0.021219 0.001000 0.000000
vt -0.028291 0.001000 0.000000
vt -0.023063 0.000000 0.000000
vt -0.017297 0.000000 0.000000
vt -0.011532 0.000000 0.000000
vt -0.005766 0.000000 0.000000
vt -0.000000 0.000000 0.000000
vt -0.000000 0.001000 0.000000
vt -0.005766 0.001000 0.000000
vt -0.011532 0.001000 0.000000
vt -0.017297 0.001000 0.000000
vt -0.023063 0.001000 0.000000
vt -0.012003 0.000000 0.000000
vt 0.012003 0.000000 0.000000
vt 0.012003 0.001000 0.000000
vt -0.012003 0.001000 0.000000
vt -0.035519 0.000000 0.000000
vt 0.035519 0.000000 0.000000
vt 0.035519 0.001000 0.000000
vt -0.035519 0.001000 0.000000
vt 0.288211 0.323752 0.000000
vt 0.338282 0.323752 0.000000
vt 0.347782 0.324994 0.000000
vt 0.354489 0.328718 0.000000
vt 0.358472 0.334408 0.000000
vt 0.359800 0.341546 0.000000
vt 0.358455 0.348822 0.000000
vt 0.354420 0.354374 0.000000
vt 0.347696 0.357891 0.000000
vt 0.338282 0.359064 0.000000
vt 0.200621 0.359064 0.000000
vt 0.191190 0.357874 0.000000
vt 0.184414 0.354305 0.000000
vt 0.180328 0.348736 0.000000
vt 0.178965 0.341546 0.000000
vt 0.180310 0.334408 0.000000
vt 0.184345 0.328718 0.000000
vt 0.191104 0.324994 0.000000
vt 0.200621 0.323752 0.000000
vt 0.259382 0.323752 0.000000
vt 0.259382 0.247198 0.000000
vt 0.200621 0.247198 0.000000
vt 0.191190 0.246008 0.000000
vt 0.184414 0.242439 0.000000
vt 0.180328 0.236870 0.000000
vt 0.178965 0.229680 0.000000
vt 0.180310 0.222541 0.000000
vt 0.184345 0.216852 0.000000
vt 0.191104 0.213127 0.000000
vt 0.200621 0.211886 0.000000
vt 0.338282 0.211886 0.000000
vt 0.347782 0.213127 0.000000
vt 0.354489 0.216852 0.000000
vt 0.358472 0.222541 0.000000
vt 0.359800 0.229680 0.000000
vt 0.358455 0.236783 0.000000
vt 0.354420 0.242370 0.000000
vt 0.347696 0.245991 0.000000
vt 0.338282 0.247198 0.000000
vt 0.288211 0.247198 0.000000
vt -0.025035 0.000000 0.000000
vt 0.025035 0.000000 0.000000
vt 0.025035 0.001000 0.000000
vt -0.025035 0.001000 0.000000
vt -0.029082 0.000000 0.000000
vt -0.021812 0.000000 0.000000
vt -0.014541 0.000000 0.000000
vt -0.007271 0.000000 0.000000
vt -0.000000 0.000000 0.000000
vt -0.000000 0.001000 0.000000
vt -0.007271 0.001000 0.000000
vt -0.014541 0.001000 0.000000
vt -0.021812 0.001000 0.000000
vt -0.029082 0.001000 0.000000
vt -0.028547 0.000000 0.000000
vt -0.021410 0.000000 0.000000
vt -0.014274 0.000000 0.000000
vt -0.007137 0.000000 0.000000
vt -0.000000 0.000000 0.000000
vt -0.000000 0.001000 0.000000
vt -0.007137 0.001000 0.000000
vt -0.014274 0.001000 0.000000
vt -0.021410 0.001000 0.000000
vt -0.028547 0.001000 0.000000
vt -0.068830 0.000000 0.000000
vt 0.068830 0.000000 0.000000
vt 0.068830 0.001000 0.000000
vt -0.068830 0.001000 0.000000
vt -0.028936 0.000000 0.000000
vt -0.021702 0.000000 0.000000
vt -0.014468 0.000000 0.000000
vt -0.007234 0.000000 0.000000
vt -0.000000 0.000000 0.000000
vt -0.000000 0.001000 0.000000
vt -0.007234 0.001000 0.000000
vt -0.014468 0.001000 0.000000
vt -0.021702 0.001000 0.000000
vt -0.028936 0.001000 0.000000
vt -0.029284 0.000000 0.000000
vt -0.021963 0.000000 0.000000
vt -0.014642 0.000000 0.000000
vt -0.007321 0.000000 0.000000
vt -0.000000 0.000000 0.000000
vt -0.000000 0.001000 0.000000
vt -0.007321 0.001000 0.000000
vt -0.014642 0.001000 0.000000
vt -0.021963 0.001000 0.000000
vt -0.029284 0.001000 0.000000
vt -0.029380 0.000000 0.000000
vt 0.029380 0.000000 0.000000
vt 0.029380 0.001000 0.000000
vt -0.029380 0.001000 0.000000
vt -0.038277 0.000000 0.000000
vt 0.038277 0.000000 0.000000
vt 0.038277 0.001000 0.000000
vt -0.038277 0.001000 0.000000
vt -0.029380 0.000000 0.000000
vt 0.029380 0.000000 0.000000
vt 0.029380 0.001000 0.000000
vt -0.029380 0.001000 0.000000
vt -0.028936 0.000000 0.000000
vt -0.021702 0.000000 0.000000
vt -0.014468 0.000000 0.000000
vt -0.007234 0.000000 0.000000
vt -0.000000 0.000000 0.000000
vt -0.000000 0.001000 0.000000
vt -0.007234 0.001000 0.000000
vt -0.014468 0.001000 0.000000
vt -0.021702 0.001000 0.000000
vt -0.028936 0.001000 0.000000
vt -0.029284 0.000000 0.000000
vt -0.021963 0.000000 0.000000
vt -0.014642 0.000000 0.000000
vt -0.007321 0.000000 0.000000
vt -0.000000 0.000000 0.000000
vt -0.000000 0.001000 0.000000
vt -0.007321 0.001000 0.000000
vt -0.014642 0.001000 0.000000
vt -0.021963 0.001000 0.000000
vt -0.029284 0.001000 0.000000
vt -0.068830 0.000000 0.000000
vt 0.068830 0.000000 0.000000
vt 0.068830 0.001000 0.000000
vt -0.068830 0.001000 0.000000
vt -0.029082 0.000000 0.000000
vt -0.021812 0.000000 0.000000
vt -0.014541 0.000000 0.000000
vt -0.007271 0.000000 0.000000
vt -0.000000 0.000000 0.000000
vt -0.000000 0.001000 0.000000
vt -0.007271 0.001000 0.000000
vt -0.014541 0.001000 0.000000
vt -0.021812 0.001000 0.000000
vt -0.029082 0.001000 0.000000
vt -0.028913 0.000000 0.000000
vt -0.021685 0.000000 0.000000
vt -0.014456 0.000000 0.000000
vt -0.007228 0.000000 0.000000
vt -0.000000 0.000000 0.000000
vt -0.000000 0.001000 0.000000
vt -0.007228 0.001000 0.000000
vt -0.014456 0.001000 0.000000
vt -0.021685 0.001000 0.000000
vt -0.028913 0.001000 0.000000
vt -0.025035 0.000000 0.000000
vt 0.025035 0.000000 0.000000
vt 0.025035 0.001000 0.000000
vt -0.025035 0.001000 0.000000
vt -0.038277 0.000000 0.000000
vt 0.038277 0.000000 0.000000
vt 0.038277 0.001000 0.000000
vt -0.038277 0.001000 0.000000
vt 0.211105 -0.112816 0.000000
vt 0.338282 -0.112816 0.000000
vt 0.347782 -0.111575 0.000000
vt 0.354489 -0.107851 0.000000
vt 0.358472 -0.102161 0.000000
vt 0.359800 -0.095023 0.000000
vt 0.358455 -0.087919 0.000000
vt 0.354420 -0.082332 0.000000
vt 0.347696 -0.078712 0.000000
vt 0.338282 -0.077505 0.000000
vt 0.203656 -0.077505 0.000000
vt 0.193794 -0.078763 0.000000
vt 0.187104 -0.082539 0.000000
vt 0.183276 -0.089212 0.000000
vt 0.182000 -0.099161 0.000000
vt 0.182000 -0.184543 0.000000
vt 0.183000 -0.192199 0.000000
vt 0.186000 -0.197785 0.000000
vt 0.190621 -0.201199 0.000000
vt 0.196483 -0.202337 0.000000
vt 0.202190 -0.201199 0.000000
vt 0.206898 -0.197785 0.000000
vt 0.210053 -0.192199 0.000000
vt 0.211105 -0.184543 0.000000
vt -0.063589 0.000000 0.000000
vt 0.063589 0.000000 0.000000
vt 0.063589 0.001000 0.000000
vt -0.063589 0.001000 0.000000
vt -0.029082 0.000000 0.000000
vt -0.021812 0.000000 0.000000
vt -0.014541 0.000000 0.000000
vt -0.007271 0.000000 0.000000
vt -0.000000 0.000000 0.000000
vt -0.000000 0.001000 0.000000
vt -0.007271 0.001000 0.000000
vt -0.014541 0.001000 0.000000
vt -0.021812 0.001000 0.000000
vt -0.029082 0.001000 0.000000
vt -0.028913 0.000000 0.000000
vt -0.021685 0.000000 0.000000
vt -0.014456 0.000000 0.000000
vt -0.007228 0.000000 0.000000
vt -0.000000 0.000000 0.000000
vt -0.000000 0.001000 0.000000
vt -0.007228 0.001000 0.000000
vt -0.014456 0.001000 0.000000
vt -0.021685 0.001000 0.000000
vt -0.028913 0.001000 0.000000
vt -0.067313 0.000000 0.000000
vt 0.067313 0.000000 0.000000
vt 0.067313 0.001000 0.000000
vt -0.067313 0.001000 0.000000
vt -0.028676 0.000000 0.000000
vt -0.021507 0.000000 0.000000
vt -0.014338 0.000000 0.000000
vt -0.007169 0.000000 0.000000
vt -0.000000 0.000000 0.000000
vt -0.000000 0.001000 0.000000
vt -0.007169 0.001000 0.000000
vt -0.014338 0.001000 0.000000
vt -0.021507 0.001000 0.000000
vt -0.028676 0.001000 0.000000
vt -0.042691 0.000000 0.000000
vt 0.042691 0.000000 0.000000
vt 0.042691 0.001000 0.000000
vt -0.042691 0.001000 0.000000
vt -0.024239 0.000000 0.000000
vt -0.018179 0.000000 0.000000
vt -0.012120 0.000000 0.000000
vt -0.006060 0.000000 0.000000
vt -0.000000 0.000000 0.000000
vt -0.000000 0.001000 0.000000
vt -0.006060 0.001000 0.000000
vt -0.012120 0.001000 0.000000
vt -0.018179 0.001000 0.000000
vt -0.024239 0.001000 0.000000
vt -0.024793 0.000000 0.000000
vt -0.018595 0.000000 0.000000
vt -0.012397 0.000000 0.000000
vt -0.006198 0.000000 0.000000
vt -0.000000 0.000000 0.000000
vt -0.000000 0.001000 0.000000
vt -0.006198 0.001000 0.000000
vt -0.012397 0.001000 0.000000
vt -0.018595 0.001000 0.000000
vt -0.024793 0.001000 0.000000
vt -0.035863 0.000000 0.000000
vt 0.035863 0.000000 0.000000
vt 0.035863 0.001000 0.000000
vt -0.035863 0.001000 0.000000
vt 0.359800 -0.302617 0.000000
vt 0.357041 -0.327877 0.000000
vt 0.348765 -0.349308 0.000000
vt 0.335402 -0.366447 0.000000
vt 0.317385 -0.378827 0.000000
vt 0.295263 -0.386327 0.000000
vt 0.269590 -0.388827 0.000000
vt 0.250244 -0.387465 0.000000
vt 0.232761 -0.383379 0.000000
vt 0.217294 -0.376534 0.000000
vt 0.204001 -0.366895 0.000000
vt 0.193242 -0.354636 0.000000
vt 0.185379 -0.339929 0.000000
vt 0.180569 -0.322807 0.000000
vt 0.178965 -0.303307 0.000000
vt 0.180621 -0.283944 0.000000
vt 0.185586 -0.266684 0.000000
vt 0.193569 -0.251805 0.000000
vt 0.204277 -0.239580 0.000000
vt 0.217553 -0.230028 0.000000
vt 0.233243 -0.223166 0.000000
vt 0.250847 -0.219027 0.000000
vt 0.269865 -0.217648 0.000000
vt 0.289177 -0.219096 0.000000
vt 0.306832 -0.223441 0.000000
vt 0.322402 -0.230528 0.000000
vt 0.335454 -0.240201 0.000000
vt 0.345868 -0.252356 0.000000
vt 0.353524 -0.266891 0.000000
vt 0.358231 -0.283685 0.000000
vt 0.200621 -0.003295 0.000000
vt 0.338282 -0.003295 0.000000
vt 0.347696 -0.004519 0.000000
vt 0.354420 -0.008192 0.000000
vt 0.358455 -0.013795 0.000000
vt 0.359800 -0.020813 0.000000
vt 0.358472 -0.027951 0.000000
vt 0.354489 -0.033641 0.000000
vt 0.347782 -0.037365 0.000000
vt 0.338282 -0.038607 0.000000
vt 0.200621 -0.038607 0.000000
vt 0.191104 -0.037365 0.000000
vt 0.184345 -0.033641 0.000000
vt 0.180310 -0.027951 0.000000
vt 0.178965 -0.020813 0.000000
vt 0.180328 -0.013882 0.000000
vt 0.184414 -0.008261 0.000000
vt 0.191190 -0.004536 0.000000
vt 0.201863 0.061949 0.000000
vt 0.223795 0.070225 0.000000
vt 0.223795 0.141262 0.000000
vt 0.201311 0.149677 0.000000
vt 0.190328 0.154159 0.000000
vt 0.183586 0.157953 0.000000
vt 0.180121 0.162505 0.000000
vt 0.178965 0.169263 0.000000
vt 0.180190 0.175609 0.000000
vt 0.183862 0.181126 0.000000
vt 0.189086 0.184954 0.000000
vt 0.194966 0.186230 0.000000
vt 0.198604 0.185937 0.000000
vt 0.202346 0.185057 0.000000
vt 0.206880 0.183488 0.000000
vt 0.212898 0.181126 0.000000
vt 0.326557 0.136435 0.000000
vt 0.338282 0.131814 0.000000
vt 0.349662 0.126089 0.000000
vt 0.356972 0.118089 0.000000
vt 0.359800 0.105951 0.000000
vt 0.356972 0.093536 0.000000
vt 0.349731 0.085536 0.000000
vt 0.340282 0.080432 0.000000
vt 0.326695 0.075191 0.000000
vt 0.213863 0.029534 0.000000
vt 0.202794 0.025499 0.000000
vt 0.195242 0.024154 0.000000
vt 0.189414 0.025413 0.000000
vt 0.184069 0.029189 0.000000
vt 0.180241 0.034758 0.000000
vt 0.178965 0.041396 0.000000
vt 0.180483 0.048638 0.000000
vt 0.184552 0.053604 0.000000
vt 0.192414 0.057949 0.000000
vt 0.338282 0.323752 0.000000
vt 0.288211 0.323752 0.000000
vt 0.288211 0.247198 0.000000
vt 0.338282 0.247198 0.000000
vt 0.347696 0.245991 0.000000
vt 0.354420 0.242370 0.000000
vt 0.358455 0.236783 0.000000
vt 0.359800 0.229680 0.000000
vt 0.358472 0.222541 0.000000
vt 0.354489 0.216852 0.000000
vt 0.347782 0.213127 0.000000
vt 0.338282 0.211886 0.000000
vt 0.200621 0.211886 0.000000
vt 0.191104 0.213127 0.000000
vt 0.184345 0.216852 0.000000
vt 0.180310 0.222541 0.000000
vt 0.178965 0.229680 0.000000
vt 0.180328 0.236870 0.000000
vt 0.184414 0.242439 0.000000
vt 0.191190 0.246008 0.000000
vt 0.200621 0.247198 0.000000
vt 0.259382 0.247198 0.000000
vt 0.259382 0.323752 0.000000
vt 0.200621 0.323752 0.000000
vt 0.191104 0.324994 0.000000
vt 0.184345 0.328718 0.000000
vt 0.180310 0.334408 0.000000
vt 0.178965 0.341546 0.000000
vt 0.180328 0.348736 0.000000
vt 0.184414 0.354305 0.000000
vt 0.191190 0.357874 0.000000
vt 0.200621 0.359064 0.000000
vt 0.338282 0.359064 0.000000
vt 0.347696 0.357891 0.000000
vt 0.354420 0.354374 0.000000
vt 0.358455 0.348822 0.000000
vt 0.359800 0.341546 0.000000
vt 0.358472 0.334408 0.000000
vt 0.354489 0.328718 0.000000
vt 0.347782 0.324994 0.000000
vt 0.338282 -0.112816 0.000000
vt 0.211105 -0.112816 0.000000
vt 0.211105 -0.184543 0.000000
vt 0.210053 -0.192199 0.000000
vt 0.206898 -0.197785 0.000000
vt 0.202190 -0.201199 0.000000
vt 0.196483 -0.202337 0.000000
vt 0.190621 -0.201199 0.000000
vt 0.186000 -0.197785 0.000000
vt 0.183000 -0.192199 0.000000
vt 0.182000 -0.184543 0.000000
vt 0.182000 -0.099161 0.000000
vt 0.183276 -0.089212 0.000000
vt 0.187104 -0.082539 0.000000
vt 0.193794 -0.078763 0.000000
vt 0.203656 -0.077505 0.000000
vt 0.338282 -0.077505 0.000000
vt 0.347696 -0.078712 0.000000
vt 0.354420 -0.082332 0.000000
vt 0.358455 -0.087919 0.000000
vt 0.359800 -0.095023 0.000000
vt 0.358472 -0.102161 0.000000
vt 0.354489 -0.107851 0.000000
vt 0.347782 -0.111575 0.000000
vt -0.632000 0.475000 0.000000
vt -0.632000 -0.475000 0.000000
vt -0.628354 -0.502694 0.000000
vt -0.617665 -0.528500 0.000000
vt -0.600660 -0.550660 0.000000
vt -0.578500 -0.567665 0.000000
vt -0.552694 -0.578354 0.000000
vt -0.525000 -0.582000 0.000000
vt 0.525000 -0.582000 0.000000
vt 0.552694 -0.578354 0.000000
vt 0.578500 -0.567665 0.000000
vt 0.600660 -0.550660 0.000000
vt 0.617665 -0.528500 0.000000
vt 0.628354 -0.502694 0.000000
vt 0.632000 -0.475000 0.000000
vt 0.632000 0.475000 0.000000
vt 0.628354 0.502694 0.000000
vt 0.617665 0.528500 0.000000
vt 0.600660 0.550660 0.000000
vt 0.578500 0.567665 0.000000
vt 0.552694 0.578354 0.000000
vt 0.525000 0.582000 0.000000
vt -0.525000 0.582000 0.000000
vt -0.552694 0.578354 0.000000
vt -0.578500 0.567665 0.000000
vt -0.600660 0.550660 0.000000
vt -0.617665 0.528500 0.000000
vt -0.628354 0.502694 0.000000
vt 0.250279 0.132021 0.000000
vt 0.250279 0.079743 0.000000
vt 0.322419 0.106089 0.000000
vt 0.050000 -0.078540 0.000000
vt 0.050000 -0.064260 0.000000
vt 0.050000 -0.049980 0.000000
vt 0.050000 -0.035700 0.000000
vt 0.050000 -0.021420 0.000000
vt 0.050000 -0.007140 0.000000
vt 0.050000 0.007140 0.000000
vt 0.050000 0.021420 0.000000
vt 0.050000 0.035700 0.000000
vt 0.050000 0.049980 0.000000
vt 0.050000 0.064260 0.000000
vt 0.000000 0.000000 0.000000
vt 0.000000 -0.014280 0.000000
vt 0.000000 -0.028560 0.000000
vt 0.000000 -0.042840 0.000000
vt 0.000000 -0.057120 0.000000
vt 0.000000 0.085680 0.000000
vt 0.000000 0.071400 0.000000
vt 0.000000 0.057120 0.000000
vt 0.000000 0.042840 0.000000
vt 0.000000 0.028560 0.000000
vt 0.000000 0.014280 0.000000
vt 0.000000 -0.071400 0.000000
vt 0.050000 0.078540 0.000000
vt 0.050000 0.078540 0.000000
vt 0.000000 -0.071400 0.000000
vt 0.787500 -0.043000 0.000000
vt 0.787500 0.043000 0.000000
vt -0.162500 0.043000 0.000000
vt -0.162500 -0.043000 0.000000
vt 0.043000 0.100924 0.000000
vt -0.043000 0.100924 0.000000
vt -0.043000 0.072088 0.000000
vt -0.043000 0.043253 0.000000
vt -0.043000 0.014418 0.000000
vt -0.043000 -0.014418 0.000000
vt -0.043000 -0.043253 0.000000
vt -0.043000 -0.072088 0.000000
vt -0.043000 -0.100924 0.000000
vt 0.043000 -0.100924 0.000000
vt 0.043000 -0.067282 0.000000
vt 0.043000 -0.033641 0.000000
vt 0.043000 0.000000 0.000000
vt 0.043000 0.033641 0.000000
vt 0.043000 0.067282 0.000000
vt 0.862500 -0.043000 0.000000
vt 0.862500 0.043000 0.000000
vt -0.187500 0.043000 0.000000
vt -0.187500 -0.043000 0.000000
vt 0.043000 0.100924 0.000000
vt -0.043000 0.100924 0.000000
vt -0.043000 0.072088 0.000000
vt -0.043000 0.043253 0.000000
vt -0.043000 0.014418 0.000000
vt -0.043000 -0.014418 0.000000
vt -0.043000 -0.043253 0.000000
vt -0.043000 -0.072088 0.000000
vt -0.043000 -0.100924 0.000000
vt 0.043000 -0.100924 0.000000
vt 0.043000 -0.067282 0.000000
vt 0.043000 -0.033641 0.000000
vt 0.043000 0.000000 0.000000
vt 0.043000 0.033641 0.000000
vt 0.043000 0.067282 0.000000
vt 0.787500 -0.043000 0.000000
vt 0.787500 0.043000 0.000000
vt -0.162500 0.043000 0.000000
vt -0.162500 -0.043000 0.000000
vt 0.043000 0.100924 0.000000
vt -0.043000 0.100924 0.000000
vt -0.043000 0.072088 0.000000
vt -0.043000 0.043253 0.000000
vt -0.043000 0.014418 0.000000
vt -0.043000 -0.014418 0.000000
vt -0.043000 -0.043253 0.000000
vt -0.043000 -0.072088 0.000000
vt -0.043000 -0.100924 0.000000
vt 0.043000 -0.100924 0.000000
vt 0.043000 -0.067282 0.000000
vt 0.043000 -0.033641 0.000000
vt 0.043000 0.000000 0.000000
vt 0.043000 0.033641 0.000000
vt 0.043000 0.067282 0.000000
vt 0.862500 -0.043000 0.000000
vt 0.862500 0.043000 0.000000
vt -0.187500 0.043000 0.000000
vt -0.187500 -0.043000 0.000000
vt 0.043000 0.100924 0.000000
vt -0.043000 0.100924 0.000000
vt -0.043000 0.072088 0.000000
vt -0.043000 0.043253 0.000000
vt -0.043000 0.014418 0.000000
vt -0.043000 -0.014418 0.000000
vt -0.043000 -0.043253 0.000000
vt -0.043000 -0.072088 0.000000
vt -0.043000 -0.100924 0.000000
vt 0.043000 -0.100924 0.000000
vt 0.043000 -0.067282 0.000000
vt 0.043000 -0.033641 0.000000
vt 0.043000 0.000000 0.000000
vt 0.043000 0.033641 0.000000
vt 0.043000 0.067282 0.000000
vt -0.000522 0.117810 0.000000
vt -0.000522 0.084150 0.000000
vt -0.000522 0.050490 0.000000
vt -0.000522 0.016830 0.000000
vt -0.000522 -0.016830 0.000000
vt -0.000522 -0.050490 0.000000
vt -0.000522 -0.084150 0.000000
vt -0.000522 -0.117810 0.000000
vt -0.000000 -0.117810 0.000000
vt -0.000000 -0.084150 0.000000
vt -0.000000 -0.050490 0.000000
vt -0.000000 -0.016830 0.000000
vt -0.000000 0.016830 0.000000
vt -0.000000 0.050490 0.000000
vt -0.000000 0.084150 0.000000
vt -0.000000 0.117810 0.000000
vt 1.200000 0.000522 0.000000
vt 0.150000 0.000522 0.000000
vt 0.150000 0.000000 0.000000
vt 1.200000 0.000000 0.000000
vt -0.000522 0.117810 0.000000
vt -0.000522 0.084150 0.000000
vt -0.000522 0.050490 0.000000
vt -0.000522 0.016830 0.000000
vt -0.000522 -0.016830 0.000000
vt -0.000522 -0.050490 0.000000
vt -0.000522 -0.084150 0.000000
vt -0.000522 -0.117810 0.000000
vt -0.000000 -0.117810 0.000000
vt -0.000000 -0.084150 0.000000
vt -0.000000 -0.050490 0.000000
vt -0.000000 -0.016830 0.000000
vt -0.000000 0.016830 0.000000
vt -0.000000 0.050490 0.000000
vt -0.000000 0.084150 0.000000
vt -0.000000 0.117810 0.000000
vt 1.100000 0.000522 0.000000
vt 0.150000 0.000522 0.000000
vt 0.150000 0.000000 0.000000
vt 1.100000 0.000000 0.000000
vt 0.269865 -0.352964 0.000000
vt 0.287763 -0.351412 0.000000
vt 0.303108 -0.346757 0.000000
vt 0.315471 -0.339222 0.000000
vt 0.324419 -0.329032 0.000000
vt 0.329851 -0.316669 0.000000
vt 0.331661 -0.302617 0.000000
vt 0.327661 -0.283030 0.000000
vt 0.316005 -0.267512 0.000000
vt 0.307298 -0.261667 0.000000
vt 0.296487 -0.257236 0.000000
vt 0.269865 -0.253512 0.000000
vt 0.242899 -0.257236 0.000000
vt 0.231864 -0.261753 0.000000
vt 0.222898 -0.267857 0.000000
vt 0.211036 -0.283651 0.000000
vt 0.207104 -0.303169 0.000000
vt 0.208811 -0.316152 0.000000
vt 0.213932 -0.328066 0.000000
vt 0.222588 -0.338291 0.000000
vt 0.234899 -0.346205 0.000000
vt 0.250710 -0.351274 0.000000
vt -0.050000 0.117810 0.000000
vt -0.050000 0.084150 0.000000
vt -0.050000 0.050490 0.000000
vt -0.050000 0.016830 0.000000
vt -0.050000 -0.016830 0.000000
vt -0.050000 -0.050490 0.000000
vt -0.050000 -0.084150 0.000000
vt -0.050000 -0.117810 0.000000
vt -0.000000 -0.117810 0.000000
vt -0.000000 -0.084150 0.000000
vt -0.000000 -0.050490 0.000000
vt -0.000000 -0.016830 0.000000
vt -0.000000 0.016830 0.000000
vt -0.000000 0.050490 0.000000
vt -0.000000 0.084150 0.000000
vt -0.000000 0.117810 0.000000
vt 0.700000 0.725000 0.000000
vt 0.713516 0.721031 0.000000
vt 0.722741 0.710385 0.000000
vt 0.724746 0.696442 0.000000
vt 0.718894 0.683628 0.000000
vt 0.707043 0.676013 0.000000
vt 0.692957 0.676013 0.000000
vt 0.681106 0.683628 0.000000
vt 0.675254 0.696442 0.000000
vt 0.677259 0.710385 0.000000
vt 0.686484 0.721031 0.000000
vt 0.675000 0.475000 0.000000
vt 0.675000 -0.475000 0.000000
vt 0.671239 -0.508378 0.000000
vt 0.660145 -0.540083 0.000000
vt 0.642275 -0.568523 0.000000
vt 0.618523 -0.592275 0.000000
vt 0.590083 -0.610145 0.000000
vt 0.558378 -0.621239 0.000000
vt 0.525000 -0.625000 0.000000
vt -0.525000 -0.625000 0.000000
vt -0.558378 -0.621239 0.000000
vt -0.590083 -0.610145 0.000000
vt -0.618523 -0.592275 0.000000
vt -0.642275 -0.568523 0.000000
vt -0.660145 -0.540083 0.000000
vt -0.671239 -0.508378 0.000000
vt -0.675000 -0.475000 0.000000
vt -0.675000 0.475000 0.000000
vt -0.671239 0.508378 0.000000
vt -0.660145 0.540083 0.000000
vt -0.642275 0.568523 0.000000
vt -0.618523 0.592275 0.000000
vt -0.590083 0.610145 0.000000
vt -0.558378 0.621239 0.000000
vt -0.525000 0.625000 0.000000
vt 0.525000 0.625000 0.000000
vt 0.558378 0.621239 0.000000
vt 0.590083 0.610145 0.000000
vt 0.618523 0.592275 0.000000
vt 0.642275 0.568523 0.000000
vt 0.660145 0.540083 0.000000
vt 0.671239 0.508378 0.000000
vt -0.850000 -0.700000 0.000000
vt -0.846239 -0.733378 0.000000
vt -0.835145 -0.765083 0.000000
vt -0.817275 -0.793523 0.000000
vt -0.793523 -0.817275 0.000000
vt -0.765083 -0.835145 0.000000
vt -0.733378 -0.846239 0.000000
vt -0.700000 -0.850000 0.000000
vt 0.700000 -0.850000 0.000000
vt 0.733378 -0.846239 0.000000
vt 0.765083 -0.835145 0.000000
vt 0.793523 -0.817275 0.000000
vt 0.817275 -0.793523 0.000000
vt 0.835145 -0.765083 0.000000
vt 0.846239 -0.733378 0.000000
vt 0.850000 -0.700000 0.000000
vt 0.850000 0.700000 0.000000
vt 0.846239 0.733378 0.000000
vt 0.835145 0.765083 0.000000
vt 0.817275 0.793523 0.000000
vt 0.793523 0.817275 0.000000
vt 0.765083 0.835145 0.000000
vt 0.733378 0.846239 0.000000
vt 0.700000 0.850000 0.000000
vt -0.700000 0.850000 0.000000
vt -0.733378 0.846239 0.000000
vt -0.765083 0.835145 0.000000
vt -0.793523 0.817275 0.000000
vt -0.817275 0.793523 0.000000
vt -0.835145 0.765083 0.000000
vt -0.846239 0.733378 0.000000
vt -0.850000 0.700000 0.000000
vt 0.150000 0.050000 0.000000
vt 0.150000 0.000000 0.000000
vt 1.550000 0.000000 0.000000
vt 1.550000 0.050000 0.000000
vt 1.100000 0.000522 0.000000
vt 0.150000 0.000522 0.000000
vt 0.150000 0.000000 0.000000
vt 1.100000 0.000000 0.000000
vt -0.050000 0.117810 0.000000
vt -0.050000 0.084150 0.000000
vt -0.050000 0.050490 0.000000
vt -0.050000 0.016830 0.000000
vt -0.050000 -0.016830 0.000000
vt -0.050000 -0.050490 0.000000
vt -0.050000 -0.084150 0.000000
vt -0.050000 -0.117810 0.000000
vt -0.000000 -0.117810 0.000000
vt -0.000000 -0.084150 0.000000
vt -0.000000 -0.050490 0.000000
vt -0.000000 -0.016830 0.000000
vt -0.000000 0.016830 0.000000
vt -0.000000 0.050490 0.000000
vt -0.000000 0.084150 0.000000
vt -0.000000 0.117810 0.000000
vt -0.050000 0.117810 0.000000
vt -0.050000 0.084150 0.000000
vt -0.050000 0.050490 0.000000
vt -0.050000 0.016830 0.000000
vt -0.050000 -0.016830 0.000000
vt -0.050000 -0.050490 0.000000
vt -0.050000 -0.084150 0.000000
vt -0.050000 -0.117810 0.000000
vt -0.000000 -0.117810 0.000000
vt -0.000000 -0.084150 0.000000
vt -0.000000 -0.050490 0.000000
vt -0.000000 -0.016830 0.000000
vt -0.000000 0.016830 0.000000
vt -0.000000 0.050490 0.000000
vt -0.000000 0.084150 0.000000
vt -0.000000 0.117810 0.000000
vt 1.550000 0.000000 0.000000
vt 1.550000 0.050000 0.000000
vt 0.150000 0.050000 0.000000
vt 0.150000 0.000000 0.000000
vt -0.000522 0.117810 0.000000
vt -0.000522 0.084150 0.000000
vt -0.000522 0.050490 0.000000
vt -0.000522 0.016830 0.000000
vt -0.000522 -0.016830 0.000000
vt -0.000522 -0.050490 0.000000
vt -0.000522 -0.084150 0.000000
vt -0.000522 -0.117810 0.000000
vt -0.000000 -0.117810 0.000000
vt -0.000000 -0.084150 0.000000
vt -0.000000 -0.050490 0.000000
vt -0.000000 -0.016830 0.000000
vt -0.000000 0.016830 0.000000
vt -0.000000 0.050490 0.000000
vt -0.000000 0.084150 0.000000
vt -0.000000 0.117810 0.000000
vt -0.000522 0.117810 0.000000
vt -0.000522 0.084150 0.000000
vt -0.000522 0.050490 0.000000
vt -0.000522 0.016830 0.000000
vt -0.000522 -0.016830 0.000000
vt -0.000522 -0.050490 0.000000
vt -0.000522 -0.084150 0.000000
vt -0.000522 -0.117810 0.000000
vt -0.000000 -0.117810 0.000000
vt -0.000000 -0.084150 0.000000
vt -0.000000 -0.050490 0.000000
vt -0.000000 -0.016830 0.000000
vt -0.000000 0.016830 0.000000
vt -0.000000 0.050490 0.000000
vt -0.000000 0.084150 0.000000
vt -0.000000 0.117810 0.000000
vt 1.200000 0.000522 0.000000
vt 0.150000 0.000522 0.000000
vt 0.150000 0.000000 0.000000
vt 1.200000 0.000000 0.000000
vt -0.050000 0.117810 0.000000
vt -0.050000 0.084150 0.000000
vt -0.050000 0.050490 0.000000
vt -0.050000 0.016830 0.000000
vt -0.050000 -0.016830 0.000000
vt -0.050000 -0.050490 0.000000
vt -0.050000 -0.084150 0.000000
vt -0.050000 -0.117810 0.000000
vt -0.000000 -0.117810 0.000000
vt -0.000000 -0.084150 0.000000
vt -0.000000 -0.050490 0.000000
vt -0.000000 -0.016830 0.000000
vt -0.000000 0.016830 0.000000
vt -0.000000 0.050490 0.000000
vt -0.000000 0.084150 0.000000
vt -0.000000 0.117810 0.000000
vt 0.150000 0.050000 0.000000
vt 0.150000 0.000000 0.000000
vt 1.550000 0.000000 0.000000
vt 1.550000 0.050000 0.000000
vt 1.550000 0.000000 0.000000
vt 1.550000 0.050000 0.000000
vt 0.150000 0.050000 0.000000
vt 0.150000 0.000000 0.000000
vt -0.700000 0.675000 0.000000
vt -0.713516 0.678969 0.000000
vt -0.722741 0.689615 0.000000
vt -0.724746 0.703558 0.000000
vt -0.718894 0.716372 0.000000
vt -0.707043 0.723987 0.000000
vt -0.692957 0.723987 0.000000
vt -0.681106 0.716372 0.000000
vt -0.675254 0.703558 0.000000
vt -0.677259 0.689615 0.000000
vt -0.686484 0.678969 0.000000
vt 0.700000 -0.850000 0.000000
vt 0.733378 -0.846239 0.000000
vt 0.765083 -0.835145 0.000000
vt 0.793523 -0.817275 0.000000
vt 0.817275 -0.793523 0.000000
vt 0.835145 -0.765083 0.000000
vt 0.846239 -0.733378 0.000000
vt 0.850000 -0.700000 0.000000
vt 0.850000 0.700000 0.000000
vt 0.846239 0.733378 0.000000
vt 0.835145 0.765083 0.000000
vt 0.817275 0.793523 0.000000
vt 0.793523 0.817275 0.000000
vt 0.765083 0.835145 0.000000
vt 0.733378 0.846239 0.000000
vt 0.700000 0.850000 0.000000
vt -0.700000 0.850000 0.000000
vt -0.733378 0.846239 0.000000
vt -0.765083 0.835145 0.000000
vt -0.793523 0.817275 0.000000
vt -0.817275 0.793523 0.000000
vt -0.835145 0.765083 0.000000
vt -0.846239 0.733378 0.000000
vt -0.850000 0.700000 0.000000
vt -0.850000 -0.700000 0.000000
vt -0.846239 -0.733378 0.000000
vt -0.835145 -0.765083 0.000000
vt -0.817275 -0.793523 0.000000
vt -0.793523 -0.817275 0.000000
vt -0.765083 -0.835145 0.000000
vt -0.733378 -0.846239 0.000000
vt -0.700000 -0.850000 0.000000
vn 0.000000 0.000000 -0.100000
vn 0.026440 0.000000 -0.096441
vn 0.053228 0.000000 -0.084657
vn 0.076883 0.000000 -0.063945
vn 0.091492 0.000000 -0.040364
vn 0.098301 0.000000 -0.018355
vn 0.100000 0.000000 0.000000
vn 0.100000 0.000000 0.000000
vn 0.098301 0.000000 -0.018355
vn 0.091492 0.000000 -0.040364
vn 0.076883 0.000000 -0.063945
vn 0.053228 0.000000 -0.084657
vn 0.026440 0.000000 -0.096441
vn 0.000000 0.000000 -0.100000
vn -0.100000 0.000000 0.000000
vn -0.095408 0.000000 -0.029954
vn -0.088485 0.000000 -0.046588
vn -0.075974 0.000000 -0.065023
vn -0.040744 0.000000 -0.091323
vn 0.000000 0.000000 -0.100000
vn 0.000000 0.000000 -0.100000
vn -0.040744 0.000000 -0.091323
vn -0.075974 0.000000 -0.065023
vn -0.088485 0.000000 -0.046588
vn -0.095408 0.000000 -0.029954
vn -0.100000 0.000000 0.000000
vn 0.000000 0.000000 0.100000
vn -0.040416 0.000000 0.091469
vn -0.075461 0.000000 0.065618
vn -0.088319 0.000000 0.046901
vn -0.095554 0.000000 0.029485
vn -0.100000 0.000000 0.000000
vn -0.100000 0.000000 0.000000
vn -0.095554 0.000000 0.029485
vn -0.088319 0.000000 0.046901
vn -0.075461 0.000000 0.065618
vn -0.040416 0.000000 0.091469
vn 0.000000 0.000000 0.100000
vn 0.100000 0.000000 0.000000
vn 0.098183 0.000000 0.018978
vn 0.090221 0.000000 0.043130
vn 0.075626 0.000000 0.065427
vn 0.051450 0.000000 0.085749
vn 0.026447 0.000000 0.096439
vn 0.000000 0.000000 0.100000
vn 0.000000 0.000000 0.100000
vn 0.026447 0.000000 0.096439
vn 0.051450 0.000000 0.085749
vn 0.075626 0.000000 0.065427
vn 0.090221 0.000000 0.043130
vn 0.098183 0.000000 0.018978
vn 0.100000 0.000000 0.000000
vn 0.000000 0.100000 0.000000
vn 0.000000 0.100000 0.000000
vn 0.000000 0.100000 0.000000
vn 0.000000 0.100000 0.000000
vn 0.000000 0.100000 0.000000
vn 0.000000 0.100000 0.000000
vn 0.000000 0.100000 0.000000
vn 0.000000 0.100000 0.000000
vn 0.000000 0.100000 0.000000
vn 0.000000 0.100000 0.000000
vn 0.000000 0.100000 0.000000
vn 0.000000 0.100000 0.000000
vn 0.000000 0.100000 0.000000
vn 0.000000 0.100000 0.000000
vn 0.000000 0.100000 0.000000
vn 0.000000 0.100000 0.000000
vn 0.000000 0.100000 0.000000
vn 0.000000 0.100000 0.000000
vn 0.000000 0.100000 0.000000
vn 0.000000 0.100000 0.000000
vn 0.000000 0.100000 0.000000
vn 0.000000 0.100000 0.000000
vn 0.000000 0.100000 0.000000
vn 0.000000 0.100000 0.000000
vn 0.000000 0.100000 0.000000
vn 0.000000 0.100000 0.000000
vn 0.000000 0.100000 0.000000
vn 0.000000 0.100000 0.000000
vn 0.000000 0.100000 0.000000
vn 0.000000 0.100000 0.000000
vn 0.000000 0.100000 0.000000
vn 0.000000 0.100000 0.000000
vn 0.000000 0.100000 0.000000
vn 0.000000 0.100000 0.000000
vn 0.000000 0.100000 0.000000
vn 0.000000 0.100000 0.000000
vn 0.000000 0.100000 0.000000
vn 0.000000 0.100000 0.000000
vn 0.000000 0.100000 0.000000
vn 0.000000 0.100000 0.000000
vn 0.000000 0.100000 0.000000
vn 0.000000 0.100000 0.000000
vn 0.000000 0.100000 0.000000
vn 0.000000 0.100000 0.000000
vn 0.000000 0.100000 0.000000
vn 0.000000 0.100000 0.000000
vn 0.000000 0.100000 0.000000
vn 0.000000 0.100000 0.000000
vn 0.000000 0.100000 0.000000
vn 0.000000 0.100000 0.000000
vn 0.000000 0.100000 0.000000
vn 0.000000 0.100000 0.000000
vn -0.100000 0.000000 0.000000
vn -0.097880 0.000000 0.020480
vn -0.089745 0.000000 0.044112
vn -0.072839 0.000000 0.068516
vn -0.049216 0.000000 0.087051
vn -0.023000 0.000000 0.097319
vn 0.000000 0.000000 0.100000
vn 0.000000 0.000000 0.100000
vn -0.023000 0.000000 0.097319
vn -0.049216 0.000000 0.087051
vn -0.072839 0.000000 0.068516
vn -0.089745 0.000000 0.044112
vn -0.097880 0.000000 0.020480
vn -0.100000 0.000000 0.000000
vn 0.000000 0.000000 0.100000
vn 0.017303 0.000000 0.098492
vn 0.037069 0.000000 0.092876
vn 0.056061 0.000000 0.082808
vn 0.073234 0.000000 0.068094
vn 0.086295 0.000000 0.050529
vn 0.094554 0.000000 0.032551
vn 0.098794 0.000000 0.015483
vn 0.100000 0.000000 0.000000
vn 0.100000 0.000000 0.000000
vn 0.098794 0.000000 0.015483
vn 0.094554 0.000000 0.032551
vn 0.086295 0.000000 0.050529
vn 0.073234 0.000000 0.068094
vn 0.056061 0.000000 0.082808
vn 0.037069 0.000000 0.092876
vn 0.017303 0.000000 0.098492
vn 0.000000 0.000000 0.100000
vn 0.100000 0.000000 0.000000
vn 0.098884 0.000000 -0.014898
vn 0.095061 0.000000 -0.031040
vn 0.087002 0.000000 -0.049301
vn 0.074224 0.000000 -0.067014
vn 0.056768 0.000000 -0.082325
vn 0.037817 0.000000 -0.092574
vn 0.017791 0.000000 -0.098405
vn 0.000000 0.000000 -0.100000
vn 0.000000 0.000000 -0.100000
vn 0.017791 0.000000 -0.098405
vn 0.037817 0.000000 -0.092574
vn 0.056768 0.000000 -0.082325
vn 0.074224 0.000000 -0.067014
vn 0.087002 0.000000 -0.049301
vn 0.095061 0.000000 -0.031040
vn 0.098884 0.000000 -0.014898
vn 0.100000 0.000000 0.000000
vn 0.000000 0.000000 -0.100000
vn -0.017252 0.000000 -0.098501
vn -0.037347 0.000000 -0.092764
vn -0.056822 0.000000 -0.082287
vn -0.074183 0.000000 -0.067058
vn -0.086760 0.000000 -0.049726
vn -0.094986 0.000000 -0.031266
vn -0.098923 0.000000 -0.014635
vn -0.100000 0.000000 0.000000
vn -0.100000 0.000000 0.000000
vn -0.098923 0.000000 -0.014635
vn -0.094986 0.000000 -0.031266
vn -0.086760 0.000000 -0.049726
vn -0.074183 0.000000 -0.067058
vn -0.056822 0.000000 -0.082287
vn -0.037347 0.000000 -0.092764
vn -0.017252 0.000000 -0.098501
vn 0.000000 0.000000 -0.100000
vn 0.000000 0.100000 0.000000
vn 0.000000 0.100000 0.000000
vn 0.000000 0.100000 0.000000
vn 0.000000 0.100000 0.000000
vn 0.000000 0.100000 0.000000
vn 0.000000 0.100000 0.000000
vn 0.000000 0.100000 0.000000
vn 0.000000 0.100000 0.000000
vn 0.000000 0.100000 0.000000
vn 0.000000 0.100000 0.000000
vn 0.000000 0.100000 0.000000
vn 0.000000 0.100000 0.000000
vn 0.000000 0.100000 0.000000
vn 0.000000 0.100000 0.000000
vn 0.000000 0.100000 0.000000
vn 0.000000 0.100000 0.000000
vn 0.000000 0.100000 0.000000
vn 0.000000 0.100000 0.000000
vn 0.100000 0.000000 0.000000
vn 0.100000 0.000000 0.000000
vn 0.100000 0.000000 0.000000
vn 0.100000 0.000000 0.000000
vn 0.100000 0.000000 0.000000
vn 0.095613 0.000000 -0.029294
vn 0.073909 0.000000 -0.067360
vn 0.039817 0.000000 -0.091731
vn 0.000000 0.000000 -0.100000
vn 0.000000 0.000000 -0.100000
vn 0.039817 0.000000 -0.091731
vn 0.073909 0.000000 -0.067360
vn 0.095613 0.000000 -0.029294
vn 0.100000 0.000000 0.000000
vn 0.000000 0.000000 -0.100000
vn -0.038673 0.000000 -0.092219
vn -0.073480 0.000000 -0.067828
vn -0.095648 0.000000 -0.029181
vn -0.100000 0.000000 0.000000
vn -0.100000 0.000000 0.000000
vn -0.095648 0.000000 -0.029181
vn -0.073480 0.000000 -0.067828
vn -0.038673 0.000000 -0.092219
vn 0.000000 0.000000 -0.100000
vn -0.100000 0.000000 0.000000
vn -0.100000 0.000000 0.000000
vn -0.100000 0.000000 0.000000
vn -0.100000 0.000000 0.000000
vn -0.100000 0.000000 0.000000
vn -0.095613 0.000000 0.029294
vn -0.073042 0.000000 0.068299
vn -0.038250 0.000000 0.092396
vn 0.000000 0.000000 0.100000
vn 0.000000 0.000000 0.100000
vn -0.038250 0.000000 0.092396
vn -0.073042 0.000000 0.068299
vn -0.095613 0.000000 0.029294
vn -0.100000 0.000000 0.000000
vn 0.000000 0.000000 0.100000
vn 0.039210 0.000000 0.091992
vn 0.073951 0.000000 0.067314
vn 0.095692 0.000000 0.029035
vn 0.100000 0.000000 0.000000
vn 0.100000 0.000000 0.000000
vn 0.095692 0.000000 0.029035
vn 0.073951 0.000000 0.067314
vn 0.039210 0.000000 0.091992
vn 0.000000 0.000000 0.100000
vn 0.000000 0.000000 0.100000
vn 0.000000 0.000000 0.100000
vn 0.000000 0.000000 0.100000
vn 0.000000 0.000000 0.100000
vn 0.093932 0.000000 -0.034304
vn 0.093932 0.000000 -0.034304
vn 0.093932 0.000000 -0.034304
vn 0.093932 0.000000 -0.034304
vn -0.094105 0.000000 -0.033827
vn -0.094105 0.000000 -0.033827
vn -0.094105 0.000000 -0.033827
vn -0.094105 0.000000 -0.033827
vn 0.000000 0.100000 0.000000
vn 0.000000 0.100000 0.000000
vn 0.000000 0.100000 0.000000
vn 0.000000 0.100000 0.000000
vn 0.000000 0.100000 0.000000
vn 0.000000 0.100000 0.000000
vn 0.000000 0.100000 0.000000
vn 0.000000 0.100000 0.000000
vn 0.000000 0.100000 0.000000
vn 0.000000 0.100000 0.000000
vn 0.000000 0.100000 0.000000
vn 0.000000 0.100000 0.000000
vn 0.000000 0.100000 0.000000
vn 0.000000 0.100000 0.000000
vn 0.000000 0.100000 0.000000
vn 0.000000 0.100000 0.000000
vn 0.000000 0.100000 0.000000
vn 0.000000 0.100000 0.000000
vn 0.000000 0.100000 0.000000
vn 0.000000 0.100000 0.000000
vn 0.000000 0.100000 0.000000
vn 0.000000 0.100000 0.000000
vn 0.000000 0.100000 0.000000
vn 0.000000 0.100000 0.000000
vn 0.000000 0.100000 0.000000
vn 0.000000 0.100000 0.000000
vn 0.000000 0.100000 0.000000
vn 0.000000 0.100000 0.000000
vn 0.000000 0.100000 0.000000
vn 0.000000 0.100000 0.000000
vn 0.000000 0.100000 0.000000
vn 0.000000 0.100000 0.000000
vn 0.000000 0.100000 0.000000
vn 0.000000 0.100000 0.000000
vn 0.000000 0.100000 0.000000
vn 0.000000 0.100000 0.000000
vn 0.000000 0.100000 0.000000
vn 0.000000 0.100000 0.000000
vn 0.093560 0.000000 -0.035306
vn 0.093560 0.000000 -0.035306
vn 0.093560 0.000000 -0.035306
vn 0.093560 0.000000 -0.035306
vn 0.092848 0.000000 -0.037139
vn 0.091479 0.000000 -0.040393
vn 0.078706 0.000000 -0.061688
vn 0.045548 0.000000 -0.089025
vn 0.000000 0.000000 -0.100000
vn 0.000000 0.000000 -0.100000
vn 0.045548 0.000000 -0.089025
vn 0.078706 0.000000 -0.061688
vn 0.091479 0.000000 -0.040393
vn 0.092848 0.000000 -0.037139
vn 0.000000 0.000000 -0.100000
vn -0.038573 0.000000 -0.092261
vn -0.071190 0.000000 -0.070228
vn -0.091171 0.000000 -0.041083
vn -0.100000 0.000000 0.000000
vn -0.100000 0.000000 0.000000
vn -0.091171 0.000000 -0.041083
vn -0.071190 0.000000 -0.070228
vn -0.038573 0.000000 -0.092261
vn 0.000000 0.000000 -0.100000
vn -0.100000 0.000000 0.000000
vn -0.096071 0.000000 0.027754
vn -0.092219 0.000000 0.038673
vn -0.092219 0.000000 0.038673
vn -0.096071 0.000000 0.027754
vn -0.100000 0.000000 0.000000
vn -0.092698 0.000000 0.037510
vn -0.092698 0.000000 0.037510
vn -0.092698 0.000000 0.037510
vn -0.092698 0.000000 0.037510
vn -0.093757 0.000000 0.034781
vn -0.092494 0.000000 0.038011
vn -0.082404 0.000000 0.056653
vn -0.049484 0.000000 0.086898
vn 0.000000 0.000000 0.100000
vn 0.000000 0.000000 0.100000
vn -0.049484 0.000000 0.086898
vn -0.082404 0.000000 0.056653
vn -0.092494 0.000000 0.038011
vn -0.093757 0.000000 0.034781
vn 0.000000 0.000000 0.100000
vn 0.049484 0.000000 0.086898
vn 0.082811 0.000000 0.056057
vn 0.093165 0.000000 0.036335
vn 0.092848 0.000000 0.037139
vn 0.092848 0.000000 0.037139
vn 0.093165 0.000000 0.036335
vn 0.082811 0.000000 0.056057
vn 0.049484 0.000000 0.086898
vn 0.000000 0.000000 0.100000
vn 0.093064 0.000000 0.036593
vn 0.093064 0.000000 0.036593
vn 0.093064 0.000000 0.036593
vn 0.093064 0.000000 0.036593
vn 0.092585 0.000000 0.037790
vn 0.093708 0.000000 0.034911
vn 0.095540 0.000000 0.029531
vn 0.098761 0.000000 0.015691
vn 0.100000 0.000000 0.000000
vn 0.100000 0.000000 0.000000
vn 0.098761 0.000000 0.015691
vn 0.095540 0.000000 0.029531
vn 0.093708 0.000000 0.034911
vn 0.092585 0.000000 0.037790
vn 0.100000 0.000000 0.000000
vn 0.090862 0.000000 -0.041763
vn 0.069233 0.000000 -0.072158
vn 0.038156 0.000000 -0.092434
vn 0.000000 0.000000 -0.100000
vn 0.000000 0.000000 -0.100000
vn 0.038156 0.000000 -0.092434
vn 0.069233 0.000000 -0.072158
vn 0.090862 0.000000 -0.041763
vn 0.100000 0.000000 0.000000
vn 0.000000 0.000000 -0.100000
vn -0.037819 0.000000 -0.092573
vn -0.080143 0.000000 -0.059808
vn -0.090609 0.000000 -0.042308
vn -0.093834 0.000000 -0.034571
vn -0.093834 0.000000 -0.034571
vn -0.090609 0.000000 -0.042308
vn -0.080143 0.000000 -0.059808
vn -0.037819 0.000000 -0.092573
vn 0.000000 0.000000 -0.100000
vn -0.093657 0.000000 -0.035049
vn -0.093657 0.000000 -0.035049
vn -0.093657 0.000000 -0.035049
vn -0.093657 0.000000 -0.035049
vn 0.000000 0.000000 -0.100000
vn 0.000000 0.000000 -0.100000
vn 0.000000 0.000000 -0.100000
vn 0.000000 0.000000 -0.100000
vn 0.000000 0.100000 0.000000
vn 0.000000 0.100000 0.000000
vn 0.000000 0.100000 0.000000
vn 0.000000 0.100000 0.000000
vn 0.000000 0.100000 0.000000
vn 0.000000 0.100000 0.000000
vn 0.000000 0.100000 0.000000
vn 0.000000 0.100000 0.000000
vn 0.000000 0.100000 0.000000
vn 0.000000 0.100000 0.000000
vn 0.000000 0.100000 0.000000
vn 0.000000 0.100000 0.000000
vn 0.000000 0.100000 0.000000
vn 0.000000 0.100000 0.000000
vn 0.000000 0.100000 0.000000
vn 0.000000 0.100000 0.000000
vn 0.000000 0.100000 0.000000
vn 0.000000 0.100000 0.000000
vn 0.000000 0.100000 0.000000
vn 0.000000 0.100000 0.000000
vn 0.000000 0.100000 0.000000
vn 0.000000 0.100000 0.000000
vn 0.000000 0.100000 0.000000
vn 0.000000 0.100000 0.000000
vn 0.000000 0.100000 0.000000
vn 0.000000 0.100000 0.000000
vn 0.000000 0.100000 0.000000
vn 0.000000 0.100000 0.000000
vn 0.000000 0.100000 0.000000
vn 0.000000 0.100000 0.000000
vn 0.000000 0.100000 0.000000
vn 0.000000 0.100000 0.000000
vn 0.000000 0.100000 0.000000
vn 0.000000 0.100000 0.000000
vn 0.000000 0.100000 0.000000
vn 0.000000 0.100000 0.000000
vn 0.000000 0.100000 0.000000
vn 0.000000 0.100000 0.000000
vn 0.000000 0.100000 0.000000
vn 0.000000 0.100000 0.000000
vn -0.100000 0.000000 0.000000
vn -0.100000 0.000000 0.000000
vn -0.100000 0.000000 0.000000
vn -0.100000 0.000000 0.000000
vn -0.100000 0.000000 0.000000
vn -0.095613 0.000000 0.029294
vn -0.073042 0.000000 0.068299
vn -0.038250 0.000000 0.092396
vn 0.000000 0.000000 0.100000
vn 0.000000 0.000000 0.100000
vn -0.038250 0.000000 0.092396
vn -0.073042 0.000000 0.068299
vn -0.095613 0.000000 0.029294
vn -0.100000 0.000000 0.000000
vn 0.000000 0.000000 0.100000
vn 0.038673 0.000000 0.092219
vn 0.075377 0.000000 0.065714
vn 0.096028 0.000000 0.027905
vn 0.100000 0.000000 0.000000
vn 0.100000 0.000000 0.000000
vn 0.096028 0.000000 0.027905
vn 0.075377 0.000000 0.065714
vn 0.038673 0.000000 0.092219
vn 0.000000 0.000000 0.100000
vn 0.100000 0.000000 0.000000
vn 0.100000 0.000000 0.000000
vn 0.100000 0.000000 0.000000
vn 0.100000 0.000000 0.000000
vn 0.100000 0.000000 0.000000
vn 0.095950 0.000000 -0.028172
vn 0.075317 0.000000 -0.065783
vn 0.039272 0.000000 -0.091966
vn 0.000000 0.000000 -0.100000
vn 0.000000 0.000000 -0.100000
vn 0.039272 0.000000 -0.091966
vn 0.075317 0.000000 -0.065783
vn 0.095950 0.000000 -0.028172
vn 0.100000 0.000000 0.000000
vn 0.000000 0.000000 -0.100000
vn -0.038673 0.000000 -0.092219
vn -0.073480 0.000000 -0.067828
vn -0.095648 0.000000 -0.029181
vn -0.100000 0.000000 0.000000
vn -0.100000 0.000000 0.000000
vn -0.095648 0.000000 -0.029181
vn -0.073480 0.000000 -0.067828
vn -0.038673 0.000000 -0.092219
vn 0.000000 0.000000 -0.100000
vn -0.100000 0.000000 0.000000
vn -0.100000 0.000000 0.000000
vn -0.100000 0.000000 0.000000
vn -0.100000 0.000000 0.000000
vn 0.000000 0.000000 -0.100000
vn 0.000000 0.000000 -0.100000
vn 0.000000 0.000000 -0.100000
vn 0.000000 0.000000 -0.100000
vn 0.100000 0.000000 0.000000
vn 0.100000 0.000000 0.000000
vn 0.100000 0.000000 0.000000
vn 0.100000 0.000000 0.000000
vn 0.100000 0.000000 0.000000
vn 0.095950 0.000000 -0.028172
vn 0.075317 0.000000 -0.065783
vn 0.039272 0.000000 -0.091966
vn 0.000000 0.000000 -0.100000
vn 0.000000 0.000000 -0.100000
vn 0.039272 0.000000 -0.091966
vn 0.075317 0.000000 -0.065783
vn 0.095950 0.000000 -0.028172
vn 0.100000 0.000000 0.000000
vn 0.000000 0.000000 -0.100000
vn -0.038673 0.000000 -0.092219
vn -0.073480 0.000000 -0.067828
vn -0.095648 0.000000 -0.029181
vn -0.100000 0.000000 0.000000
vn -0.100000 0.000000 0.000000
vn -0.095648 0.000000 -0.029181
vn -0.073480 0.000000 -0.067828
vn -0.038673 0.000000 -0.092219
vn 0.000000 0.000000 -0.100000
vn -0.100000 0.000000 0.000000
vn -0.100000 0.000000 0.000000
vn -0.100000 0.000000 0.000000
vn -0.100000 0.000000 0.000000
vn -0.100000 0.000000 0.000000
vn -0.095613 0.000000 0.029294
vn -0.073042 0.000000 0.068299
vn -0.038250 0.000000 0.092396
vn 0.000000 0.000000 0.100000
vn 0.000000 0.000000 0.100000
vn -0.038250 0.000000 0.092396
vn -0.073042 0.000000 0.068299
vn -0.095613 0.000000 0.029294
vn -0.100000 0.000000 0.000000
vn 0.000000 0.000000 0.100000
vn 0.039029 0.000000 0.092069
vn 0.074424 0.000000 0.066791
vn 0.095805 0.000000 0.028660
vn 0.100000 0.000000 0.000000
vn 0.100000 0.000000 0.000000
vn 0.095805 0.000000 0.028660
vn 0.074424 0.000000 0.066791
vn 0.039029 0.000000 0.092069
vn 0.000000 0.000000 0.100000
vn 0.100000 0.000000 0.000000
vn 0.100000 0.000000 0.000000
vn 0.100000 0.000000 0.000000
vn 0.100000 0.000000 0.000000
vn 0.000000 0.000000 0.100000
vn 0.000000 0.000000 0.100000
vn 0.000000 0.000000 0.100000
vn 0.000000 0.000000 0.100000
vn 0.000000 0.100000 0.000000
vn 0.000000 0.100000 0.000000
vn 0.000000 0.100000 0.000000
vn 0.000000 0.100000 0.000000
vn 0.000000 0.100000 0.000000
vn 0.000000 0.100000 0.000000
vn 0.000000 0.100000 0.000000
vn 0.000000 0.100000 0.000000
vn 0.000000 0.100000 0.000000
vn 0.000000 0.100000 0.000000
vn 0.000000 0.100000 0.000000
vn 0.000000 0.100000 0.000000
vn 0.000000 0.100000 0.000000
vn 0.000000 0.100000 0.000000
vn 0.000000 0.100000 0.000000
vn 0.000000 0.100000 0.000000
vn 0.000000 0.100000 0.000000
vn 0.000000 0.100000 0.000000
vn 0.000000 0.100000 0.000000
vn 0.000000 0.100000 0.000000
vn 0.000000 0.100000 0.000000
vn 0.000000 0.100000 0.000000
vn 0.000000 0.100000 0.000000
vn 0.000000 0.100000 0.000000
vn -0.100000 0.000000 0.000000
vn -0.100000 0.000000 0.000000
vn -0.100000 0.000000 0.000000
vn -0.100000 0.000000 0.000000
vn -0.100000 0.000000 0.000000
vn -0.095613 0.000000 0.029294
vn -0.073042 0.000000 0.068299
vn -0.038250 0.000000 0.092396
vn 0.000000 0.000000 0.100000
vn 0.000000 0.000000 0.100000
vn -0.038250 0.000000 0.092396
vn -0.073042 0.000000 0.068299
vn -0.095613 0.000000 0.029294
vn -0.100000 0.000000 0.000000
vn 0.000000 0.000000 0.100000
vn 0.039029 0.000000 0.092069
vn 0.074424 0.000000 0.066791
vn 0.095805 0.000000 0.028660
vn 0.100000 0.000000 0.000000
vn 0.100000 0.000000 0.000000
vn 0.095805 0.000000 0.028660
vn 0.074424 0.000000 0.066791
vn 0.039029 0.000000 0.092069
vn 0.000000 0.000000 0.100000
vn 0.100000 0.000000 0.000000
vn 0.100000 0.000000 0.000000
vn 0.100000 0.000000 0.000000
vn 0.100000 0.000000 0.000000
vn 0.100000 0.000000 0.000000
vn 0.095672 0.000000 -0.029100
vn 0.071190 0.000000 -0.070228
vn 0.029353 0.000000 -0.095595
vn 0.000000 0.000000 -0.100000
vn 0.000000 0.000000 -0.100000
vn 0.029353 0.000000 -0.095595
vn 0.071190 0.000000 -0.070228
vn 0.095672 0.000000 -0.029100
vn 0.100000 0.000000 0.000000
vn 0.000000 0.000000 -0.100000
vn 0.000000 0.000000 -0.100000
vn 0.000000 0.000000 -0.100000
vn 0.000000 0.000000 -0.100000
vn 0.000000 0.000000 -0.100000
vn -0.028918 0.000000 -0.095728
vn -0.066011 0.000000 -0.075116
vn -0.091726 0.000000 -0.039828
vn -0.100000 0.000000 0.000000
vn -0.100000 0.000000 0.000000
vn -0.091726 0.000000 -0.039828
vn -0.066011 0.000000 -0.075116
vn -0.028918 0.000000 -0.095728
vn 0.000000 0.000000 -0.100000
vn -0.100000 0.000000 0.000000
vn -0.091630 0.000000 0.040050
vn -0.067874 0.000000 0.073438
vn -0.030279 0.000000 0.095306
vn 0.000000 0.000000 0.100000
vn 0.000000 0.000000 0.100000
vn -0.030279 0.000000 0.095306
vn -0.067874 0.000000 0.073438
vn -0.091630 0.000000 0.040050
vn -0.100000 0.000000 0.000000
vn 0.000000 0.000000 0.100000
vn 0.000000 0.000000 0.100000
vn 0.000000 0.000000 0.100000
vn 0.000000 0.000000 0.100000
vn 0.000000 0.100000 0.000000
vn 0.000000 0.100000 0.000000
vn 0.000000 0.100000 0.000000
vn 0.000000 0.100000 0.000000
vn 0.000000 0.100000 0.000000
vn 0.000000 0.100000 0.000000
vn 0.000000 0.100000 0.000000
vn 0.000000 0.100000 0.000000
vn 0.000000 0.100000 0.000000
vn 0.000000 0.100000 0.000000
vn 0.000000 0.100000 0.000000
vn 0.000000 0.100000 0.000000
vn 0.000000 0.100000 0.000000
vn 0.000000 0.100000 0.000000
vn 0.000000 0.100000 0.000000
vn 0.000000 0.100000 0.000000
vn 0.000000 0.100000 0.000000
vn 0.000000 0.100000 0.000000
vn 0.000000 0.100000 0.000000
vn 0.000000 0.100000 0.000000
vn 0.000000 0.100000 0.000000
vn 0.000000 0.100000 0.000000
vn 0.000000 0.100000 0.000000
vn 0.000000 0.100000 0.000000
vn 0.000000 0.100000 0.000000
vn 0.000000 0.100000 0.000000
vn 0.000000 0.100000 0.000000
vn 0.000000 0.100000 0.000000
vn 0.000000 0.100000 0.000000
vn 0.000000 0.100000 0.000000
vn 0.000000 0.100000 0.000000
vn 0.000000 0.100000 0.000000
vn 0.000000 0.100000 0.000000
vn 0.000000 0.100000 0.000000
vn 0.000000 0.100000 0.000000
vn 0.000000 0.100000 0.000000
vn 0.000000 0.100000 0.000000
vn 0.000000 0.100000 0.000000
vn 0.000000 0.100000 0.000000
vn 0.000000 0.100000 0.000000
vn 0.000000 0.100000 0.000000
vn 0.000000 0.100000 0.000000
vn 0.000000 0.100000 0.000000
vn 0.000000 0.100000 0.000000
vn 0.000000 0.100000 0.000000
vn 0.000000 0.100000 0.000000
vn 0.000000 0.100000 0.000000
vn 0.000000 0.100000 0.000000
vn 0.000000 0.100000 0.000000
vn 0.000000 0.100000 0.000000
vn 0.000000 0.100000 0.000000
vn 0.000000 0.100000 0.000000
vn 0.000000 0.100000 0.000000
vn 0.000000 0.100000 0.000000
vn 0.000000 0.100000 0.000000
vn 0.000000 0.100000 0.000000
vn 0.000000 0.100000 0.000000
vn 0.000000 0.100000 0.000000
vn 0.000000 0.100000 0.000000
vn 0.000000 0.100000 0.000000
vn 0.000000 0.100000 0.000000
vn 0.000000 0.100000 0.000000
vn 0.000000 0.100000 0.000000
vn 0.000000 0.100000 0.000000
vn 0.000000 0.100000 0.000000
vn 0.000000 0.100000 0.000000
vn 0.000000 0.100000 0.000000
vn 0.000000 0.100000 0.000000
vn 0.000000 0.100000 0.000000
vn 0.000000 0.100000 0.000000
vn 0.000000 0.100000 0.000000
vn 0.000000 0.100000 0.000000
vn 0.000000 0.100000 0.000000
vn 0.000000 0.100000 0.000000
vn 0.000000 0.100000 0.000000
vn 0.000000 0.100000 0.000000
vn 0.000000 0.100000 0.000000
vn 0.000000 0.100000 0.000000
vn 0.000000 0.100000 0.000000
vn 0.000000 0.100000 0.000000
vn 0.000000 0.100000 0.000000
vn 0.000000 0.100000 0.000000
vn 0.000000 0.100000 0.000000
vn 0.000000 0.100000 0.000000
vn 0.000000 0.100000 0.000000
vn 0.000000 0.100000 0.000000
vn 0.000000 0.100000 0.000000
vn 0.000000 0.100000 0.000000
vn 0.000000 0.100000 0.000000
vn 0.000000 0.100000 0.000000
vn 0.000000 0.100000 0.000000
vn 0.000000 0.100000 0.000000
vn 0.000000 0.100000 0.000000
vn 0.000000 0.100000 0.000000
vn 0.000000 0.100000 0.000000
vn 0.000000 0.100000 0.000000
vn 0.000000 0.100000 0.000000
vn 0.000000 0.100000 0.000000
vn 0.000000 0.100000 0.000000
vn 0.000000 0.100000 0.000000
vn 0.000000 0.100000 0.000000
vn 0.000000 0.100000 0.000000
vn 0.000000 0.100000 0.000000
vn 0.000000 0.100000 0.000000
vn 0.000000 0.100000 0.000000
vn 0.000000 0.100000 0.000000
vn 0.000000 0.100000 0.000000
vn 0.000000 0.100000 0.000000
vn 0.000000 0.100000 0.000000
vn 0.000000 0.100000 0.000000
vn 0.000000 0.100000 0.000000
vn 0.000000 0.100000 0.000000
vn 0.000000 0.100000 0.000000
vn 0.000000 0.100000 0.000000
vn 0.000000 0.100000 0.000000
vn 0.000000 0.100000 0.000000
vn 0.000000 0.100000 0.000000
vn 0.000000 0.100000 0.000000
vn 0.000000 0.100000 0.000000
vn 0.000000 0.100000 0.000000
vn 0.000000 0.100000 0.000000
vn 0.000000 0.100000 0.000000
vn 0.000000 0.100000 0.000000
vn 0.000000 0.100000 0.000000
vn 0.000000 0.100000 0.000000
vn 0.000000 0.100000 0.000000
vn 0.000000 0.100000 0.000000
vn 0.000000 0.100000 0.000000
vn 0.000000 0.100000 0.000000
vn 0.000000 0.100000 0.000000
vn 0.000000 0.100000 0.000000
vn 0.000000 0.100000 0.000000
vn 0.000000 0.100000 0.000000
vn 0.000000 0.100000 0.000000
vn 0.000000 0.100000 0.000000
vn 0.000000 0.100000 0.000000
vn 0.000000 0.100000 0.000000
vn 0.000000 0.100000 0.000000
vn 0.000000 0.100000 0.000000
vn 0.000000 0.100000 0.000000
vn 0.000000 0.100000 0.000000
vn 0.000000 0.100000 0.000000
vn 0.000000 0.100000 0.000000
vn 0.000000 0.100000 0.000000
vn 0.000000 0.100000 0.000000
vn 0.000000 0.100000 0.000000
vn 0.000000 0.100000 0.000000
vn 0.000000 0.100000 0.000000
vn 0.000000 0.100000 0.000000
vn 0.000000 0.100000 0.000000
vn 0.000000 0.100000 0.000000
vn 0.000000 0.100000 0.000000
vn 0.000000 0.100000 0.000000
vn 0.000000 0.100000 0.000000
vn 0.000000 0.100000 0.000000
vn 0.000000 0.100000 0.000000
vn 0.000000 0.100000 0.000000
vn 0.000000 0.100000 0.000000
vn 0.000000 0.100000 0.000000
vn 0.000000 0.100000 0.000000
vn 0.000000 0.100000 0.000000
vn 0.000000 0.100000 0.000000
vn 0.000000 0.100000 0.000000
vn 0.000000 0.100000 0.000000
vn 0.000000 0.100000 0.000000
vn 0.000000 0.100000 0.000000
vn 0.000000 0.100000 0.000000
vn 0.000000 0.100000 0.000000
vn 0.000000 0.100000 0.000000
vn 0.000000 0.100000 0.000000
vn 0.000000 0.100000 0.000000
vn 0.000000 0.100000 0.000000
vn 0.000000 0.100000 0.000000
vn 0.000000 0.100000 0.000000
vn 0.000000 0.100000 0.000000
vn 0.000000 0.100000 0.000000
vn 0.000000 0.100000 0.000000
vn 0.000000 0.100000 0.000000
vn 0.100000 0.000000 0.000000
vn 0.084125 0.000000 0.054064
vn 0.041542 0.000000 0.090963
vn -0.014231 0.000000 0.098982
vn -0.065486 0.000000 0.075575
vn -0.095949 0.000000 0.028173
vn -0.095949 0.000000 -0.028173
vn -0.065486 0.000000 -0.075575
vn -0.014231 0.000000 -0.098982
vn 0.041542 0.000000 -0.090963
vn 0.084125 0.000000 -0.054064
vn -0.100000 0.000000 0.000000
vn -0.084125 0.000000 0.054064
vn -0.041542 0.000000 0.090963
vn 0.014231 0.000000 0.098982
vn 0.065486 0.000000 0.075575
vn 0.095949 0.000000 0.028173
vn 0.095949 0.000000 -0.028173
vn 0.065486 0.000000 -0.075575
vn 0.014231 0.000000 -0.098982
vn -0.041542 0.000000 -0.090963
vn -0.084125 0.000000 -0.054064
vn 0.095949 0.000000 0.028173
vn 0.100000 0.000000 0.000000
vn 0.100000 0.000000 0.000000
vn 0.095949 0.000000 0.028173
vn 0.000000 0.050000 -0.086603
vn 0.000000 0.050000 -0.086603
vn 0.000000 0.050000 -0.086603
vn 0.000000 0.050000 -0.086603
vn 0.000000 0.050000 -0.086603
vn 0.000000 0.050000 -0.086603
vn -0.019271 0.050000 -0.084431
vn -0.037575 0.050000 -0.078026
vn -0.053996 0.050000 -0.067709
vn -0.067709 0.050000 -0.053996
vn -0.078026 0.050000 -0.037575
vn -0.084431 0.050000 -0.019271
vn -0.086603 0.050000 0.000000
vn -0.086603 0.050000 0.000000
vn -0.083652 0.050000 -0.022414
vn -0.075000 0.050000 -0.043301
vn -0.061237 0.050000 -0.061237
vn -0.043301 0.050000 -0.075000
vn -0.022414 0.050000 -0.083652
vn -0.086603 0.050000 0.000000
vn -0.086603 0.050000 0.000000
vn -0.086603 0.050000 0.000000
vn -0.086603 0.050000 0.000000
vn -0.086603 0.050000 0.000000
vn -0.086603 0.050000 0.000000
vn -0.084431 0.050000 0.019271
vn -0.078026 0.050000 0.037575
vn -0.067709 0.050000 0.053996
vn -0.053996 0.050000 0.067709
vn -0.037575 0.050000 0.078026
vn -0.019271 0.050000 0.084431
vn 0.000000 0.050000 0.086603
vn 0.000000 0.050000 0.086603
vn -0.022414 0.050000 0.083652
vn -0.043301 0.050000 0.075000
vn -0.061237 0.050000 0.061237
vn -0.075000 0.050000 0.043301
vn -0.083652 0.050000 0.022414
vn 0.000000 0.050000 0.086603
vn 0.000000 0.050000 0.086603
vn 0.000000 0.050000 0.086603
vn 0.000000 0.050000 0.086603
vn 0.000000 0.050000 0.086603
vn 0.000000 0.050000 0.086603
vn 0.019271 0.050000 0.084431
vn 0.037575 0.050000 0.078026
vn 0.053996 0.050000 0.067709
vn 0.067709 0.050000 0.053996
vn 0.078026 0.050000 0.037575
vn 0.084431 0.050000 0.019271
vn 0.086603 0.050000 0.000000
vn 0.086603 0.050000 0.000000
vn 0.083652 0.050000 0.022414
vn 0.075000 0.050000 0.043301
vn 0.061237 0.050000 0.061237
vn 0.043301 0.050000 0.075000
vn 0.022414 0.050000 0.083652
vn 0.086603 0.050000 0.000000
vn 0.086603 0.050000 0.000000
vn 0.086603 0.050000 0.000000
vn 0.086603 0.050000 0.000000
vn 0.086603 0.050000 0.000000
vn 0.086603 0.050000 0.000000
vn 0.084431 0.050000 -0.019271
vn 0.078026 0.050000 -0.037575
vn 0.067709 0.050000 -0.053996
vn 0.053996 0.050000 -0.067709
vn 0.037575 0.050000 -0.078026
vn 0.019271 0.050000 -0.084431
vn 0.000000 0.050000 -0.086603
vn 0.000000 0.050000 -0.086603
vn 0.022414 0.050000 -0.083652
vn 0.043301 0.050000 -0.075000
vn 0.061237 0.050000 -0.061237
vn 0.075000 0.050000 -0.043301
vn 0.083652 0.050000 -0.022414
vn 0.000000 0.000000 0.100000
vn -0.022252 0.000000 0.097493
vn -0.043388 0.000000 0.090097
vn -0.062349 0.000000 0.078183
vn -0.078183 0.000000 0.062349
vn -0.090097 0.000000 0.043388
vn -0.097493 0.000000 0.022252
vn -0.100000 0.000000 0.000000
vn -0.100000 0.000000 0.000000
vn -0.097493 0.000000 0.022252
vn -0.090097 0.000000 0.043388
vn -0.078183 0.000000 0.062349
vn -0.062349 0.000000 0.078183
vn -0.043388 0.000000 0.090097
vn -0.022252 0.000000 0.097493
vn 0.000000 0.000000 0.100000
vn -0.100000 0.000000 0.000000
vn -0.100000 0.000000 0.000000
vn -0.100000 0.000000 0.000000
vn -0.100000 0.000000 0.000000
vn -0.100000 0.000000 0.000000
vn -0.097493 0.000000 -0.022252
vn -0.090097 0.000000 -0.043388
vn -0.078183 0.000000 -0.062349
vn -0.062349 0.000000 -0.078183
vn -0.043388 0.000000 -0.090097
vn -0.022252 0.000000 -0.097493
vn 0.000000 0.000000 -0.100000
vn 0.000000 0.000000 -0.100000
vn -0.022252 0.000000 -0.097493
vn -0.043388 0.000000 -0.090097
vn -0.062349 0.000000 -0.078183
vn -0.078183 0.000000 -0.062349
vn -0.090097 0.000000 -0.043388
vn -0.097493 0.000000 -0.022252
vn -0.100000 0.000000 0.000000
vn 0.000000 0.000000 -0.100000
vn 0.000000 0.000000 -0.100000
vn 0.000000 0.000000 -0.100000
vn 0.000000 0.000000 -0.100000
vn 0.000000 0.100000 0.000000
vn 0.000000 0.100000 0.000000
vn 0.000000 0.100000 0.000000
vn 0.000000 0.100000 0.000000
vn 0.000000 0.100000 0.000000
vn 0.000000 0.100000 0.000000
vn 0.000000 0.100000 0.000000
vn 0.000000 0.100000 0.000000
vn 0.000000 0.100000 0.000000
vn 0.000000 0.100000 0.000000
vn 0.000000 0.100000 0.000000
vn 0.000000 0.100000 0.000000
vn 0.000000 0.100000 0.000000
vn 0.000000 0.100000 0.000000
vn 0.000000 0.100000 0.000000
vn 0.000000 0.100000 0.000000
vn 0.000000 0.100000 0.000000
vn 0.000000 0.100000 0.000000
vn 0.000000 0.100000 0.000000
vn 0.000000 0.100000 0.000000
vn 0.000000 0.100000 0.000000
vn 0.000000 0.100000 0.000000
vn -0.100000 0.000000 0.000000
vn -0.097493 0.000000 -0.022252
vn -0.090097 0.000000 -0.043388
vn -0.078183 0.000000 -0.062349
vn -0.062349 0.000000 -0.078183
vn -0.043388 0.000000 -0.090097
vn -0.022252 0.000000 -0.097493
vn 0.000000 0.000000 -0.100000
vn 0.000000 0.000000 -0.100000
vn -0.022252 0.000000 -0.097493
vn -0.043388 0.000000 -0.090097
vn -0.062349 0.000000 -0.078183
vn -0.078183 0.000000 -0.062349
vn -0.090097 0.000000 -0.043388
vn -0.097493 0.000000 -0.022252
vn -0.100000 0.000000 0.000000
vn 0.000000 0.100000 0.000000
vn 0.000000 0.100000 0.000000
vn 0.000000 0.100000 0.000000
vn 0.000000 0.100000 0.000000
vn 0.000000 0.100000 0.000000
vn 0.000000 0.100000 0.000000
vn 0.000000 0.100000 0.000000
vn 0.000000 0.100000 0.000000
vn 0.000000 0.100000 0.000000
vn 0.000000 0.100000 0.000000
vn 0.000000 0.100000 0.000000
vn 0.000000 0.100000 0.000000
vn 0.000000 0.100000 0.000000
vn 0.000000 0.100000 0.000000
vn 0.000000 0.100000 0.000000
vn 0.000000 0.100000 0.000000
vn 0.000000 0.100000 0.000000
vn 0.000000 0.100000 0.000000
vn 0.000000 0.100000 0.000000
vn 0.000000 0.100000 0.000000
vn 0.000000 0.100000 0.000000
vn 0.000000 0.100000 0.000000
vn 0.000000 0.100000 0.000000
vn 0.000000 0.100000 0.000000
vn 0.000000 0.100000 0.000000
vn 0.000000 0.100000 0.000000
vn 0.000000 0.100000 0.000000
vn 0.000000 0.100000 0.000000
vn 0.000000 0.100000 0.000000
vn 0.000000 0.100000 0.000000
vn 0.000000 0.100000 0.000000
vn 0.000000 0.100000 0.000000
vn 0.000000 0.100000 0.000000
vn 0.000000 0.100000 0.000000
vn 0.000000 0.100000 0.000000
vn 0.000000 0.100000 0.000000
vn 0.000000 0.100000 0.000000
vn 0.000000 0.100000 0.000000
vn 0.000000 0.100000 0.000000
vn 0.000000 0.100000 0.000000
vn 0.000000 0.100000 0.000000
vn 0.000000 0.100000 0.000000
vn 0.000000 0.100000 0.000000
vn 0.000000 0.100000 0.000000
vn 0.000000 0.100000 0.000000
vn 0.000000 0.100000 0.000000
vn 0.000000 0.100000 0.000000
vn 0.000000 0.100000 0.000000
vn 0.000000 0.100000 0.000000
vn 0.000000 0.100000 0.000000
vn 0.000000 0.100000 0.000000
vn 0.000000 0.100000 0.000000
vn 0.000000 0.100000 0.000000
vn 0.000000 0.100000 0.000000
vn 0.000000 0.100000 0.000000
vn 0.000000 0.100000 0.000000
vn 0.000000 0.100000 0.000000
vn 0.000000 0.100000 0.000000
vn 0.000000 0.100000 0.000000
vn 0.000000 0.100000 0.000000
vn 0.000000 0.100000 0.000000
vn 0.000000 0.100000 0.000000
vn 0.000000 0.100000 0.000000
vn 0.000000 0.100000 0.000000
vn 0.000000 0.100000 0.000000
vn 0.000000 0.100000 0.000000
vn 0.000000 0.100000 0.000000
vn 0.000000 0.100000 0.000000
vn 0.000000 0.100000 0.000000
vn 0.000000 0.100000 0.000000
vn 0.000000 0.100000 0.000000
vn 0.000000 0.100000 0.000000
vn 0.000000 0.100000 0.000000
vn 0.000000 0.100000 0.000000
vn 0.000000 0.100000 0.000000
vn -0.100000 0.000000 0.000000
vn -0.100000 0.000000 0.000000
vn -0.100000 0.000000 0.000000
vn -0.100000 0.000000 0.000000
vn 0.000000 0.000000 0.100000
vn 0.000000 0.000000 0.100000
vn 0.000000 0.000000 0.100000
vn 0.000000 0.000000 0.100000
vn 0.000000 0.000000 0.100000
vn -0.022252 0.000000 0.097493
vn -0.043388 0.000000 0.090097
vn -0.062349 0.000000 0.078183
vn -0.078183 0.000000 0.062349
vn -0.090097 0.000000 0.043388
vn -0.097493 0.000000 0.022252
vn -0.100000 0.000000 0.000000
vn -0.100000 0.000000 0.000000
vn -0.097493 0.000000 0.022252
vn -0.090097 0.000000 0.043388
vn -0.078183 0.000000 0.062349
vn -0.062349 0.000000 0.078183
vn -0.043388 0.000000 0.090097
vn -0.022252 0.000000 0.097493
vn 0.000000 0.000000 0.100000
vn 0.000000 0.000000 -0.100000
vn 0.022252 0.000000 -0.097493
vn 0.043388 0.000000 -0.090097
vn 0.062349 0.000000 -0.078183
vn 0.078183 0.000000 -0.062349
vn 0.090097 0.000000 -0.043388
vn 0.097493 0.000000 -0.022252
vn 0.100000 0.000000 0.000000
vn 0.100000 0.000000 0.000000
vn 0.097493 0.000000 -0.022252
vn 0.090097 0.000000 -0.043388
vn 0.078183 0.000000 -0.062349
vn 0.062349 0.000000 -0.078183
vn 0.043388 0.000000 -0.090097
vn 0.022252 0.000000 -0.097493
vn 0.000000 0.000000 -0.100000
vn 0.100000 0.000000 0.000000
vn 0.100000 0.000000 0.000000
vn 0.100000 0.000000 0.000000
vn 0.100000 0.000000 0.000000
vn 0.000000 0.000000 -0.100000
vn 0.022252 0.000000 -0.097493
vn 0.043388 0.000000 -0.090097
vn 0.062349 0.000000 -0.078183
vn 0.078183 0.000000 -0.062349
vn 0.090097 0.000000 -0.043388
vn 0.097493 0.000000 -0.022252
vn 0.100000 0.000000 0.000000
vn 0.100000 0.000000 0.000000
vn 0.097493 0.000000 -0.022252
vn 0.090097 0.000000 -0.043388
vn 0.078183 0.000000 -0.062349
vn 0.062349 0.000000 -0.078183
vn 0.043388 0.000000 -0.090097
vn 0.022252 0.000000 -0.097493
vn 0.000000 0.000000 -0.100000
vn 0.100000 0.000000 0.000000
vn 0.097493 0.000000 0.022252
vn 0.090097 0.000000 0.043388
vn 0.078183 0.000000 0.062349
vn 0.062349 0.000000 0.078183
vn 0.043388 0.000000 0.090097
vn 0.022252 0.000000 0.097493
vn 0.000000 0.000000 0.100000
vn 0.000000 0.000000 0.100000
vn 0.022252 0.000000 0.097493
vn 0.043388 0.000000 0.090097
vn 0.062349 0.000000 0.078183
vn 0.078183 0.000000 0.062349
vn 0.090097 0.000000 0.043388
vn 0.097493 0.000000 0.022252
vn 0.100000 0.000000 0.000000
vn 0.100000 0.000000 0.000000
vn 0.100000 0.000000 0.000000
vn 0.100000 0.000000 0.000000
vn 0.100000 0.000000 0.000000
vn 0.100000 0.000000 0.000000
vn 0.097493 0.000000 0.022252
vn 0.090097 0.000000 0.043388
vn 0.078183 0.000000 0.062349
vn 0.062349 0.000000 0.078183
vn 0.043388 0.000000 0.090097
vn 0.022252 0.000000 0.097493
vn 0.000000 0.000000 0.100000
vn 0.000000 0.000000 0.100000
vn 0.022252 0.000000 0.097493
vn 0.043388 0.000000 0.090097
vn 0.062349 0.000000 0.078183
vn 0.078183 0.000000 0.062349
vn 0.090097 0.000000 0.043388
vn 0.097493 0.000000 0.022252
vn 0.100000 0.000000 0.000000
vn 0.000000 0.000000 0.100000
vn 0.000000 0.000000 0.100000
vn 0.000000 0.000000 0.100000
vn 0.000000 0.000000 0.100000
vn 0.000000 0.000000 -0.100000
vn 0.000000 0.000000 -0.100000
vn 0.000000 0.000000 -0.100000
vn 0.000000 0.000000 -0.100000
vn 0.000000 -0.100000 0.000000
vn 0.000000 -0.100000 0.000000
vn 0.000000 -0.100000 0.000000
vn 0.000000 -0.100000 0.000000
vn 0.000000 -0.100000 0.000000
vn 0.000000 -0.100000 0.000000
vn 0.000000 -0.100000 0.000000
vn 0.000000 -0.100000 0.000000
vn 0.000000 -0.100000 0.000000
vn 0.000000 -0.100000 0.000000
vn 0.000000 -0.100000 0.000000
vn 0.000000 -0.100000 0.000000
vn 0.000000 -0.100000 0.000000
vn 0.000000 -0.100000 0.000000
vn 0.000000 -0.100000 0.000000
vn 0.000000 -0.100000 0.000000
vn 0.000000 -0.100000 0.000000
vn 0.000000 -0.100000 0.000000
vn 0.000000 -0.100000 0.000000
vn 0.000000 -0.100000 0.000000
vn 0.000000 -0.100000 0.000000
vn 0.000000 -0.100000 0.000000
vn 0.000000 -0.100000 0.000000
vn 0.000000 -0.100000 0.000000
vn 0.000000 -0.100000 0.000000
vn 0.000000 -0.100000 0.000000
vn 0.000000 -0.100000 0.000000
vn 0.000000 -0.100000 0.000000
vn 0.000000 -0.100000 0.000000
vn 0.000000 -0.100000 0.000000
vn 0.000000 -0.100000 0.000000
vn 0.000000 -0.100000 0.000000
vn 0.000000 -0.100000 0.000000
vn 0.000000 -0.100000 0.000000
vn 0.000000 -0.100000 0.000000
vn 0.000000 -0.100000 0.000000
vn 0.000000 -0.100000 0.000000
vn 0.000000 -0.100000 0.000000
vn 0.000000 -0.100000 0.000000
vn 0.000000 -0.100000 0.000000
vn 0.000000 -0.100000 0.000000
vn 0.000000 -0.100000 0.000000
vn 0.000000 -0.100000 0.000000
usemtl 190,188,186
f 1695/3697/3697 1687/3698/3698 1697/3710/3710
f 1697/3710/3710 1687/3698/3698 1688/3709/3709
f 1688/3709/3709 1687/3698/3698 1679/3699/3699
f 1688/3709/3709 1679/3699/3699 1680/3708/3708
f 1680/3708/3708 1679/3699/3699 1675/3700/3700
f 1680/3708/3708 1675/3700/3700 1676/3707/3707
f 1676/3707/3707 1675/3700/3700 1669/3701/3701
f 1676/3707/3707 1669/3701/3701 1670/3706/3706
f 1670/3706/3706 1669/3701/3701 1663/3702/3702
f 1670/3706/3706 1663/3702/3702 1664/3705/3705
f 1664/3705/3705 1663/3702/3702 1661/3703/3703
f 1664/3705/3705 1661/3703/3703 1662/3704/3704
f 1723/3711/3711 1720/3712/3712 1724/3722/3722
f 1724/3722/3722 1720/3712/3712 1722/3721/3721
f 1722/3721/3721 1720/3712/3712 1717/3713/3713
f 1722/3721/3721 1717/3713/3713 1718/3720/3720
f 1718/3720/3720 1717/3713/3713 1709/3714/3714
f 1718/3720/3720 1709/3714/3714 1710/3719/3719
f 1710/3719/3719 1709/3714/3714 1705/3715/3715
f 1710/3719/3719 1705/3715/3715 1706/3718/3718
f 1706/3718/3718 1705/3715/3715 1695/3716/3716
f 1706/3718/3718 1695/3716/3716 1697/3717/3717
f 1693/3723/3723 1701/3724/3724 1694/3734/3734
f 1694/3734/3734 1701/3724/3724 1703/3733/3733
f 1703/3733/3733 1701/3724/3724 1707/3725/3725
f 1703/3733/3733 1707/3725/3725 1708/3732/3732
f 1708/3732/3732 1707/3725/3725 1715/3726/3726
f 1708/3732/3732 1715/3726/3726 1716/3731/3731
f 1716/3731/3731 1715/3726/3726 1719/3727/3727
f 1716/3731/3731 1719/3727/3727 1721/3730/3730
f 1721/3730/3730 1719/3727/3727 1723/3728/3728
f 1721/3730/3730 1723/3728/3728 1724/3729/3729
f 1661/3735/3735 1665/3736/3736 1662/3748/3748
f 1662/3748/3748 1665/3736/3736 1666/3747/3747
f 1666/3747/3747 1665/3736/3736 1671/3737/3737
f 1666/3747/3747 1671/3737/3737 1672/3746/3746
f 1672/3746/3746 1671/3737/3737 1677/3738/3738
f 1672/3746/3746 1677/3738/3738 1678/3745/3745
f 1678/3745/3745 1677/3738/3738 1681/3739/3739
f 1678/3745/3745 1681/3739/3739 1682/3744/3744
f 1682/3744/3744 1681/3739/3739 1689/3740/3740
f 1682/3744/3744 1689/3740/3740 1690/3743/3743
f 1690/3743/3743 1689/3740/3740 1693/3741/3741
f 1690/3743/3743 1693/3741/3741 1694/3742/3742
usemtl 128,128,128
f 1688/3750/3750 1698/3777/3777 1697/3749/3749
f 1697/3749/3749 1698/3777/3777 1704/3778/3778
f 1697/3749/3749 1704/3778/3778 1706/3770/3770
f 1706/3770/3770 1704/3778/3778 1712/3779/3779
f 1706/3770/3770 1712/3779/3779 1710/3769/3769
f 1710/3769/3769 1712/3779/3779 1726/3780/3780
f 1710/3769/3769 1726/3780/3780 1730/3781/3781
f 1698/3777/3777 1688/3750/3750 1684/3776/3776
f 1684/3776/3776 1688/3750/3750 1680/3751/3751
f 1684/3776/3776 1680/3751/3751 1668/3775/3775
f 1668/3775/3775 1680/3751/3751 1676/3752/3752
f 1668/3775/3775 1676/3752/3752 1658/3774/3774
f 1658/3774/3774 1676/3752/3752 1670/3753/3753
f 1658/3774/3774 1670/3753/3753 1652/3773/3773
f 1652/3773/3773 1670/3753/3753 1664/3754/3754
f 1652/3773/3773 1664/3754/3754 1648/3772/3772
f 1648/3772/3772 1664/3754/3754 1644/3771/3771
f 1644/3771/3771 1664/3754/3754 1662/3755/3755
f 1644/3771/3771 1662/3755/3755 1646/3800/3800
f 1646/3800/3800 1662/3755/3755 1666/3756/3756
f 1646/3800/3800 1666/3756/3756 1650/3799/3799
f 1650/3799/3799 1666/3756/3756 1672/3757/3757
f 1650/3799/3799 1672/3757/3757 1654/3798/3798
f 1654/3798/3798 1672/3757/3757 1656/3797/3797
f 1656/3797/3797 1672/3757/3757 1678/3758/3758
f 1656/3797/3797 1678/3758/3758 1660/3796/3796
f 1660/3796/3796 1678/3758/3758 1682/3759/3759
f 1660/3796/3796 1682/3759/3759 1674/3795/3795
f 1674/3795/3795 1682/3759/3759 1690/3760/3760
f 1674/3795/3795 1690/3760/3760 1686/3794/3794
f 1686/3794/3794 1690/3760/3760 1692/3793/3793
f 1692/3793/3793 1690/3760/3760 1694/3761/3761
f 1692/3793/3793 1694/3761/3761 1700/3792/3792
f 1700/3792/3792 1694/3761/3761 1703/3762/3762
f 1700/3792/3792 1703/3762/3762 1714/3791/3791
f 1714/3791/3791 1703/3762/3762 1708/3763/3763
f 1714/3791/3791 1708/3763/3763 1728/3790/3790
f 1728/3790/3790 1708/3763/3763 1732/3789/3789
f 1732/3789/3789 1708/3763/3763 1716/3764/3764
f 1732/3789/3789 1716/3764/3764 1736/3788/3788
f 1736/3788/3788 1716/3764/3764 1721/3765/3765
f 1736/3788/3788 1721/3765/3765 1740/3787/3787
f 1740/3787/3787 1721/3765/3765 1744/3786/3786
f 1744/3786/3786 1721/3765/3765 1724/3766/3766
f 1744/3786/3786 1724/3766/3766 1746/3785/3785
f 1746/3785/3785 1724/3766/3766 1742/3784/3784
f 1742/3784/3784 1724/3766/3766 1722/3767/3767
f 1742/3784/3784 1722/3767/3767 1738/3783/3783
f 1738/3783/3783 1722/3767/3767 1734/3782/3782
f 1734/3782/3782 1722/3767/3767 1718/3768/3768
f 1734/3782/3782 1718/3768/3768 1730/3781/3781
f 1730/3781/3781 1718/3768/3768 1710/3769/3769
usemtl 190,188,186
f 1643/3801/3801 1647/3802/3802 1644/3814/3814
f 1644/3814/3814 1647/3802/3802 1648/3813/3813
f 1648/3813/3813 1647/3802/3802 1651/3803/3803
f 1648/3813/3813 1651/3803/3803 1652/3812/3812
f 1652/3812/3812 1651/3803/3803 1657/3804/3804
f 1652/3812/3812 1657/3804/3804 1658/3811/3811
f 1658/3811/3811 1657/3804/3804 1667/3805/3805
f 1658/3811/3811 1667/3805/3805 1668/3810/3810
f 1668/3810/3810 1667/3805/3805 1683/3806/3806
f 1668/3810/3810 1683/3806/3806 1684/3809/3809
f 1684/3809/3809 1683/3806/3806 1696/3807/3807
f 1684/3809/3809 1696/3807/3807 1698/3808/3808
f 1696/3815/3815 1702/3816/3816 1698/3832/3832
f 1698/3832/3832 1702/3816/3816 1704/3831/3831
f 1704/3831/3831 1702/3816/3816 1711/3817/3817
f 1704/3831/3831 1711/3817/3817 1712/3830/3830
f 1712/3830/3830 1711/3817/3817 1725/3818/3818
f 1712/3830/3830 1725/3818/3818 1726/3829/3829
f 1726/3829/3829 1725/3818/3818 1729/3819/3819
f 1726/3829/3829 1729/3819/3819 1730/3828/3828
f 1730/3828/3828 1729/3819/3819 1733/3820/3820
f 1730/3828/3828 1733/3820/3820 1734/3827/3827
f 1734/3827/3827 1733/3820/3820 1737/3821/3821
f 1734/3827/3827 1737/3821/3821 1738/3826/3826
f 1738/3826/3826 1737/3821/3821 1741/3822/3822
f 1738/3826/3826 1741/3822/3822 1742/3825/3825
f 1742/3825/3825 1741/3822/3822 1745/3823/3823
f 1742/3825/3825 1745/3823/3823 1746/3824/3824
f 1745/3833/3833 1743/3834/3834 1746/3850/3850
f 1746/3850/3850 1743/3834/3834 1744/3849/3849
f 1744/3849/3849 1743/3834/3834 1739/3835/3835
f 1744/3849/3849 1739/3835/3835 1740/3848/3848
f 1740/3848/3848 1739/3835/3835 1735/3836/3836
f 1740/3848/3848 1735/3836/3836 1736/3847/3847
f 1736/3847/3847 1735/3836/3836 1731/3837/3837
f 1736/3847/3847 1731/3837/3837 1732/3846/3846
f 1732/3846/3846 1731/3837/3837 1727/3838/3838
f 1732/3846/3846 1727/3838/3838 1728/3845/3845
f 1728/3845/3845 1727/3838/3838 1713/3839/3839
f 1728/3845/3845 1713/3839/3839 1714/3844/3844
f 1714/3844/3844 1713/3839/3839 1699/3840/3840
f 1714/3844/3844 1699/3840/3840 1700/3843/3843
f 1700/3843/3843 1699/3840/3840 1691/3841/3841
f 1700/3843/3843 1691/3841/3841 1692/3842/3842
f 1691/3851/3851 1685/3852/3852 1692/3868/3868
f 1692/3868/3868 1685/3852/3852 1686/3867/3867
f 1686/3867/3867 1685/3852/3852 1673/3853/3853
f 1686/3867/3867 1673/3853/3853 1674/3866/3866
f 1674/3866/3866 1673/3853/3853 1659/3854/3854
f 1674/3866/3866 1659/3854/3854 1660/3865/3865
f 1660/3865/3865 1659/3854/3854 1655/3855/3855
f 1660/3865/3865 1655/3855/3855 1656/3864/3864
f 1656/3864/3864 1655/3855/3855 1653/3856/3856
f 1656/3864/3864 1653/3856/3856 1654/3863/3863
f 1654/3863/3863 1653/3856/3856 1649/3857/3857
f 1654/3863/3863 1649/3857/3857 1650/3862/3862
f 1650/3862/3862 1649/3857/3857 1645/3858/3858
f 1650/3862/3862 1645/3858/3858 1646/3861/3861
f 1646/3861/3861 1645/3858/3858 1643/3859/3859
f 1646/3861/3861 1643/3859/3859 1644/3860/3860
usemtl 128,128,128
f 1829/3870/3870 1820/3872/3872 1830/3869/3869
f 1830/3869/3869 1820/3872/3872 1816/3873/3873
f 1830/3869/3869 1816/3873/3873 1822/3885/3885
f 1822/3885/3885 1816/3873/3873 1818/3884/3884
f 1818/3884/3884 1816/3873/3873 1814/3883/3883
f 1814/3883/3883 1816/3873/3873 1813/3874/3874
f 1814/3883/3883 1813/3874/3874 1809/3875/3875
f 1829/3870/3870 1825/3871/3871 1820/3872/3872
f 1814/3883/3883 1809/3875/3875 1810/3882/3882
f 1810/3882/3882 1809/3875/3875 1805/3876/3876
f 1810/3882/3882 1805/3876/3876 1797/3878/3878
f 1797/3878/3878 1805/3876/3876 1801/3877/3877
f 1810/3882/3882 1797/3878/3878 1806/3881/3881
f 1806/3881/3881 1797/3878/3878 1798/3879/3879
f 1806/3881/3881 1798/3879/3879 1802/3880/3880
f 1822/3885/3885 1826/3886/3886 1830/3869/3869
usemtl 190,188,186
f 1828/3887/3887 1827/3888/3888 1830/3890/3890
f 1830/3890/3890 1827/3888/3888 1829/3889/3889
f 1827/3891/3891 1823/3892/3892 1829/3900/3900
f 1829/3900/3900 1823/3892/3892 1825/3899/3899
f 1825/3899/3899 1823/3892/3892 1819/3893/3893
f 1825/3899/3899 1819/3893/3893 1820/3898/3898
f 1820/3898/3898 1819/3893/3893 1815/3894/3894
f 1820/3898/3898 1815/3894/3894 1816/3897/3897
f 1816/3897/3897 1815/3894/3894 1811/3895/3895
f 1816/3897/3897 1811/3895/3895 1813/3896/3896
f 1811/3901/3901 1807/3902/3902 1813/3910/3910
f 1813/3910/3910 1807/3902/3902 1809/3909/3909
f 1809/3909/3909 1807/3902/3902 1803/3903/3903
f 1809/3909/3909 1803/3903/3903 1805/3908/3908
f 1805/3908/3908 1803/3903/3903 1799/3904/3904
f 1805/3908/3908 1799/3904/3904 1801/3907/3907
f 1801/3907/3907 1799/3904/3904 1795/3905/3905
f 1801/3907/3907 1795/3905/3905 1797/3906/3906
f 1795/3911/3911 1796/3912/3912 1797/3914/3914
f 1797/3914/3914 1796/3912/3912 1798/3913/3913
f 1796/3915/3915 1800/3916/3916 1798/3924/3924
f 1798/3924/3924 1800/3916/3916 1802/3923/3923
f 1802/3923/3923 1800/3916/3916 1804/3917/3917
f 1802/3923/3923 1804/3917/3917 1806/3922/3922
f 1806/3922/3922 1804/3917/3917 1808/3918/3918
f 1806/3922/3922 1808/3918/3918 1810/3921/3921
f 1810/3921/3921 1808/3918/3918 1812/3919/3919
f 1810/3921/3921 1812/3919/3919 1814/3920/3920
f 1812/3925/3925 1817/3926/3926 1814/3934/3934
f 1814/3934/3934 1817/3926/3926 1818/3933/3933
f 1818/3933/3933 1817/3926/3926 1821/3927/3927
f 1818/3933/3933 1821/3927/3927 1822/3932/3932
f 1822/3932/3932 1821/3927/3927 1824/3928/3928
f 1822/3932/3932 1824/3928/3928 1826/3931/3931
f 1826/3931/3931 1824/3928/3928 1828/3929/3929
f 1826/3931/3931 1828/3929/3929 1830/3930/3930
f 1857/3935/3935 1875/3936/3936 1858/3938/3938
f 1858/3938/3938 1875/3936/3936 1876/3937/3937
f 1867/3939/3939 1857/3940/3940 1868/3942/3942
f 1868/3942/3942 1857/3940/3940 1858/3941/3941
f 1875/3943/3943 1867/3944/3944 1876/3946/3946
f 1876/3946/3946 1867/3944/3944 1868/3945/3945
usemtl 128,128,128
f 1876/3948/3948 1880/3984/3984 1858/3947/3947
f 1858/3947/3947 1880/3984/3984 1854/3950/3950
f 1858/3947/3947 1854/3950/3950 1840/3961/3961
f 1840/3961/3961 1854/3950/3950 1852/3951/3951
f 1840/3961/3961 1852/3951/3951 1850/3952/3952
f 1868/3949/3949 1878/3970/3970 1876/3948/3948
f 1876/3948/3948 1878/3970/3970 1896/3971/3971
f 1876/3948/3948 1896/3971/3971 1880/3984/3984
f 1880/3984/3984 1896/3971/3971 1882/3983/3983
f 1882/3983/3983 1896/3971/3971 1884/3982/3982
f 1884/3982/3982 1896/3971/3971 1898/3972/3972
f 1884/3982/3982 1898/3972/3972 1902/3973/3973
f 1858/3947/3947 1856/3962/3962 1868/3949/3949
f 1868/3949/3949 1856/3962/3962 1860/3963/3963
f 1868/3949/3949 1860/3963/3963 1862/3964/3964
f 1840/3961/3961 1850/3952/3952 1836/3960/3960
f 1836/3960/3960 1850/3952/3952 1848/3953/3953
f 1836/3960/3960 1848/3953/3953 1846/3954/3954
f 1846/3954/3954 1844/3955/3955 1836/3960/3960
f 1836/3960/3960 1844/3955/3955 1842/3956/3956
f 1836/3960/3960 1842/3956/3956 1838/3957/3957
f 1834/3958/3958 1832/3959/3959 1838/3957/3957
f 1838/3957/3957 1832/3959/3959 1836/3960/3960
f 1840/3961/3961 1856/3962/3962 1858/3947/3947
f 1862/3964/3964 1864/3965/3965 1868/3949/3949
f 1868/3949/3949 1864/3965/3965 1866/3966/3966
f 1868/3949/3949 1866/3966/3966 1870/3967/3967
f 1870/3967/3967 1872/3968/3968 1868/3949/3949
f 1868/3949/3949 1872/3968/3968 1874/3969/3969
f 1868/3949/3949 1874/3969/3969 1878/3970/3970
f 1904/3974/3974 1892/3978/3978 1902/3973/3973
f 1902/3973/3973 1892/3978/3978 1890/3979/3979
f 1902/3973/3973 1890/3979/3979 1888/3980/3980
f 1892/3978/3978 1904/3974/3974 1895/3977/3977
f 1895/3977/3977 1904/3974/3974 1906/3975/3975
f 1895/3977/3977 1906/3975/3975 1900/3976/3976
f 1888/3980/3980 1886/3981/3981 1902/3973/3973
f 1902/3973/3973 1886/3981/3981 1884/3982/3982
usemtl 190,188,186
f 1853/3985/3985 1851/3986/3986 1854/3988/3988
f 1854/3988/3988 1851/3986/3986 1852/3987/3987
f 1851/3989/3989 1849/3990/3990 1852/3998/3998
f 1852/3998/3998 1849/3990/3990 1850/3997/3997
f 1850/3997/3997 1849/3990/3990 1847/3991/3991
f 1850/3997/3997 1847/3991/3991 1848/3996/3996
f 1848/3996/3996 1847/3991/3991 1845/3992/3992
f 1848/3996/3996 1845/3992/3992 1846/3995/3995
f 1846/3995/3995 1845/3992/3992 1843/3993/3993
f 1846/3995/3995 1843/3993/3993 1844/3994/3994
f 1843/3999/3999 1841/4000/4000 1844/4008/4008
f 1844/4008/4008 1841/4000/4000 1842/4007/4007
f 1842/4007/4007 1841/4000/4000 1837/4001/4001
f 1842/4007/4007 1837/4001/4001 1838/4006/4006
f 1838/4006/4006 1837/4001/4001 1833/4002/4002
f 1838/4006/4006 1833/4002/4002 1834/4005/4005
f 1834/4005/4005 1833/4002/4002 1831/4003/4003
f 1834/4005/4005 1831/4003/4003 1832/4004/4004
f 1831/4009/4009 1835/4010/4010 1832/4014/4014
f 1832/4014/4014 1835/4010/4010 1836/4013/4013
f 1836/4013/4013 1835/4010/4010 1839/4011/4011
f 1836/4013/4013 1839/4011/4011 1840/4012/4012
f 1839/4015/4015 1855/4016/4016 1840/4018/4018
f 1840/4018/4018 1855/4016/4016 1856/4017/4017
f 1855/4019/4019 1859/4020/4020 1856/4028/4028
f 1856/4028/4028 1859/4020/4020 1860/4027/4027
f 1860/4027/4027 1859/4020/4020 1861/4021/4021
f 1860/4027/4027 1861/4021/4021 1862/4026/4026
f 1862/4026/4026 1861/4021/4021 1863/4022/4022
f 1862/4026/4026 1863/4022/4022 1864/4025/4025
f 1864/4025/4025 1863/4022/4022 1865/4023/4023
f 1864/4025/4025 1865/4023/4023 1866/4024/4024
f 1865/4029/4029 1869/4030/4030 1866/4038/4038
f 1866/4038/4038 1869/4030/4030 1870/4037/4037
f 1870/4037/4037 1869/4030/4030 1871/4031/4031
f 1870/4037/4037 1871/4031/4031 1872/4036/4036
f 1872/4036/4036 1871/4031/4031 1873/4032/4032
f 1872/4036/4036 1873/4032/4032 1874/4035/4035
f 1874/4035/4035 1873/4032/4032 1877/4033/4033
f 1874/4035/4035 1877/4033/4033 1878/4034/4034
f 1877/4039/4039 1894/4040/4040 1878/4042/4042
f 1878/4042/4042 1894/4040/4040 1896/4041/4041
f 1894/4043/4043 1897/4044/4044 1896/4052/4052
f 1896/4052/4052 1897/4044/4044 1898/4051/4051
f 1898/4051/4051 1897/4044/4044 1901/4045/4045
f 1898/4051/4051 1901/4045/4045 1902/4050/4050
f 1902/4050/4050 1901/4045/4045 1903/4046/4046
f 1902/4050/4050 1903/4046/4046 1904/4049/4049
f 1904/4049/4049 1903/4046/4046 1905/4047/4047
f 1904/4049/4049 1905/4047/4047 1906/4048/4048
f 1905/4053/4053 1899/4054/4054 1906/4062/4062
f 1906/4062/4062 1899/4054/4054 1900/4061/4061
f 1900/4061/4061 1899/4054/4054 1893/4055/4055
f 1900/4061/4061 1893/4055/4055 1895/4060/4060
f 1895/4060/4060 1893/4055/4055 1891/4056/4056
f 1895/4060/4060 1891/4056/4056 1892/4059/4059
f 1892/4059/4059 1891/4056/4056 1889/4057/4057
f 1892/4059/4059 1889/4057/4057 1890/4058/4058
f 1889/4063/4063 1887/4064/4064 1890/4072/4072
f 1890/4072/4072 1887/4064/4064 1888/4071/4071
f 1888/4071/4071 1887/4064/4064 1885/4065/4065
f 1888/4071/4071 1885/4065/4065 1886/4070/4070
f 1886/4070/4070 1885/4065/4065 1883/4066/4066
f 1886/4070/4070 1883/4066/4066 1884/4069/4069
f 1884/4069/4069 1883/4066/4066 1881/4067/4067
f 1884/4069/4069 1881/4067/4067 1882/4068/4068
f 1881/4073/4073 1879/4074/4074 1882/4076/4076
f 1882/4076/4076 1879/4074/4074 1880/4075/4075
f 1879/4077/4077 1853/4078/4078 1880/4080/4080
f 1880/4080/4080 1853/4078/4078 1854/4079/4079
usemtl 128,128,128
f 1954/4082/4082 1986/4090/4090 1953/4081/4081
f 1953/4081/4081 1986/4090/4090 1952/4100/4100
f 1953/4081/4081 1952/4100/4100 1945/4120/4120
f 1945/4120/4120 1952/4100/4100 1944/4101/4101
f 1945/4120/4120 1944/4101/4101 1910/4111/4111
f 1910/4111/4111 1944/4101/4101 1909/4110/4110
f 1909/4110/4110 1944/4101/4101 1943/4102/4102
f 1909/4110/4110 1943/4102/4102 1913/4109/4109
f 1913/4109/4109 1943/4102/4102 1917/4108/4108
f 1917/4108/4108 1943/4102/4102 1921/4107/4107
f 1921/4107/4107 1943/4102/4102 1925/4106/4106
f 1925/4106/4106 1943/4102/4102 1930/4105/4105
f 1930/4105/4105 1943/4102/4102 1937/4103/4103
f 1930/4105/4105 1937/4103/4103 1933/4104/4104
f 1954/4082/4082 1958/4083/4083 1986/4090/4090
f 1986/4090/4090 1958/4083/4083 1962/4084/4084
f 1986/4090/4090 1962/4084/4084 1966/4085/4085
f 1966/4085/4085 1970/4086/4086 1986/4090/4090
f 1986/4090/4090 1970/4086/4086 1974/4087/4087
f 1986/4090/4090 1974/4087/4087 1982/4089/4089
f 1982/4089/4089 1974/4087/4087 1978/4088/4088
f 1986/4090/4090 1985/4091/4091 1952/4100/4100
f 1952/4100/4100 1985/4091/4091 1951/4099/4099
f 1951/4099/4099 1985/4091/4091 1957/4098/4098
f 1957/4098/4098 1985/4091/4091 1961/4097/4097
f 1961/4097/4097 1985/4091/4091 1965/4096/4096
f 1965/4096/4096 1985/4091/4091 1969/4095/4095
f 1969/4095/4095 1985/4091/4091 1972/4094/4094
f 1972/4094/4094 1985/4091/4091 1981/4092/4092
f 1972/4094/4094 1981/4092/4092 1976/4093/4093
f 1945/4120/4120 1910/4111/4111 1946/4119/4119
f 1946/4119/4119 1910/4111/4111 1914/4112/4112
f 1946/4119/4119 1914/4112/4112 1918/4113/4113
f 1918/4113/4113 1922/4114/4114 1946/4119/4119
f 1946/4119/4119 1922/4114/4114 1926/4115/4115
f 1946/4119/4119 1926/4115/4115 1928/4116/4116
f 1934/4117/4117 1938/4118/4118 1928/4116/4116
f 1928/4116/4116 1938/4118/4118 1946/4119/4119
usemtl 190,188,186
f 1949/4121/4121 1950/4122/4122 1953/4124/4124
f 1953/4124/4124 1950/4122/4122 1954/4123/4123
f 1950/4125/4125 1956/4126/4126 1954/4134/4134
f 1954/4134/4134 1956/4126/4126 1958/4133/4133
f 1958/4133/4133 1956/4126/4126 1960/4127/4127
f 1958/4133/4133 1960/4127/4127 1962/4132/4132
f 1962/4132/4132 1960/4127/4127 1964/4128/4128
f 1962/4132/4132 1964/4128/4128 1966/4131/4131
f 1966/4131/4131 1964/4128/4128 1968/4129/4129
f 1966/4131/4131 1968/4129/4129 1970/4130/4130
f 1968/4135/4135 1973/4136/4136 1970/4144/4144
f 1970/4144/4144 1973/4136/4136 1974/4143/4143
f 1974/4143/4143 1973/4136/4136 1977/4137/4137
f 1974/4143/4143 1977/4137/4137 1978/4142/4142
f 1978/4142/4142 1977/4137/4137 1980/4138/4138
f 1978/4142/4142 1980/4138/4138 1982/4141/4141
f 1982/4141/4141 1980/4138/4138 1984/4139/4139
f 1982/4141/4141 1984/4139/4139 1986/4140/4140
f 1984/4145/4145 1983/4146/4146 1986/4148/4148
f 1986/4148/4148 1983/4146/4146 1985/4147/4147
f 1983/4149/4149 1979/4150/4150 1985/4158/4158
f 1985/4158/4158 1979/4150/4150 1981/4157/4157
f 1981/4157/4157 1979/4150/4150 1975/4151/4151
f 1981/4157/4157 1975/4151/4151 1976/4156/4156
f 1976/4156/4156 1975/4151/4151 1971/4152/4152
f 1976/4156/4156 1971/4152/4152 1972/4155/4155
f 1972/4155/4155 1971/4152/4152 1967/4153/4153
f 1972/4155/4155 1967/4153/4153 1969/4154/4154
f 1967/4159/4159 1963/4160/4160 1969/4168/4168
f 1969/4168/4168 1963/4160/4160 1965/4167/4167
f 1965/4167/4167 1963/4160/4160 1959/4161/4161
f 1965/4167/4167 1959/4161/4161 1961/4166/4166
f 1961/4166/4166 1959/4161/4161 1955/4162/4162
f 1961/4166/4166 1955/4162/4162 1957/4165/4165
f 1957/4165/4165 1955/4162/4162 1947/4163/4163
f 1957/4165/4165 1947/4163/4163 1951/4164/4164
f 1947/4169/4169 1948/4170/4170 1951/4172/4172
f 1951/4172/4172 1948/4170/4170 1952/4171/4171
f 1948/4173/4173 1940/4174/4174 1952/4176/4176
f 1952/4176/4176 1940/4174/4174 1944/4175/4175
f 1940/4177/4177 1939/4178/4178 1944/4180/4180
f 1944/4180/4180 1939/4178/4178 1943/4179/4179
f 1939/4181/4181 1935/4182/4182 1943/4190/4190
f 1943/4190/4190 1935/4182/4182 1937/4189/4189
f 1937/4189/4189 1935/4182/4182 1931/4183/4183
f 1937/4189/4189 1931/4183/4183 1933/4188/4188
f 1933/4188/4188 1931/4183/4183 1929/4184/4184
f 1933/4188/4188 1929/4184/4184 1930/4187/4187
f 1930/4187/4187 1929/4184/4184 1923/4185/4185
f 1930/4187/4187 1923/4185/4185 1925/4186/4186
f 1923/4191/4191 1919/4192/4192 1925/4200/4200
f 1925/4200/4200 1919/4192/4192 1921/4199/4199
f 1921/4199/4199 1919/4192/4192 1915/4193/4193
f 1921/4199/4199 1915/4193/4193 1917/4198/4198
f 1917/4198/4198 1915/4193/4193 1911/4194/4194
f 1917/4198/4198 1911/4194/4194 1913/4197/4197
f 1913/4197/4197 1911/4194/4194 1907/4195/4195
f 1913/4197/4197 1907/4195/4195 1909/4196/4196
f 1907/4201/4201 1908/4202/4202 1909/4204/4204
f 1909/4204/4204 1908/4202/4202 1910/4203/4203
f 1908/4205/4205 1912/4206/4206 1910/4214/4214
f 1910/4214/4214 1912/4206/4206 1914/4213/4213
f 1914/4213/4213 1912/4206/4206 1916/4207/4207
f 1914/4213/4213 1916/4207/4207 1918/4212/4212
f 1918/4212/4212 1916/4207/4207 1920/4208/4208
f 1918/4212/4212 1920/4208/4208 1922/4211/4211
f 1922/4211/4211 1920/4208/4208 1924/4209/4209
f 1922/4211/4211 1924/4209/4209 1926/4210/4210
f 1924/4215/4215 1927/4216/4216 1926/4224/4224
f 1926/4224/4224 1927/4216/4216 1928/4223/4223
f 1928/4223/4223 1927/4216/4216 1932/4217/4217
f 1928/4223/4223 1932/4217/4217 1934/4222/4222
f 1934/4222/4222 1932/4217/4217 1936/4218/4218
f 1934/4222/4222 1936/4218/4218 1938/4221/4221
f 1938/4221/4221 1936/4218/4218 1942/4219/4219
f 1938/4221/4221 1942/4219/4219 1946/4220/4220
f 1942/4225/4225 1941/4226/4226 1946/4228/4228
f 1946/4228/4228 1941/4226/4226 1945/4227/4227
f 1941/4229/4229 1949/4230/4230 1945/4232/4232
f 1945/4232/4232 1949/4230/4230 1953/4231/4231
usemtl 128,128,128
f 1768/4234/4234 1794/4242/4242 1767/4233/4233
f 1767/4233/4233 1794/4242/4242 1793/4243/4243
f 1767/4233/4233 1793/4243/4243 1780/4246/4246
f 1780/4246/4246 1793/4243/4243 1788/4244/4244
f 1780/4246/4246 1788/4244/4244 1784/4245/4245
f 1768/4234/4234 1770/4235/4235 1794/4242/4242
f 1794/4242/4242 1770/4235/4235 1772/4236/4236
f 1794/4242/4242 1772/4236/4236 1774/4237/4237
f 1774/4237/4237 1778/4238/4238 1794/4242/4242
f 1794/4242/4242 1778/4238/4238 1782/4239/4239
f 1794/4242/4242 1782/4239/4239 1786/4240/4240
f 1786/4240/4240 1790/4241/4241 1794/4242/4242
f 1780/4246/4246 1776/4247/4247 1767/4233/4233
f 1767/4233/4233 1776/4247/4247 1763/4248/4248
f 1767/4233/4233 1763/4248/4248 1764/4256/4256
f 1764/4256/4256 1763/4248/4248 1760/4255/4255
f 1760/4255/4255 1763/4248/4248 1759/4249/4249
f 1760/4255/4255 1759/4249/4249 1756/4254/4254
f 1756/4254/4254 1759/4249/4249 1755/4250/4250
f 1756/4254/4254 1755/4250/4250 1752/4253/4253
f 1752/4253/4253 1755/4250/4250 1751/4251/4251
f 1752/4253/4253 1751/4251/4251 1748/4252/4252
usemtl 190,188,186
f 1765/4257/4257 1766/4258/4258 1767/4260/4260
f 1767/4260/4260 1766/4258/4258 1768/4259/4259
f 1766/4261/4261 1769/4262/4262 1768/4270/4270
f 1768/4270/4270 1769/4262/4262 1770/4269/4269
f 1770/4269/4269 1769/4262/4262 1771/4263/4263
f 1770/4269/4269 1771/4263/4263 1772/4268/4268
f 1772/4268/4268 1771/4263/4263 1773/4264/4264
f 1772/4268/4268 1773/4264/4264 1774/4267/4267
f 1774/4267/4267 1773/4264/4264 1777/4265/4265
f 1774/4267/4267 1777/4265/4265 1778/4266/4266
f 1777/4271/4271 1781/4272/4272 1778/4280/4280
f 1778/4280/4280 1781/4272/4272 1782/4279/4279
f 1782/4279/4279 1781/4272/4272 1785/4273/4273
f 1782/4279/4279 1785/4273/4273 1786/4278/4278
f 1786/4278/4278 1785/4273/4273 1789/4274/4274
f 1786/4278/4278 1789/4274/4274 1790/4277/4277
f 1790/4277/4277 1789/4274/4274 1792/4275/4275
f 1790/4277/4277 1792/4275/4275 1794/4276/4276
f 1792/4281/4281 1791/4282/4282 1794/4284/4284
f 1794/4284/4284 1791/4282/4282 1793/4283/4283
f 1791/4285/4285 1787/4286/4286 1793/4294/4294
f 1793/4294/4294 1787/4286/4286 1788/4293/4293
f 1788/4293/4293 1787/4286/4286 1783/4287/4287
f 1788/4293/4293 1783/4287/4287 1784/4292/4292
f 1784/4292/4292 1783/4287/4287 1779/4288/4288
f 1784/4292/4292 1779/4288/4288 1780/4291/4291
f 1780/4291/4291 1779/4288/4288 1775/4289/4289
f 1780/4291/4291 1775/4289/4289 1776/4290/4290
f 1775/4295/4295 1761/4296/4296 1776/4298/4298
f 1776/4298/4298 1761/4296/4296 1763/4297/4297
f 1761/4299/4299 1757/4300/4300 1763/4308/4308
f 1763/4308/4308 1757/4300/4300 1759/4307/4307
f 1759/4307/4307 1757/4300/4300 1753/4301/4301
f 1759/4307/4307 1753/4301/4301 1755/4306/4306
f 1755/4306/4306 1753/4301/4301 1749/4302/4302
f 1755/4306/4306 1749/4302/4302 1751/4305/4305
f 1751/4305/4305 1749/4302/4302 1747/4303/4303
f 1751/4305/4305 1747/4303/4303 1748/4304/4304
f 1747/4309/4309 1750/4310/4310 1748/4318/4318
f 1748/4318/4318 1750/4310/4310 1752/4317/4317
f 1752/4317/4317 1750/4310/4310 1754/4311/4311
f 1752/4317/4317 1754/4311/4311 1756/4316/4316
f 1756/4316/4316 1754/4311/4311 1758/4312/4312
f 1756/4316/4316 1758/4312/4312 1760/4315/4315
f 1760/4315/4315 1758/4312/4312 1762/4313/4313
f 1760/4315/4315 1762/4313/4313 1764/4314/4314
f 1762/4319/4319 1765/4320/4320 1764/4322/4322
f 1764/4322/4322 1765/4320/4320 1767/4321/4321
f 1702/4352/4352 1696/4323/4323 1642/4484/4484
f 1642/4484/4484 1696/4323/4323 1683/4324/4324
f 1642/4484/4484 1683/4324/4324 1667/4325/4325
f 1642/4484/4484 1667/4325/4325 1614/4478/4478
f 1614/4478/4478 1667/4325/4325 1657/4326/4326
f 1614/4478/4478 1657/4326/4326 1651/4327/4327
f 1651/4327/4327 1647/4328/4328 1614/4478/4478
f 1614/4478/4478 1647/4328/4328 1643/4329/4329
f 1614/4478/4478 1643/4329/4329 1645/4330/4330
f 1645/4330/4330 1649/4331/4331 1614/4478/4478
f 1614/4478/4478 1649/4331/4331 1613/4477/4477
f 1613/4477/4477 1649/4331/4331 1653/4332/4332
f 1613/4477/4477 1653/4332/4332 1655/4333/4333
f 1655/4333/4333 1659/4334/4334 1613/4477/4477
f 1613/4477/4477 1659/4334/4334 1673/4335/4335
f 1613/4477/4477 1673/4335/4335 1685/4336/4336
f 1685/4336/4336 1691/4337/4337 1613/4477/4477
f 1613/4477/4477 1691/4337/4337 1699/4338/4338
f 1613/4477/4477 1699/4338/4338 1641/4471/4471
f 1641/4471/4471 1699/4338/4338 1761/4456/4456
f 1641/4471/4471 1761/4456/4456 1775/4457/4457
f 1761/4456/4456 1699/4338/4338 1757/4455/4455
f 1757/4455/4455 1699/4338/4338 1713/4339/4339
f 1757/4455/4455 1713/4339/4339 1753/4454/4454
f 1753/4454/4454 1713/4339/4339 1727/4340/4340
f 1753/4454/4454 1727/4340/4340 1749/4453/4453
f 1749/4453/4453 1727/4340/4340 1731/4341/4341
f 1749/4453/4453 1731/4341/4341 1747/4452/4452
f 1747/4452/4452 1731/4341/4341 1735/4342/4342
f 1747/4452/4452 1735/4342/4342 1750/4451/4451
f 1750/4451/4451 1735/4342/4342 1754/4450/4450
f 1754/4450/4450 1735/4342/4342 1739/4343/4343
f 1754/4450/4450 1739/4343/4343 1758/4449/4449
f 1758/4449/4449 1739/4343/4343 1743/4344/4344
f 1758/4449/4449 1743/4344/4344 1762/4448/4448
f 1762/4448/4448 1743/4344/4344 1745/4345/4345
f 1762/4448/4448 1745/4345/4345 1766/4446/4446
f 1766/4446/4446 1745/4345/4345 1741/4346/4346
f 1766/4446/4446 1741/4346/4346 1737/4347/4347
f 1737/4347/4347 1733/4348/4348 1766/4446/4446
f 1766/4446/4446 1733/4348/4348 1769/4469/4469
f 1769/4469/4469 1733/4348/4348 1729/4349/4349
f 1769/4469/4469 1729/4349/4349 1771/4468/4468
f 1771/4468/4468 1729/4349/4349 1725/4350/4350
f 1771/4468/4468 1725/4350/4350 1773/4467/4467
f 1773/4467/4467 1725/4350/4350 1711/4351/4351
f 1773/4467/4467 1711/4351/4351 1642/4484/4484
f 1642/4484/4484 1711/4351/4351 1702/4352/4352
f 1828/4354/4354 1839/4396/4396 1827/4353/4353
f 1827/4353/4353 1839/4396/4396 1835/4397/4397
f 1827/4353/4353 1835/4397/4397 1831/4398/4398
f 1839/4396/4396 1828/4354/4354 1855/4395/4395
f 1855/4395/4395 1828/4354/4354 1824/4355/4355
f 1855/4395/4395 1824/4355/4355 1859/4394/4394
f 1859/4394/4394 1824/4355/4355 1861/4393/4393
f 1861/4393/4393 1824/4355/4355 1821/4356/4356
f 1861/4393/4393 1821/4356/4356 1863/4392/4392
f 1863/4392/4392 1821/4356/4356 1817/4357/4357
f 1863/4392/4392 1817/4357/4357 1865/4391/4391
f 1865/4391/4391 1817/4357/4357 1812/4358/4358
f 1865/4391/4391 1812/4358/4358 1992/4485/4485
f 1992/4485/4485 1812/4358/4358 1642/4484/4484
f 1642/4484/4484 1812/4358/4358 1777/4466/4466
f 1642/4484/4484 1777/4466/4466 1773/4467/4467
f 1812/4358/4358 1808/4359/4359 1777/4466/4466
f 1777/4466/4466 1808/4359/4359 1781/4465/4465
f 1781/4465/4465 1808/4359/4359 1804/4360/4360
f 1781/4465/4465 1804/4360/4360 1785/4464/4464
f 1785/4464/4464 1804/4360/4360 1800/4361/4361
f 1785/4464/4464 1800/4361/4361 1789/4463/4463
f 1789/4463/4463 1800/4361/4361 1792/4462/4462
f 1792/4462/4462 1800/4361/4361 1796/4362/4362
f 1792/4462/4462 1796/4362/4362 1791/4461/4461
f 1791/4461/4461 1796/4362/4362 1795/4363/4363
f 1791/4461/4461 1795/4363/4363 1787/4460/4460
f 1787/4460/4460 1795/4363/4363 1799/4364/4364
f 1787/4460/4460 1799/4364/4364 1783/4459/4459
f 1783/4459/4459 1799/4364/4364 1803/4365/4365
f 1783/4459/4459 1803/4365/4365 1779/4458/4458
f 1779/4458/4458 1803/4365/4365 1807/4366/4366
f 1779/4458/4458 1807/4366/4366 1775/4457/4457
f 1775/4457/4457 1807/4366/4366 1811/4367/4367
f 1775/4457/4457 1811/4367/4367 1641/4471/4471
f 1641/4471/4471 1811/4367/4367 1991/4470/4470
f 1991/4470/4470 1811/4367/4367 1843/4402/4402
f 1991/4470/4470 1843/4402/4402 1889/4378/4378
f 1889/4378/4378 1843/4402/4402 1887/4377/4377
f 1887/4377/4377 1843/4402/4402 1845/4403/4403
f 1887/4377/4377 1845/4403/4403 1885/4376/4376
f 1885/4376/4376 1845/4403/4403 1847/4404/4404
f 1885/4376/4376 1847/4404/4404 1883/4375/4375
f 1883/4375/4375 1847/4404/4404 1849/4405/4405
f 1883/4375/4375 1849/4405/4405 1881/4374/4374
f 1881/4374/4374 1849/4405/4405 1851/4371/4371
f 1881/4374/4374 1851/4371/4371 1853/4372/4372
f 1843/4402/4402 1811/4367/4367 1841/4401/4401
f 1841/4401/4401 1811/4367/4367 1815/4368/4368
f 1841/4401/4401 1815/4368/4368 1837/4400/4400
f 1837/4400/4400 1815/4368/4368 1819/4369/4369
f 1837/4400/4400 1819/4369/4369 1833/4399/4399
f 1833/4399/4399 1819/4369/4369 1823/4370/4370
f 1833/4399/4399 1823/4370/4370 1831/4398/4398
f 1831/4398/4398 1823/4370/4370 1827/4353/4353
f 1853/4372/4372 1879/4373/4373 1881/4374/4374
f 1991/4470/4470 1889/4378/4378 1923/4422/4422
f 1923/4422/4422 1889/4378/4378 1891/4379/4379
f 1923/4422/4422 1891/4379/4379 1919/4421/4421
f 1919/4421/4421 1891/4379/4379 1893/4380/4380
f 1919/4421/4421 1893/4380/4380 1915/4420/4420
f 1915/4420/4420 1893/4380/4380 1899/4381/4381
f 1915/4420/4420 1899/4381/4381 1911/4419/4419
f 1911/4419/4419 1899/4381/4381 1905/4382/4382
f 1911/4419/4419 1905/4382/4382 1907/4418/4418
f 1907/4418/4418 1905/4382/4382 1903/4383/4383
f 1907/4418/4418 1903/4383/4383 1901/4384/4384
f 1901/4384/4384 1897/4385/4385 1907/4418/4418
f 1907/4418/4418 1897/4385/4385 1894/4386/4386
f 1907/4418/4418 1894/4386/4386 1908/4417/4417
f 1908/4417/4417 1894/4386/4386 1877/4387/4387
f 1908/4417/4417 1877/4387/4387 1912/4416/4416
f 1912/4416/4416 1877/4387/4387 1873/4388/4388
f 1912/4416/4416 1873/4388/4388 1871/4389/4389
f 1912/4416/4416 1871/4389/4389 1916/4415/4415
f 1916/4415/4415 1871/4389/4389 1869/4390/4390
f 1916/4415/4415 1869/4390/4390 1920/4414/4414
f 1920/4414/4414 1869/4390/4390 1865/4391/4391
f 1920/4414/4414 1865/4391/4391 1992/4485/4485
f 1949/4407/4407 1942/4409/4409 1950/4406/4406
f 1950/4406/4406 1942/4409/4409 1936/4410/4410
f 1950/4406/4406 1936/4410/4410 1956/4445/4445
f 1956/4445/4445 1936/4410/4410 1932/4411/4411
f 1956/4445/4445 1932/4411/4411 1960/4444/4444
f 1960/4444/4444 1932/4411/4411 1927/4412/4412
f 1960/4444/4444 1927/4412/4412 1964/4443/4443
f 1964/4443/4443 1927/4412/4412 1992/4485/4485
f 1964/4443/4443 1992/4485/4485 1968/4442/4442
f 1968/4442/4442 1992/4485/4485 1973/4441/4441
f 1973/4441/4441 1992/4485/4485 1977/4440/4440
f 1977/4440/4440 1992/4485/4485 2016/4491/4491
f 1977/4440/4440 2016/4491/4491 1980/4439/4439
f 1980/4439/4439 2016/4491/4491 1984/4438/4438
f 1984/4438/4438 2016/4491/4491 1983/4437/4437
f 1983/4437/4437 2016/4491/4491 1979/4436/4436
f 1979/4436/4436 2016/4491/4491 2015/4492/4492
f 1979/4436/4436 2015/4492/4492 1975/4435/4435
f 1975/4435/4435 2015/4492/4492 1971/4434/4434
f 1971/4434/4434 2015/4492/4492 1967/4433/4433
f 1967/4433/4433 2015/4492/4492 1923/4422/4422
f 1967/4433/4433 1923/4422/4422 1963/4432/4432
f 1963/4432/4432 1923/4422/4422 1929/4423/4423
f 1963/4432/4432 1929/4423/4423 1959/4431/4431
f 1959/4431/4431 1929/4423/4423 1931/4424/4424
f 1959/4431/4431 1931/4424/4424 1955/4430/4430
f 1955/4430/4430 1931/4424/4424 1935/4425/4425
f 1955/4430/4430 1935/4425/4425 1947/4429/4429
f 1947/4429/4429 1935/4425/4425 1939/4426/4426
f 1947/4429/4429 1939/4426/4426 1940/4427/4427
f 1949/4407/4407 1941/4408/4408 1942/4409/4409
f 1927/4412/4412 1924/4413/4413 1992/4485/4485
f 1992/4485/4485 1924/4413/4413 1920/4414/4414
f 1940/4427/4427 1948/4428/4428 1947/4429/4429
f 1766/4446/4446 1765/4447/4447 1762/4448/4448
f 1641/4471/4471 1635/4472/4472 1613/4477/4477
f 1613/4477/4477 1635/4472/4472 1629/4473/4473
f 1613/4477/4477 1629/4473/4473 1623/4474/4474
f 1623/4474/4474 1621/4475/4475 1613/4477/4477
f 1613/4477/4477 1621/4475/4475 1615/4476/4476
f 1616/4479/4479 1622/4480/4480 1614/4478/4478
f 1614/4478/4478 1622/4480/4480 1624/4481/4481
f 1614/4478/4478 1624/4481/4481 1630/4482/4482
f 1630/4482/4482 1636/4483/4483 1614/4478/4478
f 1614/4478/4478 1636/4483/4483 1642/4484/4484
f 1992/4485/4485 1994/4486/4486 2016/4491/4491
f 2016/4491/4491 1994/4486/4486 2000/4487/4487
f 2016/4491/4491 2000/4487/4487 2006/4488/4488
f 2006/4488/4488 2008/4489/4489 2016/4491/4491
f 2016/4491/4491 2008/4489/4489 2014/4490/4490
f 2013/4493/4493 2007/4494/4494 2015/4492/4492
f 2015/4492/4492 2007/4494/4494 2005/4495/4495
f 2015/4492/4492 2005/4495/4495 1999/4496/4496
f 1999/4496/4496 1993/4497/4497 2015/4492/4492
f 2015/4492/4492 1993/4497/4497 1991/4470/4470
f 2015/4492/4492 1991/4470/4470 1923/4422/4422
f 1875/4498/4498 1857/4499/4499 1867/4500/4500
f 2036/4502/4502 2034/4523/4523 2033/4501/4501
f 2033/4524/4524 2034/4517/4517 2035/4518/4518
f 2033/4525/4525 2035/4518/4518 2037/4511/4511
f 2037/4511/4511 2035/4518/4518 2039/4519/4519
f 2037/4511/4511 2039/4519/4519 2041/4510/4510
f 2041/4510/4510 2039/4519/4519 2043/4520/4520
f 2041/4510/4510 2043/4520/4520 2049/4509/4509
f 2049/4509/4509 2043/4520/4520 2051/4521/4521
f 2049/4509/4509 2051/4521/4521 2053/4508/4508
f 2053/4508/4508 2051/4521/4521 2055/4522/4522
f 2053/4508/4508 2055/4522/4522 2057/4507/4507
f 2057/4507/4507 2055/4522/4522 2058/4512/4512
f 2057/4507/4507 2058/4512/4512 2056/4506/4506
f 2056/4506/4506 2058/4512/4512 2054/4513/4513
f 2056/4506/4506 2054/4513/4513 2052/4505/4505
f 2052/4505/4505 2054/4513/4513 2050/4514/4514
f 2052/4505/4505 2050/4514/4514 2048/4504/4504
f 2048/4504/4504 2050/4514/4514 2042/4515/4515
f 2048/4504/4504 2042/4515/4515 2040/4503/4503
f 2040/4503/4503 2042/4515/4515 2038/4516/4516
f 2040/4503/4503 2038/4516/4516 2036/4502/4502
f 2036/4502/4502 2038/4516/4516 2034/4526/4526
f 1641/4528/4528 1991/4529/4529 1639/4527/4527
f 1639/4527/4527 1991/4529/4529 1989/4530/4530
f 1639/4532/4532 1633/4533/4533 1641/4531/4531
f 1641/4531/4531 1633/4533/4533 1635/4545/4545
f 1635/4545/4545 1633/4533/4533 1627/4534/4534
f 1635/4545/4545 1627/4534/4534 1629/4544/4544
f 1629/4544/4544 1627/4534/4534 1619/4535/4535
f 1629/4544/4544 1619/4535/4535 1623/4543/4543
f 1623/4543/4543 1619/4535/4535 1611/4536/4536
f 1623/4543/4543 1611/4536/4536 1621/4542/4542
f 1621/4542/4542 1611/4536/4536 1607/4537/4537
f 1621/4542/4542 1607/4537/4537 1615/4541/4541
f 1615/4541/4541 1607/4537/4537 1603/4538/4538
f 1615/4541/4541 1603/4538/4538 1613/4540/4540
f 1613/4540/4540 1603/4538/4538 1599/4539/4539
f 1614/4547/4547 1613/4548/4548 1600/4546/4546
f 1600/4546/4546 1613/4548/4548 1599/4549/4549
f 1600/4551/4551 1604/4552/4552 1614/4550/4550
f 1614/4550/4550 1604/4552/4552 1616/4564/4564
f 1616/4564/4564 1604/4552/4552 1608/4553/4553
f 1616/4564/4564 1608/4553/4553 1622/4563/4563
f 1622/4563/4563 1608/4553/4553 1612/4554/4554
f 1622/4563/4563 1612/4554/4554 1624/4562/4562
f 1624/4562/4562 1612/4554/4554 1620/4555/4555
f 1624/4562/4562 1620/4555/4555 1630/4561/4561
f 1630/4561/4561 1620/4555/4555 1628/4556/4556
f 1630/4561/4561 1628/4556/4556 1636/4560/4560
f 1636/4560/4560 1628/4556/4556 1634/4557/4557
f 1636/4560/4560 1634/4557/4557 1642/4559/4559
f 1642/4559/4559 1634/4557/4557 1640/4558/4558
f 1992/4566/4566 1642/4567/4567 1990/4565/4565
f 1990/4565/4565 1642/4567/4567 1640/4568/4568
f 1990/4570/4570 1998/4571/4571 1992/4569/4569
f 1992/4569/4569 1998/4571/4571 1994/4583/4583
f 1994/4583/4583 1998/4571/4571 2004/4572/4572
f 1994/4583/4583 2004/4572/4572 2000/4582/4582
f 2000/4582/4582 2004/4572/4572 2012/4573/4573
f 2000/4582/4582 2012/4573/4573 2006/4581/4581
f 2006/4581/4581 2012/4573/4573 2020/4574/4574
f 2006/4581/4581 2020/4574/4574 2008/4580/4580
f 2008/4580/4580 2020/4574/4574 2024/4575/4575
f 2008/4580/4580 2024/4575/4575 2014/4579/4579
f 2014/4579/4579 2024/4575/4575 2028/4576/4576
f 2014/4579/4579 2028/4576/4576 2016/4578/4578
f 2016/4578/4578 2028/4576/4576 2032/4577/4577
f 2015/4585/4585 2016/4586/4586 2031/4584/4584
f 2031/4584/4584 2016/4586/4586 2032/4587/4587
f 2031/4589/4589 2027/4590/4590 2015/4588/4588
f 2015/4588/4588 2027/4590/4590 2013/4602/4602
f 2013/4602/4602 2027/4590/4590 2023/4591/4591
f 2013/4602/4602 2023/4591/4591 2007/4601/4601
f 2007/4601/4601 2023/4591/4591 2019/4592/4592
f 2007/4601/4601 2019/4592/4592 2005/4600/4600
f 2005/4600/4600 2019/4592/4592 2011/4593/4593
f 2005/4600/4600 2011/4593/4593 1999/4599/4599
f 1999/4599/4599 2011/4593/4593 2003/4594/4594
f 1999/4599/4599 2003/4594/4594 1993/4598/4598
f 1993/4598/4598 2003/4594/4594 1997/4595/4595
f 1993/4598/4598 1997/4595/4595 1991/4597/4597
f 1991/4597/4597 1997/4595/4595 1989/4596/4596
f 1638/4618/4618 1640/4603/4603 1632/4617/4617
f 1632/4617/4617 1640/4603/4603 1634/4604/4604
f 1632/4617/4617 1634/4604/4604 1626/4616/4616
f 1626/4616/4616 1634/4604/4604 1628/4605/4605
f 1626/4616/4616 1628/4605/4605 1618/4615/4615
f 1618/4615/4615 1628/4605/4605 1620/4606/4606
f 1618/4615/4615 1620/4606/4606 1610/4614/4614
f 1610/4614/4614 1620/4606/4606 1612/4607/4607
f 1610/4614/4614 1612/4607/4607 1606/4613/4613
f 1606/4613/4613 1612/4607/4607 1608/4608/4608
f 1606/4613/4613 1608/4608/4608 1602/4612/4612
f 1602/4612/4612 1608/4608/4608 1604/4609/4609
f 1602/4612/4612 1604/4609/4609 1598/4611/4611
f 1598/4611/4611 1604/4609/4609 1600/4610/4610
f 1600/4619/4619 1599/4620/4620 1598/4622/4622
f 1598/4622/4622 1599/4620/4620 1597/4621/4621
f 1597/4638/4638 1599/4623/4623 1601/4637/4637
f 1601/4637/4637 1599/4623/4623 1603/4624/4624
f 1601/4637/4637 1603/4624/4624 1605/4636/4636
f 1605/4636/4636 1603/4624/4624 1607/4625/4625
f 1605/4636/4636 1607/4625/4625 1609/4635/4635
f 1609/4635/4635 1607/4625/4625 1611/4626/4626
f 1609/4635/4635 1611/4626/4626 1617/4634/4634
f 1617/4634/4634 1611/4626/4626 1619/4627/4627
f 1617/4634/4634 1619/4627/4627 1625/4633/4633
f 1625/4633/4633 1619/4627/4627 1627/4628/4628
f 1625/4633/4633 1627/4628/4628 1631/4632/4632
f 1631/4632/4632 1627/4628/4628 1633/4629/4629
f 1631/4632/4632 1633/4629/4629 1637/4631/4631
f 1637/4631/4631 1633/4629/4629 1639/4630/4630
f 1639/4639/4639 1989/4640/4640 1637/4642/4642
f 1637/4642/4642 1989/4640/4640 1987/4641/4641
f 1665/4664/4664 1661/4643/4643 1687/4648/4648
f 1687/4648/4648 1661/4643/4643 1663/4644/4644
f 1687/4648/4648 1663/4644/4644 1679/4647/4647
f 1679/4647/4647 1663/4644/4644 1669/4645/4645
f 1679/4647/4647 1669/4645/4645 1675/4646/4646
f 1695/4649/4649 1689/4660/4660 1687/4648/4648
f 1687/4648/4648 1689/4660/4660 1681/4661/4661
f 1687/4648/4648 1681/4661/4661 1677/4662/4662
f 1705/4650/4650 1723/4654/4654 1695/4649/4649
f 1695/4649/4649 1723/4654/4654 1719/4655/4655
f 1695/4649/4649 1719/4655/4655 1701/4658/4658
f 1701/4658/4658 1719/4655/4655 1715/4656/4656
f 1701/4658/4658 1715/4656/4656 1707/4657/4657
f 1709/4651/4651 1717/4652/4652 1705/4650/4650
f 1705/4650/4650 1717/4652/4652 1720/4653/4653
f 1705/4650/4650 1720/4653/4653 1723/4654/4654
f 1701/4658/4658 1693/4659/4659 1695/4649/4649
f 1695/4649/4649 1693/4659/4659 1689/4660/4660
f 1677/4662/4662 1671/4663/4663 1687/4648/4648
f 1687/4648/4648 1671/4663/4663 1665/4664/4664
f 1565/4680/4680 1567/4665/4665 1569/4679/4679
f 1569/4679/4679 1567/4665/4665 1571/4666/4666
f 1569/4679/4679 1571/4666/4666 1573/4678/4678
f 1573/4678/4678 1571/4666/4666 1575/4667/4667
f 1573/4678/4678 1575/4667/4667 1577/4677/4677
f 1577/4677/4677 1575/4667/4667 1579/4668/4668
f 1577/4677/4677 1579/4668/4668 1581/4676/4676
f 1581/4676/4676 1579/4668/4668 1583/4669/4669
f 1581/4676/4676 1583/4669/4669 1585/4675/4675
f 1585/4675/4675 1583/4669/4669 1587/4670/4670
f 1585/4675/4675 1587/4670/4670 1589/4674/4674
f 1589/4674/4674 1587/4670/4670 1591/4671/4671
f 1589/4674/4674 1591/4671/4671 1593/4673/4673
f 1593/4673/4673 1591/4671/4671 1595/4672/4672
f 2055/4682/4682 2082/4746/4746 2058/4681/4681
f 2058/4681/4681 2082/4746/4746 2086/4747/4747
f 2058/4681/4681 2086/4747/4747 2054/4691/4691
f 2054/4691/4691 2086/4747/4747 2050/4690/4690
f 2050/4690/4690 2086/4747/4747 2030/4717/4717
f 2050/4690/4690 2030/4717/4717 2026/4718/4718
f 2051/4683/4683 2070/4743/4743 2055/4682/4682
f 2055/4682/4682 2070/4743/4743 2074/4744/4744
f 2055/4682/4682 2074/4744/4744 2078/4745/4745
f 2043/4684/4684 2062/4741/4741 2051/4683/4683
f 2051/4683/4683 2062/4741/4741 2066/4742/4742
f 2051/4683/4683 2066/4742/4742 2070/4743/4743
f 2062/4741/4741 2043/4684/4684 2047/4740/4740
f 2047/4740/4740 2043/4684/4684 2039/4685/4685
f 2047/4740/4740 2039/4685/4685 1996/4723/4723
f 1996/4723/4723 2039/4685/4685 2002/4722/4722
f 2002/4722/4722 2039/4685/4685 2035/4686/4686
f 2002/4722/4722 2035/4686/4686 2010/4721/4721
f 2010/4721/4721 2035/4686/4686 2034/4687/4687
f 2010/4721/4721 2034/4687/4687 2018/4720/4720
f 2018/4720/4720 2034/4687/4687 2038/4688/4688
f 2018/4720/4720 2038/4688/4688 2022/4719/4719
f 2022/4719/4719 2038/4688/4688 2042/4689/4689
f 2022/4719/4719 2042/4689/4689 2026/4718/4718
f 2026/4718/4718 2042/4689/4689 2050/4690/4690
f 1638/4693/4693 1596/4739/4739 1988/4692/4692
f 1988/4692/4692 1596/4739/4739 2047/4740/4740
f 1988/4692/4692 2047/4740/4740 1996/4723/4723
f 1638/4693/4693 1632/4694/4694 1596/4739/4739
f 1596/4739/4739 1632/4694/4694 1626/4695/4695
f 1596/4739/4739 1626/4695/4695 1618/4696/4696
f 1618/4696/4696 1610/4697/4697 1596/4739/4739
f 1596/4739/4739 1610/4697/4697 1592/4738/4738
f 1592/4738/4738 1610/4697/4697 1588/4737/4737
f 1588/4737/4737 1610/4697/4697 1584/4736/4736
f 1584/4736/4736 1610/4697/4697 1580/4735/4735
f 1580/4735/4735 1610/4697/4697 1576/4734/4734
f 1576/4734/4734 1610/4697/4697 1572/4733/4733
f 1572/4733/4733 1610/4697/4697 1568/4732/4732
f 1568/4732/4732 1610/4697/4697 1606/4698/4698
f 1568/4732/4732 1606/4698/4698 1602/4699/4699
f 1602/4699/4699 1598/4700/4700 1568/4732/4732
f 1568/4732/4732 1598/4700/4700 1597/4701/4701
f 1568/4732/4732 1597/4701/4701 1567/4731/4731
f 1567/4731/4731 1597/4701/4701 1601/4702/4702
f 1567/4731/4731 1601/4702/4702 1605/4703/4703
f 1605/4703/4703 1609/4704/4704 1567/4731/4731
f 1567/4731/4731 1609/4704/4704 1571/4730/4730
f 1571/4730/4730 1609/4704/4704 1575/4729/4729
f 1575/4729/4729 1609/4704/4704 1579/4728/4728
f 1579/4728/4728 1609/4704/4704 1583/4727/4727
f 1583/4727/4727 1609/4704/4704 1587/4726/4726
f 1587/4726/4726 1609/4704/4704 1591/4725/4725
f 1591/4725/4725 1609/4704/4704 1595/4724/4724
f 1595/4724/4724 1609/4704/4704 1617/4705/4705
f 1595/4724/4724 1617/4705/4705 1625/4706/4706
f 1625/4706/4706 1631/4707/4707 1595/4724/4724
f 1595/4724/4724 1631/4707/4707 1637/4708/4708
f 1595/4724/4724 1637/4708/4708 1987/4709/4709
f 1595/4724/4724 1987/4709/4709 2046/4755/4755
f 2046/4755/4755 1987/4709/4709 1995/4710/4710
f 2046/4755/4755 1995/4710/4710 2001/4711/4711
f 2001/4711/4711 2009/4712/4712 2046/4755/4755
f 2046/4755/4755 2009/4712/4712 2017/4713/4713
f 2046/4755/4755 2017/4713/4713 2061/4754/4754
f 2061/4754/4754 2017/4713/4713 2065/4753/4753
f 2065/4753/4753 2017/4713/4713 2069/4752/4752
f 2069/4752/4752 2017/4713/4713 2073/4751/4751
f 2073/4751/4751 2017/4713/4713 2077/4750/4750
f 2077/4750/4750 2017/4713/4713 2081/4749/4749
f 2081/4749/4749 2017/4713/4713 2085/4748/4748
f 2085/4748/4748 2017/4713/4713 2021/4714/4714
f 2085/4748/4748 2021/4714/4714 2025/4715/4715
f 2025/4715/4715 2029/4716/4716 2085/4748/4748
f 2085/4748/4748 2029/4716/4716 2086/4747/4747
f 2086/4747/4747 2029/4716/4716 2030/4717/4717
f 2078/4745/4745 2082/4746/4746 2055/4682/4682
f 1565/4757/4757 1566/4758/4758 1567/4756/4756
f 1567/4756/4756 1566/4758/4758 1568/4759/4759
f 1990/4760/4760 1640/4761/4761 1988/4763/4763
f 1988/4763/4763 1640/4761/4761 1638/4762/4762
f 1594/4779/4779 1596/4764/4764 1590/4778/4778
f 1590/4778/4778 1596/4764/4764 1592/4765/4765
f 1590/4778/4778 1592/4765/4765 1586/4777/4777
f 1586/4777/4777 1592/4765/4765 1588/4766/4766
f 1586/4777/4777 1588/4766/4766 1582/4776/4776
f 1582/4776/4776 1588/4766/4766 1584/4767/4767
f 1582/4776/4776 1584/4767/4767 1578/4775/4775
f 1578/4775/4775 1584/4767/4767 1580/4768/4768
f 1578/4775/4775 1580/4768/4768 1574/4774/4774
f 1574/4774/4774 1580/4768/4768 1576/4769/4769
f 1574/4774/4774 1576/4769/4769 1570/4773/4773
f 1570/4773/4773 1576/4769/4769 1572/4770/4770
f 1570/4773/4773 1572/4770/4770 1566/4772/4772
f 1566/4772/4772 1572/4770/4770 1568/4771/4771
f 2044/4795/4795 2046/4780/4780 2059/4794/4794
f 2059/4794/4794 2046/4780/4780 2061/4781/4781
f 2059/4794/4794 2061/4781/4781 2063/4793/4793
f 2063/4793/4793 2061/4781/4781 2065/4782/4782
f 2063/4793/4793 2065/4782/4782 2067/4792/4792
f 2067/4792/4792 2065/4782/4782 2069/4783/4783
f 2067/4792/4792 2069/4783/4783 2071/4791/4791
f 2071/4791/4791 2069/4783/4783 2073/4784/4784
f 2071/4791/4791 2073/4784/4784 2075/4790/4790
f 2075/4790/4790 2073/4784/4784 2077/4785/4785
f 2075/4790/4790 2077/4785/4785 2079/4789/4789
f 2079/4789/4789 2077/4785/4785 2081/4786/4786
f 2079/4789/4789 2081/4786/4786 2083/4788/4788
f 2083/4788/4788 2081/4786/4786 2085/4787/4787
f 2085/4797/4797 2086/4798/4798 2083/4796/4796
f 2083/4796/4796 2086/4798/4798 2084/4799/4799
f 1987/4815/4815 1989/4800/4800 1995/4814/4814
f 1995/4814/4814 1989/4800/4800 1997/4801/4801
f 1995/4814/4814 1997/4801/4801 2001/4813/4813
f 2001/4813/4813 1997/4801/4801 2003/4802/4802
f 2001/4813/4813 2003/4802/4802 2009/4812/4812
f 2009/4812/4812 2003/4802/4802 2011/4803/4803
f 2009/4812/4812 2011/4803/4803 2017/4811/4811
f 2017/4811/4811 2011/4803/4803 2019/4804/4804
f 2017/4811/4811 2019/4804/4804 2021/4810/4810
f 2021/4810/4810 2019/4804/4804 2023/4805/4805
f 2021/4810/4810 2023/4805/4805 2025/4809/4809
f 2025/4809/4809 2023/4805/4805 2027/4806/4806
f 2025/4809/4809 2027/4806/4806 2029/4808/4808
f 2029/4808/4808 2027/4806/4806 2031/4807/4807
f 2030/4831/4831 2032/4816/4816 2026/4830/4830
f 2026/4830/4830 2032/4816/4816 2028/4817/4817
f 2026/4830/4830 2028/4817/4817 2022/4829/4829
f 2022/4829/4829 2028/4817/4817 2024/4818/4818
f 2022/4829/4829 2024/4818/4818 2018/4828/4828
f 2018/4828/4828 2024/4818/4818 2020/4819/4819
f 2018/4828/4828 2020/4819/4819 2010/4827/4827
f 2010/4827/4827 2020/4819/4819 2012/4820/4820
f 2010/4827/4827 2012/4820/4820 2002/4826/4826
f 2002/4826/4826 2012/4820/4820 2004/4821/4821
f 2002/4826/4826 2004/4821/4821 1996/4825/4825
f 1996/4825/4825 2004/4821/4821 1998/4822/4822
f 1996/4825/4825 1998/4822/4822 1988/4824/4824
f 1988/4824/4824 1998/4822/4822 1990/4823/4823
f 2031/4832/4832 2032/4833/4833 2029/4835/4835
f 2029/4835/4835 2032/4833/4833 2030/4834/4834
f 2084/4851/4851 2086/4836/4836 2080/4850/4850
f 2080/4850/4850 2086/4836/4836 2082/4837/4837
f 2080/4850/4850 2082/4837/4837 2076/4849/4849
f 2076/4849/4849 2082/4837/4837 2078/4838/4838
f 2076/4849/4849 2078/4838/4838 2072/4848/4848
f 2072/4848/4848 2078/4838/4838 2074/4839/4839
f 2072/4848/4848 2074/4839/4839 2068/4847/4847
f 2068/4847/4847 2074/4839/4839 2070/4840/4840
f 2068/4847/4847 2070/4840/4840 2064/4846/4846
f 2064/4846/4846 2070/4840/4840 2066/4841/4841
f 2064/4846/4846 2066/4841/4841 2060/4845/4845
f 2060/4845/4845 2066/4841/4841 2062/4842/4842
f 2060/4845/4845 2062/4842/4842 2045/4844/4844
f 2045/4844/4844 2062/4842/4842 2047/4843/4843
f 1594/4853/4853 2045/4854/4854 1596/4852/4852
f 1596/4852/4852 2045/4854/4854 2047/4855/4855
f 1595/4857/4857 2046/4858/4858 1593/4856/4856
f 1593/4856/4856 2046/4858/4858 2044/4859/4859
f 2037/4861/4861 2045/4894/4894 2033/4860/4860
f 2033/4860/4860 2045/4894/4894 1594/4895/4895
f 2033/4860/4860 1594/4895/4895 2036/4870/4870
f 2036/4870/4870 1594/4895/4895 1566/4902/4902
f 2036/4870/4870 1566/4902/4902 1565/4871/4871
f 2037/4861/4861 2041/4862/4862 2045/4894/4894
f 2045/4894/4894 2041/4862/4862 2049/4863/4863
f 2045/4894/4894 2049/4863/4863 2060/4893/4893
f 2060/4893/4893 2049/4863/4863 2064/4892/4892
f 2064/4892/4892 2049/4863/4863 2053/4864/4864
f 2064/4892/4892 2053/4864/4864 2068/4891/4891
f 2068/4891/4891 2053/4864/4864 2072/4890/4890
f 2072/4890/4890 2053/4864/4864 2057/4865/4865
f 2072/4890/4890 2057/4865/4865 2076/4889/4889
f 2076/4889/4889 2057/4865/4865 2080/4888/4888
f 2080/4888/4888 2057/4865/4865 2084/4887/4887
f 2084/4887/4887 2057/4865/4865 2056/4866/4866
f 2084/4887/4887 2056/4866/4866 2052/4867/4867
f 2052/4867/4867 2048/4868/4868 2084/4887/4887
f 2084/4887/4887 2048/4868/4868 2083/4886/4886
f 2083/4886/4886 2048/4868/4868 2040/4869/4869
f 2083/4886/4886 2040/4869/4869 2044/4879/4879
f 2044/4879/4879 2040/4869/4869 2036/4870/4870
f 2044/4879/4879 2036/4870/4870 1593/4878/4878
f 1593/4878/4878 2036/4870/4870 1565/4871/4871
f 1593/4878/4878 1565/4871/4871 1569/4872/4872
f 1569/4872/4872 1573/4873/4873 1593/4878/4878
f 1593/4878/4878 1573/4873/4873 1577/4874/4874
f 1593/4878/4878 1577/4874/4874 1581/4875/4875
f 1581/4875/4875 1585/4876/4876 1593/4878/4878
f 1593/4878/4878 1585/4876/4876 1589/4877/4877
f 2044/4879/4879 2059/4880/4880 2083/4886/4886
f 2083/4886/4886 2059/4880/4880 2063/4881/4881
f 2083/4886/4886 2063/4881/4881 2067/4882/4882
f 2067/4882/4882 2071/4883/4883 2083/4886/4886
f 2083/4886/4886 2071/4883/4883 2075/4884/4884
f 2083/4886/4886 2075/4884/4884 2079/4885/4885
f 1590/4896/4896 1586/4897/4897 1594/4895/4895
f 1594/4895/4895 1586/4897/4897 1582/4898/4898
f 1594/4895/4895 1582/4898/4898 1578/4899/4899
f 1578/4899/4899 1574/4900/4900 1594/4895/4895
f 1594/4895/4895 1574/4900/4900 1570/4901/4901
f 1594/4895/4895 1570/4901/4901 1566/4902/4902
g Solid5

v -5.750000 2.800000 22.000000
v -5.750000 2.800000 25.999999
v -5.750000 3.550000 22.000000
v -5.750000 3.550000 25.999999
v 2.750000 2.800000 22.000000
v 2.750000 2.800000 25.999999
v 2.750000 3.550000 22.000000
v 2.750000 3.550000 25.999999
vt 0.000000 0.000000 0.000000
vt 0.075000 0.000000 0.000000
vt 0.075000 0.400000 0.000000
vt 0.000000 0.400000 0.000000
vt 0.000000 0.000000 0.000000
vt 0.850000 0.000000 0.000000
vt 0.850000 0.400000 0.000000
vt 0.000000 0.400000 0.000000
vt 0.000000 0.000000 0.000000
vt 0.075000 0.000000 0.000000
vt 0.075000 0.400000 0.000000
vt 0.000000 0.400000 0.000000
vt 0.000000 0.000000 0.000000
vt 0.850000 0.000000 0.000000
vt 0.850000 0.400000 0.000000
vt 0.000000 0.400000 0.000000
vt -0.425000 -0.037500 0.000000
vt 0.425000 -0.037500 0.000000
vt 0.425000 0.037500 0.000000
vt -0.425000 0.037500 0.000000
vt -0.425000 -0.037500 0.000000
vt 0.425000 -0.037500 0.000000
vt 0.425000 0.037500 0.000000
vt -0.425000 0.037500 0.000000
vn -0.100000 0.000000 0.000000
vn -0.100000 0.000000 0.000000
vn -0.100000 0.000000 0.000000
vn -0.100000 0.000000 0.000000
vn 0.000000 0.100000 0.000000
vn 0.000000 0.100000 0.000000
vn 0.000000 0.100000 0.000000
vn 0.000000 0.100000 0.000000
vn 0.100000 0.000000 0.000000
vn 0.100000 0.000000 0.000000
vn 0.100000 0.000000 0.000000
vn 0.100000 0.000000 0.000000
vn 0.000000 -0.100000 0.000000
vn 0.000000 -0.100000 0.000000
vn 0.000000 -0.100000 0.000000
vn 0.000000 -0.100000 0.000000
vn 0.000000 0.000000 -0.100000
vn 0.000000 0.000000 -0.100000
vn 0.000000 0.000000 -0.100000
vn 0.000000 0.000000 -0.100000
vn 0.000000 0.000000 0.100000
vn 0.000000 0.000000 0.100000
vn 0.000000 0.000000 0.100000
vn 0.000000 0.000000 0.100000
usemtl 235,235,235
f 2089/4903/4903 2087/4904/4904 2090/4906/4906
f 2090/4906/4906 2087/4904/4904 2088/4905/4905
f 2093/4907/4907 2089/4908/4908 2094/4910/4910
f 2094/4910/4910 2089/4908/4908 2090/4909/4909
f 2091/4911/4911 2093/4912/4912 2092/4914/4914
f 2092/4914/4914 2093/4912/4912 2094/4913/4913
f 2087/4915/4915 2091/4916/4916 2088/4918/4918
f 2088/4918/4918 2091/4916/4916 2092/4917/4917
f 2091/4919/4919 2087/4920/4920 2093/4922/4922
f 2093/4922/4922 2087/4920/4920 2089/4921/4921
f 2088/4923/4923 2092/4924/4924 2090/4926/4926
f 2090/4926/4926 2092/4924/4924 2094/4925/4925
g Solid6

v -8.500000 1.550000 25.000000
v -8.500000 1.550000 26.500001
v -8.500000 3.550000 25.000000
v -8.500000 3.550000 26.500001
v -5.750000 2.550000 25.000000
v -5.750000 2.550000 26.500001
v -5.750000 3.550000 25.000000
v -5.750000 3.550000 26.500001
v 2.750000 2.550000 25.000000
v 2.750000 2.550000 26.500001
v 2.750000 3.550000 25.000000
v 2.750000 3.550000 26.500001
v 5.500000 1.550000 25.000000
v 5.500000 1.550000 26.500001
v 5.500000 3.550000 25.000000
v 5.500000 3.550000 26.500001
vt 0.000000 0.000000 0.000000
vt 0.850000 0.000000 0.000000
vt 0.850000 0.150000 0.000000
vt 0.000000 0.150000 0.000000
vt 0.000000 0.000000 0.000000
vt 0.100000 0.000000 0.000000
vt 0.100000 0.150000 0.000000
vt 0.000000 0.150000 0.000000
vt 0.000000 0.000000 0.000000
vt 0.275000 0.000000 0.000000
vt 0.275000 0.150000 0.000000
vt 0.000000 0.150000 0.000000
vt 0.000000 0.000000 0.000000
vt 0.200000 0.000000 0.000000
vt 0.200000 0.150000 0.000000
vt 0.000000 0.150000 0.000000
vt 0.000000 0.000000 0.000000
vt 1.400000 0.000000 0.000000
vt 1.400000 0.150000 0.000000
vt 0.000000 0.150000 0.000000
vt 0.000000 0.000000 0.000000
vt 0.200000 0.000000 0.000000
vt 0.200000 0.150000 0.000000
vt 0.000000 0.150000 0.000000
vt 0.000000 0.000000 0.000000
vt 0.275000 0.000000 0.000000
vt 0.275000 0.150000 0.000000
vt 0.000000 0.150000 0.000000
vt 0.000000 0.000000 0.000000
vt 0.100000 0.000000 0.000000
vt 0.100000 0.150000 0.000000
vt 0.000000 0.150000 0.000000
vt -0.425000 0.000000 0.000000
vt -0.425000 0.100000 0.000000
vt -0.700000 0.100000 0.000000
vt -0.700000 -0.100000 0.000000
vt 0.700000 -0.100000 0.000000
vt 0.700000 0.100000 0.000000
vt 0.425000 0.100000 0.000000
vt 0.425000 0.000000 0.000000
vt 0.425000 0.100000 0.000000
vt 0.425000 0.000000 0.000000
vt -0.425000 0.000000 0.000000
vt -0.425000 0.100000 0.000000
vt -0.700000 0.100000 0.000000
vt -0.700000 -0.100000 0.000000
vt 0.700000 -0.100000 0.000000
vt 0.700000 0.100000 0.000000
vn 0.000000 0.100000 0.000000
vn 0.000000 0.100000 0.000000
vn 0.000000 0.100000 0.000000
vn 0.000000 0.100000 0.000000
vn -0.100000 0.000000 0.000000
vn -0.100000 0.000000 0.000000
vn -0.100000 0.000000 0.000000
vn -0.100000 0.000000 0.000000
vn 0.000000 0.100000 0.000000
vn 0.000000 0.100000 0.000000
vn 0.000000 0.100000 0.000000
vn 0.000000 0.100000 0.000000
vn 0.100000 0.000000 0.000000
vn 0.100000 0.000000 0.000000
vn 0.100000 0.000000 0.000000
vn 0.100000 0.000000 0.000000
vn 0.000000 -0.100000 0.000000
vn 0.000000 -0.100000 0.000000
vn 0.000000 -0.100000 0.000000
vn 0.000000 -0.100000 0.000000
vn -0.100000 0.000000 0.000000
vn -0.100000 0.000000 0.000000
vn -0.100000 0.000000 0.000000
vn -0.100000 0.000000 0.000000
vn 0.000000 0.100000 0.000000
vn 0.000000 0.100000 0.000000
vn 0.000000 0.100000 0.000000
vn 0.000000 0.100000 0.000000
vn 0.100000 0.000000 0.000000
vn 0.100000 0.000000 0.000000
vn 0.100000 0.000000 0.000000
vn 0.100000 0.000000 0.000000
vn 0.000000 0.000000 0.100000
vn 0.000000 0.000000 0.100000
vn 0.000000 0.000000 0.100000
vn 0.000000 0.000000 0.100000
vn 0.000000 0.000000 0.100000
vn 0.000000 0.000000 0.100000
vn 0.000000 0.000000 0.100000
vn 0.000000 0.000000 0.100000
vn 0.000000 0.000000 -0.100000
vn 0.000000 0.000000 -0.100000
vn 0.000000 0.000000 -0.100000
vn 0.000000 0.000000 -0.100000
vn 0.000000 0.000000 -0.100000
vn 0.000000 0.000000 -0.100000
vn 0.000000 0.000000 -0.100000
vn 0.000000 0.000000 -0.100000
usemtl 64,64,64
f 2103/4927/4927 2099/4928/4928 2104/4930/4930
f 2104/4930/4930 2099/4928/4928 2100/4929/4929
f 2105/4931/4931 2103/4932/4932 2106/4934/4934
f 2106/4934/4934 2103/4932/4932 2104/4933/4933
f 2109/4935/4935 2105/4936/4936 2110/4938/4938
f 2110/4938/4938 2105/4936/4936 2106/4937/4937
f 2107/4939/4939 2109/4940/4940 2108/4942/4942
f 2108/4942/4942 2109/4940/4940 2110/4941/4941
f 2095/4943/4943 2107/4944/4944 2096/4946/4946
f 2096/4946/4946 2107/4944/4944 2108/4945/4945
f 2097/4947/4947 2095/4948/4948 2098/4950/4950
f 2098/4950/4950 2095/4948/4948 2096/4949/4949
f 2101/4951/4951 2097/4952/4952 2102/4954/4954
f 2102/4954/4954 2097/4952/4952 2098/4953/4953
f 2099/4955/4955 2101/4956/4956 2100/4958/4958
f 2100/4958/4958 2101/4956/4956 2102/4957/4957
f 2102/4960/4960 2098/4961/4961 2100/4959/4959
f 2100/4959/4959 2098/4961/4961 2096/4962/4962
f 2100/4959/4959 2096/4962/4962 2108/4963/4963
f 2100/4959/4959 2108/4963/4963 2104/4966/4966
f 2104/4966/4966 2108/4963/4963 2110/4964/4964
f 2104/4966/4966 2110/4964/4964 2106/4965/4965
f 2101/4967/4967 2099/4968/4968 2097/4974/4974
f 2097/4974/4974 2099/4968/4968 2095/4973/4973
f 2095/4973/4973 2099/4968/4968 2103/4969/4969
f 2095/4973/4973 2103/4969/4969 2107/4972/4972
f 2107/4972/4972 2103/4969/4969 2109/4971/4971
f 2109/4971/4971 2103/4969/4969 2105/4970/4970
g Solid7

v -7.750000 1.550000 22.000000
v -7.750000 1.550000 25.000000
v -7.750000 3.550000 22.000000
v -7.750000 3.550000 25.000000
v -5.750000 2.550000 22.000000
v -5.750000 2.550000 25.000000
v -5.750000 3.550000 22.000000
v -5.750000 3.550000 25.000000
v 2.750000 2.550000 22.000000
v 2.750000 2.550000 25.000000
v 2.750000 3.550000 22.000000
v 2.750000 3.550000 25.000000
v 4.750000 1.550000 22.000000
v 4.750000 1.550000 25.000000
v 4.750000 3.550000 22.000000
v 4.750000 3.550000 25.000000
vt -0.300000 0.000000 0.000000
vt -0.000000 0.000000 0.000000
vt -0.000000 0.100000 0.000000
vt -0.300000 0.100000 0.000000
vt -0.300000 0.000000 0.000000
vt -0.000000 0.000000 0.000000
vt -0.000000 0.100000 0.000000
vt -0.300000 0.100000 0.000000
vt 0.150000 -0.425000 0.000000
vt 0.150000 0.425000 0.000000
vt -0.150000 0.425000 0.000000
vt -0.150000 -0.425000 0.000000
vt 0.150000 -0.425000 0.000000
vt -0.150000 -0.425000 0.000000
vt -0.150000 -0.625000 0.000000
vt 0.150000 -0.625000 0.000000
vt -0.150000 0.425000 0.000000
vt 0.150000 0.425000 0.000000
vt 0.150000 0.625000 0.000000
vt -0.150000 0.625000 0.000000
vt 1.050000 0.200000 0.000000
vt 1.050000 0.100000 0.000000
vt 0.200000 0.100000 0.000000
vt 0.200000 0.200000 0.000000
vt 0.000000 0.200000 0.000000
vt 0.000000 0.000000 0.000000
vt 1.250000 0.000000 0.000000
vt 1.250000 0.200000 0.000000
vt 0.000000 0.000000 0.000000
vt 0.300000 0.000000 0.000000
vt 0.300000 0.200000 0.000000
vt 0.000000 0.200000 0.000000
vt 0.000000 0.000000 0.000000
vt 0.300000 0.000000 0.000000
vt 0.300000 0.200000 0.000000
vt 0.000000 0.200000 0.000000
vt 0.200000 0.100000 0.000000
vt 0.200000 0.200000 0.000000
vt 0.000000 0.200000 0.000000
vt 0.000000 0.000000 0.000000
vt 1.250000 0.000000 0.000000
vt 1.250000 0.200000 0.000000
vt 1.050000 0.200000 0.000000
vt 1.050000 0.100000 0.000000
vt 0.150000 -0.625000 0.000000
vt 0.150000 0.625000 0.000000
vt -0.150000 0.625000 0.000000
vt -0.150000 -0.625000 0.000000
vn -0.100000 0.000000 0.000000
vn -0.100000 0.000000 0.000000
vn -0.100000 0.000000 0.000000
vn -0.100000 0.000000 0.000000
vn 0.100000 0.000000 0.000000
vn 0.100000 0.000000 0.000000
vn 0.100000 0.000000 0.000000
vn 0.100000 0.000000 0.000000
vn 0.000000 0.100000 0.000000
vn 0.000000 0.100000 0.000000
vn 0.000000 0.100000 0.000000
vn 0.000000 0.100000 0.000000
vn 0.000000 0.100000 0.000000
vn 0.000000 0.100000 0.000000
vn 0.000000 0.100000 0.000000
vn 0.000000 0.100000 0.000000
vn 0.000000 0.100000 0.000000
vn 0.000000 0.100000 0.000000
vn 0.000000 0.100000 0.000000
vn 0.000000 0.100000 0.000000
vn 0.000000 0.000000 0.100000
vn 0.000000 0.000000 0.100000
vn 0.000000 0.000000 0.100000
vn 0.000000 0.000000 0.100000
vn 0.000000 0.000000 0.100000
vn 0.000000 0.000000 0.100000
vn 0.000000 0.000000 0.100000
vn 0.000000 0.000000 0.100000
vn 0.100000 0.000000 0.000000
vn 0.100000 0.000000 0.000000
vn 0.100000 0.000000 0.000000
vn 0.100000 0.000000 0.000000
vn -0.100000 0.000000 0.000000
vn -0.100000 0.000000 0.000000
vn -0.100000 0.000000 0.000000
vn -0.100000 0.000000 0.000000
vn 0.000000 0.000000 -0.100000
vn 0.000000 0.000000 -0.100000
vn 0.000000 0.000000 -0.100000
vn 0.000000 0.000000 -0.100000
vn 0.000000 0.000000 -0.100000
vn 0.000000 0.000000 -0.100000
vn 0.000000 0.000000 -0.100000
vn 0.000000 0.000000 -0.100000
vn 0.000000 -0.100000 0.000000
vn 0.000000 -0.100000 0.000000
vn 0.000000 -0.100000 0.000000
vn 0.000000 -0.100000 0.000000
usemtl 190,188,186_1
f 2122/4975/4975 2121/4976/4976 2120/4978/4978
f 2120/4978/4978 2121/4976/4976 2119/4977/4977
f 2117/4979/4979 2118/4980/4980 2115/4982/4982
f 2115/4982/4982 2118/4980/4980 2116/4981/4981
f 2120/4984/4984 2119/4985/4985 2116/4983/4983
f 2116/4983/4983 2119/4985/4985 2115/4986/4986
f 2118/4987/4987 2117/4988/4988 2114/4990/4990
f 2114/4990/4990 2117/4988/4988 2113/4989/4989
f 2121/4991/4991 2122/4992/4992 2125/4994/4994
f 2125/4994/4994 2122/4992/4992 2126/4993/4993
f 2122/4995/4995 2120/4996/4996 2126/5002/5002
f 2126/5002/5002 2120/4996/4996 2124/5001/5001
f 2124/5001/5001 2120/4996/4996 2116/4997/4997
f 2124/5001/5001 2116/4997/4997 2112/5000/5000
f 2112/5000/5000 2116/4997/4997 2114/4999/4999
f 2114/4999/4999 2116/4997/4997 2118/4998/4998
f 2124/5003/5003 2123/5004/5004 2126/5006/5006
f 2126/5006/5006 2123/5004/5004 2125/5005/5005
f 2111/5007/5007 2112/5008/5008 2113/5010/5010
f 2113/5010/5010 2112/5008/5008 2114/5009/5009
f 2121/5012/5012 2125/5013/5013 2119/5011/5011
f 2119/5011/5011 2125/5013/5013 2123/5014/5014
f 2119/5011/5011 2123/5014/5014 2111/5015/5015
f 2119/5011/5011 2111/5015/5015 2115/5018/5018
f 2115/5018/5018 2111/5015/5015 2113/5016/5016
f 2115/5018/5018 2113/5016/5016 2117/5017/5017
f 2123/5020/5020 2124/5021/5021 2111/5019/5019
f 2111/5019/5019 2124/5021/5021 2112/5022/5022
# 2126 vertices
# 5022 texture params
# 5022 normals
# 4584 facets

# 6 groups
